customer_id,segment,annual_spend,last_purchase_date,marketing_opt_in
CUST0000001,Regular,81093.76,2026-03-24,N
CUST0000002,At Risk,66213.8,2026-04-17,Y
CUST0000003,At Risk,16591.15,2026-03-17,N
CUST0000004,Occasional,48501.18,2026-03-13,Y
CUST0000005,Regular,29250.01,2026-01-13,N
CUST0000006,At Risk,66072.6,2026-04-18,Y
CUST0000007,Occasional,42285.31,2026-06-13,Y
CUST0000008,At Risk,25528.58,2026-03-05,N
CUST0000009,At Risk,33025.4,2026-05-23,Y
CUST0000010,Occasional,60574.75,2026-07-22,N
CUST0000011,High Value,39799.28,2026-01-22,Y
CUST0000012,At Risk,3560.66,2026-03-27,N
CUST0000013,Regular,46907.19,2026-03-24,Y
CUST0000014,Occasional,54140.06,2026-03-28,Y
CUST0000015,At Risk,37495.85,2026-03-16,Y
CUST0000016,High Value,45354.9,2026-04-26,Y
CUST0000017,Regular,20871.03,2026-07-21,N
CUST0000018,Occasional,72438.09,2026-03-01,Y
CUST0000019,At Risk,38740.98,2026-06-12,Y
CUST0000020,Regular,15053.89,2026-01-11,Y
CUST0000021,At Risk,36997.72,2026-06-02,N
CUST0000022,Regular,7218.21,2026-07-23,N
CUST0000023,Occasional,47416.87,2026-06-23,Y
CUST0000024,At Risk,38929.8,2026-07-19,N
CUST0000025,Occasional,49357.77,2026-01-27,Y
CUST0000026,At Risk,45253.42,2026-03-29,N
CUST0000027,At Risk,21872.27,2026-07-08,Y
CUST0000028,Occasional,76487.9,2026-02-17,N
CUST0000029,Occasional,97896.04,2026-04-17,N
CUST0000030,At Risk,14922.58,2026-07-08,Y
CUST0000031,Occasional,97949.64,2026-01-14,N
CUST0000032,Regular,22110.35,2026-05-01,Y
CUST0000033,At Risk,91674.87,2026-01-23,Y
CUST0000034,At Risk,2669.63,2026-02-13,Y
CUST0000035,High Value,69093.4,2026-06-21,N
CUST0000036,At Risk,84398.47,2026-05-12,N
CUST0000037,High Value,13935.49,2026-03-16,N
CUST0000038,High Value,73811.18,2026-07-10,Y
CUST0000039,Regular,38795.69,2026-03-27,N
CUST0000040,High Value,17400.04,2026-05-18,Y
CUST0000041,At Risk,71569.0,2026-03-19,N
CUST0000042,High Value,97171.58,2026-07-14,Y
CUST0000043,Occasional,52124.32,2026-06-11,N
CUST0000044,Occasional,26564.6,2026-07-12,N
CUST0000045,High Value,44154.99,2026-07-26,Y
CUST0000046,High Value,66191.66,2026-04-22,Y
CUST0000047,Occasional,65597.6,2026-03-22,N
CUST0000048,Occasional,70011.65,2026-05-25,Y
CUST0000049,High Value,41765.0,2026-05-09,Y
CUST0000050,At Risk,66320.51,2026-05-07,Y
CUST0000051,Regular,86487.97,2026-03-13,Y
CUST0000052,Occasional,46958.33,2026-07-08,N
CUST0000053,Regular,49242.79,2026-05-18,Y
CUST0000054,Occasional,34294.04,2026-03-02,N
CUST0000055,At Risk,82216.5,2026-01-12,N
CUST0000056,High Value,84293.64,2026-04-19,N
CUST0000057,High Value,50288.76,2026-06-06,Y
CUST0000058,High Value,59146.71,2026-06-22,Y
CUST0000059,Occasional,196.7,2026-07-28,Y
CUST0000060,At Risk,70395.66,2026-01-12,N
CUST0000061,High Value,25706.38,2026-03-15,N
CUST0000062,High Value,33597.34,2026-06-09,N
CUST0000063,High Value,58485.38,2026-01-17,N
CUST0000064,Occasional,59672.89,2026-06-06,Y
CUST0000065,Regular,79664.41,2026-04-17,Y
CUST0000066,Occasional,95176.21,2026-07-13,Y
CUST0000067,Occasional,48733.17,2026-03-01,N
CUST0000068,At Risk,59318.26,2026-01-31,N
CUST0000069,High Value,80575.92,2026-04-10,N
CUST0000070,Regular,80424.07,2026-07-28,N
CUST0000071,High Value,85315.43,2026-01-23,N
CUST0000072,High Value,66429.94,2026-03-30,N
CUST0000073,High Value,72023.41,2026-06-21,Y
CUST0000074,At Risk,51365.85,2026-05-27,N
CUST0000075,Regular,4744.75,2026-05-20,N
CUST0000076,Regular,28511.76,2026-02-16,Y
CUST0000077,At Risk,80673.51,2026-02-10,N
CUST0000078,At Risk,87207.84,2026-02-06,N
CUST0000079,Regular,49680.39,2026-04-02,Y
CUST0000080,At Risk,9033.65,2026-06-02,N
CUST0000081,Regular,85881.73,2026-06-06,N
CUST0000082,Occasional,48658.88,2026-03-11,Y
CUST0000083,At Risk,3071.93,2026-01-12,Y
CUST0000084,Regular,67191.5,2026-02-21,Y
CUST0000085,Occasional,57884.71,2026-06-24,N
CUST0000086,Regular,53724.85,2026-04-24,Y
CUST0000087,Occasional,7974.05,2026-01-04,N
CUST0000088,High Value,17463.94,2026-07-04,Y
CUST0000089,Occasional,29167.29,2026-02-10,Y
CUST0000090,High Value,34092.46,2026-04-13,Y
CUST0000091,Occasional,50677.03,2026-04-03,N
CUST0000092,High Value,71339.78,2026-07-13,N
CUST0000093,Occasional,79721.46,2026-06-27,Y
CUST0000094,Occasional,75252.82,2026-06-23,N
CUST0000095,High Value,15037.53,2026-04-23,N
CUST0000096,Regular,46089.16,2026-04-15,Y
CUST0000097,At Risk,55250.36,2026-03-04,N
CUST0000098,Regular,76363.59,2026-03-27,Y
CUST0000099,At Risk,35987.23,2026-03-11,Y
CUST0000100,High Value,39646.54,2026-07-04,Y
CUST0000101,At Risk,28610.78,2026-02-03,Y
CUST0000102,Regular,42901.09,2026-05-22,Y
CUST0000103,Occasional,26082.71,2026-05-02,N
CUST0000104,High Value,59507.9,2026-06-09,N
CUST0000105,At Risk,78355.64,2026-05-29,N
CUST0000106,At Risk,33390.67,2026-02-25,N
CUST0000107,Regular,23027.69,2026-07-20,Y
CUST0000108,At Risk,86557.39,2026-06-14,N
CUST0000109,High Value,16723.47,2026-05-02,Y
CUST0000110,Regular,75569.61,2026-05-26,N
CUST0000111,Regular,48008.19,2026-04-28,Y
CUST0000112,Occasional,78937.05,2026-01-31,Y
CUST0000113,Regular,37222.92,2026-03-06,Y
CUST0000114,At Risk,61302.61,2026-05-11,N
CUST0000115,High Value,51075.93,2026-03-30,N
CUST0000116,Regular,73046.58,2026-05-02,N
CUST0000117,Occasional,98359.04,2026-03-28,N
CUST0000118,Regular,1724.73,2026-02-11,N
CUST0000119,Occasional,34732.98,2026-02-14,Y
CUST0000120,High Value,64601.49,2026-03-29,Y
CUST0000121,Occasional,29288.42,2026-02-08,Y
CUST0000122,High Value,786.78,2026-01-05,Y
CUST0000123,High Value,64726.56,2026-03-26,Y
CUST0000124,Regular,26285.03,2026-01-02,N
CUST0000125,High Value,91557.24,2026-06-02,Y
CUST0000126,Regular,54567.76,2026-01-30,N
CUST0000127,At Risk,89520.96,2026-07-28,N
CUST0000128,Occasional,52740.63,2026-01-25,N
CUST0000129,At Risk,75697.39,2026-03-26,N
CUST0000130,High Value,80592.45,2026-04-26,Y
CUST0000131,Regular,49867.36,2026-02-03,N
CUST0000132,Occasional,14600.4,2026-01-15,N
CUST0000133,High Value,1763.86,2026-06-18,Y
CUST0000134,At Risk,57505.6,2026-05-29,Y
CUST0000135,At Risk,55286.69,2026-07-27,N
CUST0000136,At Risk,18224.31,2026-02-23,N
CUST0000137,Regular,56370.64,2026-02-09,Y
CUST0000138,At Risk,49588.96,2026-03-20,N
CUST0000139,High Value,60898.17,2026-05-09,Y
CUST0000140,At Risk,62644.66,2026-03-16,Y
CUST0000141,Occasional,18040.64,2026-03-15,N
CUST0000142,At Risk,77514.09,2026-07-06,N
CUST0000143,Regular,3005.69,2026-03-09,N
CUST0000144,High Value,82255.21,2026-04-02,Y
CUST0000145,Regular,89380.03,2026-02-10,N
CUST0000146,At Risk,89451.01,2026-01-08,Y
CUST0000147,High Value,8494.26,2026-05-12,N
CUST0000148,Regular,99811.79,2026-07-24,Y
CUST0000149,Occasional,36841.59,2026-02-07,Y
CUST0000150,High Value,44433.15,2026-02-13,Y
CUST0000151,At Risk,83068.08,2026-07-06,Y
CUST0000152,High Value,82250.96,2026-01-06,Y
CUST0000153,At Risk,11895.55,2026-05-05,Y
CUST0000154,At Risk,34431.62,2026-02-03,N
CUST0000155,High Value,95023.86,2026-01-17,N
CUST0000156,Regular,33311.67,2026-05-20,Y
CUST0000157,Regular,15972.39,2026-01-17,N
CUST0000158,High Value,10837.21,2026-05-15,N
CUST0000159,Occasional,75951.82,2026-03-13,N
CUST0000160,At Risk,27535.18,2026-02-11,Y
CUST0000161,Regular,17500.0,2026-05-16,Y
CUST0000162,At Risk,83271.19,2026-04-13,N
CUST0000163,Regular,76456.93,2026-04-30,Y
CUST0000164,At Risk,99615.88,2026-01-20,Y
CUST0000165,Regular,680.16,2026-05-18,Y
CUST0000166,At Risk,44729.01,2026-06-22,Y
CUST0000167,Regular,60358.96,2026-03-31,Y
CUST0000168,Regular,72654.81,2026-01-16,Y
CUST0000169,Occasional,26390.62,2026-05-14,N
CUST0000170,Occasional,54947.23,2026-07-04,Y
CUST0000171,High Value,24235.07,2026-07-16,Y
CUST0000172,Regular,31983.72,2026-06-21,Y
CUST0000173,Occasional,15473.54,2026-06-20,N
CUST0000174,Regular,94047.98,2026-02-11,N
CUST0000175,Regular,52918.99,2026-06-16,Y
CUST0000176,Occasional,74473.59,2026-04-08,N
CUST0000177,Regular,33278.44,2026-06-27,Y
CUST0000178,Occasional,10945.12,2026-07-20,Y
CUST0000179,High Value,95353.81,2026-05-15,N
CUST0000180,At Risk,81616.59,2026-06-13,N
CUST0000181,High Value,32213.2,2026-02-28,N
CUST0000182,Occasional,14086.72,2026-05-05,Y
CUST0000183,Occasional,18923.44,2026-03-19,Y
CUST0000184,Occasional,58672.96,2026-04-20,N
CUST0000185,Occasional,84804.5,2026-01-16,N
CUST0000186,Regular,67354.92,2026-02-20,Y
CUST0000187,High Value,93967.97,2026-06-26,N
CUST0000188,High Value,12611.92,2026-06-28,N
CUST0000189,High Value,77501.3,2026-04-16,N
CUST0000190,At Risk,27861.08,2026-04-07,Y
CUST0000191,At Risk,53994.62,2026-03-20,N
CUST0000192,At Risk,26993.57,2026-06-05,Y
CUST0000193,At Risk,58892.97,2026-02-27,Y
CUST0000194,Regular,57862.12,2026-02-08,N
CUST0000195,High Value,18531.01,2026-07-16,N
CUST0000196,At Risk,64615.54,2026-04-27,Y
CUST0000197,At Risk,46513.71,2026-03-31,Y
CUST0000198,Regular,46996.12,2026-05-29,N
CUST0000199,High Value,60487.53,2026-02-01,Y
CUST0000200,Occasional,84513.68,2026-05-01,N
CUST0000201,Regular,16135.75,2026-02-26,N
CUST0000202,High Value,81238.61,2026-01-13,Y
CUST0000203,High Value,12801.93,2026-02-02,N
CUST0000204,At Risk,24983.22,2026-05-26,Y
CUST0000205,Regular,64384.34,2026-02-22,N
CUST0000206,Occasional,47328.36,2026-07-11,N
CUST0000207,At Risk,51933.71,2026-01-22,Y
CUST0000208,Occasional,29989.5,2026-07-22,N
CUST0000209,Regular,23055.45,2026-07-01,Y
CUST0000210,Occasional,71933.61,2026-01-25,N
CUST0000211,At Risk,62662.21,2026-05-08,N
CUST0000212,Occasional,69571.69,2026-07-24,Y
CUST0000213,Occasional,24320.2,2026-05-02,Y
CUST0000214,High Value,12282.8,2026-02-03,Y
CUST0000215,Regular,54452.54,2026-02-25,Y
CUST0000216,Occasional,71224.65,2026-03-26,N
CUST0000217,Occasional,43998.01,2026-03-22,Y
CUST0000218,At Risk,72385.04,2026-05-26,N
CUST0000219,High Value,55151.33,2026-06-14,N
CUST0000220,Occasional,42101.9,2026-05-10,N
CUST0000221,Regular,62074.12,2026-03-08,Y
CUST0000222,At Risk,55021.63,2026-01-14,N
CUST0000223,Regular,88637.48,2026-03-03,N
CUST0000224,Occasional,26429.64,2026-04-01,Y
CUST0000225,Occasional,16705.25,2026-04-05,Y
CUST0000226,Regular,12285.04,2026-05-20,N
CUST0000227,Occasional,73674.75,2026-07-02,N
CUST0000228,High Value,23036.13,2026-01-02,N
CUST0000229,High Value,90638.23,2026-01-17,N
CUST0000230,Occasional,80486.49,2026-06-23,N
CUST0000231,At Risk,21675.67,2026-06-18,Y
CUST0000232,At Risk,49870.06,2026-02-01,Y
CUST0000233,At Risk,48069.76,2026-05-11,N
CUST0000234,Occasional,37974.66,2026-05-10,Y
CUST0000235,High Value,43888.99,2026-06-19,Y
CUST0000236,At Risk,21305.64,2026-02-24,N
CUST0000237,Regular,79108.81,2026-01-11,N
CUST0000238,High Value,13339.57,2026-03-23,Y
CUST0000239,At Risk,87516.2,2026-07-18,N
CUST0000240,Occasional,68945.9,2026-06-14,Y
CUST0000241,At Risk,60452.64,2026-06-22,N
CUST0000242,Occasional,83380.13,2026-01-14,N
CUST0000243,Regular,25963.81,2026-04-26,Y
CUST0000244,At Risk,60595.15,2026-02-06,Y
CUST0000245,At Risk,37653.68,2026-01-22,N
CUST0000246,Occasional,51711.72,2026-06-08,Y
CUST0000247,Regular,25392.04,2026-04-14,N
CUST0000248,At Risk,61271.23,2026-07-28,N
CUST0000249,At Risk,75903.08,2026-07-16,Y
CUST0000250,High Value,73584.09,2026-03-01,N
CUST0000251,High Value,92540.82,2026-02-07,Y
CUST0000252,High Value,36302.79,2026-01-13,N
CUST0000253,At Risk,14547.97,2026-03-26,N
CUST0000254,Occasional,63502.92,2026-02-28,N
CUST0000255,At Risk,1138.58,2026-02-02,N
CUST0000256,High Value,25995.43,2026-02-01,Y
CUST0000257,Regular,32744.26,2026-04-14,N
CUST0000258,Regular,10729.37,2026-07-13,Y
CUST0000259,Regular,20765.21,2026-07-04,Y
CUST0000260,High Value,23673.11,2026-01-07,Y
CUST0000261,High Value,22240.78,2026-01-28,N
CUST0000262,Occasional,16760.84,2026-07-20,Y
CUST0000263,Occasional,38092.5,2026-04-21,Y
CUST0000264,Regular,65736.92,2026-07-11,N
CUST0000265,At Risk,19903.04,2026-01-25,Y
CUST0000266,Regular,14481.8,2026-06-01,N
CUST0000267,High Value,22606.76,2026-07-12,Y
CUST0000268,Occasional,15107.33,2026-04-18,N
CUST0000269,At Risk,9755.27,2026-02-22,N
CUST0000270,Regular,68296.58,2026-06-04,Y
CUST0000271,Regular,26755.02,2026-01-25,N
CUST0000272,At Risk,34266.14,2026-07-09,Y
CUST0000273,Occasional,48631.79,2026-03-15,N
CUST0000274,Occasional,3947.81,2026-01-11,N
CUST0000275,High Value,79953.25,2026-01-04,N
CUST0000276,Occasional,2510.93,2026-05-16,N
CUST0000277,At Risk,83298.1,2026-05-03,N
CUST0000278,High Value,20052.45,2026-02-15,N
CUST0000279,Regular,18524.88,2026-06-24,Y
CUST0000280,At Risk,57747.44,2026-02-16,Y
CUST0000281,At Risk,11276.73,2026-04-13,N
CUST0000282,Regular,65219.05,2026-07-07,Y
CUST0000283,High Value,29186.47,2026-05-05,Y
CUST0000284,High Value,62561.21,2026-05-11,Y
CUST0000285,Occasional,8180.08,2026-06-27,Y
CUST0000286,Regular,79511.64,2026-04-25,N
CUST0000287,At Risk,81119.47,2026-01-21,N
CUST0000288,Regular,23354.82,2026-01-05,N
CUST0000289,Occasional,4921.95,2026-03-09,Y
CUST0000290,At Risk,46482.07,2026-07-18,Y
CUST0000291,High Value,11984.04,2026-03-25,N
CUST0000292,Regular,44149.56,2026-05-20,Y
CUST0000293,Occasional,78926.6,2026-06-07,N
CUST0000294,Occasional,33410.19,2026-03-20,N
CUST0000295,Regular,3263.54,2026-01-15,Y
CUST0000296,Occasional,12729.12,2026-03-17,N
CUST0000297,Regular,2970.12,2026-07-21,Y
CUST0000298,High Value,19868.86,2026-04-24,Y
CUST0000299,Occasional,12946.75,2026-02-03,N
CUST0000300,At Risk,29970.15,2026-03-26,Y
CUST0000301,Occasional,58562.08,2026-02-28,Y
CUST0000302,High Value,14845.14,2026-05-11,N
CUST0000303,Regular,1721.22,2026-01-19,Y
CUST0000304,Occasional,9933.12,2026-04-12,Y
CUST0000305,Occasional,75249.7,2026-02-21,N
CUST0000306,Regular,64826.5,2026-06-05,N
CUST0000307,At Risk,68903.89,2026-03-30,N
CUST0000308,At Risk,75163.21,2026-06-18,Y
CUST0000309,Occasional,77444.69,2026-06-11,Y
CUST0000310,Occasional,94209.72,2026-05-05,Y
CUST0000311,High Value,34925.9,2026-01-31,N
CUST0000312,Regular,22715.86,2026-04-05,Y
CUST0000313,Occasional,90224.37,2026-01-25,Y
CUST0000314,Regular,6116.96,2026-07-06,Y
CUST0000315,High Value,88022.63,2026-03-08,N
CUST0000316,Occasional,62675.89,2026-06-19,Y
CUST0000317,Occasional,53436.15,2026-04-16,Y
CUST0000318,High Value,26974.54,2026-05-11,N
CUST0000319,High Value,29246.81,2026-01-16,N
CUST0000320,Occasional,50956.74,2026-06-17,N
CUST0000321,Occasional,25409.16,2026-01-20,Y
CUST0000322,At Risk,44852.42,2026-07-03,Y
CUST0000323,Occasional,18406.79,2026-06-09,N
CUST0000324,Regular,47985.17,2026-07-02,Y
CUST0000325,Regular,53118.3,2026-07-12,Y
CUST0000326,Regular,85895.47,2026-03-24,Y
CUST0000327,Occasional,72521.15,2026-01-05,N
CUST0000328,Occasional,21925.16,2026-01-03,N
CUST0000329,At Risk,18149.23,2026-05-26,Y
CUST0000330,Regular,44126.64,2026-06-29,Y
CUST0000331,At Risk,22450.93,2026-04-24,N
CUST0000332,At Risk,75278.98,2026-05-31,Y
CUST0000333,Regular,35909.59,2026-04-15,Y
CUST0000334,At Risk,73640.48,2026-07-29,N
CUST0000335,At Risk,51426.92,2026-01-14,Y
CUST0000336,Regular,80698.78,2026-06-22,N
CUST0000337,At Risk,63875.35,2026-01-13,Y
CUST0000338,Regular,88393.3,2026-06-19,N
CUST0000339,Regular,76715.36,2026-03-16,N
CUST0000340,At Risk,34785.7,2026-04-15,N
CUST0000341,High Value,4298.2,2026-03-13,Y
CUST0000342,Occasional,62087.62,2026-03-02,Y
CUST0000343,High Value,21831.54,2026-07-23,Y
CUST0000344,Occasional,12642.41,2026-06-01,Y
CUST0000345,Regular,31997.96,2026-07-14,Y
CUST0000346,At Risk,65030.05,2026-03-09,N
CUST0000347,Occasional,13847.12,2026-04-22,Y
CUST0000348,Occasional,48128.46,2026-01-01,N
CUST0000349,At Risk,14083.25,2026-07-26,Y
CUST0000350,High Value,7532.19,2026-06-29,N
CUST0000351,Regular,23235.33,2026-01-04,Y
CUST0000352,Occasional,80573.41,2026-06-13,N
CUST0000353,At Risk,57083.17,2026-04-10,N
CUST0000354,Regular,43096.12,2026-06-26,Y
CUST0000355,Occasional,73807.55,2026-06-26,N
CUST0000356,At Risk,89288.08,2026-01-13,N
CUST0000357,Occasional,55428.3,2026-05-09,Y
CUST0000358,At Risk,51434.95,2026-04-12,N
CUST0000359,Regular,42698.3,2026-01-28,Y
CUST0000360,Occasional,990.85,2026-05-20,N
CUST0000361,At Risk,77230.03,2026-03-28,N
CUST0000362,Occasional,22308.01,2026-06-16,N
CUST0000363,Occasional,13350.73,2026-03-15,Y
CUST0000364,At Risk,33917.09,2026-01-10,Y
CUST0000365,Occasional,74289.01,2026-02-15,Y
CUST0000366,Regular,67121.65,2026-05-15,Y
CUST0000367,At Risk,10489.35,2026-05-10,Y
CUST0000368,High Value,25186.46,2026-02-18,N
CUST0000369,Occasional,20046.04,2026-02-28,Y
CUST0000370,Regular,74509.31,2026-02-07,N
CUST0000371,At Risk,87004.77,2026-02-23,Y
CUST0000372,Regular,93187.18,2026-06-10,N
CUST0000373,At Risk,57640.86,2026-01-09,Y
CUST0000374,High Value,59543.7,2026-01-21,N
CUST0000375,Regular,632.55,2026-02-06,Y
CUST0000376,At Risk,94129.31,2026-06-25,Y
CUST0000377,Occasional,337.06,2026-01-16,Y
CUST0000378,At Risk,25031.93,2026-01-23,N
CUST0000379,At Risk,36720.15,2026-01-18,Y
CUST0000380,High Value,39353.45,2026-05-14,Y
CUST0000381,Occasional,17581.62,2026-06-16,Y
CUST0000382,At Risk,57629.6,2026-07-29,Y
CUST0000383,Regular,20934.75,2026-04-02,N
CUST0000384,Regular,12956.26,2026-05-12,Y
CUST0000385,Occasional,41615.15,2026-07-09,N
CUST0000386,At Risk,88357.86,2026-04-15,N
CUST0000387,Regular,76205.03,2026-06-16,N
CUST0000388,Occasional,42125.69,2026-02-08,Y
CUST0000389,Occasional,65450.06,2026-04-12,Y
CUST0000390,At Risk,38123.06,2026-02-08,Y
CUST0000391,Occasional,63657.86,2026-01-20,N
CUST0000392,High Value,3504.49,2026-04-02,Y
CUST0000393,High Value,96117.24,2026-06-23,N
CUST0000394,High Value,67120.32,2026-02-20,N
CUST0000395,At Risk,55925.67,2026-02-18,N
CUST0000396,Occasional,30039.68,2026-05-17,N
CUST0000397,Regular,21267.74,2026-05-14,Y
CUST0000398,At Risk,95620.05,2026-05-02,N
CUST0000399,Occasional,88496.86,2026-01-16,Y
CUST0000400,At Risk,84367.0,2026-02-09,Y
CUST0000401,High Value,54339.05,2026-04-21,N
CUST0000402,Occasional,6647.19,2026-01-06,N
CUST0000403,At Risk,88285.71,2026-06-07,N
CUST0000404,At Risk,66474.23,2026-05-30,Y
CUST0000405,High Value,12172.66,2026-07-29,Y
CUST0000406,Regular,61791.25,2026-03-18,Y
CUST0000407,Occasional,78821.8,2026-05-14,Y
CUST0000408,Occasional,21489.87,2026-04-07,N
CUST0000409,High Value,81571.95,2026-02-22,N
CUST0000410,High Value,61309.02,2026-01-28,Y
CUST0000411,At Risk,76800.84,2026-03-31,N
CUST0000412,Occasional,80206.46,2026-02-28,Y
CUST0000413,High Value,22117.31,2026-07-01,N
CUST0000414,Occasional,21274.28,2026-03-16,N
CUST0000415,Regular,46730.73,2026-03-24,N
CUST0000416,At Risk,75791.45,2026-07-07,Y
CUST0000417,At Risk,22586.61,2026-02-05,Y
CUST0000418,Occasional,39732.08,2026-07-07,N
CUST0000419,High Value,7503.34,2026-01-07,N
CUST0000420,Occasional,47177.66,2026-07-16,N
CUST0000421,Occasional,40051.45,2026-07-14,Y
CUST0000422,Regular,22775.77,2026-07-16,Y
CUST0000423,Regular,36249.11,2026-03-07,N
CUST0000424,At Risk,13722.2,2026-02-13,N
CUST0000425,At Risk,73128.51,2026-01-10,N
CUST0000426,Occasional,21895.78,2026-01-11,N
CUST0000427,High Value,43697.03,2026-02-10,Y
CUST0000428,High Value,15364.26,2026-06-23,N
CUST0000429,At Risk,27985.48,2026-07-11,N
CUST0000430,Occasional,54609.97,2026-01-19,N
CUST0000431,At Risk,64161.65,2026-05-11,N
CUST0000432,Regular,77577.28,2026-01-13,N
CUST0000433,High Value,6212.23,2026-04-22,N
CUST0000434,Occasional,5605.57,2026-05-28,N
CUST0000435,Regular,13651.14,2026-04-12,Y
CUST0000436,At Risk,62652.19,2026-07-11,Y
CUST0000437,Occasional,33211.67,2026-04-28,N
CUST0000438,Regular,2822.71,2026-04-25,Y
CUST0000439,Occasional,11201.71,2026-04-10,N
CUST0000440,High Value,32673.19,2026-01-30,N
CUST0000441,At Risk,20427.01,2026-03-11,N
CUST0000442,Regular,49855.83,2026-06-17,N
CUST0000443,Occasional,10201.77,2026-07-26,N
CUST0000444,At Risk,68614.72,2026-07-29,N
CUST0000445,At Risk,52595.96,2026-05-29,Y
CUST0000446,At Risk,14698.06,2026-04-20,N
CUST0000447,At Risk,84655.95,2026-03-26,N
CUST0000448,Occasional,98230.87,2026-03-04,N
CUST0000449,At Risk,5772.97,2026-01-21,Y
CUST0000450,High Value,46190.58,2026-02-04,N
CUST0000451,At Risk,81023.58,2026-05-04,Y
CUST0000452,Regular,77165.46,2026-03-20,Y
CUST0000453,Occasional,73751.91,2026-04-09,Y
CUST0000454,Regular,48125.5,2026-06-26,N
CUST0000455,High Value,99841.6,2026-04-02,N
CUST0000456,Regular,3855.91,2026-02-16,N
CUST0000457,Regular,15859.64,2026-05-27,Y
CUST0000458,Occasional,63858.82,2026-07-19,N
CUST0000459,At Risk,18331.34,2026-07-12,Y
CUST0000460,Occasional,27508.27,2026-04-02,N
CUST0000461,Regular,22816.53,2026-01-29,N
CUST0000462,High Value,6233.86,2026-05-09,Y
CUST0000463,At Risk,38722.44,2026-05-22,Y
CUST0000464,High Value,24494.57,2026-07-30,N
CUST0000465,High Value,2065.03,2026-01-22,Y
CUST0000466,At Risk,22766.92,2026-01-20,N
CUST0000467,Occasional,74923.78,2026-01-15,N
CUST0000468,At Risk,76883.62,2026-06-20,Y
CUST0000469,Regular,82317.49,2026-07-28,N
CUST0000470,At Risk,22954.77,2026-06-04,Y
CUST0000471,At Risk,62226.9,2026-05-02,N
CUST0000472,At Risk,97245.51,2026-07-13,N
CUST0000473,Occasional,92584.06,2026-07-02,N
CUST0000474,At Risk,35214.44,2026-05-01,N
CUST0000475,Occasional,84337.34,2026-06-27,N
CUST0000476,At Risk,36308.26,2026-03-02,Y
CUST0000477,Occasional,66625.12,2026-04-03,Y
CUST0000478,Regular,39558.22,2026-02-24,N
CUST0000479,Regular,95571.82,2026-04-23,Y
CUST0000480,Regular,28833.54,2026-06-30,N
CUST0000481,At Risk,27614.01,2026-01-10,N
CUST0000482,Regular,96870.88,2026-04-07,Y
CUST0000483,Occasional,49281.77,2026-04-10,Y
CUST0000484,Occasional,51094.31,2026-02-14,N
CUST0000485,At Risk,6319.57,2026-03-09,Y
CUST0000486,Occasional,32706.51,2026-05-06,N
CUST0000487,At Risk,37046.7,2026-06-19,N
CUST0000488,Occasional,74457.25,2026-06-23,N
CUST0000489,Occasional,85456.62,2026-02-11,N
CUST0000490,At Risk,92754.99,2026-03-08,N
CUST0000491,At Risk,97051.0,2026-06-11,Y
CUST0000492,Occasional,4330.37,2026-05-04,N
CUST0000493,Regular,4865.6,2026-03-14,N
CUST0000494,High Value,31330.35,2026-05-24,Y
CUST0000495,At Risk,10743.59,2026-03-04,N
CUST0000496,High Value,61666.54,2026-07-18,N
CUST0000497,Regular,38475.93,2026-05-19,N
CUST0000498,At Risk,14888.02,2026-01-24,Y
CUST0000499,Regular,46739.18,2026-02-12,Y
CUST0000500,High Value,92647.31,2026-07-14,N
CUST0000501,At Risk,18810.16,2026-04-05,N
CUST0000502,Regular,20069.63,2026-04-24,Y
CUST0000503,Occasional,30154.05,2026-05-04,N
CUST0000504,At Risk,38489.57,2026-01-12,Y
CUST0000505,At Risk,42476.18,2026-04-16,N
CUST0000506,At Risk,36349.76,2026-02-14,Y
CUST0000507,Occasional,81322.03,2026-05-09,N
CUST0000508,Regular,26651.73,2026-06-13,Y
CUST0000509,High Value,15197.73,2026-04-17,N
CUST0000510,Regular,27989.44,2026-05-01,Y
CUST0000511,At Risk,41242.51,2026-05-25,N
CUST0000512,Occasional,25629.2,2026-04-16,Y
CUST0000513,High Value,74016.69,2026-05-02,Y
CUST0000514,At Risk,10180.99,2026-03-13,Y
CUST0000515,At Risk,83539.86,2026-06-18,N
CUST0000516,At Risk,71917.74,2026-05-12,N
CUST0000517,At Risk,24932.25,2026-07-07,Y
CUST0000518,At Risk,697.14,2026-04-02,N
CUST0000519,At Risk,66657.24,2026-01-18,Y
CUST0000520,Occasional,90950.8,2026-06-08,Y
CUST0000521,Occasional,36350.08,2026-02-21,Y
CUST0000522,High Value,83877.45,2026-06-24,Y
CUST0000523,Regular,22619.25,2026-07-30,N
CUST0000524,At Risk,81731.2,2026-02-21,N
CUST0000525,High Value,68931.71,2026-03-17,N
CUST0000526,Occasional,20694.12,2026-04-05,N
CUST0000527,High Value,52046.47,2026-02-11,N
CUST0000528,High Value,55265.98,2026-04-07,Y
CUST0000529,At Risk,70038.55,2026-04-21,Y
CUST0000530,Regular,82994.93,2026-01-30,N
CUST0000531,Regular,39835.56,2026-02-06,N
CUST0000532,Regular,8853.46,2026-01-09,N
CUST0000533,High Value,89314.65,2026-03-10,N
CUST0000534,Occasional,46990.91,2026-05-09,Y
CUST0000535,High Value,95579.28,2026-07-10,N
CUST0000536,Regular,36540.9,2026-02-09,Y
CUST0000537,At Risk,3317.99,2026-05-04,Y
CUST0000538,High Value,4083.45,2026-06-29,N
CUST0000539,High Value,82666.67,2026-03-18,Y
CUST0000540,Regular,12867.19,2026-05-02,Y
CUST0000541,Regular,11628.61,2026-01-21,Y
CUST0000542,Regular,83865.68,2026-05-02,N
CUST0000543,Regular,84035.65,2026-04-14,N
CUST0000544,High Value,96324.08,2026-06-05,Y
CUST0000545,High Value,84949.63,2026-02-04,Y
CUST0000546,At Risk,84006.04,2026-05-20,N
CUST0000547,High Value,43051.13,2026-03-29,Y
CUST0000548,At Risk,50242.2,2026-07-23,N
CUST0000549,High Value,40958.73,2026-06-17,N
CUST0000550,Occasional,11026.77,2026-01-15,N
CUST0000551,High Value,77917.72,2026-05-22,Y
CUST0000552,Occasional,14693.05,2026-06-10,N
CUST0000553,Occasional,25632.63,2026-02-20,N
CUST0000554,Regular,53483.02,2026-03-31,Y
CUST0000555,Regular,8722.89,2026-04-16,Y
CUST0000556,High Value,27972.73,2026-04-19,Y
CUST0000557,High Value,24138.63,2026-02-06,Y
CUST0000558,Regular,25793.27,2026-06-07,N
CUST0000559,At Risk,86863.97,2026-07-13,Y
CUST0000560,Regular,72130.64,2026-01-14,Y
CUST0000561,At Risk,25775.98,2026-06-13,N
CUST0000562,Regular,41230.11,2026-01-29,Y
CUST0000563,High Value,57944.64,2026-02-21,N
CUST0000564,Occasional,87250.29,2026-05-23,Y
CUST0000565,Regular,59864.23,2026-02-23,Y
CUST0000566,At Risk,20618.64,2026-02-26,Y
CUST0000567,At Risk,73989.47,2026-05-21,N
CUST0000568,Regular,75716.64,2026-01-12,Y
CUST0000569,Regular,81983.36,2026-07-11,N
CUST0000570,High Value,22372.54,2026-07-22,N
CUST0000571,At Risk,77772.78,2026-04-08,N
CUST0000572,Occasional,48005.75,2026-05-14,Y
CUST0000573,At Risk,82112.98,2026-03-15,Y
CUST0000574,Regular,98828.46,2026-02-24,Y
CUST0000575,Occasional,45137.49,2026-01-23,Y
CUST0000576,At Risk,7113.11,2026-02-11,N
CUST0000577,Regular,3177.12,2026-05-26,N
CUST0000578,High Value,71297.36,2026-05-14,N
CUST0000579,Regular,37041.24,2026-04-30,N
CUST0000580,High Value,43927.24,2026-07-28,Y
CUST0000581,At Risk,85841.64,2026-02-14,N
CUST0000582,Occasional,83232.02,2026-03-16,Y
CUST0000583,Occasional,34817.55,2026-02-06,N
CUST0000584,Occasional,1588.05,2026-04-24,Y
CUST0000585,At Risk,94275.24,2026-03-03,Y
CUST0000586,Occasional,33763.64,2026-01-09,N
CUST0000587,Occasional,72309.5,2026-04-23,N
CUST0000588,At Risk,18149.8,2026-07-10,Y
CUST0000589,Occasional,1652.76,2026-02-28,N
CUST0000590,Regular,56304.1,2026-06-26,N
CUST0000591,Regular,76334.95,2026-07-22,N
CUST0000592,High Value,46698.39,2026-06-20,Y
CUST0000593,High Value,84000.7,2026-06-14,Y
CUST0000594,At Risk,64643.22,2026-04-20,N
CUST0000595,Regular,40321.1,2026-07-27,Y
CUST0000596,High Value,7996.68,2026-04-11,Y
CUST0000597,Regular,98925.35,2026-06-12,Y
CUST0000598,Regular,86171.66,2026-03-30,Y
CUST0000599,Occasional,92501.28,2026-03-15,Y
CUST0000600,High Value,38917.18,2026-05-05,Y
CUST0000601,Regular,87531.43,2026-02-01,N
CUST0000602,At Risk,15432.64,2026-04-09,Y
CUST0000603,Occasional,40727.23,2026-05-09,Y
CUST0000604,At Risk,46638.43,2026-04-22,Y
CUST0000605,Regular,57203.33,2026-02-05,Y
CUST0000606,Occasional,65964.99,2026-05-26,N
CUST0000607,Occasional,84954.22,2026-06-14,Y
CUST0000608,Regular,4882.89,2026-03-06,Y
CUST0000609,High Value,39838.63,2026-02-05,N
CUST0000610,High Value,85348.06,2026-07-19,Y
CUST0000611,Occasional,18599.69,2026-06-09,N
CUST0000612,Regular,76165.73,2026-04-21,Y
CUST0000613,Occasional,80624.99,2026-05-13,Y
CUST0000614,Regular,76302.46,2026-05-17,N
CUST0000615,High Value,58858.51,2026-06-08,Y
CUST0000616,Regular,42277.15,2026-06-04,Y
CUST0000617,Occasional,22699.19,2026-02-25,Y
CUST0000618,At Risk,77189.71,2026-03-03,Y
CUST0000619,High Value,15920.68,2026-03-04,N
CUST0000620,At Risk,43245.35,2026-01-24,Y
CUST0000621,At Risk,15930.54,2026-04-20,Y
CUST0000622,Occasional,94062.64,2026-05-31,Y
CUST0000623,Regular,46993.46,2026-06-28,N
CUST0000624,High Value,14708.6,2026-04-22,N
CUST0000625,Regular,15511.31,2026-04-09,N
CUST0000626,Occasional,28370.54,2026-05-18,N
CUST0000627,High Value,51432.65,2026-07-18,Y
CUST0000628,Occasional,13714.03,2026-02-11,Y
CUST0000629,High Value,22874.9,2026-07-19,N
CUST0000630,At Risk,92665.25,2026-01-21,Y
CUST0000631,Occasional,38115.39,2026-06-18,Y
CUST0000632,High Value,19066.55,2026-03-22,N
CUST0000633,Regular,91728.69,2026-02-27,N
CUST0000634,Occasional,52277.47,2026-04-16,Y
CUST0000635,Occasional,78416.13,2026-06-21,N
CUST0000636,High Value,24782.89,2026-05-25,N
CUST0000637,Occasional,91900.52,2026-01-10,Y
CUST0000638,High Value,57634.88,2026-05-11,N
CUST0000639,Occasional,75366.49,2026-04-20,Y
CUST0000640,Occasional,9319.08,2026-01-12,N
CUST0000641,Regular,85917.94,2026-06-26,Y
CUST0000642,Occasional,91560.9,2026-04-12,N
CUST0000643,Regular,8724.97,2026-07-16,Y
CUST0000644,Occasional,95451.02,2026-06-17,N
CUST0000645,Regular,7874.41,2026-05-01,Y
CUST0000646,Occasional,28821.78,2026-04-16,Y
CUST0000647,High Value,48385.0,2026-02-07,N
CUST0000648,High Value,7997.55,2026-02-16,N
CUST0000649,Regular,43004.69,2026-02-25,Y
CUST0000650,High Value,25300.72,2026-01-11,Y
CUST0000651,Regular,79587.81,2026-03-24,N
CUST0000652,Regular,42335.07,2026-01-08,Y
CUST0000653,High Value,17082.74,2026-03-05,N
CUST0000654,Regular,95385.93,2026-01-30,N
CUST0000655,High Value,10784.33,2026-07-23,Y
CUST0000656,High Value,78360.33,2026-05-01,N
CUST0000657,High Value,56095.02,2026-06-14,N
CUST0000658,Occasional,63357.6,2026-05-28,Y
CUST0000659,At Risk,63086.36,2026-07-25,N
CUST0000660,Occasional,39311.19,2026-04-25,N
CUST0000661,At Risk,52775.76,2026-04-27,N
CUST0000662,Regular,25804.05,2026-06-10,Y
CUST0000663,High Value,6970.26,2026-03-05,N
CUST0000664,At Risk,49053.58,2026-02-04,N
CUST0000665,Occasional,65907.96,2026-04-01,Y
CUST0000666,High Value,64883.54,2026-07-14,N
CUST0000667,Regular,98400.09,2026-01-06,Y
CUST0000668,Occasional,81050.8,2026-03-02,Y
CUST0000669,At Risk,66977.75,2026-01-19,Y
CUST0000670,High Value,96697.26,2026-05-09,Y
CUST0000671,Regular,45725.56,2026-07-09,N
CUST0000672,Occasional,75818.27,2026-05-25,N
CUST0000673,Occasional,89354.92,2026-06-03,N
CUST0000674,At Risk,44392.57,2026-02-26,Y
CUST0000675,High Value,21154.8,2026-03-10,Y
CUST0000676,Regular,32142.53,2026-02-04,N
CUST0000677,At Risk,51949.6,2026-01-04,N
CUST0000678,Regular,62505.26,2026-01-18,Y
CUST0000679,At Risk,27712.81,2026-04-18,Y
CUST0000680,Occasional,88397.21,2026-06-20,N
CUST0000681,At Risk,52195.79,2026-06-24,N
CUST0000682,Regular,28558.04,2026-06-11,Y
CUST0000683,High Value,45087.94,2026-07-26,N
CUST0000684,High Value,80230.2,2026-06-16,Y
CUST0000685,Regular,6615.89,2026-01-05,Y
CUST0000686,High Value,88743.1,2026-04-27,Y
CUST0000687,Regular,65106.66,2026-05-27,N
CUST0000688,High Value,17009.46,2026-04-17,N
CUST0000689,Occasional,83720.51,2026-03-14,N
CUST0000690,Occasional,14105.92,2026-05-30,Y
CUST0000691,High Value,79061.42,2026-07-24,N
CUST0000692,At Risk,90808.67,2026-07-12,Y
CUST0000693,High Value,60556.47,2026-05-04,Y
CUST0000694,Regular,80335.75,2026-03-11,Y
CUST0000695,Occasional,88466.6,2026-02-07,Y
CUST0000696,Occasional,25279.96,2026-02-15,Y
CUST0000697,Occasional,55214.81,2026-03-30,N
CUST0000698,Occasional,77308.56,2026-04-23,Y
CUST0000699,Occasional,53229.33,2026-06-14,Y
CUST0000700,Regular,82525.38,2026-06-16,N
CUST0000701,Regular,67125.18,2026-05-22,Y
CUST0000702,At Risk,56220.3,2026-01-17,Y
CUST0000703,Occasional,87383.02,2026-07-25,Y
CUST0000704,High Value,64016.02,2026-06-22,N
CUST0000705,Regular,80399.97,2026-05-03,Y
CUST0000706,At Risk,46089.99,2026-05-21,N
CUST0000707,Regular,88046.46,2026-04-17,Y
CUST0000708,Occasional,63107.29,2026-02-04,N
CUST0000709,Regular,5349.96,2026-05-11,Y
CUST0000710,Occasional,50856.0,2026-06-12,N
CUST0000711,Regular,65264.76,2026-02-22,Y
CUST0000712,Regular,81570.18,2026-03-03,Y
CUST0000713,Regular,82555.78,2026-06-17,Y
CUST0000714,Occasional,47819.79,2026-01-12,Y
CUST0000715,Occasional,22176.74,2026-02-01,Y
CUST0000716,At Risk,46710.23,2026-07-19,N
CUST0000717,Occasional,61885.48,2026-03-02,N
CUST0000718,High Value,76110.41,2026-06-08,Y
CUST0000719,Occasional,11541.87,2026-03-01,N
CUST0000720,Regular,60100.0,2026-04-29,N
CUST0000721,Regular,72009.89,2026-02-27,N
CUST0000722,At Risk,62972.63,2026-01-29,Y
CUST0000723,Regular,6627.4,2026-01-20,N
CUST0000724,Regular,38557.62,2026-04-01,N
CUST0000725,At Risk,55151.67,2026-04-21,N
CUST0000726,Occasional,94639.79,2026-04-14,N
CUST0000727,Regular,78055.77,2026-06-17,N
CUST0000728,At Risk,23740.12,2026-06-18,Y
CUST0000729,At Risk,82191.94,2026-01-22,N
CUST0000730,At Risk,49988.36,2026-03-12,N
CUST0000731,Occasional,50190.55,2026-07-21,N
CUST0000732,Occasional,82798.22,2026-05-09,N
CUST0000733,Regular,17644.82,2026-03-26,N
CUST0000734,High Value,13161.21,2026-07-06,Y
CUST0000735,Regular,58347.17,2026-07-10,N
CUST0000736,High Value,54135.12,2026-05-17,Y
CUST0000737,At Risk,41548.35,2026-02-10,Y
CUST0000738,Regular,36661.85,2026-05-28,N
CUST0000739,High Value,44789.46,2026-04-10,Y
CUST0000740,Regular,6241.79,2026-01-21,Y
CUST0000741,At Risk,80710.28,2026-04-07,Y
CUST0000742,Occasional,63887.12,2026-07-10,N
CUST0000743,Occasional,92860.51,2026-05-28,N
CUST0000744,Regular,48653.15,2026-04-19,Y
CUST0000745,Occasional,78100.3,2026-01-22,Y
CUST0000746,Occasional,22656.69,2026-02-07,N
CUST0000747,Occasional,53260.0,2026-03-06,N
CUST0000748,Occasional,96880.08,2026-03-08,Y
CUST0000749,Occasional,42041.82,2026-03-08,Y
CUST0000750,Regular,21470.55,2026-02-09,Y
CUST0000751,High Value,57938.51,2026-06-16,N
CUST0000752,At Risk,35564.94,2026-04-16,Y
CUST0000753,Regular,25005.47,2026-06-12,Y
CUST0000754,Occasional,61749.54,2026-02-11,Y
CUST0000755,At Risk,29464.32,2026-02-21,Y
CUST0000756,High Value,96895.84,2026-02-16,N
CUST0000757,At Risk,45067.88,2026-01-12,N
CUST0000758,High Value,97326.43,2026-07-06,Y
CUST0000759,Occasional,60153.89,2026-01-24,N
CUST0000760,Regular,37355.24,2026-06-05,N
CUST0000761,At Risk,48702.63,2026-04-08,Y
CUST0000762,At Risk,26215.24,2026-02-24,N
CUST0000763,High Value,62482.87,2026-03-27,Y
CUST0000764,At Risk,63020.14,2026-06-28,N
CUST0000765,At Risk,63094.18,2026-04-02,N
CUST0000766,High Value,6248.5,2026-01-30,Y
CUST0000767,At Risk,28700.59,2026-07-03,N
CUST0000768,Regular,91484.52,2026-04-27,N
CUST0000769,Occasional,98804.0,2026-05-08,Y
CUST0000770,High Value,23000.09,2026-07-18,Y
CUST0000771,Occasional,13028.64,2026-04-10,Y
CUST0000772,At Risk,62516.72,2026-06-28,Y
CUST0000773,Occasional,75636.83,2026-06-19,Y
CUST0000774,At Risk,66842.99,2026-04-04,Y
CUST0000775,Occasional,20689.09,2026-02-24,Y
CUST0000776,At Risk,97629.09,2026-05-19,Y
CUST0000777,High Value,51520.43,2026-02-13,N
CUST0000778,At Risk,8398.81,2026-07-14,N
CUST0000779,High Value,69180.65,2026-06-19,N
CUST0000780,High Value,89941.67,2026-05-16,Y
CUST0000781,At Risk,7695.7,2026-05-12,N
CUST0000782,High Value,24795.19,2026-05-17,Y
CUST0000783,Regular,12709.47,2026-07-29,Y
CUST0000784,Occasional,31470.78,2026-07-15,Y
CUST0000785,Regular,35463.43,2026-07-10,N
CUST0000786,Occasional,74055.61,2026-01-26,N
CUST0000787,Regular,83854.19,2026-06-11,N
CUST0000788,Regular,45364.24,2026-07-11,N
CUST0000789,Occasional,51736.73,2026-03-03,N
CUST0000790,Occasional,51563.38,2026-06-17,N
CUST0000791,At Risk,87496.06,2026-02-26,N
CUST0000792,Occasional,38317.52,2026-07-14,Y
CUST0000793,At Risk,25317.95,2026-06-23,Y
CUST0000794,High Value,43412.01,2026-06-02,N
CUST0000795,High Value,74426.49,2026-05-27,Y
CUST0000796,Regular,60732.54,2026-04-09,N
CUST0000797,At Risk,81790.86,2026-04-20,Y
CUST0000798,High Value,24079.63,2026-02-07,Y
CUST0000799,High Value,99522.94,2026-06-25,N
CUST0000800,High Value,42113.26,2026-06-12,Y
CUST0000801,At Risk,23925.73,2026-04-19,Y
CUST0000802,Occasional,87207.5,2026-07-18,N
CUST0000803,Regular,79329.51,2026-06-16,Y
CUST0000804,High Value,88379.36,2026-04-22,Y
CUST0000805,Regular,37626.06,2026-02-11,Y
CUST0000806,Regular,29469.69,2026-07-04,N
CUST0000807,At Risk,50590.94,2026-03-07,N
CUST0000808,At Risk,14880.8,2026-01-22,Y
CUST0000809,Occasional,92410.58,2026-06-11,Y
CUST0000810,High Value,10755.37,2026-03-19,N
CUST0000811,High Value,48738.67,2026-03-19,N
CUST0000812,Occasional,18049.98,2026-02-02,N
CUST0000813,At Risk,28971.67,2026-01-14,N
CUST0000814,Occasional,98394.86,2026-06-06,Y
CUST0000815,At Risk,6366.04,2026-02-07,N
CUST0000816,Occasional,72837.26,2026-05-17,Y
CUST0000817,At Risk,86459.06,2026-07-17,Y
CUST0000818,At Risk,90544.0,2026-06-20,Y
CUST0000819,Occasional,1373.27,2026-05-12,N
CUST0000820,Occasional,47426.8,2026-05-09,N
CUST0000821,Regular,37850.14,2026-02-26,N
CUST0000822,At Risk,42400.42,2026-01-14,Y
CUST0000823,Occasional,63584.83,2026-05-11,N
CUST0000824,Regular,96697.71,2026-06-03,Y
CUST0000825,At Risk,20585.01,2026-05-08,Y
CUST0000826,At Risk,55132.23,2026-04-24,Y
CUST0000827,Occasional,79387.63,2026-03-01,N
CUST0000828,Regular,51141.18,2026-04-30,N
CUST0000829,At Risk,65622.96,2026-02-01,N
CUST0000830,High Value,15649.38,2026-05-28,Y
CUST0000831,Occasional,90894.89,2026-07-01,N
CUST0000832,At Risk,17323.06,2026-06-13,N
CUST0000833,At Risk,97188.51,2026-03-16,N
CUST0000834,High Value,1321.42,2026-07-04,N
CUST0000835,Regular,84926.83,2026-02-09,N
CUST0000836,At Risk,12124.27,2026-03-05,N
CUST0000837,High Value,30067.71,2026-02-06,N
CUST0000838,Regular,27078.35,2026-01-05,N
CUST0000839,Occasional,39142.64,2026-06-16,N
CUST0000840,Occasional,77776.87,2026-07-15,Y
CUST0000841,Regular,85526.77,2026-02-13,Y
CUST0000842,Occasional,9538.86,2026-02-05,Y
CUST0000843,At Risk,55456.87,2026-03-25,N
CUST0000844,Regular,38601.13,2026-02-02,Y
CUST0000845,High Value,29389.71,2026-06-13,N
CUST0000846,Regular,53117.55,2026-01-20,Y
CUST0000847,At Risk,23871.34,2026-05-07,N
CUST0000848,High Value,53928.56,2026-01-12,N
CUST0000849,High Value,43340.5,2026-01-22,Y
CUST0000850,High Value,91289.18,2026-07-13,Y
CUST0000851,High Value,70379.92,2026-02-06,N
CUST0000852,Regular,10693.0,2026-06-28,Y
CUST0000853,Regular,16770.12,2026-06-25,N
CUST0000854,At Risk,35051.5,2026-02-06,Y
CUST0000855,High Value,21072.69,2026-03-18,Y
CUST0000856,Regular,1201.12,2026-06-10,N
CUST0000857,Occasional,50174.77,2026-05-06,Y
CUST0000858,Regular,86915.0,2026-04-04,N
CUST0000859,Regular,85639.93,2026-06-06,N
CUST0000860,Regular,30984.23,2026-04-09,N
CUST0000861,Occasional,62552.34,2026-05-20,N
CUST0000862,Regular,28751.08,2026-05-21,N
CUST0000863,Regular,16147.08,2026-07-02,N
CUST0000864,Occasional,18708.62,2026-04-07,N
CUST0000865,High Value,27156.18,2026-01-23,Y
CUST0000866,At Risk,74600.11,2026-07-29,Y
CUST0000867,Occasional,18628.38,2026-01-11,Y
CUST0000868,Occasional,30257.0,2026-01-29,Y
CUST0000869,Occasional,23953.35,2026-03-18,Y
CUST0000870,Regular,16646.94,2026-02-10,Y
CUST0000871,High Value,203.84,2026-01-08,Y
CUST0000872,Regular,5219.64,2026-06-11,N
CUST0000873,Occasional,83058.76,2026-05-05,Y
CUST0000874,Regular,11505.15,2026-01-25,Y
CUST0000875,Occasional,15593.81,2026-01-25,Y
CUST0000876,At Risk,66402.78,2026-04-02,N
CUST0000877,Regular,18022.36,2026-03-04,N
CUST0000878,Occasional,40679.55,2026-07-23,Y
CUST0000879,At Risk,55940.14,2026-07-13,Y
CUST0000880,Occasional,78747.53,2026-06-21,N
CUST0000881,Occasional,57188.51,2026-05-11,Y
CUST0000882,Regular,33328.15,2026-03-25,Y
CUST0000883,High Value,37130.48,2026-07-04,Y
CUST0000884,Occasional,8816.48,2026-03-23,Y
CUST0000885,Occasional,85586.01,2026-06-24,N
CUST0000886,Regular,15583.24,2026-07-10,N
CUST0000887,At Risk,74182.63,2026-07-22,Y
CUST0000888,Occasional,17016.61,2026-02-26,Y
CUST0000889,At Risk,26629.83,2026-06-28,N
CUST0000890,High Value,42150.42,2026-07-28,Y
CUST0000891,Occasional,63316.72,2026-02-23,N
CUST0000892,Occasional,13146.3,2026-04-13,N
CUST0000893,Regular,33366.68,2026-04-23,Y
CUST0000894,High Value,96478.99,2026-05-18,Y
CUST0000895,High Value,10878.9,2026-04-21,Y
CUST0000896,Occasional,80174.97,2026-04-04,Y
CUST0000897,At Risk,62007.67,2026-01-27,Y
CUST0000898,Occasional,63894.77,2026-05-01,Y
CUST0000899,Regular,79916.82,2026-05-07,N
CUST0000900,Regular,47464.11,2026-03-28,Y
CUST0000901,Occasional,53520.91,2026-05-11,N
CUST0000902,At Risk,20872.04,2026-04-25,N
CUST0000903,At Risk,98216.9,2026-02-25,N
CUST0000904,High Value,75573.38,2026-01-10,N
CUST0000905,High Value,47053.73,2026-02-09,N
CUST0000906,At Risk,12565.57,2026-02-26,Y
CUST0000907,Regular,79313.14,2026-07-26,N
CUST0000908,At Risk,36741.49,2026-04-17,Y
CUST0000909,Regular,12277.99,2026-01-25,N
CUST0000910,High Value,78932.36,2026-01-24,N
CUST0000911,At Risk,49783.35,2026-04-19,N
CUST0000912,High Value,79349.87,2026-07-05,Y
CUST0000913,At Risk,68314.43,2026-07-30,Y
CUST0000914,Regular,16921.57,2026-02-28,Y
CUST0000915,Regular,49710.35,2026-06-27,N
CUST0000916,Regular,14550.18,2026-02-27,Y
CUST0000917,Occasional,94630.29,2026-04-11,Y
CUST0000918,High Value,64703.68,2026-07-01,Y
CUST0000919,At Risk,5786.27,2026-06-29,N
CUST0000920,At Risk,77393.72,2026-03-22,N
CUST0000921,High Value,68828.83,2026-04-08,N
CUST0000922,Occasional,59087.3,2026-06-21,N
CUST0000923,Regular,51895.89,2026-04-21,N
CUST0000924,High Value,56989.83,2026-05-01,Y
CUST0000925,Occasional,61769.62,2026-06-22,N
CUST0000926,At Risk,11797.95,2026-05-06,N
CUST0000927,At Risk,32936.51,2026-03-07,N
CUST0000928,At Risk,67314.09,2026-07-27,Y
CUST0000929,Regular,82761.02,2026-05-03,Y
CUST0000930,At Risk,41677.51,2026-06-14,Y
CUST0000931,At Risk,89551.6,2026-05-21,N
CUST0000932,Occasional,23314.07,2026-02-13,N
CUST0000933,Occasional,40841.27,2026-03-31,Y
CUST0000934,High Value,74703.37,2026-02-09,N
CUST0000935,At Risk,6479.69,2026-05-14,N
CUST0000936,Occasional,59373.28,2026-04-06,N
CUST0000937,High Value,30710.27,2026-05-08,Y
CUST0000938,High Value,58813.79,2026-02-16,N
CUST0000939,Occasional,70806.9,2026-04-09,N
CUST0000940,Occasional,20656.63,2026-07-13,N
CUST0000941,High Value,27986.63,2026-04-24,N
CUST0000942,At Risk,7100.22,2026-01-10,N
CUST0000943,Regular,70434.07,2026-06-20,Y
CUST0000944,Regular,45002.15,2026-06-12,N
CUST0000945,Occasional,35661.09,2026-04-17,Y
CUST0000946,Regular,81295.56,2026-02-08,N
CUST0000947,High Value,21875.69,2026-07-01,Y
CUST0000948,At Risk,14286.49,2026-01-13,Y
CUST0000949,Occasional,16988.54,2026-06-12,Y
CUST0000950,At Risk,29254.15,2026-05-06,Y
CUST0000951,At Risk,35530.52,2026-04-12,Y
CUST0000952,High Value,53415.98,2026-03-26,N
CUST0000953,Occasional,72684.64,2026-03-12,Y
CUST0000954,Regular,52963.62,2026-03-03,N
CUST0000955,Regular,21927.7,2026-05-16,N
CUST0000956,At Risk,8319.45,2026-03-09,Y
CUST0000957,High Value,38595.66,2026-01-01,Y
CUST0000958,Regular,56792.47,2026-07-02,N
CUST0000959,At Risk,18935.65,2026-06-14,N
CUST0000960,Regular,44836.77,2026-02-19,Y
CUST0000961,Occasional,24207.49,2026-05-18,Y
CUST0000962,Regular,22924.03,2026-06-26,Y
CUST0000963,Occasional,33822.12,2026-02-05,Y
CUST0000964,High Value,81217.49,2026-04-08,N
CUST0000965,Occasional,45180.71,2026-07-16,Y
CUST0000966,Occasional,31590.1,2026-04-01,N
CUST0000967,Occasional,70714.59,2026-07-27,N
CUST0000968,Regular,53053.32,2026-07-03,Y
CUST0000969,High Value,17932.83,2026-07-29,Y
CUST0000970,High Value,19902.96,2026-04-22,Y
CUST0000971,Occasional,88808.24,2026-03-23,Y
CUST0000972,High Value,70949.86,2026-07-21,N
CUST0000973,Regular,19814.24,2026-02-01,N
CUST0000974,Occasional,21653.08,2026-01-25,N
CUST0000975,Occasional,28928.29,2026-06-28,Y
CUST0000976,Regular,92122.39,2026-03-05,N
CUST0000977,Occasional,42382.46,2026-03-02,Y
CUST0000978,Regular,80097.61,2026-06-02,Y
CUST0000979,Occasional,4556.57,2026-04-26,N
CUST0000980,High Value,72308.48,2026-05-25,N
CUST0000981,At Risk,42661.67,2026-04-05,N
CUST0000982,Occasional,5431.58,2026-07-06,Y
CUST0000983,Regular,9968.23,2026-04-14,N
CUST0000984,At Risk,78169.67,2026-03-09,Y
CUST0000985,High Value,29587.99,2026-06-08,N
CUST0000986,At Risk,62988.5,2026-02-14,Y
CUST0000987,Regular,75724.73,2026-07-07,N
CUST0000988,At Risk,59036.22,2026-07-14,Y
CUST0000989,At Risk,82192.93,2026-05-11,N
CUST0000990,High Value,82350.51,2026-05-24,N
CUST0000991,At Risk,93580.39,2026-01-18,N
CUST0000992,At Risk,8541.36,2026-07-25,Y
CUST0000993,Regular,41577.64,2026-01-23,Y
CUST0000994,Occasional,63413.32,2026-02-21,N
CUST0000995,Regular,8393.99,2026-04-19,N
CUST0000996,At Risk,23485.79,2026-05-07,Y
CUST0000997,Regular,87952.29,2026-02-06,N
CUST0000998,Occasional,72093.34,2026-05-25,N
CUST0000999,Regular,84658.06,2026-05-16,Y
CUST0001000,At Risk,4290.68,2026-01-19,Y
CUST0001001,High Value,95429.81,2026-07-26,Y
CUST0001002,Regular,39627.65,2026-07-05,Y
CUST0001003,Occasional,40471.62,2026-05-21,Y
CUST0001004,Regular,32691.08,2026-04-15,Y
CUST0001005,High Value,71985.12,2026-04-06,Y
CUST0001006,High Value,26269.11,2026-03-31,N
CUST0001007,Occasional,80558.85,2026-04-14,Y
CUST0001008,High Value,3492.63,2026-03-17,N
CUST0001009,At Risk,11841.4,2026-04-19,N
CUST0001010,Regular,23854.21,2026-07-26,N
CUST0001011,At Risk,14245.93,2026-07-17,N
CUST0001012,High Value,45638.33,2026-05-08,Y
CUST0001013,Occasional,3924.14,2026-03-25,N
CUST0001014,Regular,51382.07,2026-02-24,N
CUST0001015,High Value,57153.11,2026-04-17,Y
CUST0001016,At Risk,52091.39,2026-06-22,Y
CUST0001017,At Risk,13348.25,2026-05-08,Y
CUST0001018,Occasional,93208.32,2026-02-23,Y
CUST0001019,Regular,38229.13,2026-07-19,N
CUST0001020,At Risk,54519.6,2026-04-14,Y
CUST0001021,High Value,34181.38,2026-07-27,N
CUST0001022,Occasional,97879.52,2026-07-15,Y
CUST0001023,Regular,59144.57,2026-01-21,N
CUST0001024,High Value,54683.72,2026-05-03,N
CUST0001025,Regular,89781.15,2026-07-21,N
CUST0001026,At Risk,34900.67,2026-07-20,Y
CUST0001027,At Risk,96185.64,2026-01-06,N
CUST0001028,High Value,41242.48,2026-04-27,Y
CUST0001029,High Value,63967.67,2026-06-07,Y
CUST0001030,At Risk,29771.8,2026-07-01,Y
CUST0001031,Occasional,85640.54,2026-06-15,Y
CUST0001032,At Risk,92409.72,2026-01-19,N
CUST0001033,At Risk,12115.18,2026-03-08,N
CUST0001034,Occasional,58300.05,2026-01-26,Y
CUST0001035,High Value,537.45,2026-07-17,Y
CUST0001036,High Value,91510.93,2026-07-27,N
CUST0001037,Regular,36387.28,2026-06-07,N
CUST0001038,High Value,26252.86,2026-01-29,N
CUST0001039,High Value,93861.47,2026-03-02,N
CUST0001040,At Risk,32279.96,2026-05-06,Y
CUST0001041,At Risk,47884.44,2026-05-02,N
CUST0001042,High Value,8576.44,2026-06-06,Y
CUST0001043,Regular,67597.34,2026-04-08,Y
CUST0001044,High Value,36069.52,2026-03-12,Y
CUST0001045,At Risk,99867.6,2026-03-03,Y
CUST0001046,High Value,46488.75,2026-07-12,Y
CUST0001047,At Risk,47841.56,2026-03-31,N
CUST0001048,At Risk,18056.09,2026-05-14,Y
CUST0001049,At Risk,2923.14,2026-02-05,N
CUST0001050,High Value,49778.61,2026-03-07,N
CUST0001051,Regular,71199.13,2026-05-24,N
CUST0001052,Regular,60360.87,2026-04-15,N
CUST0001053,High Value,34929.95,2026-02-27,N
CUST0001054,At Risk,2544.25,2026-02-21,N
CUST0001055,Occasional,31355.75,2026-07-11,Y
CUST0001056,Regular,88934.09,2026-04-17,N
CUST0001057,Regular,57366.95,2026-04-18,N
CUST0001058,Regular,27146.9,2026-03-30,N
CUST0001059,Occasional,13033.05,2026-04-13,N
CUST0001060,Regular,89395.49,2026-04-11,N
CUST0001061,Occasional,66834.94,2026-05-20,Y
CUST0001062,Occasional,5222.36,2026-01-10,Y
CUST0001063,Occasional,8281.09,2026-02-03,Y
CUST0001064,At Risk,99290.73,2026-04-04,Y
CUST0001065,Regular,38960.75,2026-05-24,N
CUST0001066,High Value,35476.05,2026-03-29,N
CUST0001067,Regular,47896.3,2026-06-15,Y
CUST0001068,At Risk,59747.97,2026-03-26,N
CUST0001069,At Risk,95380.35,2026-05-06,N
CUST0001070,Regular,32462.39,2026-01-27,N
CUST0001071,Regular,92303.41,2026-02-12,N
CUST0001072,Occasional,98980.18,2026-01-26,Y
CUST0001073,Regular,50947.56,2026-06-05,N
CUST0001074,Regular,34912.12,2026-03-16,Y
CUST0001075,Regular,17853.36,2026-07-15,Y
CUST0001076,At Risk,73970.08,2026-02-20,Y
CUST0001077,Occasional,83269.91,2026-05-18,Y
CUST0001078,High Value,75347.29,2026-05-20,N
CUST0001079,At Risk,87271.65,2026-06-23,N
CUST0001080,Regular,56883.62,2026-02-17,N
CUST0001081,Occasional,12611.46,2026-07-05,N
CUST0001082,At Risk,42449.11,2026-03-08,Y
CUST0001083,Occasional,618.65,2026-01-22,N
CUST0001084,Occasional,64267.53,2026-05-13,Y
CUST0001085,Occasional,72038.97,2026-04-07,N
CUST0001086,At Risk,2109.44,2026-03-16,Y
CUST0001087,At Risk,6714.87,2026-04-09,N
CUST0001088,Regular,76093.97,2026-04-14,Y
CUST0001089,At Risk,89916.24,2026-06-21,Y
CUST0001090,Occasional,23835.46,2026-07-16,N
CUST0001091,At Risk,86131.5,2026-06-13,Y
CUST0001092,Regular,65250.93,2026-01-13,Y
CUST0001093,At Risk,37428.05,2026-04-07,Y
CUST0001094,Regular,67530.72,2026-01-25,N
CUST0001095,At Risk,27835.4,2026-01-20,N
CUST0001096,Occasional,88912.21,2026-04-26,N
CUST0001097,At Risk,38564.88,2026-02-20,N
CUST0001098,High Value,229.23,2026-05-29,N
CUST0001099,High Value,11475.22,2026-01-26,Y
CUST0001100,Occasional,46128.32,2026-02-28,N
CUST0001101,Occasional,26507.33,2026-02-28,Y
CUST0001102,High Value,73155.65,2026-02-21,Y
CUST0001103,High Value,84537.34,2026-01-25,N
CUST0001104,At Risk,3807.04,2026-06-27,N
CUST0001105,Regular,96542.07,2026-05-29,Y
CUST0001106,High Value,86305.64,2026-02-23,N
CUST0001107,High Value,72109.83,2026-06-27,N
CUST0001108,At Risk,99145.76,2026-04-19,N
CUST0001109,Regular,80184.43,2026-05-13,Y
CUST0001110,Occasional,16189.0,2026-02-23,Y
CUST0001111,High Value,7226.82,2026-01-28,N
CUST0001112,At Risk,45874.93,2026-01-03,N
CUST0001113,Regular,69181.12,2026-04-27,N
CUST0001114,High Value,69825.01,2026-06-19,N
CUST0001115,At Risk,90832.18,2026-02-23,N
CUST0001116,Regular,26259.35,2026-01-19,Y
CUST0001117,At Risk,56695.71,2026-07-27,N
CUST0001118,At Risk,67233.89,2026-07-06,Y
CUST0001119,Occasional,9116.11,2026-02-15,N
CUST0001120,High Value,27302.49,2026-02-16,N
CUST0001121,At Risk,28637.17,2026-05-07,Y
CUST0001122,High Value,77542.87,2026-06-15,Y
CUST0001123,At Risk,39471.33,2026-03-01,N
CUST0001124,Regular,62316.44,2026-03-20,N
CUST0001125,High Value,40284.34,2026-05-03,Y
CUST0001126,Occasional,72896.55,2026-02-25,N
CUST0001127,Occasional,25806.45,2026-06-20,Y
CUST0001128,High Value,44699.24,2026-07-16,N
CUST0001129,At Risk,48295.85,2026-04-03,N
CUST0001130,High Value,82831.88,2026-02-25,N
CUST0001131,At Risk,43111.48,2026-03-01,N
CUST0001132,High Value,37870.26,2026-03-30,N
CUST0001133,Regular,88470.97,2026-03-14,Y
CUST0001134,At Risk,95833.6,2026-02-22,N
CUST0001135,Regular,92035.6,2026-03-28,Y
CUST0001136,High Value,45610.4,2026-07-15,N
CUST0001137,High Value,34292.92,2026-03-10,Y
CUST0001138,At Risk,3230.6,2026-02-14,N
CUST0001139,Regular,85421.99,2026-05-26,N
CUST0001140,High Value,77232.79,2026-04-04,N
CUST0001141,At Risk,87928.97,2026-06-17,Y
CUST0001142,At Risk,14475.81,2026-06-13,N
CUST0001143,At Risk,56224.53,2026-02-13,N
CUST0001144,At Risk,23479.91,2026-02-24,N
CUST0001145,Occasional,3474.02,2026-04-30,N
CUST0001146,High Value,19450.78,2026-04-29,N
CUST0001147,At Risk,32294.79,2026-06-24,Y
CUST0001148,At Risk,88575.3,2026-03-03,N
CUST0001149,Occasional,75497.12,2026-04-08,Y
CUST0001150,High Value,16870.02,2026-01-19,Y
CUST0001151,High Value,49211.01,2026-01-18,Y
CUST0001152,Regular,13112.22,2026-05-14,Y
CUST0001153,Occasional,83018.96,2026-06-11,Y
CUST0001154,Occasional,56085.18,2026-04-27,Y
CUST0001155,At Risk,1861.68,2026-04-18,Y
CUST0001156,At Risk,64192.86,2026-03-12,N
CUST0001157,Regular,25895.85,2026-04-13,Y
CUST0001158,At Risk,36560.93,2026-01-06,N
CUST0001159,At Risk,83689.88,2026-07-19,N
CUST0001160,At Risk,69101.5,2026-04-08,Y
CUST0001161,High Value,68359.45,2026-07-09,Y
CUST0001162,High Value,397.18,2026-01-18,N
CUST0001163,Occasional,89969.91,2026-07-19,N
CUST0001164,High Value,4206.73,2026-07-28,Y
CUST0001165,Occasional,50988.55,2026-03-08,Y
CUST0001166,Occasional,39079.49,2026-06-06,N
CUST0001167,Occasional,37116.66,2026-03-25,Y
CUST0001168,At Risk,5432.77,2026-06-19,N
CUST0001169,Occasional,10015.02,2026-04-11,N
CUST0001170,Occasional,90956.33,2026-01-20,Y
CUST0001171,At Risk,5287.15,2026-05-23,N
CUST0001172,Occasional,98554.69,2026-06-25,N
CUST0001173,Occasional,62751.28,2026-03-11,Y
CUST0001174,Regular,95464.7,2026-03-12,Y
CUST0001175,High Value,65834.64,2026-07-04,N
CUST0001176,Regular,37418.53,2026-01-20,N
CUST0001177,Regular,99859.37,2026-02-20,Y
CUST0001178,Regular,19854.98,2026-01-26,N
CUST0001179,Occasional,95182.24,2026-04-30,N
CUST0001180,High Value,70352.76,2026-05-24,N
CUST0001181,Regular,55710.88,2026-06-19,N
CUST0001182,At Risk,37489.96,2026-05-16,N
CUST0001183,At Risk,23148.37,2026-07-10,Y
CUST0001184,High Value,80963.87,2026-07-30,N
CUST0001185,Regular,61567.92,2026-06-24,N
CUST0001186,Regular,64432.51,2026-02-24,N
CUST0001187,Occasional,14511.32,2026-05-07,Y
CUST0001188,Regular,96916.21,2026-01-10,Y
CUST0001189,At Risk,71034.76,2026-07-20,Y
CUST0001190,Occasional,85808.04,2026-06-19,N
CUST0001191,High Value,39017.94,2026-05-17,Y
CUST0001192,Occasional,68455.27,2026-06-22,N
CUST0001193,Occasional,62378.93,2026-02-24,Y
CUST0001194,Occasional,91156.33,2026-04-24,Y
CUST0001195,At Risk,8265.16,2026-07-28,N
CUST0001196,High Value,44065.84,2026-07-23,N
CUST0001197,At Risk,60588.59,2026-04-28,Y
CUST0001198,Regular,82477.83,2026-03-17,N
CUST0001199,At Risk,7493.55,2026-03-24,N
CUST0001200,At Risk,95316.58,2026-04-19,Y
CUST0001201,High Value,46961.12,2026-06-02,Y
CUST0001202,Occasional,67150.08,2026-02-19,N
CUST0001203,High Value,1917.08,2026-03-25,N
CUST0001204,Occasional,58971.46,2026-04-24,N
CUST0001205,Regular,73758.6,2026-05-03,Y
CUST0001206,High Value,79585.5,2026-07-17,N
CUST0001207,At Risk,7436.66,2026-05-23,N
CUST0001208,High Value,48986.88,2026-07-30,N
CUST0001209,High Value,60659.17,2026-01-25,Y
CUST0001210,Occasional,81099.91,2026-04-28,N
CUST0001211,Occasional,37198.27,2026-03-05,Y
CUST0001212,Regular,70570.38,2026-01-19,N
CUST0001213,Occasional,27672.29,2026-02-07,N
CUST0001214,Regular,75760.89,2026-06-27,N
CUST0001215,At Risk,88247.52,2026-07-16,N
CUST0001216,Occasional,42119.15,2026-03-17,N
CUST0001217,At Risk,65644.9,2026-02-20,N
CUST0001218,Regular,80517.5,2026-03-17,N
CUST0001219,High Value,23839.39,2026-06-05,Y
CUST0001220,Regular,18115.23,2026-04-04,N
CUST0001221,Occasional,19512.31,2026-06-26,Y
CUST0001222,High Value,6902.86,2026-01-19,Y
CUST0001223,High Value,83838.54,2026-04-18,Y
CUST0001224,Occasional,81349.98,2026-07-09,N
CUST0001225,High Value,39747.88,2026-05-23,Y
CUST0001226,At Risk,89473.21,2026-05-08,N
CUST0001227,Regular,99987.21,2026-04-05,Y
CUST0001228,Occasional,73637.39,2026-02-07,Y
CUST0001229,High Value,77614.61,2026-07-25,N
CUST0001230,Occasional,66641.62,2026-02-13,Y
CUST0001231,High Value,53173.12,2026-01-31,Y
CUST0001232,Regular,34941.78,2026-07-18,N
CUST0001233,High Value,82559.68,2026-03-04,N
CUST0001234,Regular,65152.11,2026-02-14,Y
CUST0001235,Regular,67448.01,2026-07-12,N
CUST0001236,At Risk,40158.1,2026-06-24,Y
CUST0001237,Occasional,99062.62,2026-03-15,N
CUST0001238,At Risk,36821.18,2026-05-14,N
CUST0001239,Occasional,38377.2,2026-02-13,N
CUST0001240,Occasional,584.32,2026-03-29,N
CUST0001241,Occasional,44183.31,2026-04-13,Y
CUST0001242,Occasional,94656.02,2026-01-17,Y
CUST0001243,At Risk,89530.0,2026-06-16,N
CUST0001244,Regular,50501.87,2026-05-20,N
CUST0001245,Occasional,26267.17,2026-01-29,Y
CUST0001246,Occasional,4637.8,2026-01-15,Y
CUST0001247,Regular,87007.34,2026-03-04,Y
CUST0001248,High Value,85622.84,2026-01-27,Y
CUST0001249,At Risk,9828.43,2026-07-10,Y
CUST0001250,At Risk,50465.25,2026-02-05,N
CUST0001251,Regular,7505.35,2026-03-02,Y
CUST0001252,Regular,32502.49,2026-01-18,Y
CUST0001253,At Risk,74393.38,2026-05-13,Y
CUST0001254,High Value,5961.94,2026-04-07,Y
CUST0001255,At Risk,61983.97,2026-01-06,N
CUST0001256,Occasional,54930.01,2026-02-09,N
CUST0001257,Occasional,30416.27,2026-04-07,Y
CUST0001258,At Risk,37879.78,2026-07-02,Y
CUST0001259,High Value,56851.59,2026-02-12,N
CUST0001260,At Risk,31251.42,2026-05-18,N
CUST0001261,Occasional,58459.23,2026-05-28,N
CUST0001262,High Value,50338.68,2026-04-05,N
CUST0001263,At Risk,37283.49,2026-03-16,N
CUST0001264,Occasional,17910.0,2026-04-07,Y
CUST0001265,At Risk,52888.69,2026-06-08,Y
CUST0001266,Occasional,74883.07,2026-07-03,N
CUST0001267,High Value,53850.76,2026-06-08,N
CUST0001268,Regular,73586.84,2026-02-27,Y
CUST0001269,High Value,66819.63,2026-01-09,Y
CUST0001270,Regular,41435.94,2026-06-04,N
CUST0001271,High Value,40530.47,2026-07-24,Y
CUST0001272,High Value,24344.4,2026-03-19,N
CUST0001273,Regular,39202.19,2026-06-16,Y
CUST0001274,At Risk,44152.41,2026-02-18,N
CUST0001275,At Risk,83380.52,2026-04-26,Y
CUST0001276,At Risk,65274.92,2026-07-04,N
CUST0001277,High Value,93379.3,2026-07-11,N
CUST0001278,At Risk,3003.59,2026-01-02,Y
CUST0001279,High Value,82412.25,2026-07-03,Y
CUST0001280,Regular,20746.5,2026-07-17,N
CUST0001281,High Value,22380.55,2026-06-26,Y
CUST0001282,High Value,42171.63,2026-01-10,Y
CUST0001283,At Risk,60616.25,2026-05-11,N
CUST0001284,At Risk,8287.11,2026-02-12,N
CUST0001285,At Risk,21985.02,2026-07-11,Y
CUST0001286,Occasional,89194.97,2026-04-05,Y
CUST0001287,At Risk,18203.68,2026-05-22,N
CUST0001288,Occasional,93529.51,2026-03-09,N
CUST0001289,High Value,95549.52,2026-01-26,N
CUST0001290,High Value,35232.21,2026-05-15,N
CUST0001291,Occasional,22043.95,2026-04-29,N
CUST0001292,Regular,86259.34,2026-03-19,Y
CUST0001293,Regular,1381.71,2026-04-01,Y
CUST0001294,At Risk,93669.01,2026-04-07,Y
CUST0001295,High Value,53700.92,2026-07-28,Y
CUST0001296,Regular,15006.72,2026-07-12,Y
CUST0001297,Regular,68578.06,2026-04-16,N
CUST0001298,High Value,29663.74,2026-04-23,Y
CUST0001299,Occasional,3507.12,2026-07-23,N
CUST0001300,At Risk,2827.09,2026-01-04,N
CUST0001301,At Risk,1645.61,2026-06-15,Y
CUST0001302,Regular,97566.29,2026-07-06,N
CUST0001303,At Risk,79912.51,2026-03-27,Y
CUST0001304,At Risk,65933.02,2026-03-28,N
CUST0001305,High Value,87467.13,2026-03-12,Y
CUST0001306,Occasional,34739.08,2026-06-03,Y
CUST0001307,At Risk,60567.44,2026-06-05,N
CUST0001308,High Value,30481.01,2026-04-06,N
CUST0001309,Occasional,87064.57,2026-03-08,Y
CUST0001310,High Value,25614.25,2026-07-17,Y
CUST0001311,High Value,43392.07,2026-03-29,N
CUST0001312,At Risk,45773.9,2026-05-02,N
CUST0001313,At Risk,62254.49,2026-07-09,N
CUST0001314,Occasional,48986.9,2026-02-14,N
CUST0001315,Regular,54445.16,2026-01-12,N
CUST0001316,High Value,70969.42,2026-04-22,Y
CUST0001317,Occasional,67836.78,2026-06-18,Y
CUST0001318,High Value,42478.33,2026-06-21,Y
CUST0001319,At Risk,59214.23,2026-05-24,N
CUST0001320,High Value,94880.53,2026-01-08,N
CUST0001321,High Value,5756.26,2026-02-10,Y
CUST0001322,Occasional,47286.88,2026-06-09,N
CUST0001323,Regular,39530.27,2026-07-24,N
CUST0001324,Occasional,89963.0,2026-02-19,N
CUST0001325,High Value,99999.0,2026-02-17,Y
CUST0001326,Regular,98641.22,2026-04-10,Y
CUST0001327,High Value,50554.2,2026-02-21,N
CUST0001328,At Risk,10948.58,2026-07-11,Y
CUST0001329,At Risk,65025.36,2026-01-08,N
CUST0001330,Regular,28235.14,2026-06-18,Y
CUST0001331,High Value,95341.84,2026-02-16,Y
CUST0001332,High Value,81725.76,2026-02-09,N
CUST0001333,Occasional,97749.32,2026-01-01,Y
CUST0001334,High Value,70426.92,2026-02-16,N
CUST0001335,Regular,53349.37,2026-04-18,Y
CUST0001336,At Risk,24598.76,2026-05-29,Y
CUST0001337,High Value,95500.82,2026-04-23,Y
CUST0001338,Occasional,79441.16,2026-06-05,Y
CUST0001339,Occasional,33926.39,2026-07-23,Y
CUST0001340,At Risk,5911.76,2026-07-04,Y
CUST0001341,At Risk,82588.31,2026-02-20,Y
CUST0001342,At Risk,26140.53,2026-01-02,N
CUST0001343,High Value,99044.67,2026-02-24,N
CUST0001344,At Risk,9489.24,2026-06-02,Y
CUST0001345,At Risk,11449.84,2026-04-27,Y
CUST0001346,At Risk,32398.91,2026-04-04,Y
CUST0001347,High Value,57678.65,2026-02-17,N
CUST0001348,High Value,5442.36,2026-06-06,N
CUST0001349,Regular,70672.82,2026-01-06,Y
CUST0001350,At Risk,63618.05,2026-01-16,N
CUST0001351,High Value,81884.54,2026-03-08,N
CUST0001352,Regular,31445.45,2026-01-03,Y
CUST0001353,At Risk,35363.84,2026-07-24,Y
CUST0001354,Regular,1552.78,2026-01-19,N
CUST0001355,High Value,93132.41,2026-06-12,Y
CUST0001356,Regular,55359.4,2026-06-21,N
CUST0001357,Occasional,11239.51,2026-02-27,Y
CUST0001358,At Risk,30058.99,2026-02-19,Y
CUST0001359,At Risk,76614.59,2026-04-18,Y
CUST0001360,Regular,89693.56,2026-07-22,Y
CUST0001361,High Value,99318.25,2026-05-19,N
CUST0001362,At Risk,44698.49,2026-01-28,Y
CUST0001363,At Risk,42971.67,2026-01-25,Y
CUST0001364,At Risk,24105.37,2026-04-13,Y
CUST0001365,Occasional,40562.42,2026-01-03,Y
CUST0001366,Occasional,30090.61,2026-07-23,Y
CUST0001367,Regular,62594.31,2026-06-08,Y
CUST0001368,High Value,21612.23,2026-01-24,N
CUST0001369,Regular,4529.3,2026-04-27,N
CUST0001370,Occasional,11318.52,2026-01-08,Y
CUST0001371,High Value,80121.68,2026-02-01,Y
CUST0001372,Regular,4633.95,2026-04-23,Y
CUST0001373,Regular,43130.68,2026-04-27,N
CUST0001374,Occasional,91152.68,2026-02-19,N
CUST0001375,At Risk,93544.66,2026-02-10,N
CUST0001376,Regular,81937.51,2026-01-14,N
CUST0001377,Regular,27084.53,2026-06-28,Y
CUST0001378,Regular,89640.33,2026-03-08,Y
CUST0001379,Regular,98262.94,2026-05-08,N
CUST0001380,Regular,56410.61,2026-05-14,N
CUST0001381,Regular,71905.86,2026-01-09,N
CUST0001382,At Risk,51910.04,2026-02-03,Y
CUST0001383,At Risk,68062.69,2026-06-14,N
CUST0001384,Occasional,58660.61,2026-06-25,Y
CUST0001385,Regular,43015.49,2026-02-22,N
CUST0001386,Regular,12726.8,2026-03-25,N
CUST0001387,Regular,71106.4,2026-05-03,Y
CUST0001388,At Risk,80620.64,2026-04-08,N
CUST0001389,Occasional,43616.27,2026-03-21,Y
CUST0001390,High Value,787.36,2026-03-26,N
CUST0001391,Occasional,66829.73,2026-03-06,N
CUST0001392,Occasional,77940.27,2026-06-10,Y
CUST0001393,High Value,77675.91,2026-05-14,N
CUST0001394,At Risk,65233.27,2026-02-11,N
CUST0001395,Regular,92645.43,2026-02-27,Y
CUST0001396,Regular,50641.92,2026-03-21,Y
CUST0001397,At Risk,45844.8,2026-04-05,N
CUST0001398,High Value,87860.63,2026-07-20,N
CUST0001399,High Value,33204.47,2026-05-10,N
CUST0001400,Occasional,82720.37,2026-03-26,Y
CUST0001401,Occasional,23010.15,2026-01-03,Y
CUST0001402,High Value,93589.01,2026-07-24,N
CUST0001403,At Risk,43793.16,2026-01-27,Y
CUST0001404,At Risk,23460.74,2026-03-23,Y
CUST0001405,Regular,28448.98,2026-05-26,Y
CUST0001406,High Value,82356.52,2026-02-19,N
CUST0001407,Regular,37134.84,2026-02-14,Y
CUST0001408,At Risk,68590.0,2026-02-28,N
CUST0001409,At Risk,95142.36,2026-05-01,N
CUST0001410,Occasional,10509.64,2026-04-24,N
CUST0001411,Regular,73287.91,2026-04-10,N
CUST0001412,At Risk,4606.9,2026-06-12,Y
CUST0001413,High Value,44280.08,2026-03-25,Y
CUST0001414,At Risk,23554.89,2026-01-07,Y
CUST0001415,High Value,38878.77,2026-02-24,N
CUST0001416,Occasional,30522.33,2026-01-15,N
CUST0001417,At Risk,94688.33,2026-04-04,N
CUST0001418,Occasional,98697.4,2026-07-15,Y
CUST0001419,High Value,9353.36,2026-06-06,N
CUST0001420,At Risk,86588.65,2026-04-10,Y
CUST0001421,Regular,33490.4,2026-05-05,Y
CUST0001422,Regular,39517.36,2026-04-06,Y
CUST0001423,At Risk,48620.13,2026-05-28,Y
CUST0001424,Occasional,59140.54,2026-01-12,Y
CUST0001425,Occasional,59536.05,2026-03-14,Y
CUST0001426,High Value,45464.41,2026-02-17,N
CUST0001427,High Value,50883.36,2026-01-24,Y
CUST0001428,High Value,69130.47,2026-04-18,N
CUST0001429,Regular,3040.2,2026-05-11,N
CUST0001430,Regular,51809.56,2026-04-22,N
CUST0001431,Occasional,93943.43,2026-03-24,Y
CUST0001432,At Risk,62346.7,2026-06-22,Y
CUST0001433,High Value,11657.99,2026-02-17,N
CUST0001434,Regular,79064.48,2026-03-26,Y
CUST0001435,Occasional,80750.21,2026-07-25,Y
CUST0001436,High Value,95398.58,2026-01-10,Y
CUST0001437,Occasional,8215.66,2026-05-25,N
CUST0001438,High Value,13303.7,2026-06-22,Y
CUST0001439,High Value,37173.79,2026-03-09,Y
CUST0001440,Regular,87450.6,2026-07-19,N
CUST0001441,Occasional,37157.66,2026-04-22,N
CUST0001442,At Risk,63486.19,2026-01-01,N
CUST0001443,At Risk,81262.01,2026-02-13,Y
CUST0001444,High Value,15447.27,2026-06-26,N
CUST0001445,Regular,61787.83,2026-01-18,N
CUST0001446,High Value,83687.76,2026-05-09,N
CUST0001447,Occasional,71802.91,2026-06-02,Y
CUST0001448,At Risk,93127.29,2026-07-28,N
CUST0001449,Occasional,83156.69,2026-04-26,Y
CUST0001450,At Risk,84950.25,2026-03-01,N
CUST0001451,High Value,56873.51,2026-06-01,N
CUST0001452,Occasional,45681.51,2026-03-16,N
CUST0001453,Regular,67694.77,2026-05-12,Y
CUST0001454,High Value,56991.04,2026-05-11,N
CUST0001455,Occasional,84789.42,2026-02-18,Y
CUST0001456,At Risk,73703.74,2026-02-12,N
CUST0001457,Occasional,23750.41,2026-07-18,Y
CUST0001458,Regular,13608.58,2026-05-25,N
CUST0001459,Regular,58564.55,2026-03-05,N
CUST0001460,High Value,46447.09,2026-04-27,N
CUST0001461,Occasional,73871.59,2026-02-19,N
CUST0001462,At Risk,17838.48,2026-01-26,N
CUST0001463,At Risk,99031.48,2026-05-19,Y
CUST0001464,Occasional,76557.21,2026-04-24,N
CUST0001465,Occasional,19063.81,2026-05-20,Y
CUST0001466,Occasional,91707.95,2026-06-13,N
CUST0001467,At Risk,5546.54,2026-05-07,Y
CUST0001468,Occasional,36016.36,2026-03-10,N
CUST0001469,Occasional,55640.61,2026-01-19,Y
CUST0001470,High Value,22653.84,2026-05-21,Y
CUST0001471,Occasional,85959.9,2026-01-02,N
CUST0001472,Regular,5328.4,2026-03-27,N
CUST0001473,High Value,52615.08,2026-02-22,Y
CUST0001474,High Value,48433.89,2026-03-14,Y
CUST0001475,Occasional,78268.54,2026-02-09,N
CUST0001476,Occasional,80614.67,2026-02-01,Y
CUST0001477,Occasional,50533.85,2026-02-05,Y
CUST0001478,Regular,84188.51,2026-05-28,Y
CUST0001479,Regular,79549.67,2026-06-10,N
CUST0001480,At Risk,2989.75,2026-02-24,N
CUST0001481,At Risk,47869.35,2026-06-03,N
CUST0001482,At Risk,73538.28,2026-03-18,N
CUST0001483,Regular,68948.17,2026-01-04,N
CUST0001484,Occasional,8829.82,2026-04-30,Y
CUST0001485,High Value,16807.69,2026-04-14,N
CUST0001486,Occasional,71900.35,2026-01-22,Y
CUST0001487,High Value,7661.22,2026-04-29,N
CUST0001488,High Value,45594.2,2026-05-09,Y
CUST0001489,At Risk,58682.88,2026-02-08,N
CUST0001490,Occasional,44284.85,2026-04-15,Y
CUST0001491,Occasional,12490.15,2026-02-16,N
CUST0001492,Occasional,52589.68,2026-01-16,N
CUST0001493,Occasional,29691.72,2026-04-07,Y
CUST0001494,Regular,49633.18,2026-01-29,N
CUST0001495,Occasional,62861.03,2026-06-11,N
CUST0001496,At Risk,22627.8,2026-05-16,Y
CUST0001497,High Value,5226.85,2026-06-26,Y
CUST0001498,High Value,69420.05,2026-05-06,Y
CUST0001499,Occasional,74116.77,2026-01-13,N
CUST0001500,At Risk,95833.28,2026-02-02,N
CUST0001501,At Risk,10387.9,2026-03-09,N
CUST0001502,At Risk,84272.44,2026-02-17,Y
CUST0001503,Occasional,61504.46,2026-03-08,Y
CUST0001504,At Risk,54062.13,2026-06-10,Y
CUST0001505,Regular,94338.9,2026-06-21,Y
CUST0001506,At Risk,91689.72,2026-06-25,N
CUST0001507,Regular,94693.85,2026-05-31,Y
CUST0001508,High Value,10048.91,2026-05-30,N
CUST0001509,At Risk,7563.43,2026-05-03,N
CUST0001510,Regular,97455.99,2026-03-16,N
CUST0001511,At Risk,37929.73,2026-05-11,N
CUST0001512,Regular,62269.11,2026-04-24,N
CUST0001513,At Risk,72594.73,2026-05-27,Y
CUST0001514,High Value,89175.21,2026-07-03,N
CUST0001515,High Value,36202.11,2026-03-05,N
CUST0001516,Regular,77288.71,2026-02-03,N
CUST0001517,Regular,94218.13,2026-07-04,N
CUST0001518,Regular,61719.21,2026-05-09,N
CUST0001519,At Risk,16103.51,2026-03-23,Y
CUST0001520,Occasional,80838.72,2026-03-20,Y
CUST0001521,Occasional,75004.98,2026-02-18,N
CUST0001522,High Value,33551.28,2026-06-24,Y
CUST0001523,Regular,28819.77,2026-02-06,Y
CUST0001524,At Risk,87263.43,2026-07-11,Y
CUST0001525,Regular,37940.61,2026-01-30,Y
CUST0001526,Occasional,89002.97,2026-06-30,Y
CUST0001527,High Value,38453.09,2026-07-14,Y
CUST0001528,Regular,96324.77,2026-01-23,N
CUST0001529,At Risk,85622.42,2026-06-03,N
CUST0001530,High Value,69986.2,2026-06-30,Y
CUST0001531,Occasional,4120.97,2026-02-27,Y
CUST0001532,At Risk,64926.4,2026-04-27,Y
CUST0001533,Occasional,88793.15,2026-03-31,Y
CUST0001534,At Risk,58527.46,2026-04-10,N
CUST0001535,High Value,95201.49,2026-05-06,Y
CUST0001536,Occasional,64608.5,2026-01-31,N
CUST0001537,Occasional,54711.52,2026-02-13,N
CUST0001538,High Value,28982.73,2026-07-10,N
CUST0001539,At Risk,89820.72,2026-03-03,N
CUST0001540,High Value,14457.46,2026-06-30,Y
CUST0001541,High Value,40634.29,2026-01-13,N
CUST0001542,High Value,11731.4,2026-03-20,N
CUST0001543,At Risk,97011.99,2026-03-20,Y
CUST0001544,At Risk,74799.44,2026-07-23,Y
CUST0001545,Occasional,65829.06,2026-01-31,Y
CUST0001546,Occasional,64318.68,2026-07-24,Y
CUST0001547,At Risk,99119.9,2026-05-05,Y
CUST0001548,Regular,47551.64,2026-04-05,Y
CUST0001549,At Risk,4435.94,2026-02-28,Y
CUST0001550,At Risk,75061.42,2026-01-19,N
CUST0001551,High Value,95043.3,2026-07-29,Y
CUST0001552,High Value,9030.29,2026-03-13,N
CUST0001553,High Value,64796.32,2026-06-23,N
CUST0001554,High Value,57107.87,2026-07-01,N
CUST0001555,At Risk,26989.45,2026-05-05,N
CUST0001556,Occasional,27818.16,2026-04-27,Y
CUST0001557,High Value,85741.48,2026-03-27,Y
CUST0001558,High Value,43555.66,2026-05-19,N
CUST0001559,High Value,58790.08,2026-04-13,N
CUST0001560,Regular,93619.6,2026-01-15,N
CUST0001561,High Value,35637.24,2026-03-19,Y
CUST0001562,High Value,39641.07,2026-01-13,Y
CUST0001563,High Value,33442.25,2026-02-19,Y
CUST0001564,Occasional,61789.88,2026-06-29,Y
CUST0001565,At Risk,73578.31,2026-06-01,Y
CUST0001566,Regular,28249.74,2026-03-02,N
CUST0001567,High Value,39160.82,2026-01-12,N
CUST0001568,High Value,53160.18,2026-01-01,Y
CUST0001569,Regular,46805.42,2026-05-26,N
CUST0001570,At Risk,5634.21,2026-07-19,Y
CUST0001571,At Risk,77625.54,2026-03-17,Y
CUST0001572,At Risk,90601.83,2026-03-23,Y
CUST0001573,Occasional,27684.94,2026-06-05,N
CUST0001574,Occasional,47054.43,2026-01-21,N
CUST0001575,High Value,45604.45,2026-05-31,N
CUST0001576,High Value,9465.7,2026-02-19,Y
CUST0001577,Occasional,46592.18,2026-05-30,N
CUST0001578,High Value,78813.08,2026-05-05,N
CUST0001579,High Value,23713.17,2026-06-04,Y
CUST0001580,Occasional,79691.64,2026-05-08,N
CUST0001581,High Value,88495.06,2026-01-04,N
CUST0001582,Occasional,32088.76,2026-05-14,Y
CUST0001583,High Value,67078.66,2026-05-25,N
CUST0001584,High Value,71741.01,2026-07-16,N
CUST0001585,Regular,67443.15,2026-02-16,N
CUST0001586,Occasional,45431.55,2026-07-16,Y
CUST0001587,Regular,28641.02,2026-04-15,Y
CUST0001588,High Value,62228.82,2026-07-12,Y
CUST0001589,High Value,68432.19,2026-04-23,N
CUST0001590,Occasional,99640.64,2026-03-22,Y
CUST0001591,At Risk,11350.8,2026-03-09,N
CUST0001592,High Value,97079.49,2026-03-08,Y
CUST0001593,High Value,87704.35,2026-02-04,N
CUST0001594,At Risk,69624.01,2026-07-10,N
CUST0001595,Regular,33305.12,2026-05-29,Y
CUST0001596,Regular,45559.42,2026-03-20,N
CUST0001597,Occasional,25881.36,2026-04-01,Y
CUST0001598,Regular,71151.18,2026-06-03,Y
CUST0001599,Regular,49390.03,2026-04-04,Y
CUST0001600,Occasional,63131.72,2026-06-19,N
CUST0001601,High Value,87989.32,2026-07-10,Y
CUST0001602,Occasional,56718.69,2026-05-01,N
CUST0001603,High Value,85391.43,2026-06-01,N
CUST0001604,At Risk,44853.44,2026-02-05,Y
CUST0001605,Regular,86994.07,2026-02-24,Y
CUST0001606,Regular,34572.93,2026-07-10,N
CUST0001607,High Value,58239.47,2026-07-30,N
CUST0001608,Occasional,13762.21,2026-01-04,N
CUST0001609,High Value,49692.43,2026-06-20,N
CUST0001610,At Risk,93368.5,2026-01-12,N
CUST0001611,High Value,64292.82,2026-01-03,Y
CUST0001612,Regular,42578.47,2026-07-08,Y
CUST0001613,At Risk,80895.08,2026-06-09,Y
CUST0001614,Regular,58229.2,2026-07-15,Y
CUST0001615,High Value,89926.88,2026-02-11,Y
CUST0001616,At Risk,73765.21,2026-07-02,N
CUST0001617,Occasional,3119.51,2026-06-10,N
CUST0001618,At Risk,43548.9,2026-04-08,N
CUST0001619,At Risk,8595.42,2026-04-27,N
CUST0001620,At Risk,30234.04,2026-06-23,Y
CUST0001621,At Risk,10824.91,2026-03-31,Y
CUST0001622,Occasional,49456.68,2026-05-06,Y
CUST0001623,High Value,98669.55,2026-06-27,Y
CUST0001624,At Risk,78698.15,2026-03-26,Y
CUST0001625,High Value,19981.01,2026-02-08,Y
CUST0001626,Occasional,95890.94,2026-05-10,Y
CUST0001627,Regular,88718.48,2026-07-30,Y
CUST0001628,Occasional,27471.37,2026-06-12,N
CUST0001629,Occasional,66123.64,2026-01-27,N
CUST0001630,Occasional,92916.32,2026-03-13,Y
CUST0001631,High Value,97789.02,2026-06-18,Y
CUST0001632,Occasional,31051.47,2026-01-19,Y
CUST0001633,Regular,6322.96,2026-01-02,N
CUST0001634,At Risk,61834.18,2026-06-16,N
CUST0001635,High Value,4655.63,2026-02-24,N
CUST0001636,High Value,36928.79,2026-06-25,Y
CUST0001637,At Risk,79256.73,2026-07-09,N
CUST0001638,High Value,39376.68,2026-04-14,Y
CUST0001639,At Risk,15975.62,2026-03-07,Y
CUST0001640,At Risk,87983.11,2026-02-07,N
CUST0001641,Regular,74179.81,2026-06-30,Y
CUST0001642,Occasional,3822.1,2026-01-19,N
CUST0001643,High Value,73998.08,2026-03-22,Y
CUST0001644,At Risk,22756.54,2026-03-01,N
CUST0001645,Regular,47066.81,2026-06-03,Y
CUST0001646,High Value,10149.14,2026-03-26,N
CUST0001647,At Risk,69221.0,2026-05-29,N
CUST0001648,High Value,41495.84,2026-06-10,Y
CUST0001649,Regular,28923.91,2026-01-28,N
CUST0001650,Regular,37347.48,2026-07-28,Y
CUST0001651,At Risk,61434.89,2026-05-19,Y
CUST0001652,High Value,53007.72,2026-03-15,Y
CUST0001653,Occasional,47812.36,2026-02-14,Y
CUST0001654,Regular,94320.79,2026-05-07,Y
CUST0001655,At Risk,77375.75,2026-02-17,Y
CUST0001656,At Risk,16222.56,2026-02-22,N
CUST0001657,At Risk,2684.93,2026-06-20,N
CUST0001658,High Value,58640.17,2026-02-14,Y
CUST0001659,Occasional,46916.32,2026-01-06,N
CUST0001660,High Value,19915.83,2026-03-28,N
CUST0001661,At Risk,81983.25,2026-07-07,N
CUST0001662,Regular,88000.92,2026-07-03,Y
CUST0001663,High Value,51434.33,2026-06-15,Y
CUST0001664,Regular,20504.22,2026-07-25,Y
CUST0001665,At Risk,94426.05,2026-07-19,N
CUST0001666,Occasional,53761.5,2026-05-16,N
CUST0001667,At Risk,15840.5,2026-06-18,N
CUST0001668,Regular,62723.57,2026-03-05,Y
CUST0001669,Regular,18828.37,2026-03-01,Y
CUST0001670,Occasional,22841.76,2026-01-08,Y
CUST0001671,At Risk,61185.57,2026-05-05,N
CUST0001672,Occasional,53438.75,2026-06-09,N
CUST0001673,High Value,59766.87,2026-01-30,N
CUST0001674,At Risk,50787.0,2026-05-02,N
CUST0001675,At Risk,89514.03,2026-02-23,N
CUST0001676,At Risk,47426.22,2026-03-15,N
CUST0001677,At Risk,89878.07,2026-06-25,N
CUST0001678,High Value,76714.8,2026-07-16,Y
CUST0001679,Regular,87345.52,2026-05-11,N
CUST0001680,High Value,83214.95,2026-01-29,N
CUST0001681,At Risk,27334.88,2026-07-24,Y
CUST0001682,Occasional,2588.25,2026-02-10,N
CUST0001683,Regular,66297.46,2026-02-21,N
CUST0001684,Occasional,4089.42,2026-04-08,Y
CUST0001685,Occasional,11788.12,2026-07-02,Y
CUST0001686,Occasional,95344.29,2026-02-01,N
CUST0001687,Occasional,17238.95,2026-02-09,N
CUST0001688,Regular,84079.06,2026-06-19,Y
CUST0001689,Occasional,40328.0,2026-04-14,N
CUST0001690,High Value,15967.08,2026-06-17,Y
CUST0001691,High Value,16524.61,2026-02-18,Y
CUST0001692,High Value,17647.96,2026-04-18,Y
CUST0001693,High Value,52686.31,2026-04-16,N
CUST0001694,High Value,66243.04,2026-02-25,N
CUST0001695,High Value,83536.86,2026-04-16,N
CUST0001696,At Risk,94095.79,2026-05-25,Y
CUST0001697,At Risk,42705.2,2026-01-09,Y
CUST0001698,Occasional,13483.53,2026-06-08,N
CUST0001699,High Value,15752.48,2026-05-25,Y
CUST0001700,Occasional,10759.17,2026-05-03,Y
CUST0001701,High Value,40073.47,2026-07-09,Y
CUST0001702,Regular,55682.32,2026-06-13,Y
CUST0001703,At Risk,19279.66,2026-01-17,Y
CUST0001704,At Risk,82861.11,2026-01-12,N
CUST0001705,Occasional,70540.58,2026-06-09,N
CUST0001706,High Value,10136.32,2026-04-03,N
CUST0001707,At Risk,95164.09,2026-01-04,N
CUST0001708,At Risk,12673.38,2026-01-10,N
CUST0001709,At Risk,70306.87,2026-07-12,Y
CUST0001710,At Risk,76631.08,2026-05-02,Y
CUST0001711,High Value,48977.86,2026-02-21,Y
CUST0001712,At Risk,75520.06,2026-01-30,N
CUST0001713,Occasional,88763.25,2026-07-25,N
CUST0001714,At Risk,60533.56,2026-04-28,Y
CUST0001715,Regular,99590.22,2026-01-17,N
CUST0001716,Regular,70162.85,2026-05-23,N
CUST0001717,High Value,90606.99,2026-01-15,N
CUST0001718,Regular,7279.83,2026-04-20,N
CUST0001719,High Value,91759.41,2026-01-29,N
CUST0001720,At Risk,51510.42,2026-01-13,N
CUST0001721,At Risk,43321.64,2026-01-25,Y
CUST0001722,At Risk,29974.26,2026-02-24,Y
CUST0001723,High Value,11319.18,2026-02-04,Y
CUST0001724,Regular,27366.06,2026-02-22,N
CUST0001725,High Value,94423.06,2026-02-10,N
CUST0001726,High Value,62699.99,2026-06-29,N
CUST0001727,High Value,82841.49,2026-04-04,N
CUST0001728,High Value,67976.5,2026-01-24,N
CUST0001729,Occasional,91158.87,2026-05-03,N
CUST0001730,Occasional,96239.36,2026-05-13,Y
CUST0001731,High Value,14455.1,2026-05-23,N
CUST0001732,At Risk,94842.03,2026-05-18,Y
CUST0001733,High Value,66382.4,2026-01-11,Y
CUST0001734,Occasional,35924.48,2026-05-10,N
CUST0001735,High Value,8607.52,2026-03-31,N
CUST0001736,Occasional,24947.03,2026-07-13,Y
CUST0001737,At Risk,86406.42,2026-07-18,N
CUST0001738,Occasional,83294.43,2026-05-07,Y
CUST0001739,Occasional,94777.41,2026-05-10,N
CUST0001740,Regular,58106.34,2026-01-29,Y
CUST0001741,High Value,41983.96,2026-01-25,N
CUST0001742,Occasional,35298.02,2026-03-21,Y
CUST0001743,High Value,13781.54,2026-05-01,N
CUST0001744,High Value,12981.51,2026-01-14,N
CUST0001745,Occasional,23064.46,2026-06-14,Y
CUST0001746,Occasional,87019.0,2026-04-19,Y
CUST0001747,High Value,59927.53,2026-03-28,N
CUST0001748,At Risk,90369.9,2026-01-31,N
CUST0001749,Occasional,81924.03,2026-06-26,Y
CUST0001750,Regular,34918.82,2026-02-28,N
CUST0001751,High Value,90483.45,2026-04-21,Y
CUST0001752,At Risk,230.34,2026-05-28,Y
CUST0001753,Occasional,87894.23,2026-03-16,N
CUST0001754,High Value,94121.11,2026-06-18,N
CUST0001755,Regular,85355.39,2026-01-14,Y
CUST0001756,Occasional,23447.13,2026-02-27,N
CUST0001757,At Risk,58891.69,2026-04-30,Y
CUST0001758,Regular,99464.64,2026-02-26,Y
CUST0001759,Regular,34072.22,2026-03-12,N
CUST0001760,High Value,86501.48,2026-07-29,Y
CUST0001761,Occasional,66706.87,2026-04-06,N
CUST0001762,Occasional,90529.93,2026-02-16,Y
CUST0001763,High Value,12906.27,2026-06-22,Y
CUST0001764,Regular,72521.8,2026-02-10,N
CUST0001765,High Value,51177.71,2026-06-11,N
CUST0001766,Occasional,40343.68,2026-04-15,N
CUST0001767,Occasional,81278.17,2026-02-06,N
CUST0001768,Occasional,90424.68,2026-06-22,N
CUST0001769,At Risk,27945.8,2026-07-27,N
CUST0001770,At Risk,14250.45,2026-05-18,Y
CUST0001771,Occasional,76585.63,2026-06-30,N
CUST0001772,High Value,41101.96,2026-05-22,N
CUST0001773,Regular,11477.9,2026-03-31,N
CUST0001774,High Value,79938.28,2026-07-30,N
CUST0001775,At Risk,50557.39,2026-03-19,Y
CUST0001776,At Risk,43093.56,2026-05-29,N
CUST0001777,Occasional,45115.33,2026-01-17,N
CUST0001778,Occasional,97428.94,2026-06-18,Y
CUST0001779,High Value,38605.2,2026-01-01,N
CUST0001780,Regular,45713.09,2026-07-05,Y
CUST0001781,Occasional,71135.75,2026-05-09,N
CUST0001782,At Risk,92991.54,2026-06-27,Y
CUST0001783,High Value,98184.51,2026-03-20,N
CUST0001784,At Risk,97000.06,2026-01-22,N
CUST0001785,High Value,46728.65,2026-03-31,N
CUST0001786,High Value,15041.4,2026-06-17,Y
CUST0001787,High Value,12661.1,2026-07-21,Y
CUST0001788,Occasional,85915.95,2026-07-13,Y
CUST0001789,Regular,62718.07,2026-02-25,N
CUST0001790,Regular,85235.55,2026-01-16,N
CUST0001791,High Value,82657.23,2026-04-17,N
CUST0001792,Regular,34585.21,2026-05-30,N
CUST0001793,High Value,87433.18,2026-01-06,N
CUST0001794,Occasional,45175.92,2026-06-12,Y
CUST0001795,Occasional,6693.55,2026-05-23,Y
CUST0001796,Regular,48609.23,2026-05-17,Y
CUST0001797,Regular,1665.07,2026-02-10,N
CUST0001798,At Risk,73870.14,2026-02-08,N
CUST0001799,Regular,16675.38,2026-03-28,Y
CUST0001800,Occasional,67513.41,2026-01-21,Y
CUST0001801,Occasional,7328.53,2026-05-07,N
CUST0001802,Regular,172.78,2026-03-23,Y
CUST0001803,Occasional,89278.23,2026-05-26,N
CUST0001804,High Value,64712.1,2026-03-05,Y
CUST0001805,High Value,75128.16,2026-06-19,N
CUST0001806,High Value,95740.12,2026-05-02,Y
CUST0001807,At Risk,15112.95,2026-03-04,N
CUST0001808,Occasional,77418.29,2026-05-01,Y
CUST0001809,At Risk,48258.14,2026-07-12,Y
CUST0001810,Occasional,9937.71,2026-05-09,Y
CUST0001811,At Risk,58864.87,2026-03-17,N
CUST0001812,Occasional,99830.16,2026-07-22,Y
CUST0001813,Occasional,66159.17,2026-01-12,N
CUST0001814,Occasional,17490.29,2026-03-25,N
CUST0001815,At Risk,48858.68,2026-04-20,Y
CUST0001816,High Value,18843.4,2026-06-09,Y
CUST0001817,High Value,67965.85,2026-03-10,N
CUST0001818,Occasional,88613.7,2026-01-06,Y
CUST0001819,At Risk,9073.6,2026-07-28,Y
CUST0001820,High Value,36669.9,2026-06-23,Y
CUST0001821,High Value,81038.22,2026-06-21,Y
CUST0001822,Regular,87940.8,2026-05-28,Y
CUST0001823,High Value,31760.41,2026-07-02,Y
CUST0001824,Occasional,28641.01,2026-04-09,N
CUST0001825,Regular,90870.75,2026-03-02,N
CUST0001826,Regular,31566.44,2026-04-19,Y
CUST0001827,Regular,74926.48,2026-06-13,Y
CUST0001828,Occasional,65699.02,2026-02-05,Y
CUST0001829,Occasional,427.84,2026-06-21,Y
CUST0001830,At Risk,43434.26,2026-02-28,Y
CUST0001831,Occasional,4995.33,2026-04-06,N
CUST0001832,Regular,90866.09,2026-07-07,Y
CUST0001833,Regular,52288.57,2026-01-04,N
CUST0001834,Occasional,72231.51,2026-05-26,Y
CUST0001835,Regular,6068.94,2026-06-22,N
CUST0001836,High Value,20910.26,2026-04-30,Y
CUST0001837,High Value,82788.3,2026-01-17,N
CUST0001838,Regular,37392.82,2026-02-27,Y
CUST0001839,At Risk,34204.99,2026-01-27,N
CUST0001840,Regular,80339.51,2026-03-13,Y
CUST0001841,Occasional,91293.64,2026-05-01,N
CUST0001842,Regular,63427.64,2026-07-02,Y
CUST0001843,High Value,96984.09,2026-05-13,N
CUST0001844,At Risk,9164.59,2026-04-21,N
CUST0001845,At Risk,49281.93,2026-05-27,N
CUST0001846,Occasional,64540.74,2026-05-21,Y
CUST0001847,High Value,22390.19,2026-03-28,Y
CUST0001848,Regular,37038.44,2026-01-15,N
CUST0001849,Regular,85690.53,2026-05-06,N
CUST0001850,High Value,10622.08,2026-05-27,Y
CUST0001851,Occasional,28349.75,2026-05-20,N
CUST0001852,At Risk,77714.57,2026-04-11,Y
CUST0001853,Occasional,16105.76,2026-01-19,Y
CUST0001854,High Value,79041.79,2026-03-28,Y
CUST0001855,High Value,70507.57,2026-02-27,Y
CUST0001856,High Value,17510.34,2026-06-16,Y
CUST0001857,High Value,90824.99,2026-05-05,N
CUST0001858,At Risk,22835.84,2026-02-04,N
CUST0001859,Regular,57678.89,2026-06-20,Y
CUST0001860,Regular,42367.04,2026-01-20,N
CUST0001861,Occasional,27995.3,2026-03-22,N
CUST0001862,At Risk,32138.92,2026-07-15,Y
CUST0001863,High Value,26720.58,2026-05-06,Y
CUST0001864,At Risk,70193.35,2026-01-27,Y
CUST0001865,Regular,55528.09,2026-01-23,Y
CUST0001866,Occasional,69802.11,2026-01-25,N
CUST0001867,Occasional,6826.77,2026-06-09,N
CUST0001868,Occasional,4279.93,2026-02-18,N
CUST0001869,Occasional,4675.76,2026-07-12,N
CUST0001870,Occasional,12766.41,2026-07-22,Y
CUST0001871,Occasional,40934.42,2026-05-12,N
CUST0001872,Occasional,95744.51,2026-01-27,N
CUST0001873,High Value,44791.74,2026-06-01,Y
CUST0001874,Occasional,86593.97,2026-01-09,Y
CUST0001875,At Risk,93548.01,2026-06-04,Y
CUST0001876,Occasional,91186.44,2026-01-26,Y
CUST0001877,High Value,77594.3,2026-07-05,N
CUST0001878,Regular,72496.1,2026-02-27,Y
CUST0001879,High Value,98555.65,2026-06-09,N
CUST0001880,At Risk,77688.13,2026-01-09,Y
CUST0001881,Occasional,23062.31,2026-04-26,Y
CUST0001882,Occasional,53630.57,2026-04-04,Y
CUST0001883,At Risk,20042.11,2026-02-09,Y
CUST0001884,Occasional,90577.85,2026-03-17,N
CUST0001885,Occasional,64425.37,2026-01-28,N
CUST0001886,High Value,96300.09,2026-04-22,Y
CUST0001887,Occasional,54164.65,2026-04-25,N
CUST0001888,High Value,8597.96,2026-05-13,N
CUST0001889,High Value,99648.58,2026-02-02,N
CUST0001890,At Risk,36864.77,2026-04-26,N
CUST0001891,Occasional,86723.93,2026-03-19,Y
CUST0001892,Occasional,56074.27,2026-01-03,N
CUST0001893,High Value,17658.62,2026-02-07,N
CUST0001894,Regular,11042.9,2026-07-26,Y
CUST0001895,At Risk,40513.82,2026-05-31,N
CUST0001896,At Risk,23472.45,2026-06-25,N
CUST0001897,Regular,45670.63,2026-01-28,Y
CUST0001898,At Risk,3458.97,2026-03-04,Y
CUST0001899,High Value,84946.57,2026-04-15,Y
CUST0001900,Regular,28785.0,2026-07-22,N
CUST0001901,High Value,74599.23,2026-03-25,N
CUST0001902,Occasional,96710.41,2026-01-06,N
CUST0001903,High Value,18109.34,2026-04-12,N
CUST0001904,Regular,93039.83,2026-02-04,Y
CUST0001905,High Value,47514.45,2026-07-09,Y
CUST0001906,Regular,82722.53,2026-04-28,N
CUST0001907,Regular,57972.97,2026-06-17,N
CUST0001908,High Value,52615.88,2026-03-15,N
CUST0001909,At Risk,43255.05,2026-02-17,N
CUST0001910,At Risk,96476.9,2026-07-01,Y
CUST0001911,Occasional,96454.0,2026-07-06,N
CUST0001912,At Risk,85242.26,2026-02-25,Y
CUST0001913,High Value,25564.52,2026-04-10,N
CUST0001914,Regular,48849.57,2026-02-16,Y
CUST0001915,Occasional,62681.36,2026-03-15,Y
CUST0001916,High Value,85696.44,2026-04-17,N
CUST0001917,Occasional,41851.91,2026-02-14,N
CUST0001918,Regular,66608.76,2026-04-17,N
CUST0001919,Regular,53659.45,2026-01-15,N
CUST0001920,At Risk,84206.92,2026-04-26,N
CUST0001921,At Risk,22542.85,2026-07-24,N
CUST0001922,Occasional,74516.4,2026-06-13,Y
CUST0001923,Occasional,94512.71,2026-02-07,N
CUST0001924,Occasional,53623.87,2026-05-30,Y
CUST0001925,Occasional,13910.35,2026-07-27,N
CUST0001926,Regular,11951.43,2026-06-01,Y
CUST0001927,Regular,5603.11,2026-06-22,N
CUST0001928,High Value,29303.75,2026-04-27,Y
CUST0001929,Regular,14466.85,2026-02-09,Y
CUST0001930,High Value,67192.4,2026-02-09,N
CUST0001931,Occasional,97318.43,2026-01-06,N
CUST0001932,At Risk,51363.84,2026-07-29,N
CUST0001933,Occasional,82728.63,2026-03-18,N
CUST0001934,At Risk,10365.33,2026-07-10,Y
CUST0001935,At Risk,60071.08,2026-05-05,N
CUST0001936,Occasional,51986.16,2026-04-24,Y
CUST0001937,Occasional,14253.38,2026-04-09,Y
CUST0001938,High Value,39556.79,2026-02-03,N
CUST0001939,Occasional,87268.0,2026-05-03,Y
CUST0001940,Occasional,70918.62,2026-02-10,N
CUST0001941,At Risk,61291.02,2026-03-26,Y
CUST0001942,At Risk,60547.17,2026-07-30,N
CUST0001943,At Risk,34534.85,2026-04-01,N
CUST0001944,Occasional,76649.06,2026-02-20,N
CUST0001945,Occasional,60377.67,2026-03-06,N
CUST0001946,At Risk,49524.41,2026-06-11,Y
CUST0001947,High Value,29486.87,2026-07-04,N
CUST0001948,Occasional,80871.72,2026-07-21,N
CUST0001949,High Value,80390.46,2026-03-14,N
CUST0001950,Regular,15599.9,2026-01-15,N
CUST0001951,Occasional,27670.6,2026-03-10,N
CUST0001952,Occasional,27507.76,2026-02-06,N
CUST0001953,Occasional,83898.25,2026-01-18,N
CUST0001954,Occasional,86490.55,2026-02-01,N
CUST0001955,Regular,60375.25,2026-05-26,Y
CUST0001956,At Risk,29170.22,2026-01-24,N
CUST0001957,Regular,53807.6,2026-05-22,N
CUST0001958,Regular,70800.69,2026-03-20,Y
CUST0001959,Occasional,35636.24,2026-07-10,N
CUST0001960,At Risk,61261.02,2026-01-07,Y
CUST0001961,At Risk,72864.09,2026-03-16,N
CUST0001962,At Risk,8328.0,2026-02-26,N
CUST0001963,Regular,73689.36,2026-02-22,Y
CUST0001964,High Value,26727.15,2026-04-21,N
CUST0001965,At Risk,7094.64,2026-07-20,N
CUST0001966,High Value,25092.93,2026-05-22,Y
CUST0001967,High Value,74673.96,2026-05-05,Y
CUST0001968,Regular,9778.46,2026-01-24,Y
CUST0001969,At Risk,30341.08,2026-04-10,N
CUST0001970,At Risk,41094.88,2026-01-30,Y
CUST0001971,At Risk,57258.59,2026-03-22,N
CUST0001972,Occasional,94384.06,2026-06-17,N
CUST0001973,Regular,31725.86,2026-07-28,Y
CUST0001974,Occasional,88009.4,2026-07-27,N
CUST0001975,Occasional,50448.65,2026-07-02,N
CUST0001976,High Value,72965.16,2026-06-11,N
CUST0001977,At Risk,5436.13,2026-04-28,N
CUST0001978,At Risk,90117.88,2026-02-18,N
CUST0001979,Regular,22557.95,2026-07-22,N
CUST0001980,At Risk,97980.54,2026-04-11,N
CUST0001981,Occasional,49274.95,2026-07-25,Y
CUST0001982,High Value,54283.64,2026-07-14,N
CUST0001983,At Risk,89331.27,2026-03-22,Y
CUST0001984,Occasional,38710.95,2026-01-27,Y
CUST0001985,At Risk,98849.52,2026-06-15,Y
CUST0001986,High Value,87270.12,2026-04-15,N
CUST0001987,High Value,81618.87,2026-06-22,Y
CUST0001988,At Risk,43032.87,2026-06-24,N
CUST0001989,High Value,68165.67,2026-05-04,N
CUST0001990,At Risk,98269.02,2026-02-05,Y
CUST0001991,At Risk,20337.3,2026-03-27,N
CUST0001992,Regular,74100.12,2026-02-23,N
CUST0001993,Regular,83152.98,2026-03-03,N
CUST0001994,Occasional,39642.74,2026-02-22,Y
CUST0001995,Regular,22661.29,2026-03-24,N
CUST0001996,Regular,31606.17,2026-07-20,Y
CUST0001997,Occasional,79240.37,2026-05-06,Y
CUST0001998,Regular,69226.77,2026-03-25,N
CUST0001999,At Risk,94614.87,2026-06-01,N
CUST0002000,Regular,48594.82,2026-04-26,Y
CUST0002001,Occasional,2920.07,2026-06-21,Y
CUST0002002,Occasional,27503.31,2026-04-09,N
CUST0002003,At Risk,69202.5,2026-02-18,Y
CUST0002004,At Risk,52554.95,2026-04-21,Y
CUST0002005,At Risk,45100.61,2026-03-29,N
CUST0002006,High Value,79473.08,2026-05-04,N
CUST0002007,Occasional,11512.93,2026-06-06,N
CUST0002008,Occasional,83337.43,2026-03-01,N
CUST0002009,Regular,44314.17,2026-06-30,Y
CUST0002010,At Risk,94463.2,2026-04-03,Y
CUST0002011,Regular,72388.62,2026-02-24,Y
CUST0002012,Regular,54821.89,2026-04-14,Y
CUST0002013,At Risk,12981.11,2026-06-28,Y
CUST0002014,Regular,62951.1,2026-07-20,Y
CUST0002015,At Risk,3659.93,2026-07-27,N
CUST0002016,Regular,82161.75,2026-06-24,Y
CUST0002017,At Risk,28756.16,2026-03-16,N
CUST0002018,Occasional,56058.76,2026-03-26,Y
CUST0002019,High Value,84132.27,2026-04-13,N
CUST0002020,Regular,40442.31,2026-06-14,N
CUST0002021,High Value,5205.05,2026-01-23,N
CUST0002022,At Risk,27885.5,2026-04-07,Y
CUST0002023,Regular,22444.1,2026-07-27,N
CUST0002024,Occasional,40773.53,2026-04-17,Y
CUST0002025,At Risk,26532.48,2026-06-16,N
CUST0002026,High Value,87585.55,2026-01-02,Y
CUST0002027,High Value,33829.21,2026-02-04,Y
CUST0002028,At Risk,44179.15,2026-07-01,Y
CUST0002029,High Value,50906.72,2026-03-18,N
CUST0002030,High Value,87726.18,2026-07-08,Y
CUST0002031,High Value,84335.2,2026-06-12,N
CUST0002032,High Value,64289.44,2026-03-10,N
CUST0002033,Occasional,4845.4,2026-03-19,Y
CUST0002034,At Risk,97197.67,2026-06-23,N
CUST0002035,At Risk,50990.2,2026-04-11,Y
CUST0002036,Occasional,82466.33,2026-06-20,N
CUST0002037,Regular,34552.2,2026-04-18,N
CUST0002038,At Risk,21847.65,2026-06-11,Y
CUST0002039,Regular,75095.39,2026-03-23,Y
CUST0002040,Occasional,37236.82,2026-01-30,Y
CUST0002041,High Value,69943.57,2026-01-26,N
CUST0002042,Regular,96779.3,2026-07-09,Y
CUST0002043,Regular,83792.94,2026-06-19,N
CUST0002044,Occasional,89409.17,2026-05-26,Y
CUST0002045,At Risk,64727.24,2026-04-02,N
CUST0002046,At Risk,26350.48,2026-01-28,N
CUST0002047,Regular,84668.84,2026-06-10,Y
CUST0002048,At Risk,28565.59,2026-01-03,Y
CUST0002049,High Value,90026.21,2026-03-27,N
CUST0002050,Regular,19953.04,2026-06-03,Y
CUST0002051,At Risk,86903.57,2026-04-29,Y
CUST0002052,Regular,75178.66,2026-07-27,N
CUST0002053,Occasional,47866.82,2026-05-14,Y
CUST0002054,Regular,8300.76,2026-02-04,N
CUST0002055,At Risk,9595.21,2026-02-03,Y
CUST0002056,At Risk,33438.04,2026-05-08,N
CUST0002057,Occasional,95019.33,2026-01-01,N
CUST0002058,Occasional,93064.12,2026-03-06,N
CUST0002059,Regular,70505.38,2026-04-03,Y
CUST0002060,High Value,68961.46,2026-05-18,N
CUST0002061,At Risk,19664.67,2026-07-11,Y
CUST0002062,Occasional,34159.93,2026-02-07,Y
CUST0002063,Occasional,50157.07,2026-04-02,Y
CUST0002064,At Risk,98683.04,2026-06-17,N
CUST0002065,Regular,27510.42,2026-01-24,Y
CUST0002066,High Value,92690.24,2026-06-13,Y
CUST0002067,High Value,56390.75,2026-01-11,N
CUST0002068,At Risk,80716.1,2026-03-23,N
CUST0002069,High Value,52837.91,2026-03-07,Y
CUST0002070,High Value,91787.35,2026-07-30,Y
CUST0002071,Regular,324.83,2026-07-06,N
CUST0002072,High Value,70142.29,2026-02-06,Y
CUST0002073,Occasional,6672.84,2026-01-29,Y
CUST0002074,Occasional,67905.56,2026-03-28,N
CUST0002075,At Risk,91191.5,2026-05-11,N
CUST0002076,High Value,35810.71,2026-03-21,Y
CUST0002077,At Risk,84953.06,2026-04-03,Y
CUST0002078,At Risk,28431.69,2026-05-10,Y
CUST0002079,Occasional,40746.87,2026-06-24,Y
CUST0002080,Regular,7216.74,2026-07-07,Y
CUST0002081,At Risk,51766.25,2026-03-30,Y
CUST0002082,Occasional,34147.51,2026-01-22,Y
CUST0002083,At Risk,52887.14,2026-07-10,N
CUST0002084,Regular,21552.94,2026-04-23,N
CUST0002085,Occasional,54235.37,2026-01-09,N
CUST0002086,At Risk,47309.49,2026-01-02,N
CUST0002087,Occasional,89270.03,2026-03-01,Y
CUST0002088,Occasional,81664.74,2026-06-28,Y
CUST0002089,Occasional,43432.62,2026-01-28,N
CUST0002090,At Risk,58435.74,2026-01-01,Y
CUST0002091,At Risk,60584.41,2026-04-18,Y
CUST0002092,High Value,96748.15,2026-06-28,Y
CUST0002093,Regular,2598.02,2026-04-16,Y
CUST0002094,Regular,7390.66,2026-05-20,N
CUST0002095,Occasional,8128.48,2026-02-19,N
CUST0002096,Occasional,89424.63,2026-07-25,N
CUST0002097,High Value,78914.71,2026-02-22,Y
CUST0002098,Occasional,50086.83,2026-05-08,Y
CUST0002099,High Value,5216.39,2026-06-08,N
CUST0002100,Occasional,12924.05,2026-05-22,Y
CUST0002101,Occasional,2389.31,2026-07-14,N
CUST0002102,High Value,11854.03,2026-06-23,Y
CUST0002103,At Risk,7011.9,2026-03-14,Y
CUST0002104,At Risk,77541.63,2026-06-19,Y
CUST0002105,High Value,93859.46,2026-01-30,N
CUST0002106,At Risk,18547.0,2026-06-20,Y
CUST0002107,At Risk,47801.97,2026-02-06,Y
CUST0002108,High Value,27360.42,2026-03-28,Y
CUST0002109,Occasional,97236.62,2026-07-18,Y
CUST0002110,Regular,14114.96,2026-05-13,Y
CUST0002111,High Value,71876.37,2026-05-29,Y
CUST0002112,At Risk,72665.61,2026-06-10,N
CUST0002113,High Value,40673.11,2026-01-24,N
CUST0002114,High Value,48381.2,2026-02-22,Y
CUST0002115,High Value,51118.42,2026-02-23,Y
CUST0002116,Regular,21628.19,2026-05-14,N
CUST0002117,Regular,66837.82,2026-04-17,Y
CUST0002118,At Risk,50384.14,2026-06-15,Y
CUST0002119,Occasional,75364.23,2026-02-02,Y
CUST0002120,Occasional,694.45,2026-02-05,N
CUST0002121,Regular,57326.53,2026-04-20,N
CUST0002122,At Risk,52028.04,2026-05-26,Y
CUST0002123,High Value,30171.46,2026-07-19,N
CUST0002124,At Risk,13056.6,2026-01-23,N
CUST0002125,High Value,588.72,2026-01-10,Y
CUST0002126,Occasional,77743.89,2026-07-26,N
CUST0002127,High Value,66488.29,2026-01-13,Y
CUST0002128,At Risk,27821.03,2026-01-21,N
CUST0002129,High Value,87396.82,2026-04-25,Y
CUST0002130,Occasional,55373.43,2026-03-24,Y
CUST0002131,At Risk,82994.8,2026-01-08,Y
CUST0002132,Regular,14590.31,2026-07-26,Y
CUST0002133,At Risk,61653.53,2026-05-31,Y
CUST0002134,High Value,42130.57,2026-07-18,Y
CUST0002135,Regular,84469.68,2026-05-07,Y
CUST0002136,High Value,37817.18,2026-01-10,Y
CUST0002137,Occasional,81167.7,2026-05-31,Y
CUST0002138,Regular,15385.63,2026-03-02,N
CUST0002139,Occasional,62794.44,2026-07-02,N
CUST0002140,High Value,9750.72,2026-04-06,N
CUST0002141,Regular,65689.92,2026-04-12,N
CUST0002142,At Risk,34508.91,2026-03-05,Y
CUST0002143,High Value,73352.3,2026-01-12,Y
CUST0002144,Occasional,37007.49,2026-04-11,N
CUST0002145,High Value,95065.21,2026-03-06,N
CUST0002146,At Risk,16129.37,2026-06-18,N
CUST0002147,At Risk,66543.53,2026-04-23,N
CUST0002148,Occasional,39742.87,2026-02-02,Y
CUST0002149,At Risk,93887.64,2026-05-12,N
CUST0002150,Regular,27497.84,2026-05-25,Y
CUST0002151,Occasional,83910.18,2026-03-25,N
CUST0002152,Regular,77870.19,2026-07-07,Y
CUST0002153,Regular,93673.3,2026-06-30,N
CUST0002154,At Risk,26283.5,2026-02-23,N
CUST0002155,At Risk,51438.41,2026-02-07,N
CUST0002156,At Risk,20715.97,2026-01-13,Y
CUST0002157,Occasional,92759.5,2026-01-13,N
CUST0002158,Regular,65218.47,2026-07-27,Y
CUST0002159,At Risk,85375.26,2026-04-20,Y
CUST0002160,Regular,60284.72,2026-02-13,N
CUST0002161,High Value,21143.93,2026-07-25,Y
CUST0002162,Regular,31183.27,2026-05-03,N
CUST0002163,At Risk,7519.36,2026-05-25,Y
CUST0002164,At Risk,27647.1,2026-06-06,Y
CUST0002165,Regular,38159.79,2026-01-31,N
CUST0002166,Occasional,87550.38,2026-05-21,Y
CUST0002167,Regular,59071.73,2026-01-04,N
CUST0002168,At Risk,87765.12,2026-05-31,Y
CUST0002169,High Value,87239.97,2026-06-05,Y
CUST0002170,Occasional,44913.15,2026-07-19,N
CUST0002171,At Risk,73231.79,2026-07-03,Y
CUST0002172,High Value,96011.64,2026-02-18,Y
CUST0002173,High Value,49563.89,2026-04-19,Y
CUST0002174,Occasional,90837.36,2026-05-13,N
CUST0002175,At Risk,95525.97,2026-03-23,Y
CUST0002176,Regular,59169.47,2026-06-09,Y
CUST0002177,High Value,60787.74,2026-07-11,N
CUST0002178,Occasional,95748.4,2026-07-03,Y
CUST0002179,At Risk,5078.57,2026-04-22,Y
CUST0002180,High Value,81837.5,2026-05-02,Y
CUST0002181,At Risk,94611.35,2026-05-31,N
CUST0002182,Regular,45423.65,2026-01-10,Y
CUST0002183,At Risk,3772.17,2026-03-16,N
CUST0002184,Regular,25844.38,2026-04-18,N
CUST0002185,Occasional,51648.3,2026-01-27,Y
CUST0002186,Occasional,35096.24,2026-03-01,Y
CUST0002187,At Risk,71842.93,2026-02-11,N
CUST0002188,High Value,21359.42,2026-04-11,Y
CUST0002189,Occasional,48680.63,2026-07-01,N
CUST0002190,At Risk,35223.48,2026-05-28,Y
CUST0002191,Occasional,53925.25,2026-04-12,Y
CUST0002192,At Risk,57542.42,2026-01-20,N
CUST0002193,High Value,7517.94,2026-05-27,N
CUST0002194,At Risk,60285.4,2026-02-17,Y
CUST0002195,Regular,92335.12,2026-04-09,Y
CUST0002196,Regular,80603.68,2026-06-22,N
CUST0002197,Regular,18813.58,2026-07-25,Y
CUST0002198,High Value,10908.03,2026-05-06,Y
CUST0002199,Occasional,31315.88,2026-07-22,Y
CUST0002200,Regular,26531.85,2026-07-15,Y
CUST0002201,Occasional,46521.34,2026-01-09,N
CUST0002202,At Risk,86039.83,2026-03-04,Y
CUST0002203,Regular,84835.69,2026-02-14,N
CUST0002204,Occasional,40266.42,2026-02-07,N
CUST0002205,Regular,45768.46,2026-03-15,Y
CUST0002206,High Value,61902.02,2026-03-12,N
CUST0002207,High Value,74025.49,2026-07-28,Y
CUST0002208,Regular,7260.32,2026-02-01,N
CUST0002209,High Value,14018.66,2026-04-19,N
CUST0002210,Occasional,7732.82,2026-03-10,N
CUST0002211,Occasional,5421.82,2026-03-05,Y
CUST0002212,At Risk,16404.91,2026-05-06,N
CUST0002213,High Value,46455.38,2026-05-11,N
CUST0002214,Occasional,31921.75,2026-03-18,Y
CUST0002215,High Value,26130.17,2026-03-27,Y
CUST0002216,At Risk,22796.18,2026-04-27,Y
CUST0002217,At Risk,33517.0,2026-06-19,N
CUST0002218,High Value,30806.15,2026-01-17,Y
CUST0002219,Occasional,72707.35,2026-02-18,Y
CUST0002220,Occasional,91984.15,2026-04-13,N
CUST0002221,At Risk,71472.94,2026-06-08,N
CUST0002222,At Risk,22926.13,2026-01-18,N
CUST0002223,At Risk,16732.91,2026-03-12,N
CUST0002224,High Value,86269.03,2026-04-27,Y
CUST0002225,Regular,50510.41,2026-07-08,Y
CUST0002226,High Value,76455.99,2026-07-25,N
CUST0002227,High Value,27192.66,2026-05-12,Y
CUST0002228,Regular,16660.26,2026-07-29,N
CUST0002229,Occasional,59451.22,2026-07-27,N
CUST0002230,Occasional,14133.84,2026-04-12,N
CUST0002231,At Risk,89576.63,2026-02-15,N
CUST0002232,Regular,48582.13,2026-04-21,Y
CUST0002233,High Value,59980.32,2026-02-21,N
CUST0002234,High Value,50924.22,2026-04-27,N
CUST0002235,High Value,54974.56,2026-02-15,Y
CUST0002236,High Value,7888.39,2026-04-09,Y
CUST0002237,At Risk,60438.54,2026-02-08,N
CUST0002238,Regular,92005.66,2026-06-15,N
CUST0002239,High Value,45306.15,2026-03-11,Y
CUST0002240,High Value,18541.33,2026-06-10,Y
CUST0002241,High Value,93587.21,2026-04-20,N
CUST0002242,High Value,72330.12,2026-06-03,N
CUST0002243,Regular,69809.51,2026-02-06,N
CUST0002244,High Value,33366.34,2026-03-17,N
CUST0002245,Occasional,49425.95,2026-05-17,Y
CUST0002246,Occasional,11832.3,2026-06-24,Y
CUST0002247,Regular,13500.85,2026-06-15,Y
CUST0002248,Regular,10356.51,2026-04-26,Y
CUST0002249,At Risk,60119.69,2026-03-08,Y
CUST0002250,High Value,6889.16,2026-04-17,N
CUST0002251,High Value,91190.91,2026-07-03,N
CUST0002252,Regular,10065.3,2026-03-07,N
CUST0002253,At Risk,44683.63,2026-06-03,Y
CUST0002254,Regular,19017.75,2026-05-29,N
CUST0002255,Regular,87648.27,2026-07-04,Y
CUST0002256,At Risk,4851.19,2026-04-19,Y
CUST0002257,High Value,81787.51,2026-05-22,N
CUST0002258,Occasional,37815.92,2026-07-17,N
CUST0002259,Occasional,9380.79,2026-04-12,N
CUST0002260,Occasional,9624.94,2026-07-16,Y
CUST0002261,High Value,45544.9,2026-04-30,N
CUST0002262,High Value,17236.71,2026-06-02,N
CUST0002263,Occasional,40653.87,2026-02-18,N
CUST0002264,Occasional,60856.38,2026-07-11,Y
CUST0002265,Occasional,80078.11,2026-04-06,N
CUST0002266,At Risk,20182.55,2026-06-07,N
CUST0002267,High Value,68892.98,2026-02-26,N
CUST0002268,Regular,1979.37,2026-06-19,Y
CUST0002269,Occasional,83794.56,2026-03-04,Y
CUST0002270,High Value,55447.42,2026-06-01,Y
CUST0002271,Regular,30213.26,2026-06-07,N
CUST0002272,Regular,65555.83,2026-07-09,N
CUST0002273,Occasional,12413.77,2026-02-01,N
CUST0002274,Regular,5816.82,2026-03-30,N
CUST0002275,Occasional,96998.73,2026-02-06,Y
CUST0002276,At Risk,58197.45,2026-03-24,Y
CUST0002277,High Value,50612.97,2026-02-07,Y
CUST0002278,High Value,97232.41,2026-05-23,Y
CUST0002279,Regular,70707.7,2026-05-30,N
CUST0002280,Occasional,98019.53,2026-02-07,N
CUST0002281,High Value,24373.76,2026-07-17,N
CUST0002282,High Value,85257.09,2026-01-12,Y
CUST0002283,Occasional,43088.69,2026-02-09,N
CUST0002284,Occasional,92719.15,2026-04-25,N
CUST0002285,High Value,63610.9,2026-07-15,N
CUST0002286,High Value,18116.27,2026-07-02,Y
CUST0002287,At Risk,44036.82,2026-02-23,Y
CUST0002288,High Value,62540.38,2026-06-11,Y
CUST0002289,High Value,32899.94,2026-02-16,N
CUST0002290,At Risk,19723.09,2026-06-06,Y
CUST0002291,High Value,33885.56,2026-07-12,N
CUST0002292,Occasional,78084.28,2026-03-04,N
CUST0002293,At Risk,1792.36,2026-06-05,N
CUST0002294,At Risk,93649.25,2026-01-27,N
CUST0002295,Occasional,12602.02,2026-02-09,N
CUST0002296,Occasional,33042.1,2026-03-09,Y
CUST0002297,At Risk,46265.29,2026-01-26,Y
CUST0002298,High Value,93424.74,2026-02-28,Y
CUST0002299,At Risk,36714.38,2026-07-08,N
CUST0002300,At Risk,95890.19,2026-07-22,Y
CUST0002301,At Risk,87946.06,2026-01-16,Y
CUST0002302,Regular,78592.93,2026-06-15,N
CUST0002303,Occasional,36450.74,2026-06-28,Y
CUST0002304,Occasional,92151.56,2026-05-10,N
CUST0002305,Occasional,37091.42,2026-04-20,Y
CUST0002306,High Value,95133.45,2026-06-28,N
CUST0002307,At Risk,71534.18,2026-03-11,Y
CUST0002308,Occasional,58368.54,2026-06-25,Y
CUST0002309,At Risk,6009.52,2026-05-15,Y
CUST0002310,Regular,43511.48,2026-04-24,N
CUST0002311,Occasional,50700.53,2026-06-15,Y
CUST0002312,At Risk,36788.31,2026-03-30,Y
CUST0002313,At Risk,74742.91,2026-05-22,N
CUST0002314,At Risk,30459.03,2026-05-07,N
CUST0002315,High Value,48270.34,2026-05-11,N
CUST0002316,High Value,72476.04,2026-05-28,Y
CUST0002317,At Risk,5305.83,2026-03-05,N
CUST0002318,Regular,46117.08,2026-02-17,N
CUST0002319,High Value,36626.91,2026-04-09,N
CUST0002320,High Value,12101.72,2026-01-22,N
CUST0002321,At Risk,23008.99,2026-07-22,Y
CUST0002322,At Risk,47197.52,2026-03-03,Y
CUST0002323,Regular,32785.97,2026-02-06,Y
CUST0002324,Regular,14397.93,2026-06-19,N
CUST0002325,Regular,56089.95,2026-02-09,Y
CUST0002326,At Risk,52065.79,2026-02-03,N
CUST0002327,High Value,50479.98,2026-06-14,N
CUST0002328,At Risk,55215.74,2026-03-14,N
CUST0002329,High Value,49613.56,2026-02-09,Y
CUST0002330,Regular,95128.97,2026-05-11,Y
CUST0002331,At Risk,79149.15,2026-07-02,N
CUST0002332,Occasional,24468.16,2026-03-18,Y
CUST0002333,At Risk,79450.48,2026-01-01,N
CUST0002334,At Risk,18697.9,2026-01-19,N
CUST0002335,High Value,50999.39,2026-02-02,N
CUST0002336,Regular,51574.65,2026-02-04,Y
CUST0002337,High Value,51047.72,2026-05-07,N
CUST0002338,Regular,15757.68,2026-05-18,N
CUST0002339,Occasional,87988.96,2026-01-08,N
CUST0002340,At Risk,66757.95,2026-03-30,N
CUST0002341,Regular,14176.3,2026-02-23,Y
CUST0002342,At Risk,90034.77,2026-02-26,Y
CUST0002343,At Risk,53290.4,2026-02-06,N
CUST0002344,Regular,5463.46,2026-07-13,N
CUST0002345,At Risk,11067.12,2026-06-08,Y
CUST0002346,Occasional,96666.42,2026-01-03,N
CUST0002347,At Risk,45657.85,2026-01-08,Y
CUST0002348,At Risk,93786.55,2026-05-21,N
CUST0002349,At Risk,65741.77,2026-05-16,Y
CUST0002350,Regular,99428.15,2026-07-25,N
CUST0002351,High Value,34313.12,2026-02-26,N
CUST0002352,High Value,99178.48,2026-03-04,N
CUST0002353,Regular,98505.36,2026-02-05,N
CUST0002354,High Value,62055.33,2026-07-11,Y
CUST0002355,Regular,48232.41,2026-07-24,N
CUST0002356,High Value,74767.62,2026-01-27,N
CUST0002357,High Value,15603.75,2026-05-01,Y
CUST0002358,At Risk,85138.08,2026-03-13,Y
CUST0002359,Occasional,39767.29,2026-03-03,N
CUST0002360,High Value,37926.29,2026-02-26,N
CUST0002361,At Risk,1219.68,2026-05-12,Y
CUST0002362,Regular,82024.42,2026-02-18,Y
CUST0002363,Regular,2778.09,2026-02-16,Y
CUST0002364,Occasional,1909.69,2026-06-25,Y
CUST0002365,Occasional,16071.96,2026-06-12,N
CUST0002366,High Value,36243.89,2026-06-15,Y
CUST0002367,High Value,55342.04,2026-05-09,N
CUST0002368,High Value,42957.97,2026-05-17,N
CUST0002369,At Risk,85770.35,2026-04-16,Y
CUST0002370,Regular,42236.28,2026-02-21,N
CUST0002371,Regular,78177.25,2026-07-13,Y
CUST0002372,High Value,22361.2,2026-03-07,N
CUST0002373,At Risk,20591.94,2026-02-27,Y
CUST0002374,Regular,39204.74,2026-02-10,Y
CUST0002375,Regular,85053.73,2026-04-12,N
CUST0002376,Occasional,91222.08,2026-04-07,N
CUST0002377,High Value,20530.49,2026-01-01,N
CUST0002378,Regular,83607.69,2026-07-23,N
CUST0002379,High Value,90491.87,2026-07-13,Y
CUST0002380,Occasional,9253.35,2026-06-09,N
CUST0002381,High Value,75224.51,2026-03-29,Y
CUST0002382,Regular,46644.87,2026-05-03,N
CUST0002383,Occasional,22404.3,2026-06-03,Y
CUST0002384,At Risk,95259.92,2026-06-28,Y
CUST0002385,At Risk,1491.16,2026-07-19,N
CUST0002386,Regular,69271.91,2026-04-19,Y
CUST0002387,High Value,300.54,2026-05-15,N
CUST0002388,At Risk,9091.59,2026-05-15,Y
CUST0002389,High Value,46819.57,2026-01-22,N
CUST0002390,High Value,38815.75,2026-02-07,Y
CUST0002391,Regular,41544.44,2026-07-19,N
CUST0002392,Occasional,48990.89,2026-01-11,N
CUST0002393,Regular,47169.91,2026-04-29,Y
CUST0002394,Regular,39842.19,2026-05-31,Y
CUST0002395,At Risk,33030.87,2026-02-03,Y
CUST0002396,Occasional,5602.0,2026-01-12,Y
CUST0002397,Occasional,162.89,2026-07-01,Y
CUST0002398,At Risk,42072.34,2026-04-08,N
CUST0002399,Regular,53686.1,2026-04-05,N
CUST0002400,High Value,8078.25,2026-05-24,N
CUST0002401,Occasional,4549.61,2026-07-20,Y
CUST0002402,Occasional,70891.44,2026-05-15,N
CUST0002403,High Value,23446.89,2026-03-18,Y
CUST0002404,High Value,8771.94,2026-03-12,N
CUST0002405,At Risk,4943.43,2026-04-15,N
CUST0002406,Regular,94090.35,2026-02-02,N
CUST0002407,Occasional,37648.92,2026-05-31,Y
CUST0002408,Occasional,70174.33,2026-06-13,Y
CUST0002409,Regular,92885.03,2026-05-09,Y
CUST0002410,High Value,57376.14,2026-05-25,N
CUST0002411,At Risk,20164.16,2026-02-10,N
CUST0002412,High Value,38417.64,2026-05-14,N
CUST0002413,High Value,42318.97,2026-06-21,N
CUST0002414,At Risk,22726.87,2026-05-20,N
CUST0002415,High Value,46945.31,2026-06-13,Y
CUST0002416,At Risk,31750.8,2026-06-01,Y
CUST0002417,Regular,85040.15,2026-06-28,Y
CUST0002418,At Risk,96707.79,2026-02-19,N
CUST0002419,At Risk,73689.92,2026-06-04,N
CUST0002420,Regular,4654.5,2026-02-06,Y
CUST0002421,Occasional,39330.11,2026-04-04,N
CUST0002422,Regular,69834.33,2026-06-19,N
CUST0002423,High Value,38437.18,2026-01-03,Y
CUST0002424,High Value,22840.02,2026-02-05,Y
CUST0002425,Occasional,83006.36,2026-02-11,N
CUST0002426,High Value,21900.85,2026-07-23,N
CUST0002427,High Value,23744.59,2026-05-24,N
CUST0002428,At Risk,12700.5,2026-04-02,N
CUST0002429,High Value,96192.75,2026-07-08,Y
CUST0002430,At Risk,89312.16,2026-05-19,Y
CUST0002431,High Value,86455.24,2026-03-04,Y
CUST0002432,Occasional,13513.68,2026-04-14,Y
CUST0002433,At Risk,97313.2,2026-02-14,Y
CUST0002434,At Risk,55274.7,2026-04-23,N
CUST0002435,Regular,25134.05,2026-06-14,Y
CUST0002436,At Risk,14866.59,2026-06-22,N
CUST0002437,High Value,81086.51,2026-03-04,N
CUST0002438,Occasional,64668.7,2026-03-08,N
CUST0002439,High Value,60161.14,2026-05-06,N
CUST0002440,High Value,98237.99,2026-02-19,Y
CUST0002441,At Risk,76182.65,2026-05-21,N
CUST0002442,At Risk,23305.86,2026-01-19,Y
CUST0002443,High Value,390.44,2026-06-28,N
CUST0002444,At Risk,34082.35,2026-03-14,N
CUST0002445,High Value,68065.72,2026-05-18,Y
CUST0002446,High Value,60683.21,2026-06-01,N
CUST0002447,Regular,46126.63,2026-01-25,N
CUST0002448,Occasional,89879.22,2026-07-11,Y
CUST0002449,Regular,6192.42,2026-03-09,N
CUST0002450,At Risk,77791.76,2026-03-16,N
CUST0002451,Regular,33134.95,2026-05-06,Y
CUST0002452,Regular,26810.89,2026-03-14,Y
CUST0002453,Occasional,22575.9,2026-05-24,Y
CUST0002454,Occasional,45866.05,2026-05-31,Y
CUST0002455,Regular,63012.55,2026-04-29,Y
CUST0002456,Occasional,53820.57,2026-05-14,N
CUST0002457,Regular,18402.72,2026-07-16,N
CUST0002458,High Value,55054.24,2026-04-30,Y
CUST0002459,At Risk,8287.22,2026-04-07,Y
CUST0002460,Regular,78949.4,2026-06-16,N
CUST0002461,High Value,58049.15,2026-07-07,N
CUST0002462,At Risk,5314.13,2026-03-15,Y
CUST0002463,High Value,46166.09,2026-06-06,Y
CUST0002464,At Risk,74833.92,2026-02-06,Y
CUST0002465,Occasional,20248.31,2026-01-11,N
CUST0002466,Regular,67175.35,2026-06-26,Y
CUST0002467,High Value,11198.89,2026-04-20,N
CUST0002468,Regular,30339.99,2026-04-11,Y
CUST0002469,Occasional,90738.42,2026-01-11,Y
CUST0002470,Occasional,66680.97,2026-06-16,N
CUST0002471,At Risk,90911.98,2026-07-27,Y
CUST0002472,At Risk,13820.78,2026-03-26,Y
CUST0002473,Occasional,30524.71,2026-05-28,Y
CUST0002474,Regular,24169.68,2026-03-06,Y
CUST0002475,Occasional,59837.11,2026-07-28,Y
CUST0002476,Occasional,78998.53,2026-04-29,N
CUST0002477,Occasional,16519.21,2026-02-24,N
CUST0002478,Occasional,86972.0,2026-04-14,Y
CUST0002479,Regular,3359.26,2026-01-04,N
CUST0002480,At Risk,85412.66,2026-05-05,Y
CUST0002481,High Value,77536.4,2026-01-09,Y
CUST0002482,Regular,46455.63,2026-03-22,Y
CUST0002483,Regular,93268.9,2026-02-13,Y
CUST0002484,At Risk,30167.65,2026-03-28,N
CUST0002485,High Value,99253.85,2026-05-23,Y
CUST0002486,Regular,64689.84,2026-03-14,N
CUST0002487,High Value,45491.84,2026-01-10,Y
CUST0002488,Occasional,67327.34,2026-05-09,N
CUST0002489,Occasional,99064.49,2026-02-24,Y
CUST0002490,Regular,79336.27,2026-01-20,N
CUST0002491,Occasional,92347.21,2026-02-22,Y
CUST0002492,High Value,6545.16,2026-01-22,Y
CUST0002493,At Risk,23110.68,2026-01-10,Y
CUST0002494,Occasional,40677.73,2026-06-09,N
CUST0002495,Regular,42019.59,2026-07-10,N
CUST0002496,Occasional,16466.97,2026-03-09,Y
CUST0002497,Regular,4702.87,2026-05-07,N
CUST0002498,At Risk,14318.12,2026-04-10,N
CUST0002499,High Value,71311.91,2026-03-14,Y
CUST0002500,High Value,94748.91,2026-02-06,N
CUST0002501,At Risk,5422.69,2026-01-15,Y
CUST0002502,High Value,7100.18,2026-01-05,Y
CUST0002503,Occasional,5192.98,2026-04-26,N
CUST0002504,Regular,85611.92,2026-07-10,N
CUST0002505,High Value,23356.99,2026-04-26,Y
CUST0002506,Occasional,8713.64,2026-07-01,Y
CUST0002507,At Risk,88981.29,2026-03-27,N
CUST0002508,Occasional,65214.31,2026-02-25,N
CUST0002509,At Risk,93186.09,2026-05-09,Y
CUST0002510,Regular,79072.82,2026-02-11,N
CUST0002511,Occasional,2610.93,2026-03-29,N
CUST0002512,High Value,43898.57,2026-07-02,Y
CUST0002513,High Value,75449.6,2026-02-25,N
CUST0002514,High Value,20102.44,2026-06-10,N
CUST0002515,Occasional,60787.09,2026-05-16,Y
CUST0002516,Occasional,78565.84,2026-02-26,Y
CUST0002517,Regular,33096.2,2026-04-03,N
CUST0002518,At Risk,85379.29,2026-01-07,N
CUST0002519,At Risk,83071.57,2026-06-20,N
CUST0002520,Regular,16118.83,2026-07-18,Y
CUST0002521,Regular,57907.09,2026-04-14,N
CUST0002522,At Risk,87659.05,2026-01-29,Y
CUST0002523,Regular,65053.68,2026-03-25,N
CUST0002524,Regular,99803.51,2026-03-02,Y
CUST0002525,Occasional,26352.47,2026-05-02,N
CUST0002526,High Value,84273.72,2026-03-26,N
CUST0002527,High Value,43912.39,2026-02-11,Y
CUST0002528,At Risk,20106.08,2026-04-04,Y
CUST0002529,Regular,86745.52,2026-04-07,Y
CUST0002530,Regular,52977.38,2026-05-14,Y
CUST0002531,Occasional,37309.12,2026-02-04,Y
CUST0002532,Regular,38581.83,2026-03-06,N
CUST0002533,At Risk,5236.64,2026-05-02,N
CUST0002534,Occasional,12578.66,2026-04-09,Y
CUST0002535,At Risk,264.15,2026-04-30,Y
CUST0002536,Regular,73873.63,2026-07-23,Y
CUST0002537,Regular,39984.55,2026-05-23,N
CUST0002538,At Risk,72431.56,2026-02-26,Y
CUST0002539,Regular,91691.85,2026-07-30,Y
CUST0002540,High Value,20071.44,2026-04-08,N
CUST0002541,At Risk,37690.66,2026-02-08,N
CUST0002542,Occasional,76958.03,2026-02-10,N
CUST0002543,High Value,35594.81,2026-01-07,Y
CUST0002544,Regular,85840.87,2026-04-03,Y
CUST0002545,Regular,43036.99,2026-06-20,N
CUST0002546,At Risk,62674.08,2026-02-27,N
CUST0002547,At Risk,12578.75,2026-02-01,Y
CUST0002548,Occasional,12659.16,2026-01-15,Y
CUST0002549,Regular,89949.87,2026-01-02,N
CUST0002550,Regular,90340.31,2026-07-29,Y
CUST0002551,At Risk,74081.94,2026-05-05,Y
CUST0002552,High Value,23319.14,2026-05-06,Y
CUST0002553,At Risk,10651.64,2026-02-12,Y
CUST0002554,At Risk,83086.61,2026-01-17,Y
CUST0002555,Occasional,41706.59,2026-05-03,Y
CUST0002556,High Value,36728.14,2026-07-26,Y
CUST0002557,High Value,65006.68,2026-01-16,Y
CUST0002558,Occasional,38668.11,2026-02-01,Y
CUST0002559,Regular,36526.26,2026-03-03,N
CUST0002560,High Value,7470.42,2026-06-07,N
CUST0002561,High Value,47467.76,2026-02-07,N
CUST0002562,Regular,73303.92,2026-05-27,N
CUST0002563,Regular,49268.49,2026-06-10,Y
CUST0002564,High Value,71353.21,2026-02-03,N
CUST0002565,Occasional,24093.35,2026-01-12,N
CUST0002566,High Value,30189.35,2026-01-05,N
CUST0002567,Regular,65732.15,2026-03-04,Y
CUST0002568,Regular,79833.82,2026-04-29,Y
CUST0002569,At Risk,49075.41,2026-04-27,N
CUST0002570,At Risk,84302.04,2026-04-01,Y
CUST0002571,High Value,1255.1,2026-01-20,Y
CUST0002572,High Value,44825.03,2026-02-11,Y
CUST0002573,High Value,24576.87,2026-05-03,N
CUST0002574,Regular,76558.42,2026-07-21,Y
CUST0002575,Occasional,51159.08,2026-03-06,Y
CUST0002576,High Value,85224.62,2026-05-14,N
CUST0002577,At Risk,86637.61,2026-02-22,N
CUST0002578,High Value,63841.0,2026-06-30,N
CUST0002579,At Risk,60032.32,2026-01-16,N
CUST0002580,High Value,94513.06,2026-02-15,N
CUST0002581,At Risk,53812.39,2026-07-05,N
CUST0002582,At Risk,35924.25,2026-01-25,Y
CUST0002583,High Value,47366.3,2026-02-24,N
CUST0002584,At Risk,99403.33,2026-01-08,N
CUST0002585,Occasional,83758.3,2026-01-11,Y
CUST0002586,Occasional,53352.61,2026-02-08,N
CUST0002587,Regular,34129.85,2026-06-08,N
CUST0002588,High Value,33053.69,2026-03-29,N
CUST0002589,At Risk,82298.56,2026-03-15,Y
CUST0002590,At Risk,96731.23,2026-03-30,Y
CUST0002591,At Risk,72355.32,2026-01-08,Y
CUST0002592,Occasional,5698.14,2026-03-15,N
CUST0002593,Occasional,12431.05,2026-02-09,Y
CUST0002594,At Risk,92728.39,2026-05-15,Y
CUST0002595,At Risk,80870.54,2026-06-11,N
CUST0002596,High Value,37227.17,2026-04-10,Y
CUST0002597,Regular,85541.91,2026-02-15,Y
CUST0002598,Regular,24777.04,2026-02-01,Y
CUST0002599,At Risk,79379.71,2026-01-21,Y
CUST0002600,Regular,1282.07,2026-04-22,N
CUST0002601,Occasional,41539.01,2026-05-22,Y
CUST0002602,High Value,4156.99,2026-05-24,N
CUST0002603,Regular,96122.04,2026-05-31,N
CUST0002604,At Risk,44584.31,2026-04-07,Y
CUST0002605,High Value,56842.8,2026-04-06,Y
CUST0002606,Regular,93716.99,2026-01-04,N
CUST0002607,Occasional,68148.09,2026-04-21,Y
CUST0002608,At Risk,50175.09,2026-06-21,N
CUST0002609,Occasional,76622.49,2026-01-17,N
CUST0002610,Regular,6619.43,2026-05-07,N
CUST0002611,High Value,36849.68,2026-03-25,N
CUST0002612,Occasional,16330.67,2026-02-18,N
CUST0002613,High Value,55456.35,2026-05-29,N
CUST0002614,At Risk,78030.05,2026-05-05,N
CUST0002615,Regular,56961.17,2026-05-20,Y
CUST0002616,Occasional,37520.7,2026-02-05,Y
CUST0002617,High Value,65621.38,2026-05-03,N
CUST0002618,High Value,60127.58,2026-04-15,Y
CUST0002619,At Risk,21884.15,2026-07-27,Y
CUST0002620,Occasional,15587.93,2026-07-15,N
CUST0002621,At Risk,49435.77,2026-03-18,N
CUST0002622,Occasional,64626.85,2026-04-02,N
CUST0002623,High Value,3141.98,2026-06-25,N
CUST0002624,High Value,46158.98,2026-04-30,Y
CUST0002625,At Risk,10702.39,2026-06-25,N
CUST0002626,High Value,23239.6,2026-01-16,N
CUST0002627,At Risk,16283.94,2026-03-31,N
CUST0002628,High Value,17701.64,2026-04-25,N
CUST0002629,High Value,60449.09,2026-06-02,Y
CUST0002630,Occasional,51023.72,2026-04-10,Y
CUST0002631,At Risk,98692.14,2026-06-24,Y
CUST0002632,Occasional,89388.41,2026-07-19,N
CUST0002633,High Value,96815.55,2026-07-16,N
CUST0002634,Occasional,37436.1,2026-01-13,N
CUST0002635,At Risk,799.35,2026-03-17,N
CUST0002636,High Value,5762.52,2026-06-10,Y
CUST0002637,At Risk,72236.28,2026-07-15,Y
CUST0002638,At Risk,74568.96,2026-02-27,N
CUST0002639,Regular,18015.2,2026-05-14,Y
CUST0002640,Regular,90339.29,2026-06-15,Y
CUST0002641,At Risk,69101.97,2026-01-22,N
CUST0002642,Regular,7096.97,2026-05-12,N
CUST0002643,At Risk,84536.95,2026-02-18,N
CUST0002644,At Risk,93059.15,2026-07-24,Y
CUST0002645,High Value,51746.12,2026-07-22,N
CUST0002646,Regular,21948.78,2026-05-10,Y
CUST0002647,Regular,62280.26,2026-06-22,N
CUST0002648,High Value,47888.92,2026-04-12,N
CUST0002649,High Value,70732.8,2026-06-07,Y
CUST0002650,Regular,73792.93,2026-01-16,Y
CUST0002651,Regular,94480.59,2026-05-17,Y
CUST0002652,High Value,42067.68,2026-04-01,Y
CUST0002653,At Risk,97067.04,2026-04-07,N
CUST0002654,Occasional,75198.31,2026-01-20,Y
CUST0002655,Occasional,28553.84,2026-05-27,Y
CUST0002656,At Risk,86446.22,2026-01-24,N
CUST0002657,At Risk,60365.98,2026-07-02,Y
CUST0002658,Occasional,21903.57,2026-06-24,N
CUST0002659,At Risk,47953.9,2026-05-28,Y
CUST0002660,Occasional,3501.5,2026-07-09,Y
CUST0002661,At Risk,85290.32,2026-05-20,N
CUST0002662,High Value,34171.4,2026-04-16,Y
CUST0002663,High Value,23364.14,2026-04-19,Y
CUST0002664,High Value,11485.68,2026-02-26,Y
CUST0002665,Occasional,39324.61,2026-04-08,N
CUST0002666,High Value,83593.64,2026-03-08,N
CUST0002667,At Risk,97703.2,2026-02-11,Y
CUST0002668,Occasional,98029.72,2026-04-02,N
CUST0002669,High Value,4185.74,2026-06-01,N
CUST0002670,Occasional,97561.45,2026-02-27,N
CUST0002671,Occasional,26582.49,2026-07-19,N
CUST0002672,At Risk,45478.74,2026-02-22,Y
CUST0002673,High Value,70015.0,2026-07-15,N
CUST0002674,High Value,90228.91,2026-04-15,N
CUST0002675,Occasional,34263.33,2026-02-22,Y
CUST0002676,High Value,53424.62,2026-05-03,Y
CUST0002677,Regular,70221.11,2026-03-07,Y
CUST0002678,Occasional,94504.54,2026-06-23,Y
CUST0002679,Occasional,58485.73,2026-03-19,N
CUST0002680,Regular,86245.89,2026-04-30,Y
CUST0002681,High Value,42153.72,2026-07-18,Y
CUST0002682,At Risk,23324.19,2026-01-02,Y
CUST0002683,Regular,98241.8,2026-07-22,Y
CUST0002684,High Value,52126.64,2026-01-07,Y
CUST0002685,Occasional,5952.34,2026-01-17,N
CUST0002686,At Risk,60487.65,2026-04-08,N
CUST0002687,Occasional,60673.69,2026-06-04,N
CUST0002688,High Value,14844.53,2026-02-21,N
CUST0002689,Regular,78739.94,2026-07-18,Y
CUST0002690,High Value,39004.38,2026-01-29,Y
CUST0002691,Occasional,10347.1,2026-07-21,N
CUST0002692,At Risk,93921.46,2026-05-11,Y
CUST0002693,High Value,59815.56,2026-05-08,Y
CUST0002694,Regular,68774.89,2026-06-16,Y
CUST0002695,At Risk,96223.71,2026-06-30,N
CUST0002696,Regular,71032.61,2026-06-24,N
CUST0002697,High Value,18890.51,2026-06-16,Y
CUST0002698,Occasional,91953.97,2026-05-17,Y
CUST0002699,At Risk,32183.32,2026-06-24,N
CUST0002700,High Value,41066.43,2026-05-20,Y
CUST0002701,High Value,13514.25,2026-03-16,Y
CUST0002702,At Risk,79771.76,2026-02-10,Y
CUST0002703,Occasional,87548.41,2026-02-12,N
CUST0002704,High Value,47797.31,2026-06-12,Y
CUST0002705,Occasional,50404.56,2026-05-01,N
CUST0002706,High Value,16711.45,2026-04-10,Y
CUST0002707,Regular,56846.35,2026-07-08,Y
CUST0002708,Regular,68042.04,2026-03-29,N
CUST0002709,Regular,86778.5,2026-01-22,Y
CUST0002710,Occasional,19237.2,2026-02-26,N
CUST0002711,Occasional,57877.68,2026-03-26,Y
CUST0002712,High Value,397.62,2026-02-19,Y
CUST0002713,At Risk,79537.79,2026-03-20,Y
CUST0002714,Regular,84221.4,2026-04-11,Y
CUST0002715,At Risk,51464.86,2026-06-17,Y
CUST0002716,Regular,25095.51,2026-07-04,N
CUST0002717,High Value,94827.41,2026-07-09,N
CUST0002718,Regular,64245.99,2026-02-07,N
CUST0002719,Regular,7149.03,2026-03-08,Y
CUST0002720,Occasional,92140.47,2026-01-15,Y
CUST0002721,At Risk,36023.39,2026-04-28,Y
CUST0002722,Occasional,53829.02,2026-07-23,Y
CUST0002723,Regular,17417.93,2026-02-05,Y
CUST0002724,Regular,76237.96,2026-05-11,Y
CUST0002725,High Value,66322.95,2026-06-25,N
CUST0002726,Regular,58456.62,2026-01-09,N
CUST0002727,High Value,97601.87,2026-03-05,N
CUST0002728,At Risk,88196.86,2026-07-28,N
CUST0002729,Regular,74734.86,2026-05-22,N
CUST0002730,At Risk,70287.02,2026-06-25,N
CUST0002731,At Risk,47659.99,2026-02-02,Y
CUST0002732,At Risk,13682.19,2026-07-19,Y
CUST0002733,At Risk,34435.53,2026-07-02,N
CUST0002734,Occasional,51327.35,2026-07-24,N
CUST0002735,Occasional,72563.38,2026-07-20,N
CUST0002736,High Value,88726.45,2026-05-24,Y
CUST0002737,Regular,81390.59,2026-04-15,Y
CUST0002738,High Value,95005.09,2026-03-18,Y
CUST0002739,Occasional,62029.55,2026-03-23,Y
CUST0002740,Regular,35678.49,2026-07-28,Y
CUST0002741,At Risk,27631.77,2026-02-17,N
CUST0002742,Occasional,42615.7,2026-02-24,N
CUST0002743,High Value,70631.65,2026-04-25,Y
CUST0002744,Occasional,38686.5,2026-03-18,N
CUST0002745,Occasional,76218.06,2026-02-24,N
CUST0002746,High Value,1030.02,2026-02-12,Y
CUST0002747,Occasional,83958.49,2026-02-28,Y
CUST0002748,Regular,86104.4,2026-07-30,Y
CUST0002749,Occasional,31903.16,2026-07-04,N
CUST0002750,Regular,30121.78,2026-02-14,Y
CUST0002751,High Value,25358.31,2026-05-18,Y
CUST0002752,At Risk,42710.99,2026-02-06,Y
CUST0002753,At Risk,40908.57,2026-06-04,N
CUST0002754,Occasional,23537.76,2026-03-07,Y
CUST0002755,At Risk,87294.49,2026-04-30,Y
CUST0002756,Regular,98557.1,2026-06-26,N
CUST0002757,At Risk,95764.66,2026-01-01,N
CUST0002758,High Value,67465.6,2026-01-05,Y
CUST0002759,High Value,92963.11,2026-02-17,Y
CUST0002760,Occasional,75374.12,2026-03-15,Y
CUST0002761,Occasional,853.59,2026-04-25,Y
CUST0002762,Occasional,20329.84,2026-02-03,N
CUST0002763,Occasional,24227.34,2026-02-21,Y
CUST0002764,Occasional,9502.84,2026-06-04,N
CUST0002765,At Risk,91747.01,2026-01-30,N
CUST0002766,At Risk,40893.62,2026-04-07,N
CUST0002767,At Risk,9706.14,2026-07-29,N
CUST0002768,High Value,18080.4,2026-02-13,Y
CUST0002769,High Value,17641.95,2026-04-19,N
CUST0002770,Occasional,51386.57,2026-02-16,N
CUST0002771,Regular,59282.26,2026-07-18,Y
CUST0002772,At Risk,85702.1,2026-02-17,N
CUST0002773,At Risk,46013.04,2026-05-29,Y
CUST0002774,Occasional,92507.15,2026-04-07,Y
CUST0002775,At Risk,20540.4,2026-04-11,Y
CUST0002776,High Value,52524.98,2026-05-12,Y
CUST0002777,Occasional,34156.44,2026-03-19,N
CUST0002778,At Risk,31502.8,2026-04-10,Y
CUST0002779,Occasional,49000.36,2026-02-07,Y
CUST0002780,Regular,30918.97,2026-01-07,N
CUST0002781,Occasional,60023.33,2026-07-27,Y
CUST0002782,At Risk,14757.9,2026-04-18,N
CUST0002783,High Value,39726.28,2026-05-11,Y
CUST0002784,At Risk,86861.68,2026-02-13,Y
CUST0002785,At Risk,18345.83,2026-02-22,N
CUST0002786,Occasional,57882.33,2026-01-25,N
CUST0002787,Occasional,1425.05,2026-04-07,Y
CUST0002788,Occasional,54412.2,2026-07-17,Y
CUST0002789,Regular,98536.05,2026-02-11,N
CUST0002790,At Risk,92961.39,2026-06-19,N
CUST0002791,Regular,13477.54,2026-03-10,N
CUST0002792,Occasional,14737.71,2026-07-21,N
CUST0002793,High Value,68702.8,2026-02-12,Y
CUST0002794,At Risk,67161.25,2026-06-04,N
CUST0002795,At Risk,64784.95,2026-07-08,Y
CUST0002796,At Risk,63745.51,2026-01-15,N
CUST0002797,At Risk,58979.82,2026-01-21,N
CUST0002798,High Value,1613.03,2026-05-23,N
CUST0002799,At Risk,30335.0,2026-04-28,N
CUST0002800,At Risk,78817.98,2026-01-29,N
CUST0002801,At Risk,93585.36,2026-01-16,N
CUST0002802,At Risk,34144.4,2026-02-27,N
CUST0002803,Regular,67666.91,2026-04-09,N
CUST0002804,Regular,34229.44,2026-05-13,Y
CUST0002805,High Value,174.21,2026-04-22,N
CUST0002806,Occasional,50364.15,2026-05-05,Y
CUST0002807,High Value,34320.82,2026-07-21,N
CUST0002808,High Value,18229.98,2026-04-01,Y
CUST0002809,High Value,39568.67,2026-06-02,Y
CUST0002810,Occasional,48705.81,2026-02-12,Y
CUST0002811,Regular,1719.13,2026-05-07,N
CUST0002812,Regular,76089.22,2026-07-11,N
CUST0002813,Occasional,98720.61,2026-04-16,Y
CUST0002814,Regular,61034.87,2026-06-03,Y
CUST0002815,Occasional,65932.63,2026-04-23,Y
CUST0002816,Regular,14338.85,2026-07-15,Y
CUST0002817,Occasional,11397.29,2026-05-04,Y
CUST0002818,At Risk,22545.51,2026-06-04,Y
CUST0002819,Regular,55098.78,2026-03-14,N
CUST0002820,High Value,70862.65,2026-03-17,N
CUST0002821,Occasional,53931.1,2026-04-28,Y
CUST0002822,Occasional,45118.16,2026-04-06,Y
CUST0002823,Regular,75887.27,2026-04-17,Y
CUST0002824,At Risk,41904.78,2026-04-23,N
CUST0002825,Regular,50675.5,2026-02-03,N
CUST0002826,At Risk,59116.18,2026-04-27,N
CUST0002827,Regular,3070.29,2026-07-07,Y
CUST0002828,At Risk,77951.37,2026-03-16,N
CUST0002829,High Value,62906.17,2026-04-07,Y
CUST0002830,At Risk,88277.15,2026-03-02,Y
CUST0002831,High Value,73629.85,2026-05-22,Y
CUST0002832,Regular,93998.61,2026-03-09,N
CUST0002833,At Risk,21016.31,2026-04-25,N
CUST0002834,Occasional,15747.76,2026-07-12,N
CUST0002835,High Value,52146.61,2026-06-07,Y
CUST0002836,Occasional,49084.84,2026-01-30,N
CUST0002837,Regular,70414.48,2026-01-03,Y
CUST0002838,High Value,47369.6,2026-06-11,N
CUST0002839,High Value,51924.02,2026-01-30,Y
CUST0002840,High Value,21348.87,2026-05-08,Y
CUST0002841,At Risk,81620.8,2026-03-24,Y
CUST0002842,At Risk,86911.36,2026-03-30,Y
CUST0002843,Regular,83874.76,2026-04-16,N
CUST0002844,Regular,54272.12,2026-01-07,N
CUST0002845,At Risk,60222.87,2026-01-30,Y
CUST0002846,At Risk,33905.42,2026-06-03,Y
CUST0002847,Regular,50493.42,2026-03-25,Y
CUST0002848,At Risk,50065.2,2026-03-21,N
CUST0002849,High Value,48133.37,2026-02-14,N
CUST0002850,At Risk,87632.55,2026-02-24,N
CUST0002851,At Risk,1263.49,2026-03-30,N
CUST0002852,At Risk,4353.22,2026-01-12,Y
CUST0002853,At Risk,3831.65,2026-01-11,N
CUST0002854,Occasional,61844.21,2026-01-23,Y
CUST0002855,At Risk,73202.54,2026-05-01,Y
CUST0002856,High Value,14651.45,2026-07-23,N
CUST0002857,Regular,7669.35,2026-04-02,Y
CUST0002858,Occasional,22152.26,2026-07-21,Y
CUST0002859,High Value,45712.06,2026-03-04,N
CUST0002860,High Value,12548.01,2026-04-26,N
CUST0002861,Occasional,78120.93,2026-05-10,Y
CUST0002862,Occasional,40001.3,2026-01-16,Y
CUST0002863,Regular,62225.4,2026-05-20,Y
CUST0002864,High Value,23432.97,2026-07-26,Y
CUST0002865,At Risk,20397.19,2026-02-13,Y
CUST0002866,Occasional,16324.13,2026-07-13,Y
CUST0002867,Occasional,5030.29,2026-06-18,Y
CUST0002868,High Value,7127.61,2026-05-26,N
CUST0002869,Occasional,64329.21,2026-02-10,Y
CUST0002870,At Risk,8234.2,2026-04-08,N
CUST0002871,At Risk,52880.48,2026-06-28,N
CUST0002872,At Risk,42368.32,2026-07-16,N
CUST0002873,At Risk,52411.69,2026-03-28,N
CUST0002874,Regular,93728.15,2026-06-19,Y
CUST0002875,High Value,75465.2,2026-07-06,Y
CUST0002876,High Value,17779.13,2026-01-03,Y
CUST0002877,Occasional,55945.4,2026-04-01,Y
CUST0002878,High Value,6584.64,2026-05-29,Y
CUST0002879,Regular,57474.32,2026-04-02,Y
CUST0002880,Occasional,48101.35,2026-01-15,Y
CUST0002881,Occasional,99915.28,2026-02-12,N
CUST0002882,Regular,51826.17,2026-05-06,Y
CUST0002883,At Risk,20758.29,2026-03-31,Y
CUST0002884,Regular,41344.55,2026-05-26,Y
CUST0002885,At Risk,4965.57,2026-07-08,N
CUST0002886,Occasional,60365.52,2026-06-30,Y
CUST0002887,High Value,44186.85,2026-02-03,N
CUST0002888,At Risk,52732.61,2026-04-09,N
CUST0002889,At Risk,25774.36,2026-05-23,Y
CUST0002890,Occasional,85353.8,2026-07-18,N
CUST0002891,Regular,66612.79,2026-06-11,Y
CUST0002892,Occasional,18434.89,2026-04-10,Y
CUST0002893,Occasional,57113.61,2026-07-08,N
CUST0002894,Regular,87372.8,2026-06-25,N
CUST0002895,Occasional,56068.5,2026-01-07,N
CUST0002896,At Risk,24699.66,2026-01-16,N
CUST0002897,Occasional,23017.32,2026-05-13,Y
CUST0002898,Regular,65411.58,2026-04-17,Y
CUST0002899,High Value,22345.01,2026-03-26,Y
CUST0002900,At Risk,48869.06,2026-07-18,Y
CUST0002901,At Risk,55853.33,2026-03-13,Y
CUST0002902,At Risk,23705.03,2026-06-28,Y
CUST0002903,At Risk,17972.04,2026-05-31,Y
CUST0002904,Regular,18277.06,2026-02-09,Y
CUST0002905,High Value,8949.48,2026-03-13,N
CUST0002906,High Value,58844.7,2026-05-04,N
CUST0002907,High Value,9463.32,2026-06-19,N
CUST0002908,At Risk,25919.31,2026-01-21,N
CUST0002909,High Value,6309.07,2026-02-01,Y
CUST0002910,At Risk,78012.72,2026-02-01,Y
CUST0002911,High Value,9856.49,2026-02-09,Y
CUST0002912,Occasional,84675.9,2026-06-30,Y
CUST0002913,High Value,95181.39,2026-01-17,Y
CUST0002914,At Risk,95512.82,2026-01-03,N
CUST0002915,At Risk,93954.41,2026-04-18,Y
CUST0002916,At Risk,79209.4,2026-03-24,N
CUST0002917,Occasional,70301.45,2026-02-15,N
CUST0002918,High Value,30118.04,2026-01-17,Y
CUST0002919,High Value,7922.55,2026-01-08,N
CUST0002920,Regular,4779.47,2026-02-04,N
CUST0002921,High Value,39152.13,2026-06-11,N
CUST0002922,Regular,34808.09,2026-07-23,N
CUST0002923,At Risk,97145.3,2026-02-05,Y
CUST0002924,Regular,51948.07,2026-01-09,N
CUST0002925,At Risk,4737.84,2026-01-20,Y
CUST0002926,At Risk,53835.23,2026-01-16,N
CUST0002927,Occasional,51298.4,2026-07-13,Y
CUST0002928,Occasional,4812.09,2026-03-27,Y
CUST0002929,Regular,50552.0,2026-01-25,N
CUST0002930,At Risk,80952.33,2026-05-13,Y
CUST0002931,High Value,7856.01,2026-04-13,N
CUST0002932,Regular,18123.46,2026-01-18,N
CUST0002933,Occasional,14659.42,2026-06-20,N
CUST0002934,Regular,64114.66,2026-02-06,Y
CUST0002935,Occasional,90994.73,2026-06-03,N
CUST0002936,At Risk,64502.46,2026-05-12,Y
CUST0002937,Occasional,30949.43,2026-02-19,Y
CUST0002938,At Risk,74195.38,2026-04-15,N
CUST0002939,Occasional,60189.58,2026-04-30,Y
CUST0002940,High Value,25591.86,2026-06-20,Y
CUST0002941,Regular,81350.61,2026-01-31,Y
CUST0002942,Occasional,68081.15,2026-07-30,N
CUST0002943,High Value,64572.19,2026-05-06,N
CUST0002944,Regular,1237.98,2026-02-01,N
CUST0002945,Occasional,66787.21,2026-02-22,N
CUST0002946,High Value,18111.86,2026-04-14,N
CUST0002947,Occasional,6073.04,2026-02-26,N
CUST0002948,At Risk,87333.28,2026-06-07,Y
CUST0002949,At Risk,38728.92,2026-06-19,Y
CUST0002950,Regular,94273.84,2026-04-28,Y
CUST0002951,Regular,20617.72,2026-06-20,Y
CUST0002952,High Value,47494.82,2026-05-04,Y
CUST0002953,High Value,72943.32,2026-04-14,N
CUST0002954,Regular,96113.76,2026-04-30,N
CUST0002955,High Value,56007.39,2026-05-02,N
CUST0002956,Occasional,63641.94,2026-03-01,Y
CUST0002957,At Risk,41024.99,2026-05-14,Y
CUST0002958,Occasional,62669.85,2026-06-11,N
CUST0002959,At Risk,86026.8,2026-07-22,Y
CUST0002960,High Value,26019.66,2026-05-09,N
CUST0002961,Regular,28625.83,2026-01-31,Y
CUST0002962,At Risk,60336.8,2026-02-06,Y
CUST0002963,At Risk,22821.16,2026-05-19,Y
CUST0002964,Occasional,91227.37,2026-05-10,N
CUST0002965,High Value,66736.07,2026-05-09,Y
CUST0002966,High Value,61485.47,2026-05-13,N
CUST0002967,At Risk,38405.33,2026-04-28,Y
CUST0002968,High Value,93399.04,2026-03-22,Y
CUST0002969,Regular,66457.54,2026-03-15,N
CUST0002970,At Risk,68537.36,2026-03-16,N
CUST0002971,At Risk,41986.81,2026-03-19,N
CUST0002972,At Risk,81833.16,2026-06-13,Y
CUST0002973,Occasional,75065.39,2026-07-15,Y
CUST0002974,At Risk,6795.39,2026-03-26,N
CUST0002975,Regular,72639.08,2026-05-27,N
CUST0002976,Regular,41017.56,2026-05-14,Y
CUST0002977,Occasional,3478.97,2026-01-22,N
CUST0002978,High Value,6735.21,2026-05-27,N
CUST0002979,High Value,2808.35,2026-02-15,Y
CUST0002980,High Value,6968.76,2026-03-01,Y
CUST0002981,At Risk,67485.22,2026-07-11,Y
CUST0002982,Occasional,29918.88,2026-02-06,Y
CUST0002983,Regular,33902.48,2026-05-26,Y
CUST0002984,At Risk,42925.37,2026-06-29,N
CUST0002985,Occasional,80478.27,2026-03-17,Y
CUST0002986,Regular,25193.83,2026-07-08,N
CUST0002987,At Risk,25367.52,2026-05-25,Y
CUST0002988,Occasional,49478.47,2026-01-25,N
CUST0002989,Regular,2071.63,2026-04-21,N
CUST0002990,Occasional,29299.95,2026-05-26,Y
CUST0002991,Occasional,57506.24,2026-03-30,Y
CUST0002992,At Risk,10715.08,2026-06-25,Y
CUST0002993,Regular,78051.77,2026-03-10,N
CUST0002994,Regular,81047.9,2026-05-25,N
CUST0002995,At Risk,93514.06,2026-04-12,N
CUST0002996,Occasional,41369.84,2026-03-16,Y
CUST0002997,Occasional,21020.87,2026-06-28,Y
CUST0002998,At Risk,32154.75,2026-07-20,N
CUST0002999,Occasional,64420.09,2026-04-29,Y
CUST0003000,Occasional,67802.91,2026-05-15,Y
CUST0003001,At Risk,91460.24,2026-04-18,Y
CUST0003002,Regular,62938.97,2026-05-22,Y
CUST0003003,At Risk,58263.44,2026-04-08,N
CUST0003004,Occasional,33337.83,2026-06-17,N
CUST0003005,Occasional,21147.59,2026-05-30,N
CUST0003006,High Value,12320.15,2026-01-25,Y
CUST0003007,Regular,6462.27,2026-03-20,N
CUST0003008,High Value,87311.9,2026-06-15,Y
CUST0003009,At Risk,81426.32,2026-01-28,Y
CUST0003010,Regular,29234.0,2026-07-25,Y
CUST0003011,Regular,40916.6,2026-06-20,N
CUST0003012,Regular,41075.69,2026-02-05,Y
CUST0003013,At Risk,24190.89,2026-04-19,Y
CUST0003014,Occasional,26000.57,2026-06-01,N
CUST0003015,Regular,9045.12,2026-04-23,Y
CUST0003016,Occasional,15991.8,2026-07-19,N
CUST0003017,Regular,86249.56,2026-01-26,N
CUST0003018,At Risk,2351.17,2026-04-30,Y
CUST0003019,High Value,81447.95,2026-01-21,Y
CUST0003020,High Value,7500.09,2026-01-19,N
CUST0003021,Occasional,85567.49,2026-06-30,N
CUST0003022,Occasional,9346.05,2026-05-31,N
CUST0003023,High Value,7496.3,2026-05-16,N
CUST0003024,Regular,32456.5,2026-05-27,N
CUST0003025,At Risk,19883.07,2026-01-21,N
CUST0003026,At Risk,33931.87,2026-02-15,N
CUST0003027,Regular,92422.43,2026-07-15,Y
CUST0003028,High Value,57467.03,2026-02-01,N
CUST0003029,Occasional,39781.23,2026-05-11,Y
CUST0003030,Regular,41774.61,2026-06-29,N
CUST0003031,High Value,94479.01,2026-05-19,N
CUST0003032,Regular,58709.79,2026-01-30,Y
CUST0003033,Regular,29264.16,2026-05-08,Y
CUST0003034,High Value,32218.63,2026-02-01,N
CUST0003035,Occasional,61408.62,2026-07-29,Y
CUST0003036,At Risk,14983.21,2026-02-03,Y
CUST0003037,At Risk,90774.67,2026-04-16,N
CUST0003038,At Risk,22224.39,2026-07-08,N
CUST0003039,Occasional,40664.32,2026-07-04,N
CUST0003040,Occasional,59051.55,2026-07-17,N
CUST0003041,Occasional,76386.84,2026-05-28,Y
CUST0003042,High Value,84407.22,2026-05-08,N
CUST0003043,Regular,32134.26,2026-07-07,N
CUST0003044,At Risk,18635.82,2026-02-14,Y
CUST0003045,Regular,27762.6,2026-03-25,Y
CUST0003046,High Value,75749.5,2026-01-19,Y
CUST0003047,At Risk,69328.22,2026-01-30,Y
CUST0003048,High Value,17977.55,2026-06-20,N
CUST0003049,High Value,64081.77,2026-03-20,Y
CUST0003050,At Risk,36501.04,2026-02-25,N
CUST0003051,High Value,43700.8,2026-04-26,Y
CUST0003052,High Value,3797.99,2026-06-22,N
CUST0003053,Occasional,56815.56,2026-03-14,N
CUST0003054,Regular,29991.55,2026-06-01,N
CUST0003055,Occasional,66061.97,2026-07-21,Y
CUST0003056,At Risk,7698.64,2026-01-05,Y
CUST0003057,High Value,24208.86,2026-03-01,N
CUST0003058,High Value,60516.57,2026-07-04,N
CUST0003059,High Value,67962.41,2026-04-06,N
CUST0003060,At Risk,14120.02,2026-01-15,Y
CUST0003061,Regular,10855.39,2026-05-07,N
CUST0003062,High Value,22178.16,2026-02-10,N
CUST0003063,At Risk,25497.49,2026-01-10,Y
CUST0003064,At Risk,57767.19,2026-06-07,Y
CUST0003065,At Risk,70723.69,2026-01-08,Y
CUST0003066,High Value,6802.19,2026-05-12,N
CUST0003067,Regular,68733.92,2026-04-12,Y
CUST0003068,High Value,85754.44,2026-05-24,N
CUST0003069,Occasional,52788.77,2026-01-15,N
CUST0003070,High Value,49336.05,2026-04-07,Y
CUST0003071,At Risk,98793.69,2026-07-25,Y
CUST0003072,Regular,6083.67,2026-06-28,N
CUST0003073,Regular,5154.4,2026-02-06,N
CUST0003074,At Risk,96576.15,2026-04-30,N
CUST0003075,At Risk,14967.86,2026-06-18,N
CUST0003076,High Value,68263.54,2026-04-20,Y
CUST0003077,At Risk,68033.54,2026-02-16,Y
CUST0003078,At Risk,94597.53,2026-07-08,Y
CUST0003079,At Risk,54731.54,2026-05-18,N
CUST0003080,Regular,32513.39,2026-04-08,Y
CUST0003081,Regular,96216.5,2026-04-12,N
CUST0003082,High Value,42774.31,2026-03-24,N
CUST0003083,Regular,62711.06,2026-02-04,Y
CUST0003084,Regular,74005.21,2026-05-24,N
CUST0003085,Occasional,99695.35,2026-07-11,N
CUST0003086,High Value,89904.46,2026-02-14,N
CUST0003087,Regular,79325.12,2026-07-05,N
CUST0003088,Occasional,60039.77,2026-01-06,Y
CUST0003089,Regular,96718.83,2026-05-14,Y
CUST0003090,Regular,15140.82,2026-02-25,N
CUST0003091,At Risk,943.31,2026-02-25,Y
CUST0003092,Regular,34262.64,2026-07-17,Y
CUST0003093,At Risk,87978.75,2026-04-19,Y
CUST0003094,Regular,29592.7,2026-01-25,N
CUST0003095,Occasional,24403.83,2026-05-10,Y
CUST0003096,Regular,45325.15,2026-07-22,N
CUST0003097,Regular,9974.17,2026-06-14,Y
CUST0003098,Regular,36735.87,2026-06-28,Y
CUST0003099,Occasional,18798.41,2026-06-30,N
CUST0003100,High Value,39872.25,2026-06-25,Y
CUST0003101,Occasional,57507.18,2026-04-26,N
CUST0003102,Occasional,40314.45,2026-06-24,Y
CUST0003103,At Risk,27460.44,2026-02-25,N
CUST0003104,Occasional,19248.72,2026-04-26,Y
CUST0003105,High Value,53168.1,2026-07-11,N
CUST0003106,At Risk,5090.85,2026-02-27,Y
CUST0003107,Occasional,71475.31,2026-02-21,N
CUST0003108,Occasional,8538.93,2026-03-19,N
CUST0003109,Regular,43644.64,2026-01-31,N
CUST0003110,Occasional,56860.63,2026-06-08,Y
CUST0003111,High Value,19737.92,2026-04-30,Y
CUST0003112,High Value,73082.26,2026-04-04,N
CUST0003113,High Value,2309.37,2026-05-02,N
CUST0003114,At Risk,6037.04,2026-01-06,N
CUST0003115,High Value,59893.81,2026-06-01,N
CUST0003116,At Risk,31664.62,2026-07-19,N
CUST0003117,High Value,31694.81,2026-05-13,Y
CUST0003118,Regular,80620.66,2026-03-03,Y
CUST0003119,At Risk,69269.28,2026-03-02,Y
CUST0003120,High Value,36736.15,2026-07-21,N
CUST0003121,High Value,20297.94,2026-03-05,Y
CUST0003122,High Value,20372.45,2026-04-28,N
CUST0003123,Regular,65946.01,2026-07-15,N
CUST0003124,High Value,14052.28,2026-05-03,Y
CUST0003125,High Value,23126.2,2026-06-16,N
CUST0003126,Regular,26542.09,2026-06-05,N
CUST0003127,Regular,20426.27,2026-02-13,N
CUST0003128,High Value,18789.71,2026-04-24,N
CUST0003129,Occasional,15993.72,2026-01-21,N
CUST0003130,Occasional,46949.86,2026-04-23,N
CUST0003131,At Risk,24732.06,2026-04-26,N
CUST0003132,Occasional,16282.18,2026-04-16,N
CUST0003133,At Risk,69297.64,2026-06-04,Y
CUST0003134,Regular,53843.08,2026-05-26,N
CUST0003135,Occasional,24290.26,2026-05-19,Y
CUST0003136,High Value,5553.78,2026-07-24,Y
CUST0003137,Regular,15590.5,2026-04-18,N
CUST0003138,Regular,7529.55,2026-03-20,Y
CUST0003139,Occasional,9677.44,2026-05-07,N
CUST0003140,At Risk,74991.51,2026-02-24,N
CUST0003141,At Risk,1684.84,2026-07-29,N
CUST0003142,High Value,92695.1,2026-02-07,N
CUST0003143,Regular,71749.94,2026-02-17,Y
CUST0003144,Regular,82472.55,2026-03-29,N
CUST0003145,Regular,51463.96,2026-03-10,N
CUST0003146,At Risk,21144.01,2026-06-19,Y
CUST0003147,Occasional,89934.05,2026-03-20,Y
CUST0003148,At Risk,36763.44,2026-03-16,N
CUST0003149,Occasional,18687.04,2026-07-25,N
CUST0003150,High Value,34572.96,2026-02-16,N
CUST0003151,At Risk,53003.88,2026-02-02,N
CUST0003152,Occasional,32265.29,2026-04-02,N
CUST0003153,Occasional,61713.97,2026-03-18,N
CUST0003154,High Value,45350.44,2026-07-01,N
CUST0003155,Regular,14827.42,2026-03-05,Y
CUST0003156,High Value,6427.46,2026-06-17,N
CUST0003157,High Value,25261.04,2026-06-05,Y
CUST0003158,Occasional,25705.78,2026-06-02,Y
CUST0003159,Regular,71620.4,2026-03-16,Y
CUST0003160,Occasional,87312.85,2026-06-29,N
CUST0003161,High Value,36728.81,2026-01-08,Y
CUST0003162,At Risk,29910.51,2026-05-11,Y
CUST0003163,Regular,64586.29,2026-04-29,N
CUST0003164,At Risk,78102.42,2026-01-17,N
CUST0003165,Occasional,90764.11,2026-05-01,Y
CUST0003166,Occasional,5747.4,2026-07-13,N
CUST0003167,Regular,2204.66,2026-07-17,N
CUST0003168,Regular,54036.92,2026-06-05,N
CUST0003169,Occasional,38169.11,2026-06-17,N
CUST0003170,High Value,96856.14,2026-01-16,N
CUST0003171,At Risk,59581.2,2026-05-08,Y
CUST0003172,High Value,65112.31,2026-02-02,Y
CUST0003173,High Value,41250.2,2026-03-30,N
CUST0003174,High Value,47367.2,2026-07-09,N
CUST0003175,Occasional,66910.37,2026-07-24,Y
CUST0003176,High Value,34384.16,2026-02-09,Y
CUST0003177,High Value,11429.15,2026-04-06,N
CUST0003178,At Risk,2304.1,2026-02-02,Y
CUST0003179,High Value,35837.29,2026-01-25,N
CUST0003180,Regular,57502.44,2026-03-27,N
CUST0003181,High Value,52847.87,2026-01-22,N
CUST0003182,High Value,67337.93,2026-03-29,N
CUST0003183,High Value,42760.01,2026-05-27,N
CUST0003184,Regular,21802.55,2026-05-02,N
CUST0003185,At Risk,63749.66,2026-04-11,Y
CUST0003186,Regular,22170.88,2026-04-11,Y
CUST0003187,At Risk,2844.28,2026-03-05,N
CUST0003188,Regular,87401.37,2026-02-04,N
CUST0003189,High Value,68003.51,2026-06-25,Y
CUST0003190,Regular,12284.94,2026-06-22,Y
CUST0003191,Regular,47458.3,2026-01-13,N
CUST0003192,High Value,58154.41,2026-06-29,N
CUST0003193,Occasional,39333.38,2026-03-30,N
CUST0003194,Regular,14989.42,2026-01-01,N
CUST0003195,High Value,43842.14,2026-05-05,N
CUST0003196,High Value,27842.1,2026-03-20,Y
CUST0003197,Occasional,65439.18,2026-04-26,Y
CUST0003198,Regular,10129.02,2026-06-10,Y
CUST0003199,At Risk,78516.89,2026-05-25,Y
CUST0003200,At Risk,81594.25,2026-05-06,N
CUST0003201,Occasional,78322.02,2026-07-11,Y
CUST0003202,High Value,58840.91,2026-03-30,N
CUST0003203,High Value,20423.23,2026-01-31,Y
CUST0003204,High Value,1020.0,2026-05-29,N
CUST0003205,Occasional,98431.2,2026-05-02,Y
CUST0003206,High Value,68347.81,2026-07-30,N
CUST0003207,At Risk,70269.75,2026-02-14,N
CUST0003208,At Risk,5681.66,2026-03-03,Y
CUST0003209,High Value,84090.04,2026-05-07,N
CUST0003210,High Value,40084.76,2026-05-31,Y
CUST0003211,High Value,1493.34,2026-04-30,N
CUST0003212,Occasional,17797.27,2026-06-12,Y
CUST0003213,High Value,89921.25,2026-06-17,Y
CUST0003214,Occasional,44157.61,2026-03-11,Y
CUST0003215,At Risk,23239.01,2026-06-07,Y
CUST0003216,Regular,95507.51,2026-07-12,N
CUST0003217,High Value,26776.43,2026-01-05,Y
CUST0003218,At Risk,82520.51,2026-07-17,N
CUST0003219,Regular,40117.36,2026-06-24,N
CUST0003220,At Risk,22980.79,2026-05-09,Y
CUST0003221,Regular,65602.3,2026-07-04,N
CUST0003222,High Value,39508.37,2026-01-02,Y
CUST0003223,Regular,90382.79,2026-07-30,Y
CUST0003224,At Risk,68477.42,2026-02-28,Y
CUST0003225,Occasional,44952.99,2026-05-06,Y
CUST0003226,At Risk,1328.89,2026-01-22,Y
CUST0003227,Occasional,68205.48,2026-03-09,Y
CUST0003228,High Value,94496.94,2026-02-24,N
CUST0003229,Occasional,15805.99,2026-01-25,Y
CUST0003230,At Risk,77099.31,2026-07-21,Y
CUST0003231,Regular,96544.54,2026-07-15,N
CUST0003232,Occasional,29337.66,2026-07-06,N
CUST0003233,High Value,8598.73,2026-06-28,Y
CUST0003234,At Risk,51898.46,2026-05-31,Y
CUST0003235,At Risk,30686.87,2026-01-11,N
CUST0003236,At Risk,92030.57,2026-05-25,N
CUST0003237,Occasional,29461.85,2026-06-29,N
CUST0003238,Regular,86452.87,2026-07-20,Y
CUST0003239,At Risk,68839.55,2026-05-10,N
CUST0003240,At Risk,30367.55,2026-07-02,N
CUST0003241,High Value,70221.0,2026-06-24,Y
CUST0003242,High Value,49157.79,2026-07-07,Y
CUST0003243,Regular,30120.23,2026-05-04,N
CUST0003244,At Risk,35070.71,2026-05-07,Y
CUST0003245,At Risk,25809.18,2026-03-26,N
CUST0003246,High Value,17945.39,2026-06-14,N
CUST0003247,At Risk,83184.71,2026-06-03,Y
CUST0003248,High Value,71346.45,2026-02-21,N
CUST0003249,At Risk,32776.59,2026-01-22,N
CUST0003250,High Value,91302.31,2026-06-23,N
CUST0003251,High Value,60652.81,2026-04-10,Y
CUST0003252,Regular,1478.87,2026-03-25,Y
CUST0003253,At Risk,16720.03,2026-02-26,Y
CUST0003254,Occasional,28415.27,2026-06-03,N
CUST0003255,Regular,61964.43,2026-04-02,N
CUST0003256,Occasional,3779.01,2026-06-01,N
CUST0003257,At Risk,26970.76,2026-03-24,Y
CUST0003258,At Risk,63326.22,2026-01-17,N
CUST0003259,At Risk,49717.49,2026-07-29,Y
CUST0003260,Regular,75766.94,2026-01-25,N
CUST0003261,Regular,44675.66,2026-07-16,N
CUST0003262,Regular,35750.38,2026-04-22,Y
CUST0003263,High Value,81446.5,2026-01-25,Y
CUST0003264,Occasional,54855.64,2026-01-25,Y
CUST0003265,At Risk,7540.01,2026-01-05,N
CUST0003266,Regular,81393.84,2026-05-10,N
CUST0003267,Regular,61084.57,2026-05-27,Y
CUST0003268,High Value,87232.21,2026-01-10,Y
CUST0003269,Occasional,34777.69,2026-03-05,Y
CUST0003270,Regular,21353.47,2026-05-18,Y
CUST0003271,Regular,63186.29,2026-03-15,N
CUST0003272,At Risk,40436.39,2026-05-03,N
CUST0003273,At Risk,45000.36,2026-04-19,Y
CUST0003274,High Value,77378.85,2026-05-23,N
CUST0003275,Regular,40230.4,2026-01-12,Y
CUST0003276,Regular,50050.9,2026-01-22,Y
CUST0003277,At Risk,84569.51,2026-05-08,N
CUST0003278,Regular,47237.81,2026-01-04,N
CUST0003279,Occasional,91282.65,2026-06-15,N
CUST0003280,Regular,65498.47,2026-04-08,Y
CUST0003281,At Risk,90023.54,2026-01-05,N
CUST0003282,Regular,46994.06,2026-07-22,N
CUST0003283,Occasional,41346.89,2026-04-29,N
CUST0003284,At Risk,25067.6,2026-07-26,N
CUST0003285,Regular,85654.97,2026-02-04,Y
CUST0003286,High Value,95612.21,2026-07-11,Y
CUST0003287,At Risk,93334.02,2026-05-07,N
CUST0003288,Occasional,42976.95,2026-07-18,Y
CUST0003289,High Value,11472.5,2026-03-01,Y
CUST0003290,At Risk,77315.35,2026-07-02,N
CUST0003291,High Value,20482.24,2026-05-02,Y
CUST0003292,At Risk,67655.62,2026-07-05,N
CUST0003293,High Value,99538.7,2026-04-01,Y
CUST0003294,Regular,67615.06,2026-01-21,Y
CUST0003295,High Value,18673.3,2026-04-14,Y
CUST0003296,High Value,17096.27,2026-07-02,N
CUST0003297,Regular,18432.28,2026-06-01,Y
CUST0003298,At Risk,53976.69,2026-01-04,N
CUST0003299,Regular,9269.44,2026-05-03,Y
CUST0003300,Occasional,14115.92,2026-03-14,Y
CUST0003301,At Risk,58475.12,2026-06-20,N
CUST0003302,High Value,14400.73,2026-06-08,N
CUST0003303,At Risk,61508.06,2026-01-16,N
CUST0003304,Occasional,12197.1,2026-02-02,N
CUST0003305,Regular,67496.11,2026-07-21,N
CUST0003306,Regular,61521.79,2026-01-07,N
CUST0003307,High Value,92210.44,2026-06-15,N
CUST0003308,High Value,10268.87,2026-04-02,N
CUST0003309,At Risk,25492.71,2026-01-31,Y
CUST0003310,At Risk,81790.86,2026-02-09,Y
CUST0003311,Regular,30136.22,2026-04-01,Y
CUST0003312,Occasional,20286.84,2026-01-16,Y
CUST0003313,Regular,34935.16,2026-03-13,Y
CUST0003314,High Value,16747.82,2026-03-09,N
CUST0003315,Occasional,66599.8,2026-06-17,N
CUST0003316,At Risk,37058.43,2026-06-23,Y
CUST0003317,At Risk,73054.41,2026-04-08,N
CUST0003318,Regular,27348.84,2026-05-12,N
CUST0003319,Occasional,55382.2,2026-03-18,N
CUST0003320,Regular,16433.82,2026-07-23,N
CUST0003321,Regular,31682.03,2026-07-25,Y
CUST0003322,Occasional,54090.2,2026-06-16,Y
CUST0003323,High Value,67531.06,2026-05-22,Y
CUST0003324,At Risk,45844.29,2026-07-15,N
CUST0003325,High Value,33556.99,2026-01-17,Y
CUST0003326,High Value,87490.15,2026-06-09,N
CUST0003327,At Risk,68345.62,2026-02-15,N
CUST0003328,Occasional,72108.51,2026-05-22,N
CUST0003329,Regular,77065.84,2026-06-23,N
CUST0003330,Regular,9969.78,2026-02-01,Y
CUST0003331,At Risk,16956.73,2026-07-17,N
CUST0003332,Occasional,31987.71,2026-07-06,N
CUST0003333,Occasional,70624.24,2026-05-07,Y
CUST0003334,Occasional,53579.9,2026-06-09,N
CUST0003335,High Value,33136.42,2026-05-06,N
CUST0003336,High Value,73843.67,2026-02-26,N
CUST0003337,High Value,28457.61,2026-07-28,N
CUST0003338,Occasional,44329.37,2026-07-16,Y
CUST0003339,At Risk,95398.99,2026-02-08,Y
CUST0003340,Regular,14664.16,2026-07-29,Y
CUST0003341,High Value,16002.43,2026-06-26,N
CUST0003342,Occasional,71662.7,2026-03-07,N
CUST0003343,At Risk,84053.59,2026-02-28,Y
CUST0003344,Regular,2713.64,2026-02-27,N
CUST0003345,Occasional,30876.5,2026-06-05,N
CUST0003346,High Value,71728.31,2026-06-16,Y
CUST0003347,Regular,43088.6,2026-03-28,Y
CUST0003348,At Risk,5238.94,2026-05-10,N
CUST0003349,Occasional,98624.4,2026-04-25,Y
CUST0003350,Occasional,27177.12,2026-03-27,N
CUST0003351,Regular,89757.69,2026-05-22,Y
CUST0003352,Regular,25845.34,2026-03-12,Y
CUST0003353,High Value,85245.32,2026-07-01,Y
CUST0003354,At Risk,8357.33,2026-01-22,N
CUST0003355,Regular,66957.94,2026-04-07,N
CUST0003356,Regular,1562.0,2026-01-21,Y
CUST0003357,At Risk,60267.88,2026-06-10,N
CUST0003358,Occasional,86685.07,2026-06-01,N
CUST0003359,At Risk,79266.26,2026-02-13,N
CUST0003360,High Value,62633.25,2026-03-13,Y
CUST0003361,High Value,65037.74,2026-07-17,N
CUST0003362,Regular,5618.25,2026-05-25,Y
CUST0003363,Regular,73564.64,2026-03-26,Y
CUST0003364,At Risk,14148.63,2026-06-29,N
CUST0003365,High Value,3242.82,2026-07-14,Y
CUST0003366,Regular,45289.49,2026-07-26,N
CUST0003367,Regular,68557.03,2026-02-21,Y
CUST0003368,Occasional,49601.25,2026-01-07,N
CUST0003369,At Risk,25860.02,2026-02-09,N
CUST0003370,Occasional,12833.3,2026-03-10,N
CUST0003371,Occasional,94045.51,2026-02-02,N
CUST0003372,At Risk,287.59,2026-01-09,Y
CUST0003373,High Value,19063.69,2026-04-19,N
CUST0003374,High Value,21210.9,2026-01-16,Y
CUST0003375,Occasional,71678.28,2026-06-18,Y
CUST0003376,High Value,11123.82,2026-05-28,Y
CUST0003377,High Value,75125.46,2026-02-17,N
CUST0003378,Occasional,84768.1,2026-02-02,Y
CUST0003379,Occasional,86373.14,2026-04-21,N
CUST0003380,At Risk,13857.8,2026-01-28,Y
CUST0003381,High Value,27568.55,2026-07-06,N
CUST0003382,At Risk,11131.7,2026-03-18,Y
CUST0003383,High Value,26144.79,2026-04-06,Y
CUST0003384,Regular,34954.85,2026-04-27,Y
CUST0003385,Occasional,7982.09,2026-05-02,Y
CUST0003386,High Value,31853.2,2026-04-08,Y
CUST0003387,Regular,9917.09,2026-07-10,Y
CUST0003388,Regular,7999.44,2026-02-28,Y
CUST0003389,High Value,75911.23,2026-04-20,Y
CUST0003390,Occasional,7250.17,2026-03-13,Y
CUST0003391,At Risk,58586.54,2026-01-24,Y
CUST0003392,At Risk,18117.81,2026-04-11,N
CUST0003393,At Risk,56191.82,2026-02-28,N
CUST0003394,Regular,55021.98,2026-02-13,N
CUST0003395,High Value,78880.87,2026-04-29,N
CUST0003396,High Value,16733.18,2026-03-18,N
CUST0003397,High Value,21248.38,2026-06-17,Y
CUST0003398,High Value,68258.58,2026-05-20,N
CUST0003399,Occasional,31997.28,2026-04-20,N
CUST0003400,Regular,10293.54,2026-05-08,N
CUST0003401,Regular,46444.15,2026-03-04,N
CUST0003402,High Value,73899.5,2026-04-24,Y
CUST0003403,Occasional,55129.23,2026-03-06,Y
CUST0003404,High Value,72807.64,2026-04-24,N
CUST0003405,At Risk,75004.38,2026-05-13,N
CUST0003406,Occasional,26928.76,2026-04-18,N
CUST0003407,At Risk,85832.07,2026-06-26,N
CUST0003408,Occasional,20209.74,2026-01-21,Y
CUST0003409,Occasional,51393.45,2026-05-19,N
CUST0003410,Occasional,88317.84,2026-03-27,Y
CUST0003411,High Value,86117.06,2026-03-08,N
CUST0003412,Regular,73977.66,2026-06-10,N
CUST0003413,Occasional,68028.19,2026-06-08,Y
CUST0003414,High Value,55477.08,2026-04-29,Y
CUST0003415,Regular,39967.67,2026-01-06,N
CUST0003416,Occasional,88019.08,2026-01-24,N
CUST0003417,Occasional,78523.51,2026-04-12,N
CUST0003418,Regular,54437.14,2026-07-15,N
CUST0003419,Regular,3917.61,2026-01-22,Y
CUST0003420,High Value,82636.74,2026-05-26,Y
CUST0003421,Regular,68118.94,2026-02-21,Y
CUST0003422,At Risk,92391.65,2026-04-17,Y
CUST0003423,High Value,22846.65,2026-03-31,Y
CUST0003424,At Risk,48760.36,2026-04-13,Y
CUST0003425,Regular,39017.59,2026-07-26,N
CUST0003426,Regular,90178.44,2026-07-11,Y
CUST0003427,High Value,94770.45,2026-04-08,N
CUST0003428,At Risk,34316.21,2026-06-01,N
CUST0003429,Occasional,33644.13,2026-01-15,N
CUST0003430,High Value,73799.75,2026-03-15,Y
CUST0003431,High Value,53367.3,2026-03-04,N
CUST0003432,At Risk,88303.3,2026-07-02,Y
CUST0003433,At Risk,16262.47,2026-06-03,N
CUST0003434,High Value,77691.33,2026-03-17,Y
CUST0003435,Regular,14229.47,2026-01-03,Y
CUST0003436,At Risk,57276.9,2026-03-31,Y
CUST0003437,High Value,44253.05,2026-06-04,N
CUST0003438,High Value,46192.81,2026-04-19,N
CUST0003439,At Risk,76834.19,2026-02-24,N
CUST0003440,High Value,19420.02,2026-04-28,Y
CUST0003441,High Value,96097.34,2026-06-02,Y
CUST0003442,Regular,76002.3,2026-05-20,Y
CUST0003443,High Value,43761.16,2026-04-23,Y
CUST0003444,At Risk,34349.48,2026-06-03,Y
CUST0003445,Occasional,80735.49,2026-01-09,Y
CUST0003446,High Value,92642.73,2026-07-30,Y
CUST0003447,Occasional,87534.17,2026-07-03,N
CUST0003448,Occasional,75085.93,2026-01-22,N
CUST0003449,At Risk,57283.73,2026-02-20,Y
CUST0003450,At Risk,51589.51,2026-05-10,N
CUST0003451,High Value,81538.29,2026-04-27,Y
CUST0003452,At Risk,5747.81,2026-02-12,Y
CUST0003453,High Value,28731.23,2026-07-13,Y
CUST0003454,Regular,70524.42,2026-01-05,N
CUST0003455,Occasional,93895.76,2026-05-21,N
CUST0003456,High Value,35650.73,2026-02-20,Y
CUST0003457,High Value,69645.43,2026-04-26,N
CUST0003458,At Risk,19602.98,2026-07-03,N
CUST0003459,High Value,13347.4,2026-04-28,N
CUST0003460,Regular,52285.38,2026-05-16,N
CUST0003461,At Risk,77127.56,2026-04-02,Y
CUST0003462,High Value,65270.83,2026-06-13,Y
CUST0003463,Occasional,98647.31,2026-02-22,N
CUST0003464,At Risk,99841.07,2026-01-03,Y
CUST0003465,High Value,87770.69,2026-01-06,Y
CUST0003466,High Value,29098.13,2026-03-22,N
CUST0003467,Occasional,22980.43,2026-06-13,Y
CUST0003468,Regular,53915.44,2026-02-24,N
CUST0003469,High Value,10594.93,2026-04-16,Y
CUST0003470,At Risk,45139.88,2026-01-26,N
CUST0003471,Regular,94177.06,2026-04-27,N
CUST0003472,High Value,94686.7,2026-05-18,Y
CUST0003473,Occasional,75281.33,2026-05-12,Y
CUST0003474,High Value,16005.2,2026-06-21,N
CUST0003475,Occasional,68191.32,2026-02-02,Y
CUST0003476,Occasional,46821.84,2026-02-05,N
CUST0003477,High Value,92212.74,2026-01-01,Y
CUST0003478,High Value,21004.98,2026-02-23,Y
CUST0003479,Occasional,89155.95,2026-06-20,Y
CUST0003480,High Value,45726.87,2026-01-29,N
CUST0003481,Regular,71246.56,2026-02-21,N
CUST0003482,High Value,93755.87,2026-02-27,Y
CUST0003483,Occasional,61825.16,2026-07-09,N
CUST0003484,Regular,43269.66,2026-06-16,Y
CUST0003485,At Risk,97495.37,2026-01-21,N
CUST0003486,High Value,21374.45,2026-05-30,Y
CUST0003487,Occasional,33183.52,2026-05-04,Y
CUST0003488,Occasional,54856.5,2026-03-29,Y
CUST0003489,Regular,12740.81,2026-01-11,N
CUST0003490,Occasional,90257.55,2026-02-04,Y
CUST0003491,At Risk,48673.78,2026-02-12,N
CUST0003492,High Value,25674.47,2026-02-26,N
CUST0003493,Occasional,46431.12,2026-01-25,Y
CUST0003494,At Risk,52878.44,2026-03-24,N
CUST0003495,Occasional,71950.0,2026-04-14,Y
CUST0003496,Occasional,19686.76,2026-05-29,Y
CUST0003497,Occasional,59256.45,2026-01-28,Y
CUST0003498,High Value,12970.81,2026-02-02,Y
CUST0003499,At Risk,50372.81,2026-03-24,Y
CUST0003500,At Risk,5123.47,2026-06-24,N
CUST0003501,At Risk,54456.94,2026-06-22,N
CUST0003502,Regular,5868.19,2026-04-02,Y
CUST0003503,At Risk,19526.07,2026-02-06,N
CUST0003504,Occasional,24643.35,2026-02-24,Y
CUST0003505,Occasional,35251.47,2026-03-11,Y
CUST0003506,High Value,56778.08,2026-04-12,N
CUST0003507,Occasional,47573.96,2026-06-03,Y
CUST0003508,Regular,77080.26,2026-01-20,N
CUST0003509,Occasional,13915.4,2026-05-23,N
CUST0003510,Regular,44698.58,2026-02-15,N
CUST0003511,High Value,64054.05,2026-01-28,Y
CUST0003512,High Value,50923.8,2026-03-14,N
CUST0003513,At Risk,52188.78,2026-02-27,Y
CUST0003514,Occasional,65316.5,2026-05-12,Y
CUST0003515,Occasional,53329.06,2026-01-24,N
CUST0003516,High Value,98860.99,2026-02-18,Y
CUST0003517,Occasional,73419.22,2026-07-11,Y
CUST0003518,High Value,37268.98,2026-02-11,Y
CUST0003519,High Value,59676.24,2026-06-28,Y
CUST0003520,Occasional,94048.27,2026-06-10,N
CUST0003521,Regular,53413.08,2026-03-12,N
CUST0003522,High Value,36545.31,2026-04-06,Y
CUST0003523,High Value,47391.93,2026-06-05,N
CUST0003524,Regular,47457.09,2026-05-18,Y
CUST0003525,High Value,37572.88,2026-05-17,N
CUST0003526,Occasional,60809.54,2026-05-17,Y
CUST0003527,At Risk,75100.71,2026-02-08,N
CUST0003528,High Value,96146.6,2026-01-10,N
CUST0003529,Regular,25586.11,2026-03-06,N
CUST0003530,High Value,36910.87,2026-06-19,N
CUST0003531,At Risk,51046.2,2026-03-08,N
CUST0003532,Regular,67990.06,2026-05-21,N
CUST0003533,At Risk,94530.74,2026-06-15,Y
CUST0003534,High Value,48784.22,2026-01-22,N
CUST0003535,Regular,78570.63,2026-04-13,N
CUST0003536,High Value,43159.49,2026-05-07,N
CUST0003537,Regular,88157.15,2026-02-06,N
CUST0003538,At Risk,68934.7,2026-06-27,Y
CUST0003539,At Risk,81636.43,2026-06-05,N
CUST0003540,Regular,6723.25,2026-06-26,Y
CUST0003541,Regular,60254.48,2026-01-07,N
CUST0003542,Regular,26370.29,2026-01-04,Y
CUST0003543,At Risk,40485.02,2026-06-25,N
CUST0003544,High Value,65119.07,2026-02-09,N
CUST0003545,Occasional,75766.83,2026-06-02,N
CUST0003546,Occasional,89786.54,2026-03-18,Y
CUST0003547,Regular,22302.73,2026-05-18,Y
CUST0003548,At Risk,80922.1,2026-05-20,Y
CUST0003549,At Risk,67647.27,2026-07-01,N
CUST0003550,At Risk,1784.61,2026-06-30,N
CUST0003551,High Value,58050.12,2026-05-12,Y
CUST0003552,At Risk,579.11,2026-06-07,N
CUST0003553,At Risk,86778.47,2026-06-24,Y
CUST0003554,High Value,78110.0,2026-07-26,Y
CUST0003555,High Value,43620.76,2026-07-28,N
CUST0003556,At Risk,33195.07,2026-01-16,Y
CUST0003557,At Risk,66703.23,2026-01-28,Y
CUST0003558,Regular,94789.44,2026-01-08,Y
CUST0003559,High Value,72807.39,2026-05-31,Y
CUST0003560,Occasional,88555.45,2026-04-29,Y
CUST0003561,Occasional,38365.68,2026-04-12,N
CUST0003562,Occasional,57501.65,2026-03-07,N
CUST0003563,Occasional,46547.27,2026-06-26,Y
CUST0003564,Regular,58818.98,2026-01-18,N
CUST0003565,High Value,70380.72,2026-03-21,N
CUST0003566,Regular,91943.56,2026-06-19,N
CUST0003567,Occasional,33537.64,2026-06-29,N
CUST0003568,At Risk,79432.91,2026-01-02,Y
CUST0003569,At Risk,74981.6,2026-03-22,N
CUST0003570,Regular,10149.14,2026-03-21,N
CUST0003571,High Value,45968.7,2026-06-12,Y
CUST0003572,Regular,58550.16,2026-02-12,Y
CUST0003573,At Risk,51151.39,2026-05-21,Y
CUST0003574,Regular,25213.27,2026-02-02,Y
CUST0003575,Occasional,66783.18,2026-04-22,N
CUST0003576,Regular,87456.05,2026-05-27,N
CUST0003577,High Value,91770.18,2026-03-14,N
CUST0003578,High Value,51428.28,2026-07-19,N
CUST0003579,Occasional,59819.78,2026-06-07,Y
CUST0003580,Regular,11059.96,2026-03-07,N
CUST0003581,Occasional,78547.22,2026-02-18,N
CUST0003582,High Value,38667.62,2026-01-23,N
CUST0003583,Regular,63894.58,2026-02-20,Y
CUST0003584,At Risk,45447.71,2026-07-29,N
CUST0003585,High Value,55654.55,2026-07-24,Y
CUST0003586,Occasional,43179.07,2026-06-10,N
CUST0003587,Regular,76199.26,2026-01-10,Y
CUST0003588,At Risk,77051.18,2026-03-27,N
CUST0003589,Occasional,13236.77,2026-02-06,Y
CUST0003590,At Risk,75130.19,2026-03-26,N
CUST0003591,High Value,27911.34,2026-05-02,Y
CUST0003592,Regular,79118.21,2026-07-30,Y
CUST0003593,Occasional,39381.07,2026-03-26,N
CUST0003594,Regular,56365.89,2026-01-26,N
CUST0003595,At Risk,28391.3,2026-04-06,N
CUST0003596,At Risk,58726.89,2026-01-11,Y
CUST0003597,At Risk,66980.62,2026-06-26,N
CUST0003598,Regular,73032.27,2026-07-16,N
CUST0003599,Regular,6128.01,2026-02-07,Y
CUST0003600,Occasional,64448.09,2026-01-07,Y
CUST0003601,At Risk,58392.38,2026-07-08,N
CUST0003602,At Risk,9212.61,2026-01-17,Y
CUST0003603,Regular,73306.95,2026-03-11,N
CUST0003604,Occasional,57239.52,2026-04-17,N
CUST0003605,Regular,31765.1,2026-02-22,Y
CUST0003606,At Risk,44750.61,2026-02-11,N
CUST0003607,Regular,82385.13,2026-07-18,N
CUST0003608,High Value,35688.25,2026-01-14,N
CUST0003609,High Value,90809.5,2026-03-04,N
CUST0003610,Regular,40599.17,2026-07-27,Y
CUST0003611,High Value,1328.22,2026-02-13,N
CUST0003612,At Risk,39113.57,2026-03-24,N
CUST0003613,Occasional,69626.63,2026-03-14,Y
CUST0003614,High Value,99183.62,2026-02-23,N
CUST0003615,Occasional,14461.86,2026-05-04,N
CUST0003616,Occasional,50366.55,2026-06-04,Y
CUST0003617,At Risk,10710.54,2026-06-05,N
CUST0003618,High Value,91104.21,2026-06-17,Y
CUST0003619,Regular,36871.4,2026-04-15,Y
CUST0003620,At Risk,31250.7,2026-06-29,Y
CUST0003621,Regular,63940.71,2026-03-14,Y
CUST0003622,High Value,92903.09,2026-04-21,N
CUST0003623,Regular,75345.37,2026-07-26,Y
CUST0003624,Occasional,8916.81,2026-05-22,Y
CUST0003625,Regular,16828.79,2026-05-15,Y
CUST0003626,Occasional,281.16,2026-07-20,N
CUST0003627,Occasional,99478.55,2026-04-13,N
CUST0003628,High Value,49344.15,2026-03-05,N
CUST0003629,At Risk,3415.16,2026-03-07,N
CUST0003630,Occasional,66743.68,2026-01-11,Y
CUST0003631,Regular,41850.56,2026-01-16,Y
CUST0003632,High Value,92060.29,2026-04-14,N
CUST0003633,Occasional,56961.52,2026-04-23,N
CUST0003634,At Risk,41488.14,2026-05-01,N
CUST0003635,At Risk,52869.14,2026-06-09,N
CUST0003636,Occasional,17613.24,2026-06-25,N
CUST0003637,At Risk,68509.88,2026-04-21,N
CUST0003638,At Risk,55696.16,2026-07-07,Y
CUST0003639,At Risk,82113.54,2026-06-21,N
CUST0003640,High Value,66992.08,2026-06-27,Y
CUST0003641,Regular,37782.36,2026-06-18,N
CUST0003642,Regular,76994.38,2026-02-01,Y
CUST0003643,At Risk,62229.2,2026-02-04,N
CUST0003644,At Risk,69854.91,2026-01-16,N
CUST0003645,At Risk,56170.45,2026-01-26,Y
CUST0003646,Regular,8526.27,2026-05-27,Y
CUST0003647,Regular,26336.22,2026-07-20,N
CUST0003648,At Risk,80405.52,2026-04-11,N
CUST0003649,Regular,55497.29,2026-03-17,Y
CUST0003650,At Risk,73404.86,2026-07-11,Y
CUST0003651,Regular,30758.98,2026-03-21,Y
CUST0003652,Occasional,31047.39,2026-03-08,Y
CUST0003653,At Risk,93884.4,2026-06-10,Y
CUST0003654,High Value,90144.55,2026-05-14,N
CUST0003655,Occasional,71551.09,2026-02-18,N
CUST0003656,At Risk,72873.43,2026-04-05,Y
CUST0003657,High Value,42055.35,2026-01-29,Y
CUST0003658,At Risk,80947.11,2026-03-19,N
CUST0003659,Occasional,65626.92,2026-01-01,N
CUST0003660,Occasional,5525.94,2026-05-09,N
CUST0003661,Regular,38146.35,2026-04-14,Y
CUST0003662,At Risk,5275.56,2026-07-22,N
CUST0003663,At Risk,97776.53,2026-03-05,Y
CUST0003664,High Value,80083.99,2026-01-17,Y
CUST0003665,High Value,38683.18,2026-05-31,N
CUST0003666,Regular,65020.81,2026-07-06,N
CUST0003667,Occasional,99290.5,2026-04-17,N
CUST0003668,Regular,33191.84,2026-05-20,N
CUST0003669,At Risk,17165.31,2026-05-26,N
CUST0003670,Regular,21896.65,2026-01-17,N
CUST0003671,Regular,14140.48,2026-04-08,N
CUST0003672,At Risk,63329.65,2026-05-10,N
CUST0003673,At Risk,93075.56,2026-06-19,N
CUST0003674,Regular,69019.11,2026-01-09,N
CUST0003675,At Risk,38918.83,2026-06-23,N
CUST0003676,High Value,63244.19,2026-02-05,N
CUST0003677,Occasional,27911.14,2026-03-16,Y
CUST0003678,High Value,85808.67,2026-05-29,Y
CUST0003679,High Value,71123.38,2026-03-24,N
CUST0003680,Regular,77715.27,2026-06-05,N
CUST0003681,Regular,63658.81,2026-05-03,Y
CUST0003682,High Value,9665.76,2026-05-07,N
CUST0003683,At Risk,55702.06,2026-04-30,Y
CUST0003684,Regular,9265.3,2026-05-13,Y
CUST0003685,Occasional,9609.24,2026-02-10,Y
CUST0003686,Occasional,96935.12,2026-02-12,N
CUST0003687,At Risk,25310.69,2026-04-05,N
CUST0003688,Regular,85768.21,2026-05-04,N
CUST0003689,Occasional,29430.3,2026-03-14,Y
CUST0003690,At Risk,29457.9,2026-02-24,Y
CUST0003691,Regular,13324.21,2026-03-25,N
CUST0003692,Regular,50504.96,2026-05-09,N
CUST0003693,High Value,61781.53,2026-03-02,N
CUST0003694,At Risk,16229.66,2026-05-13,Y
CUST0003695,High Value,26285.87,2026-04-10,N
CUST0003696,Regular,96766.87,2026-05-04,N
CUST0003697,At Risk,63863.6,2026-04-18,Y
CUST0003698,Regular,49533.2,2026-04-13,N
CUST0003699,At Risk,63069.95,2026-02-14,N
CUST0003700,Occasional,61455.09,2026-05-20,N
CUST0003701,High Value,29627.99,2026-02-27,N
CUST0003702,Occasional,30522.82,2026-05-22,Y
CUST0003703,Occasional,46397.21,2026-02-06,Y
CUST0003704,Occasional,6254.69,2026-06-21,Y
CUST0003705,At Risk,29304.77,2026-02-19,N
CUST0003706,High Value,70924.28,2026-07-03,Y
CUST0003707,Regular,43282.53,2026-04-02,Y
CUST0003708,Regular,24998.34,2026-02-04,N
CUST0003709,Regular,72196.53,2026-07-25,Y
CUST0003710,High Value,31427.52,2026-03-28,N
CUST0003711,High Value,40340.5,2026-02-09,Y
CUST0003712,At Risk,59451.26,2026-01-23,Y
CUST0003713,High Value,35720.42,2026-07-13,N
CUST0003714,Occasional,37918.59,2026-01-05,N
CUST0003715,At Risk,97460.81,2026-01-21,N
CUST0003716,At Risk,10601.75,2026-03-28,N
CUST0003717,At Risk,7936.73,2026-06-13,Y
CUST0003718,Occasional,54070.09,2026-03-04,N
CUST0003719,High Value,47139.07,2026-01-20,N
CUST0003720,Occasional,87888.45,2026-03-19,Y
CUST0003721,High Value,20463.13,2026-02-08,N
CUST0003722,High Value,17649.2,2026-04-11,Y
CUST0003723,At Risk,19421.96,2026-05-17,Y
CUST0003724,High Value,98670.24,2026-06-01,Y
CUST0003725,Regular,31293.36,2026-05-03,N
CUST0003726,High Value,33133.4,2026-02-16,N
CUST0003727,Regular,96196.12,2026-04-05,Y
CUST0003728,At Risk,13424.98,2026-02-03,Y
CUST0003729,Occasional,30193.62,2026-05-14,N
CUST0003730,Regular,27879.88,2026-01-24,N
CUST0003731,At Risk,89538.49,2026-07-02,N
CUST0003732,Regular,32194.25,2026-04-05,Y
CUST0003733,Occasional,96497.84,2026-07-06,Y
CUST0003734,Occasional,62386.4,2026-01-10,Y
CUST0003735,At Risk,16160.19,2026-06-21,Y
CUST0003736,High Value,44858.57,2026-06-25,N
CUST0003737,High Value,33187.87,2026-05-08,N
CUST0003738,Occasional,91075.54,2026-02-28,Y
CUST0003739,High Value,64318.88,2026-03-30,N
CUST0003740,At Risk,68349.92,2026-05-10,Y
CUST0003741,Occasional,9354.72,2026-03-22,Y
CUST0003742,At Risk,21576.44,2026-02-17,Y
CUST0003743,At Risk,67119.43,2026-07-24,Y
CUST0003744,High Value,45301.15,2026-07-19,N
CUST0003745,Occasional,73273.14,2026-06-19,N
CUST0003746,Occasional,79942.0,2026-05-08,N
CUST0003747,High Value,34890.54,2026-03-05,N
CUST0003748,High Value,60199.94,2026-07-05,N
CUST0003749,At Risk,24358.56,2026-01-27,Y
CUST0003750,Regular,72860.55,2026-02-14,Y
CUST0003751,Regular,93474.98,2026-06-01,N
CUST0003752,High Value,76321.23,2026-01-09,N
CUST0003753,High Value,10620.29,2026-02-02,Y
CUST0003754,Occasional,73708.8,2026-04-07,Y
CUST0003755,Regular,37430.27,2026-05-12,N
CUST0003756,Regular,20040.5,2026-07-08,N
CUST0003757,High Value,6504.43,2026-03-10,Y
CUST0003758,At Risk,55097.74,2026-01-16,N
CUST0003759,Occasional,56602.77,2026-04-14,N
CUST0003760,Regular,81575.71,2026-05-30,N
CUST0003761,High Value,3532.82,2026-06-19,Y
CUST0003762,High Value,53754.28,2026-02-17,Y
CUST0003763,At Risk,78362.72,2026-04-06,N
CUST0003764,Regular,23384.3,2026-05-21,N
CUST0003765,Occasional,94781.37,2026-05-14,N
CUST0003766,Regular,69556.68,2026-02-02,N
CUST0003767,High Value,11627.68,2026-03-27,Y
CUST0003768,Occasional,32392.79,2026-04-29,N
CUST0003769,Regular,13284.47,2026-05-26,Y
CUST0003770,Regular,25325.74,2026-02-13,N
CUST0003771,High Value,77343.41,2026-06-30,Y
CUST0003772,High Value,17891.91,2026-03-10,Y
CUST0003773,High Value,73034.7,2026-02-19,N
CUST0003774,Regular,75293.77,2026-06-01,Y
CUST0003775,Regular,52233.78,2026-07-22,Y
CUST0003776,Occasional,95336.09,2026-01-25,Y
CUST0003777,At Risk,79135.65,2026-03-25,N
CUST0003778,High Value,47948.72,2026-04-18,Y
CUST0003779,At Risk,21777.42,2026-04-22,Y
CUST0003780,Regular,71412.72,2026-05-06,Y
CUST0003781,At Risk,78618.24,2026-06-25,N
CUST0003782,At Risk,65344.41,2026-05-04,N
CUST0003783,Regular,35659.18,2026-07-30,N
CUST0003784,Regular,44633.44,2026-03-25,N
CUST0003785,Occasional,91503.54,2026-07-20,Y
CUST0003786,Regular,60147.8,2026-03-03,N
CUST0003787,High Value,80665.84,2026-04-11,N
CUST0003788,Occasional,80839.73,2026-05-07,Y
CUST0003789,Regular,58904.36,2026-03-02,N
CUST0003790,Regular,90225.48,2026-03-05,Y
CUST0003791,High Value,67711.01,2026-04-28,Y
CUST0003792,Occasional,54634.19,2026-06-12,N
CUST0003793,High Value,5302.16,2026-01-31,N
CUST0003794,Regular,73297.26,2026-06-11,Y
CUST0003795,Occasional,27810.09,2026-02-11,Y
CUST0003796,Regular,60210.34,2026-01-02,N
CUST0003797,At Risk,17972.9,2026-05-21,N
CUST0003798,High Value,68158.38,2026-01-17,Y
CUST0003799,High Value,635.03,2026-04-17,Y
CUST0003800,At Risk,69649.82,2026-02-24,N
CUST0003801,Regular,32790.83,2026-01-09,N
CUST0003802,High Value,66822.63,2026-06-24,Y
CUST0003803,High Value,61401.66,2026-05-25,Y
CUST0003804,Occasional,28457.37,2026-06-08,Y
CUST0003805,High Value,93876.72,2026-06-15,N
CUST0003806,Regular,2675.42,2026-04-23,Y
CUST0003807,Occasional,95580.8,2026-05-19,Y
CUST0003808,High Value,73109.78,2026-02-02,Y
CUST0003809,At Risk,38946.39,2026-06-11,Y
CUST0003810,High Value,74486.89,2026-03-30,N
CUST0003811,At Risk,91172.89,2026-05-22,Y
CUST0003812,Regular,82628.98,2026-02-14,Y
CUST0003813,Occasional,53504.75,2026-02-20,N
CUST0003814,High Value,28595.9,2026-06-01,Y
CUST0003815,Regular,28576.74,2026-07-02,Y
CUST0003816,At Risk,43787.97,2026-03-03,N
CUST0003817,Occasional,76766.61,2026-03-13,N
CUST0003818,High Value,10983.39,2026-04-12,N
CUST0003819,High Value,24555.58,2026-05-07,Y
CUST0003820,Occasional,15633.13,2026-05-30,N
CUST0003821,High Value,4614.03,2026-02-19,Y
CUST0003822,Occasional,5167.43,2026-06-15,N
CUST0003823,At Risk,5577.86,2026-01-23,N
CUST0003824,Regular,53403.1,2026-07-24,N
CUST0003825,Occasional,68546.52,2026-07-04,N
CUST0003826,Regular,49583.8,2026-06-21,Y
CUST0003827,Occasional,75008.01,2026-07-26,Y
CUST0003828,High Value,43060.96,2026-05-16,Y
CUST0003829,At Risk,6282.52,2026-01-29,Y
CUST0003830,Regular,37152.71,2026-02-06,Y
CUST0003831,Occasional,1893.62,2026-07-02,Y
CUST0003832,Regular,24851.91,2026-05-02,N
CUST0003833,Regular,95644.81,2026-07-07,Y
CUST0003834,High Value,14052.8,2026-07-04,Y
CUST0003835,At Risk,68262.64,2026-05-10,N
CUST0003836,At Risk,78318.96,2026-01-30,Y
CUST0003837,High Value,86267.4,2026-06-27,N
CUST0003838,At Risk,16001.59,2026-07-13,Y
CUST0003839,High Value,26220.71,2026-06-28,Y
CUST0003840,High Value,91443.54,2026-03-23,Y
CUST0003841,Regular,94918.35,2026-05-20,N
CUST0003842,Regular,8883.98,2026-04-07,N
CUST0003843,High Value,88429.84,2026-07-08,N
CUST0003844,High Value,76691.14,2026-05-14,Y
CUST0003845,High Value,65918.85,2026-01-13,N
CUST0003846,Occasional,3017.06,2026-03-27,N
CUST0003847,At Risk,61740.63,2026-06-17,N
CUST0003848,At Risk,39406.17,2026-05-23,Y
CUST0003849,At Risk,24644.15,2026-04-26,Y
CUST0003850,Regular,49350.32,2026-07-04,Y
CUST0003851,High Value,87970.83,2026-07-21,Y
CUST0003852,Occasional,33536.18,2026-04-01,N
CUST0003853,At Risk,84371.68,2026-04-14,Y
CUST0003854,At Risk,70654.97,2026-01-17,Y
CUST0003855,Regular,56509.56,2026-03-08,Y
CUST0003856,At Risk,62782.18,2026-06-18,N
CUST0003857,Occasional,5417.34,2026-04-15,N
CUST0003858,At Risk,40779.5,2026-02-22,Y
CUST0003859,Regular,54641.45,2026-05-02,N
CUST0003860,Regular,85700.14,2026-07-26,N
CUST0003861,High Value,89955.98,2026-02-03,N
CUST0003862,Occasional,66686.7,2026-06-29,N
CUST0003863,At Risk,92915.99,2026-01-16,Y
CUST0003864,High Value,4295.42,2026-04-23,Y
CUST0003865,High Value,50560.8,2026-06-15,Y
CUST0003866,Regular,33220.1,2026-03-30,Y
CUST0003867,High Value,97117.8,2026-03-18,N
CUST0003868,Occasional,58924.23,2026-01-30,Y
CUST0003869,At Risk,40006.05,2026-02-14,Y
CUST0003870,High Value,32067.05,2026-01-13,Y
CUST0003871,Occasional,47363.16,2026-02-06,N
CUST0003872,Regular,99810.87,2026-04-29,Y
CUST0003873,Regular,71130.71,2026-07-17,N
CUST0003874,Occasional,34754.54,2026-07-16,N
CUST0003875,Occasional,73493.62,2026-01-25,Y
CUST0003876,Occasional,66704.06,2026-06-26,N
CUST0003877,High Value,37864.49,2026-05-15,Y
CUST0003878,High Value,49162.35,2026-02-24,N
CUST0003879,Occasional,49943.48,2026-03-27,N
CUST0003880,At Risk,99494.37,2026-01-15,N
CUST0003881,Occasional,31628.85,2026-01-09,N
CUST0003882,Occasional,75709.74,2026-07-13,Y
CUST0003883,At Risk,96192.42,2026-03-17,N
CUST0003884,At Risk,54194.65,2026-04-04,Y
CUST0003885,At Risk,14132.47,2026-07-22,Y
CUST0003886,Occasional,55088.09,2026-03-25,N
CUST0003887,At Risk,74036.23,2026-06-13,Y
CUST0003888,High Value,13516.36,2026-05-18,N
CUST0003889,Occasional,61952.84,2026-03-12,N
CUST0003890,Regular,24073.37,2026-01-15,Y
CUST0003891,Regular,72582.24,2026-06-03,Y
CUST0003892,Occasional,34033.59,2026-06-02,N
CUST0003893,At Risk,41105.38,2026-05-21,Y
CUST0003894,At Risk,30979.51,2026-04-18,Y
CUST0003895,Regular,76939.05,2026-01-03,N
CUST0003896,High Value,79130.67,2026-02-23,N
CUST0003897,Occasional,88973.17,2026-04-11,N
CUST0003898,Occasional,31000.89,2026-07-28,N
CUST0003899,Regular,61514.92,2026-06-24,Y
CUST0003900,High Value,79415.45,2026-02-06,N
CUST0003901,Occasional,30818.19,2026-05-12,Y
CUST0003902,At Risk,6990.6,2026-01-19,N
CUST0003903,At Risk,88406.82,2026-05-25,Y
CUST0003904,Regular,67235.47,2026-03-24,N
CUST0003905,Regular,23019.41,2026-06-07,N
CUST0003906,Occasional,39396.02,2026-03-10,N
CUST0003907,At Risk,18340.71,2026-04-24,N
CUST0003908,High Value,32548.86,2026-06-25,Y
CUST0003909,Regular,90198.23,2026-04-15,Y
CUST0003910,At Risk,58441.33,2026-03-17,N
CUST0003911,High Value,52074.54,2026-06-12,N
CUST0003912,High Value,10307.61,2026-01-15,N
CUST0003913,Occasional,54715.13,2026-03-12,Y
CUST0003914,Occasional,78494.37,2026-03-07,N
CUST0003915,High Value,92616.25,2026-01-21,Y
CUST0003916,At Risk,93210.05,2026-05-03,Y
CUST0003917,High Value,19990.02,2026-02-10,N
CUST0003918,High Value,79590.41,2026-04-22,Y
CUST0003919,Occasional,32624.13,2026-07-24,Y
CUST0003920,High Value,62257.75,2026-07-01,N
CUST0003921,Occasional,14096.22,2026-04-03,Y
CUST0003922,At Risk,15732.0,2026-03-30,N
CUST0003923,High Value,60597.09,2026-07-08,Y
CUST0003924,At Risk,74290.8,2026-01-22,Y
CUST0003925,Regular,107.45,2026-04-22,Y
CUST0003926,Occasional,60468.92,2026-01-09,Y
CUST0003927,High Value,40502.82,2026-01-29,N
CUST0003928,Occasional,5847.47,2026-04-24,Y
CUST0003929,At Risk,960.75,2026-05-29,N
CUST0003930,High Value,33445.37,2026-02-14,Y
CUST0003931,Occasional,56993.63,2026-07-27,Y
CUST0003932,Occasional,89511.95,2026-05-06,Y
CUST0003933,At Risk,12946.17,2026-01-08,N
CUST0003934,At Risk,63488.94,2026-05-31,N
CUST0003935,Occasional,23364.91,2026-04-22,N
CUST0003936,At Risk,12484.5,2026-03-08,Y
CUST0003937,At Risk,51864.69,2026-03-19,N
CUST0003938,High Value,41156.44,2026-01-20,Y
CUST0003939,High Value,66356.21,2026-06-01,N
CUST0003940,Occasional,68696.85,2026-05-07,Y
CUST0003941,Regular,7084.9,2026-04-23,N
CUST0003942,At Risk,73238.4,2026-04-10,N
CUST0003943,High Value,62835.82,2026-01-20,N
CUST0003944,At Risk,33890.37,2026-04-17,Y
CUST0003945,High Value,84411.93,2026-04-06,N
CUST0003946,High Value,53257.34,2026-05-20,Y
CUST0003947,Regular,39450.75,2026-02-27,Y
CUST0003948,Regular,30479.65,2026-05-27,Y
CUST0003949,At Risk,24216.69,2026-06-25,Y
CUST0003950,Occasional,24911.82,2026-05-05,N
CUST0003951,High Value,31067.77,2026-06-25,Y
CUST0003952,Occasional,55745.89,2026-03-27,Y
CUST0003953,Occasional,97847.03,2026-06-08,Y
CUST0003954,At Risk,45613.93,2026-04-14,Y
CUST0003955,Regular,16427.47,2026-07-27,N
CUST0003956,At Risk,46531.79,2026-01-28,N
CUST0003957,At Risk,71655.15,2026-03-03,N
CUST0003958,Regular,24795.79,2026-05-25,N
CUST0003959,Regular,48934.8,2026-03-03,N
CUST0003960,Regular,99059.31,2026-04-07,N
CUST0003961,Occasional,73710.14,2026-06-02,Y
CUST0003962,Regular,67424.52,2026-06-30,Y
CUST0003963,High Value,10238.78,2026-04-12,N
CUST0003964,Regular,52621.82,2026-01-01,Y
CUST0003965,High Value,1347.18,2026-07-10,Y
CUST0003966,At Risk,7005.08,2026-07-01,Y
CUST0003967,High Value,13972.35,2026-06-25,N
CUST0003968,Regular,49091.53,2026-05-25,Y
CUST0003969,Regular,8531.65,2026-05-11,Y
CUST0003970,Occasional,17754.75,2026-03-01,Y
CUST0003971,At Risk,52719.42,2026-03-04,N
CUST0003972,Regular,89057.83,2026-04-13,Y
CUST0003973,Occasional,84593.54,2026-06-01,N
CUST0003974,High Value,7253.91,2026-03-14,Y
CUST0003975,Occasional,15805.43,2026-04-28,N
CUST0003976,Occasional,21105.31,2026-05-27,N
CUST0003977,Occasional,27571.31,2026-01-09,N
CUST0003978,Occasional,27466.42,2026-02-15,N
CUST0003979,Regular,32272.48,2026-04-12,Y
CUST0003980,Occasional,55562.69,2026-04-21,N
CUST0003981,Regular,99549.38,2026-02-02,N
CUST0003982,At Risk,24682.72,2026-01-26,Y
CUST0003983,Occasional,11426.75,2026-05-15,Y
CUST0003984,Occasional,18344.7,2026-03-20,Y
CUST0003985,At Risk,47034.37,2026-05-21,Y
CUST0003986,High Value,59266.09,2026-03-22,N
CUST0003987,Regular,98685.08,2026-07-29,Y
CUST0003988,High Value,47012.37,2026-03-26,Y
CUST0003989,At Risk,42844.35,2026-01-23,N
CUST0003990,High Value,49627.8,2026-01-14,N
CUST0003991,High Value,69187.04,2026-05-28,N
CUST0003992,Occasional,2160.79,2026-02-28,N
CUST0003993,Regular,38296.15,2026-06-03,N
CUST0003994,At Risk,22554.34,2026-03-09,N
CUST0003995,Occasional,14633.57,2026-04-23,N
CUST0003996,At Risk,66992.37,2026-04-14,N
CUST0003997,At Risk,40563.9,2026-04-07,Y
CUST0003998,At Risk,73327.61,2026-02-08,N
CUST0003999,At Risk,74340.8,2026-03-10,N
CUST0004000,Regular,56145.42,2026-07-09,N
CUST0004001,Regular,32828.32,2026-01-20,N
CUST0004002,At Risk,5099.05,2026-05-23,N
CUST0004003,High Value,32157.47,2026-07-06,N
CUST0004004,High Value,47003.69,2026-07-27,N
CUST0004005,High Value,72674.95,2026-02-25,Y
CUST0004006,Occasional,94314.32,2026-02-28,Y
CUST0004007,High Value,13871.48,2026-04-16,N
CUST0004008,High Value,90728.75,2026-07-24,N
CUST0004009,Regular,66319.86,2026-07-12,Y
CUST0004010,At Risk,17189.49,2026-03-05,Y
CUST0004011,Occasional,39611.46,2026-03-14,N
CUST0004012,Occasional,78496.18,2026-01-20,N
CUST0004013,At Risk,24113.05,2026-06-19,Y
CUST0004014,Occasional,6274.05,2026-01-15,Y
CUST0004015,High Value,90625.76,2026-04-26,N
CUST0004016,High Value,94721.43,2026-01-10,Y
CUST0004017,Regular,58492.3,2026-07-21,N
CUST0004018,High Value,82687.83,2026-04-05,N
CUST0004019,Occasional,17975.1,2026-01-08,N
CUST0004020,At Risk,50714.71,2026-06-02,Y
CUST0004021,At Risk,97198.09,2026-07-18,Y
CUST0004022,Occasional,96284.64,2026-06-14,Y
CUST0004023,Occasional,82614.61,2026-03-29,N
CUST0004024,Regular,37150.58,2026-07-10,Y
CUST0004025,Occasional,68320.02,2026-04-08,Y
CUST0004026,At Risk,2838.05,2026-05-06,N
CUST0004027,Occasional,92660.41,2026-04-04,Y
CUST0004028,High Value,67853.21,2026-04-30,N
CUST0004029,Occasional,35587.95,2026-05-27,N
CUST0004030,At Risk,88613.88,2026-01-24,Y
CUST0004031,At Risk,34042.31,2026-03-17,N
CUST0004032,At Risk,61239.01,2026-02-06,N
CUST0004033,At Risk,67764.9,2026-06-03,N
CUST0004034,At Risk,75733.59,2026-01-19,Y
CUST0004035,High Value,58699.3,2026-05-04,N
CUST0004036,High Value,89853.85,2026-05-09,Y
CUST0004037,High Value,32738.36,2026-07-02,Y
CUST0004038,Occasional,31301.98,2026-04-19,N
CUST0004039,High Value,34393.63,2026-05-16,Y
CUST0004040,Occasional,17227.4,2026-06-17,N
CUST0004041,Occasional,63045.02,2026-07-08,Y
CUST0004042,At Risk,94687.85,2026-01-23,N
CUST0004043,Occasional,96210.77,2026-03-09,N
CUST0004044,High Value,37548.49,2026-01-30,N
CUST0004045,Occasional,10596.79,2026-02-28,N
CUST0004046,Occasional,651.26,2026-03-12,N
CUST0004047,At Risk,56233.56,2026-07-23,N
CUST0004048,High Value,81585.3,2026-03-01,N
CUST0004049,At Risk,68879.51,2026-01-07,Y
CUST0004050,High Value,64198.53,2026-04-23,N
CUST0004051,At Risk,92621.96,2026-07-08,Y
CUST0004052,Regular,94256.58,2026-07-24,N
CUST0004053,At Risk,46544.65,2026-04-02,Y
CUST0004054,High Value,1768.19,2026-07-17,Y
CUST0004055,High Value,86876.79,2026-03-22,Y
CUST0004056,At Risk,70630.46,2026-07-15,N
CUST0004057,At Risk,77645.31,2026-06-16,N
CUST0004058,Regular,52006.15,2026-05-08,Y
CUST0004059,High Value,34752.82,2026-01-12,N
CUST0004060,High Value,60423.61,2026-05-30,N
CUST0004061,High Value,71702.22,2026-03-26,Y
CUST0004062,At Risk,55062.9,2026-06-18,Y
CUST0004063,Regular,67459.5,2026-01-11,Y
CUST0004064,Occasional,72325.69,2026-07-23,Y
CUST0004065,At Risk,45717.21,2026-07-04,Y
CUST0004066,At Risk,87195.74,2026-06-07,N
CUST0004067,High Value,7613.83,2026-07-03,Y
CUST0004068,Regular,60116.58,2026-07-19,Y
CUST0004069,Occasional,50100.94,2026-01-11,Y
CUST0004070,High Value,63904.74,2026-04-19,Y
CUST0004071,Regular,68982.12,2026-03-26,Y
CUST0004072,Regular,81944.04,2026-06-07,Y
CUST0004073,At Risk,1993.97,2026-02-21,Y
CUST0004074,Regular,85722.37,2026-04-06,Y
CUST0004075,Occasional,66145.43,2026-03-24,Y
CUST0004076,Regular,88040.62,2026-02-01,Y
CUST0004077,Occasional,75338.03,2026-04-08,Y
CUST0004078,At Risk,64884.1,2026-04-18,N
CUST0004079,High Value,53493.3,2026-02-15,N
CUST0004080,Regular,22539.83,2026-02-28,N
CUST0004081,Regular,86904.91,2026-06-30,Y
CUST0004082,Regular,10815.55,2026-03-21,Y
CUST0004083,Occasional,54251.8,2026-04-11,N
CUST0004084,Occasional,2179.15,2026-03-09,Y
CUST0004085,Regular,39147.11,2026-05-01,Y
CUST0004086,At Risk,43999.54,2026-06-09,N
CUST0004087,At Risk,40649.13,2026-05-23,N
CUST0004088,High Value,14920.33,2026-01-05,Y
CUST0004089,At Risk,73674.52,2026-03-03,Y
CUST0004090,Regular,10941.52,2026-04-28,Y
CUST0004091,Regular,12709.56,2026-03-08,Y
CUST0004092,Occasional,81173.89,2026-06-11,Y
CUST0004093,At Risk,29749.06,2026-05-04,Y
CUST0004094,Occasional,1342.02,2026-06-02,Y
CUST0004095,Occasional,95813.14,2026-01-07,Y
CUST0004096,At Risk,60095.98,2026-06-07,Y
CUST0004097,At Risk,68875.11,2026-06-10,Y
CUST0004098,Regular,97272.79,2026-01-20,Y
CUST0004099,Regular,62662.85,2026-06-06,Y
CUST0004100,At Risk,99853.66,2026-07-29,N
CUST0004101,Occasional,93056.54,2026-03-29,Y
CUST0004102,High Value,61148.49,2026-02-25,Y
CUST0004103,Occasional,46135.92,2026-02-13,N
CUST0004104,Regular,93001.09,2026-04-27,N
CUST0004105,Regular,45745.95,2026-01-14,Y
CUST0004106,High Value,71228.8,2026-04-11,N
CUST0004107,At Risk,87450.29,2026-01-28,Y
CUST0004108,Occasional,23093.49,2026-07-23,Y
CUST0004109,Occasional,65472.72,2026-07-15,N
CUST0004110,High Value,44689.67,2026-06-19,Y
CUST0004111,High Value,45153.0,2026-06-18,Y
CUST0004112,High Value,39256.71,2026-03-22,Y
CUST0004113,At Risk,35457.43,2026-01-07,N
CUST0004114,Regular,8155.0,2026-05-13,N
CUST0004115,Regular,70952.74,2026-03-02,Y
CUST0004116,Regular,43308.97,2026-03-07,N
CUST0004117,High Value,25674.61,2026-07-13,N
CUST0004118,Regular,57448.79,2026-02-01,Y
CUST0004119,At Risk,36454.36,2026-03-12,N
CUST0004120,At Risk,97611.51,2026-03-03,Y
CUST0004121,At Risk,29358.92,2026-01-30,Y
CUST0004122,Occasional,52923.21,2026-05-29,N
CUST0004123,Regular,75216.38,2026-05-03,N
CUST0004124,At Risk,99088.46,2026-02-17,N
CUST0004125,At Risk,70528.19,2026-03-06,Y
CUST0004126,High Value,40359.03,2026-01-09,Y
CUST0004127,At Risk,91972.77,2026-01-30,Y
CUST0004128,High Value,57915.63,2026-05-29,N
CUST0004129,At Risk,98812.32,2026-01-24,N
CUST0004130,Occasional,14688.0,2026-03-24,N
CUST0004131,High Value,90240.56,2026-05-10,Y
CUST0004132,High Value,67218.5,2026-07-25,Y
CUST0004133,At Risk,20008.17,2026-01-25,Y
CUST0004134,Occasional,28702.43,2026-01-23,N
CUST0004135,Occasional,18982.01,2026-01-25,N
CUST0004136,Occasional,43203.68,2026-03-30,N
CUST0004137,At Risk,40801.91,2026-01-04,N
CUST0004138,At Risk,50736.48,2026-01-26,Y
CUST0004139,High Value,60602.71,2026-05-02,N
CUST0004140,Occasional,4241.96,2026-01-06,N
CUST0004141,Regular,58859.21,2026-02-15,N
CUST0004142,High Value,79594.39,2026-02-12,Y
CUST0004143,At Risk,7144.07,2026-04-04,N
CUST0004144,Occasional,41223.17,2026-06-13,Y
CUST0004145,Regular,45338.37,2026-01-06,N
CUST0004146,At Risk,48952.5,2026-05-05,N
CUST0004147,Regular,22403.7,2026-01-04,Y
CUST0004148,Regular,47373.48,2026-07-20,Y
CUST0004149,Occasional,94396.0,2026-01-29,N
CUST0004150,Occasional,31130.14,2026-02-05,N
CUST0004151,Occasional,27178.8,2026-03-11,Y
CUST0004152,Occasional,3861.18,2026-01-30,N
CUST0004153,At Risk,76605.84,2026-03-19,N
CUST0004154,At Risk,43930.65,2026-04-12,N
CUST0004155,Regular,52852.48,2026-01-29,N
CUST0004156,Occasional,78322.04,2026-03-18,N
CUST0004157,High Value,59076.79,2026-04-08,Y
CUST0004158,Occasional,12382.16,2026-05-10,Y
CUST0004159,High Value,6425.63,2026-01-01,Y
CUST0004160,Occasional,90596.89,2026-01-15,N
CUST0004161,Occasional,92979.05,2026-02-22,N
CUST0004162,At Risk,85144.27,2026-01-31,Y
CUST0004163,High Value,58179.19,2026-04-18,Y
CUST0004164,Regular,3262.46,2026-06-17,Y
CUST0004165,At Risk,77424.77,2026-05-29,N
CUST0004166,At Risk,97555.07,2026-05-01,Y
CUST0004167,High Value,63253.72,2026-01-26,Y
CUST0004168,At Risk,29258.14,2026-01-02,Y
CUST0004169,High Value,2610.57,2026-07-30,Y
CUST0004170,At Risk,41115.87,2026-06-09,Y
CUST0004171,At Risk,47264.67,2026-03-30,N
CUST0004172,High Value,16338.91,2026-04-13,Y
CUST0004173,Occasional,26399.09,2026-04-20,Y
CUST0004174,High Value,76443.26,2026-07-12,Y
CUST0004175,At Risk,79289.1,2026-06-11,N
CUST0004176,At Risk,92631.48,2026-02-01,N
CUST0004177,Regular,48117.92,2026-01-29,Y
CUST0004178,At Risk,64638.1,2026-02-09,N
CUST0004179,At Risk,50453.27,2026-07-03,N
CUST0004180,Regular,60918.87,2026-05-19,N
CUST0004181,At Risk,31417.46,2026-04-22,Y
CUST0004182,Regular,32348.48,2026-06-13,N
CUST0004183,Regular,70612.8,2026-02-17,Y
CUST0004184,Occasional,29145.33,2026-06-14,N
CUST0004185,High Value,27745.34,2026-02-16,Y
CUST0004186,Regular,38588.84,2026-07-07,Y
CUST0004187,Regular,74784.1,2026-07-20,N
CUST0004188,Occasional,19130.4,2026-02-14,N
CUST0004189,Occasional,92695.43,2026-07-09,Y
CUST0004190,Occasional,32132.87,2026-03-23,N
CUST0004191,Occasional,62113.48,2026-06-19,N
CUST0004192,Occasional,18326.25,2026-02-10,N
CUST0004193,At Risk,64532.39,2026-01-17,N
CUST0004194,Regular,45967.05,2026-04-22,Y
CUST0004195,At Risk,8720.68,2026-06-11,Y
CUST0004196,High Value,52547.06,2026-03-17,N
CUST0004197,Regular,16751.09,2026-05-31,Y
CUST0004198,High Value,25004.39,2026-07-19,N
CUST0004199,Regular,30380.45,2026-04-16,Y
CUST0004200,High Value,89060.46,2026-05-25,N
CUST0004201,Occasional,15526.01,2026-05-28,Y
CUST0004202,Occasional,63752.83,2026-01-14,Y
CUST0004203,High Value,21649.01,2026-06-14,Y
CUST0004204,Occasional,77928.49,2026-02-07,N
CUST0004205,Occasional,24930.23,2026-04-23,Y
CUST0004206,At Risk,88210.96,2026-02-01,Y
CUST0004207,Occasional,94508.12,2026-01-20,Y
CUST0004208,Occasional,80146.21,2026-05-11,Y
CUST0004209,At Risk,49221.93,2026-06-17,Y
CUST0004210,Regular,91792.27,2026-06-20,Y
CUST0004211,Occasional,24559.33,2026-03-28,Y
CUST0004212,Occasional,50206.92,2026-02-09,Y
CUST0004213,At Risk,40291.22,2026-05-14,Y
CUST0004214,Regular,10272.39,2026-07-25,N
CUST0004215,At Risk,50209.05,2026-03-05,N
CUST0004216,High Value,1275.41,2026-01-02,N
CUST0004217,Occasional,80192.09,2026-05-26,Y
CUST0004218,Occasional,47533.3,2026-06-25,N
CUST0004219,At Risk,26212.86,2026-02-04,N
CUST0004220,Regular,69527.66,2026-06-14,N
CUST0004221,At Risk,5082.0,2026-02-04,Y
CUST0004222,At Risk,86766.57,2026-04-23,Y
CUST0004223,At Risk,1054.35,2026-02-22,Y
CUST0004224,Regular,34052.13,2026-06-16,N
CUST0004225,Regular,67707.44,2026-05-13,N
CUST0004226,Occasional,3866.67,2026-01-23,Y
CUST0004227,Occasional,78649.91,2026-06-24,N
CUST0004228,At Risk,94938.63,2026-04-21,N
CUST0004229,At Risk,18604.64,2026-02-27,N
CUST0004230,At Risk,59424.02,2026-05-14,Y
CUST0004231,High Value,86762.55,2026-02-25,Y
CUST0004232,High Value,92387.35,2026-05-27,N
CUST0004233,At Risk,72290.32,2026-06-08,N
CUST0004234,At Risk,88400.02,2026-03-02,N
CUST0004235,High Value,37573.56,2026-04-10,N
CUST0004236,Occasional,77440.7,2026-04-17,Y
CUST0004237,Occasional,35633.5,2026-03-14,Y
CUST0004238,Occasional,65318.17,2026-06-21,Y
CUST0004239,At Risk,54338.88,2026-05-07,N
CUST0004240,Regular,73179.57,2026-01-05,Y
CUST0004241,Occasional,47622.37,2026-05-16,N
CUST0004242,Regular,73731.09,2026-05-14,Y
CUST0004243,Occasional,8449.13,2026-01-28,Y
CUST0004244,Occasional,96187.75,2026-07-14,N
CUST0004245,At Risk,88714.36,2026-03-11,Y
CUST0004246,Regular,86408.77,2026-05-24,Y
CUST0004247,Occasional,62050.55,2026-03-05,N
CUST0004248,At Risk,6987.09,2026-04-03,Y
CUST0004249,High Value,9562.78,2026-04-13,Y
CUST0004250,Regular,32685.64,2026-04-17,N
CUST0004251,At Risk,73454.71,2026-06-17,Y
CUST0004252,Occasional,13198.29,2026-01-17,N
CUST0004253,Regular,1224.94,2026-01-21,Y
CUST0004254,At Risk,46603.89,2026-02-24,N
CUST0004255,High Value,81074.35,2026-06-22,N
CUST0004256,At Risk,29144.72,2026-02-06,Y
CUST0004257,Occasional,70148.74,2026-01-21,N
CUST0004258,Occasional,77032.29,2026-06-23,Y
CUST0004259,Occasional,90078.16,2026-01-28,N
CUST0004260,Regular,46884.68,2026-05-04,Y
CUST0004261,Occasional,79654.5,2026-02-14,N
CUST0004262,Regular,74499.16,2026-03-12,N
CUST0004263,At Risk,90707.57,2026-02-14,N
CUST0004264,Occasional,35651.21,2026-05-09,Y
CUST0004265,High Value,35840.96,2026-04-23,N
CUST0004266,Occasional,95141.25,2026-04-29,N
CUST0004267,High Value,73169.97,2026-06-29,Y
CUST0004268,High Value,87339.58,2026-04-06,N
CUST0004269,Regular,78756.17,2026-07-14,Y
CUST0004270,Occasional,25845.62,2026-03-11,Y
CUST0004271,Regular,49755.92,2026-02-28,N
CUST0004272,At Risk,56070.41,2026-05-21,N
CUST0004273,At Risk,33039.06,2026-03-07,Y
CUST0004274,Occasional,58653.01,2026-05-25,Y
CUST0004275,Occasional,89188.49,2026-07-06,N
CUST0004276,At Risk,55738.26,2026-03-12,Y
CUST0004277,Regular,76378.61,2026-03-16,Y
CUST0004278,Occasional,92800.36,2026-05-07,Y
CUST0004279,High Value,93995.16,2026-02-04,Y
CUST0004280,High Value,68197.74,2026-03-03,Y
CUST0004281,Regular,2709.34,2026-01-10,Y
CUST0004282,At Risk,92156.37,2026-05-29,N
CUST0004283,At Risk,9000.78,2026-07-01,N
CUST0004284,Occasional,83376.53,2026-01-02,Y
CUST0004285,Occasional,13333.7,2026-03-19,Y
CUST0004286,Occasional,47443.83,2026-01-14,N
CUST0004287,High Value,56346.79,2026-03-24,Y
CUST0004288,High Value,32501.11,2026-04-20,Y
CUST0004289,High Value,77185.53,2026-03-14,N
CUST0004290,Occasional,299.46,2026-06-24,N
CUST0004291,High Value,60609.33,2026-03-02,Y
CUST0004292,High Value,32608.73,2026-03-20,N
CUST0004293,Occasional,22421.31,2026-04-26,N
CUST0004294,Occasional,93938.29,2026-03-02,Y
CUST0004295,Regular,67664.73,2026-01-14,Y
CUST0004296,Regular,21373.56,2026-01-24,Y
CUST0004297,High Value,68265.85,2026-06-04,N
CUST0004298,High Value,42873.5,2026-06-12,N
CUST0004299,Regular,3455.7,2026-03-05,Y
CUST0004300,Regular,94639.31,2026-07-18,N
CUST0004301,High Value,88608.48,2026-06-02,Y
CUST0004302,Regular,65679.54,2026-06-30,N
CUST0004303,Occasional,21093.77,2026-04-03,N
CUST0004304,Occasional,76034.75,2026-06-22,Y
CUST0004305,Occasional,9127.3,2026-07-26,N
CUST0004306,At Risk,10260.8,2026-05-03,Y
CUST0004307,At Risk,37159.64,2026-01-18,Y
CUST0004308,High Value,51608.11,2026-05-27,N
CUST0004309,Occasional,10124.49,2026-01-06,N
CUST0004310,At Risk,44717.97,2026-04-14,N
CUST0004311,High Value,6611.59,2026-03-13,Y
CUST0004312,At Risk,15721.67,2026-03-13,Y
CUST0004313,Regular,4903.05,2026-02-22,Y
CUST0004314,Occasional,5069.93,2026-04-02,Y
CUST0004315,At Risk,48021.79,2026-04-16,N
CUST0004316,High Value,39846.72,2026-04-26,Y
CUST0004317,Regular,87837.06,2026-04-25,N
CUST0004318,High Value,58864.21,2026-01-15,N
CUST0004319,At Risk,83790.18,2026-03-10,N
CUST0004320,Occasional,40213.29,2026-04-01,Y
CUST0004321,At Risk,55507.99,2026-01-28,Y
CUST0004322,High Value,31665.74,2026-03-01,Y
CUST0004323,Occasional,3772.03,2026-05-24,N
CUST0004324,Regular,16736.21,2026-04-28,Y
CUST0004325,High Value,81865.75,2026-02-16,Y
CUST0004326,Occasional,78607.34,2026-06-07,Y
CUST0004327,Regular,90221.48,2026-05-31,N
CUST0004328,At Risk,81625.73,2026-05-04,Y
CUST0004329,At Risk,72934.34,2026-07-22,Y
CUST0004330,Regular,29201.59,2026-02-26,Y
CUST0004331,High Value,7362.64,2026-05-03,N
CUST0004332,High Value,85562.05,2026-07-01,Y
CUST0004333,Occasional,75074.18,2026-06-05,N
CUST0004334,Occasional,27729.32,2026-05-22,N
CUST0004335,Occasional,44502.72,2026-04-13,N
CUST0004336,Occasional,84890.21,2026-03-08,Y
CUST0004337,At Risk,18008.31,2026-03-26,Y
CUST0004338,At Risk,57903.57,2026-06-19,Y
CUST0004339,High Value,94429.4,2026-04-07,N
CUST0004340,Regular,71938.15,2026-01-08,Y
CUST0004341,At Risk,52285.01,2026-03-02,Y
CUST0004342,Regular,76460.57,2026-03-25,Y
CUST0004343,At Risk,7995.99,2026-04-15,Y
CUST0004344,Occasional,78593.19,2026-03-14,N
CUST0004345,High Value,11990.14,2026-02-28,N
CUST0004346,At Risk,83482.98,2026-06-27,Y
CUST0004347,High Value,38693.97,2026-07-02,Y
CUST0004348,Occasional,6506.35,2026-06-29,N
CUST0004349,High Value,39281.13,2026-06-13,Y
CUST0004350,Occasional,59754.59,2026-06-05,Y
CUST0004351,Occasional,62329.8,2026-06-05,Y
CUST0004352,High Value,39974.95,2026-07-29,N
CUST0004353,Occasional,69164.29,2026-02-25,Y
CUST0004354,At Risk,17713.74,2026-02-05,Y
CUST0004355,Regular,16094.64,2026-04-28,N
CUST0004356,High Value,18711.49,2026-01-11,Y
CUST0004357,High Value,84571.03,2026-01-01,Y
CUST0004358,Occasional,7564.08,2026-04-04,N
CUST0004359,Occasional,1376.43,2026-03-10,N
CUST0004360,Regular,22730.39,2026-05-03,N
CUST0004361,Regular,36078.81,2026-04-16,N
CUST0004362,High Value,7446.47,2026-06-26,N
CUST0004363,Occasional,83462.61,2026-01-07,Y
CUST0004364,High Value,38863.77,2026-02-21,Y
CUST0004365,High Value,33770.68,2026-03-28,Y
CUST0004366,At Risk,61717.02,2026-07-03,Y
CUST0004367,At Risk,83089.84,2026-01-13,N
CUST0004368,Occasional,50060.96,2026-07-27,Y
CUST0004369,High Value,2946.33,2026-02-09,N
CUST0004370,High Value,95958.37,2026-04-05,Y
CUST0004371,At Risk,35940.14,2026-04-01,N
CUST0004372,Occasional,1442.98,2026-07-04,N
CUST0004373,At Risk,90605.46,2026-01-09,Y
CUST0004374,Occasional,13167.51,2026-04-21,Y
CUST0004375,At Risk,21045.43,2026-01-24,N
CUST0004376,At Risk,6449.74,2026-06-08,Y
CUST0004377,At Risk,15862.92,2026-02-12,Y
CUST0004378,At Risk,65311.92,2026-06-20,Y
CUST0004379,At Risk,65226.51,2026-01-12,Y
CUST0004380,High Value,4690.08,2026-01-02,N
CUST0004381,At Risk,50207.93,2026-07-06,N
CUST0004382,Regular,36141.92,2026-03-17,Y
CUST0004383,At Risk,71912.39,2026-06-11,Y
CUST0004384,At Risk,45974.8,2026-07-27,N
CUST0004385,High Value,62169.83,2026-02-11,N
CUST0004386,High Value,75463.39,2026-07-18,Y
CUST0004387,At Risk,66123.25,2026-04-26,Y
CUST0004388,Regular,71842.77,2026-03-23,Y
CUST0004389,Occasional,99706.22,2026-03-27,Y
CUST0004390,High Value,82529.13,2026-03-27,Y
CUST0004391,Occasional,84250.03,2026-06-13,N
CUST0004392,At Risk,83053.66,2026-04-22,N
CUST0004393,Regular,50027.54,2026-02-27,Y
CUST0004394,Regular,80596.29,2026-06-22,Y
CUST0004395,At Risk,78003.48,2026-01-15,Y
CUST0004396,At Risk,798.07,2026-05-09,Y
CUST0004397,Regular,57912.47,2026-07-19,N
CUST0004398,Regular,97899.92,2026-03-04,N
CUST0004399,High Value,49640.07,2026-05-13,N
CUST0004400,Regular,15871.17,2026-06-14,N
CUST0004401,At Risk,78691.74,2026-06-22,Y
CUST0004402,Regular,74582.08,2026-05-09,Y
CUST0004403,High Value,55140.7,2026-02-09,N
CUST0004404,At Risk,86460.89,2026-05-31,N
CUST0004405,Regular,90744.58,2026-02-04,Y
CUST0004406,At Risk,90786.9,2026-03-28,N
CUST0004407,At Risk,97292.07,2026-03-24,Y
CUST0004408,Regular,77142.57,2026-01-21,N
CUST0004409,Occasional,56011.61,2026-02-25,N
CUST0004410,High Value,70492.1,2026-02-07,N
CUST0004411,Regular,46492.96,2026-07-18,Y
CUST0004412,Regular,36793.7,2026-07-08,N
CUST0004413,Occasional,52805.81,2026-07-24,Y
CUST0004414,At Risk,7955.25,2026-04-26,N
CUST0004415,Regular,4116.05,2026-07-28,N
CUST0004416,High Value,35732.39,2026-01-28,Y
CUST0004417,Occasional,19951.49,2026-06-27,N
CUST0004418,Occasional,35615.25,2026-06-08,Y
CUST0004419,At Risk,67241.8,2026-06-22,Y
CUST0004420,High Value,21478.89,2026-05-14,N
CUST0004421,At Risk,88717.66,2026-02-10,Y
CUST0004422,At Risk,20565.28,2026-04-14,Y
CUST0004423,Regular,16387.24,2026-05-11,N
CUST0004424,Occasional,74452.29,2026-04-07,N
CUST0004425,At Risk,61458.71,2026-02-15,N
CUST0004426,Occasional,58314.24,2026-01-15,Y
CUST0004427,Occasional,13051.88,2026-03-30,N
CUST0004428,Regular,79628.92,2026-07-02,N
CUST0004429,High Value,47270.36,2026-04-29,Y
CUST0004430,Occasional,85273.74,2026-04-30,Y
CUST0004431,High Value,40327.35,2026-07-05,N
CUST0004432,High Value,41800.96,2026-05-25,N
CUST0004433,At Risk,55834.29,2026-07-06,Y
CUST0004434,Regular,95000.79,2026-01-05,Y
CUST0004435,Occasional,66559.63,2026-07-02,Y
CUST0004436,Occasional,51395.1,2026-03-01,Y
CUST0004437,Regular,79101.98,2026-02-03,Y
CUST0004438,Occasional,87913.51,2026-04-23,Y
CUST0004439,High Value,55716.37,2026-06-22,N
CUST0004440,At Risk,88903.15,2026-02-10,Y
CUST0004441,Occasional,68431.49,2026-03-30,Y
CUST0004442,High Value,57186.17,2026-03-26,Y
CUST0004443,Occasional,92950.78,2026-05-18,Y
CUST0004444,Regular,64435.29,2026-04-20,N
CUST0004445,High Value,70483.59,2026-05-30,Y
CUST0004446,Occasional,35523.4,2026-02-16,Y
CUST0004447,Regular,14991.56,2026-04-07,N
CUST0004448,At Risk,76982.5,2026-02-15,Y
CUST0004449,Regular,60150.09,2026-02-15,N
CUST0004450,At Risk,85786.94,2026-06-24,N
CUST0004451,At Risk,92001.08,2026-07-12,N
CUST0004452,High Value,50602.16,2026-01-29,Y
CUST0004453,At Risk,62000.24,2026-05-15,Y
CUST0004454,At Risk,49073.54,2026-07-21,N
CUST0004455,Regular,89592.77,2026-07-23,N
CUST0004456,High Value,59103.29,2026-06-24,Y
CUST0004457,Occasional,34218.82,2026-01-16,Y
CUST0004458,High Value,79939.51,2026-04-29,Y
CUST0004459,Occasional,63668.93,2026-04-12,N
CUST0004460,Regular,14459.75,2026-06-18,Y
CUST0004461,At Risk,46252.34,2026-04-13,Y
CUST0004462,High Value,79554.19,2026-01-23,Y
CUST0004463,Occasional,15840.38,2026-02-16,N
CUST0004464,Regular,17978.07,2026-01-31,N
CUST0004465,Regular,78001.44,2026-07-17,N
CUST0004466,High Value,73433.56,2026-01-18,N
CUST0004467,Occasional,77297.2,2026-02-07,N
CUST0004468,High Value,5136.78,2026-07-03,Y
CUST0004469,At Risk,8322.49,2026-07-11,Y
CUST0004470,At Risk,16965.8,2026-07-28,Y
CUST0004471,High Value,98354.1,2026-07-04,Y
CUST0004472,High Value,99314.54,2026-03-16,Y
CUST0004473,Occasional,12747.36,2026-05-22,Y
CUST0004474,High Value,74729.95,2026-07-07,N
CUST0004475,Occasional,38881.93,2026-04-15,N
CUST0004476,At Risk,6502.81,2026-02-05,N
CUST0004477,Occasional,33549.01,2026-03-29,N
CUST0004478,Occasional,57343.86,2026-02-11,N
CUST0004479,At Risk,87395.7,2026-05-11,Y
CUST0004480,Regular,21697.1,2026-04-17,Y
CUST0004481,Occasional,15402.98,2026-05-12,Y
CUST0004482,Occasional,34995.53,2026-04-01,Y
CUST0004483,Occasional,12925.05,2026-03-02,Y
CUST0004484,Regular,2040.62,2026-06-25,Y
CUST0004485,At Risk,53946.16,2026-01-18,N
CUST0004486,Occasional,33132.8,2026-05-26,Y
CUST0004487,Occasional,28822.35,2026-07-08,N
CUST0004488,Occasional,89028.35,2026-01-28,N
CUST0004489,Occasional,2751.49,2026-01-26,Y
CUST0004490,High Value,57974.28,2026-01-17,Y
CUST0004491,Occasional,88243.22,2026-06-20,Y
CUST0004492,Occasional,22039.41,2026-03-20,Y
CUST0004493,Regular,9276.78,2026-02-07,N
CUST0004494,Occasional,40915.09,2026-05-15,N
CUST0004495,Regular,11627.31,2026-01-19,N
CUST0004496,At Risk,76060.88,2026-05-28,N
CUST0004497,At Risk,81637.38,2026-04-01,Y
CUST0004498,High Value,688.06,2026-01-14,Y
CUST0004499,Occasional,74464.01,2026-05-27,Y
CUST0004500,Regular,68882.31,2026-01-13,N
CUST0004501,At Risk,35954.79,2026-07-05,N
CUST0004502,Regular,27564.16,2026-04-04,N
CUST0004503,At Risk,40895.22,2026-04-13,Y
CUST0004504,Regular,30066.48,2026-01-02,N
CUST0004505,At Risk,61041.28,2026-07-06,N
CUST0004506,Regular,7022.8,2026-05-12,Y
CUST0004507,High Value,79099.66,2026-01-10,N
CUST0004508,Regular,58696.91,2026-02-14,Y
CUST0004509,Occasional,7884.62,2026-04-07,N
CUST0004510,At Risk,31872.42,2026-03-05,Y
CUST0004511,At Risk,55452.8,2026-03-30,N
CUST0004512,High Value,63884.41,2026-05-19,N
CUST0004513,High Value,78063.05,2026-06-06,N
CUST0004514,At Risk,378.55,2026-01-17,Y
CUST0004515,At Risk,9249.69,2026-04-14,N
CUST0004516,Occasional,55751.39,2026-02-19,Y
CUST0004517,Regular,21044.05,2026-06-15,Y
CUST0004518,Regular,80999.98,2026-07-20,N
CUST0004519,At Risk,46827.67,2026-04-09,Y
CUST0004520,At Risk,39755.98,2026-07-25,N
CUST0004521,Occasional,14540.89,2026-03-17,N
CUST0004522,At Risk,86661.18,2026-03-06,Y
CUST0004523,Occasional,40123.13,2026-06-25,N
CUST0004524,Regular,45022.96,2026-07-08,N
CUST0004525,At Risk,19661.54,2026-04-11,Y
CUST0004526,At Risk,94926.57,2026-01-03,N
CUST0004527,At Risk,10233.12,2026-06-22,N
CUST0004528,Occasional,33326.62,2026-04-29,N
CUST0004529,Occasional,70697.29,2026-07-19,Y
CUST0004530,Occasional,37048.65,2026-04-16,N
CUST0004531,At Risk,69890.34,2026-04-26,Y
CUST0004532,Regular,2148.59,2026-05-17,N
CUST0004533,At Risk,81283.46,2026-02-16,N
CUST0004534,Occasional,92392.02,2026-05-18,N
CUST0004535,High Value,49625.41,2026-02-06,N
CUST0004536,At Risk,94687.78,2026-06-13,Y
CUST0004537,Regular,90228.26,2026-05-26,N
CUST0004538,At Risk,23763.13,2026-06-06,Y
CUST0004539,High Value,25460.57,2026-03-10,Y
CUST0004540,High Value,86658.07,2026-06-14,N
CUST0004541,Regular,30094.39,2026-03-13,Y
CUST0004542,Regular,5020.29,2026-03-03,Y
CUST0004543,Occasional,26032.15,2026-01-11,N
CUST0004544,At Risk,10943.62,2026-05-03,N
CUST0004545,High Value,58973.64,2026-06-18,N
CUST0004546,High Value,116.06,2026-04-25,N
CUST0004547,Regular,63801.22,2026-02-19,N
CUST0004548,Regular,28551.69,2026-05-27,N
CUST0004549,Regular,86935.67,2026-02-11,Y
CUST0004550,At Risk,59287.32,2026-04-02,N
CUST0004551,Occasional,65737.83,2026-06-21,N
CUST0004552,Occasional,15550.54,2026-01-09,Y
CUST0004553,Occasional,84412.9,2026-05-23,Y
CUST0004554,Regular,11316.94,2026-03-28,Y
CUST0004555,Occasional,83732.55,2026-02-03,Y
CUST0004556,Occasional,76755.39,2026-02-26,N
CUST0004557,Occasional,91504.45,2026-04-30,Y
CUST0004558,Occasional,24972.01,2026-02-02,N
CUST0004559,At Risk,99141.64,2026-02-19,Y
CUST0004560,Regular,32268.11,2026-03-16,N
CUST0004561,Regular,79810.81,2026-06-08,Y
CUST0004562,Regular,75680.59,2026-02-01,N
CUST0004563,Occasional,31204.45,2026-07-25,N
CUST0004564,At Risk,20528.54,2026-03-28,N
CUST0004565,Occasional,88016.51,2026-06-03,Y
CUST0004566,At Risk,99593.34,2026-05-13,N
CUST0004567,Regular,3995.3,2026-01-19,N
CUST0004568,Regular,7169.86,2026-07-25,Y
CUST0004569,At Risk,88780.28,2026-04-21,N
CUST0004570,Regular,63320.76,2026-05-24,N
CUST0004571,Occasional,11788.68,2026-05-03,Y
CUST0004572,Occasional,51354.13,2026-01-03,N
CUST0004573,At Risk,94117.7,2026-01-21,Y
CUST0004574,Regular,93250.62,2026-04-29,N
CUST0004575,Regular,25065.51,2026-05-29,N
CUST0004576,At Risk,69572.63,2026-07-17,Y
CUST0004577,Occasional,78050.28,2026-07-27,Y
CUST0004578,High Value,16970.52,2026-05-21,Y
CUST0004579,Regular,42954.81,2026-05-25,Y
CUST0004580,At Risk,34870.99,2026-02-25,Y
CUST0004581,At Risk,38907.68,2026-06-15,Y
CUST0004582,Occasional,11025.4,2026-06-08,N
CUST0004583,Occasional,83276.77,2026-07-25,Y
CUST0004584,At Risk,60040.81,2026-02-04,Y
CUST0004585,At Risk,44068.29,2026-03-06,Y
CUST0004586,Occasional,28205.51,2026-05-16,Y
CUST0004587,High Value,89639.31,2026-06-07,Y
CUST0004588,Occasional,43744.29,2026-06-14,Y
CUST0004589,Occasional,81098.89,2026-05-15,Y
CUST0004590,At Risk,73882.98,2026-04-02,N
CUST0004591,High Value,79087.86,2026-06-26,N
CUST0004592,At Risk,1121.29,2026-01-27,Y
CUST0004593,At Risk,77693.79,2026-02-27,Y
CUST0004594,Regular,19407.64,2026-05-19,Y
CUST0004595,High Value,26862.98,2026-06-22,Y
CUST0004596,High Value,71231.88,2026-02-23,Y
CUST0004597,Occasional,43094.99,2026-04-01,N
CUST0004598,Regular,55676.53,2026-02-06,N
CUST0004599,At Risk,98408.62,2026-02-20,Y
CUST0004600,Regular,50037.46,2026-04-03,Y
CUST0004601,At Risk,58878.21,2026-07-26,N
CUST0004602,Occasional,97494.8,2026-01-03,Y
CUST0004603,High Value,79208.93,2026-02-28,N
CUST0004604,At Risk,13085.3,2026-07-26,Y
CUST0004605,Occasional,7371.06,2026-04-19,N
CUST0004606,High Value,79648.23,2026-07-04,Y
CUST0004607,At Risk,78427.64,2026-02-05,N
CUST0004608,Occasional,89095.07,2026-05-05,N
CUST0004609,At Risk,44621.11,2026-01-25,N
CUST0004610,High Value,41278.38,2026-04-08,Y
CUST0004611,Regular,87753.63,2026-05-03,Y
CUST0004612,Regular,64057.08,2026-07-20,Y
CUST0004613,High Value,95043.71,2026-02-09,Y
CUST0004614,Regular,46242.69,2026-03-18,N
CUST0004615,Regular,556.16,2026-05-14,Y
CUST0004616,Occasional,29886.17,2026-02-27,N
CUST0004617,At Risk,83560.44,2026-05-30,Y
CUST0004618,Occasional,93535.98,2026-07-12,Y
CUST0004619,High Value,3910.71,2026-06-19,N
CUST0004620,High Value,82038.89,2026-04-01,Y
CUST0004621,Occasional,86854.33,2026-03-22,Y
CUST0004622,High Value,88389.64,2026-02-14,N
CUST0004623,Regular,11683.45,2026-07-23,N
CUST0004624,Regular,70047.67,2026-06-03,N
CUST0004625,Occasional,11542.32,2026-03-14,Y
CUST0004626,High Value,15337.84,2026-05-12,Y
CUST0004627,High Value,54273.35,2026-01-17,Y
CUST0004628,Occasional,47169.17,2026-07-15,N
CUST0004629,Regular,73707.01,2026-01-01,Y
CUST0004630,At Risk,27874.79,2026-05-21,N
CUST0004631,High Value,35134.26,2026-05-02,Y
CUST0004632,Regular,74316.1,2026-06-23,N
CUST0004633,High Value,46796.1,2026-01-31,Y
CUST0004634,High Value,17265.99,2026-04-20,Y
CUST0004635,High Value,89082.02,2026-04-17,N
CUST0004636,At Risk,50269.72,2026-01-15,Y
CUST0004637,High Value,86415.62,2026-07-29,N
CUST0004638,High Value,55704.03,2026-03-04,N
CUST0004639,Regular,45424.58,2026-01-13,Y
CUST0004640,Regular,3025.84,2026-04-09,N
CUST0004641,High Value,57036.74,2026-05-28,Y
CUST0004642,Occasional,9390.9,2026-03-19,N
CUST0004643,High Value,42135.48,2026-07-28,Y
CUST0004644,High Value,67724.13,2026-01-05,Y
CUST0004645,Regular,95521.9,2026-02-26,N
CUST0004646,Occasional,13551.17,2026-02-04,Y
CUST0004647,Occasional,14182.0,2026-01-18,Y
CUST0004648,At Risk,50750.37,2026-04-18,Y
CUST0004649,High Value,12197.85,2026-05-24,Y
CUST0004650,Regular,22739.3,2026-04-06,Y
CUST0004651,Occasional,25490.84,2026-04-17,Y
CUST0004652,Occasional,50834.36,2026-02-02,Y
CUST0004653,High Value,99002.45,2026-06-05,Y
CUST0004654,Occasional,2958.65,2026-06-23,Y
CUST0004655,Occasional,54539.56,2026-02-26,N
CUST0004656,High Value,49517.4,2026-06-30,Y
CUST0004657,Occasional,50386.9,2026-03-31,N
CUST0004658,Regular,3952.42,2026-04-29,N
CUST0004659,At Risk,27165.46,2026-02-19,Y
CUST0004660,Occasional,59365.81,2026-03-19,N
CUST0004661,High Value,98355.92,2026-07-01,Y
CUST0004662,High Value,94192.31,2026-05-07,N
CUST0004663,High Value,76497.82,2026-03-28,N
CUST0004664,High Value,20181.64,2026-01-29,Y
CUST0004665,Regular,94732.85,2026-02-09,N
CUST0004666,Regular,40744.99,2026-01-25,Y
CUST0004667,At Risk,56461.65,2026-03-18,Y
CUST0004668,Regular,89811.92,2026-05-07,N
CUST0004669,At Risk,69367.48,2026-03-07,N
CUST0004670,At Risk,31850.0,2026-05-09,Y
CUST0004671,High Value,11543.76,2026-05-29,N
CUST0004672,Regular,75206.96,2026-02-11,Y
CUST0004673,High Value,89344.42,2026-06-07,Y
CUST0004674,At Risk,56729.39,2026-06-14,N
CUST0004675,At Risk,77876.21,2026-04-28,Y
CUST0004676,Occasional,9199.24,2026-04-24,N
CUST0004677,At Risk,98227.35,2026-06-27,N
CUST0004678,Regular,77801.6,2026-01-19,N
CUST0004679,At Risk,92115.38,2026-02-03,Y
CUST0004680,High Value,96893.81,2026-03-28,N
CUST0004681,Regular,70258.98,2026-06-13,Y
CUST0004682,Regular,39653.5,2026-04-13,N
CUST0004683,Occasional,55325.76,2026-03-24,N
CUST0004684,Occasional,88786.66,2026-04-22,N
CUST0004685,High Value,3749.99,2026-05-01,N
CUST0004686,Regular,24520.97,2026-03-09,Y
CUST0004687,Regular,51019.93,2026-05-05,Y
CUST0004688,At Risk,83256.89,2026-07-06,Y
CUST0004689,Regular,15607.36,2026-07-30,Y
CUST0004690,At Risk,31732.11,2026-05-14,Y
CUST0004691,High Value,33293.38,2026-07-22,N
CUST0004692,High Value,71385.51,2026-07-17,Y
CUST0004693,Occasional,90624.31,2026-01-15,N
CUST0004694,At Risk,17159.4,2026-03-12,N
CUST0004695,At Risk,32461.27,2026-07-07,Y
CUST0004696,High Value,84243.89,2026-07-13,N
CUST0004697,At Risk,63375.37,2026-02-23,N
CUST0004698,High Value,26549.85,2026-01-25,N
CUST0004699,High Value,80274.95,2026-05-09,N
CUST0004700,High Value,45105.65,2026-03-11,Y
CUST0004701,At Risk,41036.58,2026-06-30,N
CUST0004702,Occasional,72153.48,2026-05-02,Y
CUST0004703,Occasional,69839.22,2026-05-27,N
CUST0004704,At Risk,457.62,2026-07-04,N
CUST0004705,Occasional,77953.74,2026-01-04,N
CUST0004706,Occasional,71874.67,2026-01-13,Y
CUST0004707,Regular,53551.89,2026-04-16,N
CUST0004708,Regular,39299.52,2026-04-23,Y
CUST0004709,At Risk,44860.64,2026-06-22,N
CUST0004710,High Value,96018.26,2026-06-29,Y
CUST0004711,Regular,18126.06,2026-04-15,N
CUST0004712,Regular,22115.04,2026-07-30,Y
CUST0004713,High Value,56881.84,2026-06-06,N
CUST0004714,Regular,81380.91,2026-02-01,Y
CUST0004715,At Risk,14498.45,2026-07-01,N
CUST0004716,At Risk,22596.88,2026-07-16,N
CUST0004717,Occasional,84559.41,2026-03-19,N
CUST0004718,High Value,564.12,2026-07-06,Y
CUST0004719,At Risk,42787.89,2026-02-06,Y
CUST0004720,Regular,21979.86,2026-07-06,Y
CUST0004721,High Value,63808.26,2026-05-25,Y
CUST0004722,Regular,41370.97,2026-04-21,N
CUST0004723,Regular,41087.33,2026-05-17,Y
CUST0004724,High Value,99622.03,2026-01-25,N
CUST0004725,Occasional,95659.54,2026-04-02,N
CUST0004726,At Risk,20100.17,2026-05-27,N
CUST0004727,Regular,5118.35,2026-05-30,N
CUST0004728,High Value,48448.64,2026-01-19,N
CUST0004729,High Value,4073.77,2026-06-26,Y
CUST0004730,At Risk,15708.14,2026-07-24,N
CUST0004731,Occasional,1893.5,2026-06-03,Y
CUST0004732,At Risk,37102.75,2026-04-04,Y
CUST0004733,Occasional,92757.12,2026-07-11,Y
CUST0004734,Occasional,68883.52,2026-04-30,Y
CUST0004735,High Value,70895.54,2026-02-28,N
CUST0004736,Occasional,44108.06,2026-03-30,N
CUST0004737,High Value,20948.5,2026-02-09,Y
CUST0004738,At Risk,87543.35,2026-02-09,Y
CUST0004739,Regular,89943.53,2026-07-21,N
CUST0004740,Regular,3801.67,2026-06-20,N
CUST0004741,Regular,81446.23,2026-03-15,Y
CUST0004742,Occasional,99566.62,2026-02-05,Y
CUST0004743,Regular,63491.69,2026-01-23,N
CUST0004744,Regular,93055.65,2026-04-27,Y
CUST0004745,High Value,86225.17,2026-01-26,N
CUST0004746,High Value,29110.64,2026-02-04,N
CUST0004747,At Risk,6581.49,2026-04-27,Y
CUST0004748,High Value,84536.68,2026-05-28,Y
CUST0004749,Occasional,37139.99,2026-07-12,Y
CUST0004750,At Risk,60387.75,2026-06-24,Y
CUST0004751,Occasional,34405.47,2026-03-08,N
CUST0004752,Regular,59553.29,2026-06-07,Y
CUST0004753,At Risk,98147.69,2026-02-21,N
CUST0004754,Occasional,97547.91,2026-01-23,Y
CUST0004755,At Risk,32228.63,2026-02-03,N
CUST0004756,At Risk,80465.07,2026-03-05,N
CUST0004757,High Value,49371.95,2026-04-30,Y
CUST0004758,Occasional,38082.06,2026-01-27,N
CUST0004759,Occasional,31529.59,2026-01-12,Y
CUST0004760,At Risk,96101.6,2026-02-03,Y
CUST0004761,Occasional,32520.05,2026-04-03,N
CUST0004762,At Risk,72308.53,2026-04-01,N
CUST0004763,High Value,8065.71,2026-07-13,N
CUST0004764,High Value,42057.78,2026-01-29,N
CUST0004765,High Value,681.8,2026-04-27,Y
CUST0004766,At Risk,25635.1,2026-01-30,N
CUST0004767,At Risk,81971.97,2026-03-05,N
CUST0004768,Regular,99842.45,2026-04-25,Y
CUST0004769,Regular,43233.71,2026-05-21,Y
CUST0004770,Occasional,71277.12,2026-03-22,Y
CUST0004771,High Value,93530.89,2026-01-15,N
CUST0004772,High Value,56257.24,2026-04-28,N
CUST0004773,At Risk,58594.52,2026-06-27,Y
CUST0004774,Occasional,88878.51,2026-07-03,Y
CUST0004775,Regular,6082.91,2026-01-03,Y
CUST0004776,At Risk,23340.66,2026-06-23,N
CUST0004777,Occasional,84692.42,2026-01-06,N
CUST0004778,Occasional,19628.37,2026-03-26,N
CUST0004779,Regular,17213.45,2026-07-10,Y
CUST0004780,Occasional,46355.49,2026-06-12,Y
CUST0004781,High Value,20295.88,2026-04-08,N
CUST0004782,Occasional,19300.62,2026-03-23,N
CUST0004783,Occasional,61776.9,2026-04-28,Y
CUST0004784,Occasional,84760.79,2026-02-25,Y
CUST0004785,Occasional,1069.9,2026-02-05,Y
CUST0004786,High Value,6015.12,2026-04-11,N
CUST0004787,At Risk,87380.19,2026-03-08,N
CUST0004788,Regular,46923.03,2026-07-12,Y
CUST0004789,At Risk,20669.7,2026-04-11,N
CUST0004790,At Risk,84005.37,2026-06-26,N
CUST0004791,At Risk,36355.52,2026-02-17,Y
CUST0004792,Occasional,72926.99,2026-07-25,Y
CUST0004793,Regular,98178.11,2026-04-01,N
CUST0004794,High Value,87151.17,2026-06-05,N
CUST0004795,Regular,48340.18,2026-07-17,N
CUST0004796,Occasional,98865.98,2026-04-24,Y
CUST0004797,High Value,17601.98,2026-04-02,Y
CUST0004798,Regular,63104.42,2026-07-27,Y
CUST0004799,At Risk,93495.47,2026-05-13,Y
CUST0004800,High Value,91658.12,2026-05-02,N
CUST0004801,At Risk,19486.98,2026-03-30,Y
CUST0004802,Occasional,53231.13,2026-04-25,Y
CUST0004803,Regular,78019.47,2026-06-13,N
CUST0004804,Occasional,41038.89,2026-03-09,N
CUST0004805,Regular,52187.06,2026-04-03,N
CUST0004806,High Value,63910.59,2026-03-07,N
CUST0004807,At Risk,1458.52,2026-03-10,N
CUST0004808,Occasional,51722.33,2026-05-13,Y
CUST0004809,Regular,14158.82,2026-06-12,Y
CUST0004810,Occasional,38601.26,2026-01-12,N
CUST0004811,High Value,25928.23,2026-05-30,Y
CUST0004812,At Risk,22226.22,2026-06-05,Y
CUST0004813,Regular,94161.61,2026-01-25,Y
CUST0004814,Regular,62613.69,2026-01-31,Y
CUST0004815,Regular,79410.89,2026-02-06,Y
CUST0004816,At Risk,38300.6,2026-05-31,Y
CUST0004817,Regular,1454.08,2026-03-28,N
CUST0004818,High Value,39905.09,2026-02-20,N
CUST0004819,At Risk,87960.02,2026-04-06,Y
CUST0004820,High Value,30981.6,2026-04-19,N
CUST0004821,Regular,19691.55,2026-06-11,Y
CUST0004822,Occasional,94090.7,2026-03-22,Y
CUST0004823,Regular,6620.5,2026-05-08,N
CUST0004824,High Value,73875.2,2026-06-13,Y
CUST0004825,High Value,84895.55,2026-03-05,Y
CUST0004826,Occasional,47523.07,2026-05-03,N
CUST0004827,High Value,51300.73,2026-01-12,Y
CUST0004828,At Risk,52751.86,2026-01-11,N
CUST0004829,At Risk,2518.61,2026-01-27,N
CUST0004830,At Risk,27831.31,2026-03-18,N
CUST0004831,At Risk,50099.57,2026-05-11,N
CUST0004832,At Risk,85994.01,2026-07-29,Y
CUST0004833,High Value,23036.5,2026-02-15,Y
CUST0004834,Occasional,63177.82,2026-07-05,N
CUST0004835,Regular,90219.86,2026-01-22,Y
CUST0004836,High Value,74453.19,2026-02-15,Y
CUST0004837,Occasional,18997.74,2026-02-16,N
CUST0004838,Regular,55521.13,2026-01-08,N
CUST0004839,High Value,62816.65,2026-02-24,N
CUST0004840,High Value,91915.46,2026-03-01,Y
CUST0004841,High Value,37979.27,2026-05-25,N
CUST0004842,At Risk,92590.24,2026-07-10,N
CUST0004843,Occasional,3761.53,2026-07-03,Y
CUST0004844,Regular,89841.15,2026-04-04,Y
CUST0004845,At Risk,86114.78,2026-02-19,Y
CUST0004846,Occasional,833.15,2026-02-13,N
CUST0004847,Regular,74558.96,2026-06-06,Y
CUST0004848,High Value,63595.37,2026-03-14,Y
CUST0004849,Regular,86953.41,2026-05-26,N
CUST0004850,High Value,6415.7,2026-05-23,Y
CUST0004851,At Risk,4801.99,2026-03-05,Y
CUST0004852,Occasional,85218.85,2026-04-05,N
CUST0004853,At Risk,5252.88,2026-04-25,Y
CUST0004854,At Risk,75297.9,2026-03-31,Y
CUST0004855,High Value,10650.63,2026-07-03,N
CUST0004856,Regular,53093.44,2026-03-07,N
CUST0004857,Occasional,81024.84,2026-04-27,Y
CUST0004858,Occasional,16796.97,2026-04-08,N
CUST0004859,High Value,48111.74,2026-04-20,N
CUST0004860,At Risk,74423.25,2026-07-20,N
CUST0004861,High Value,50141.48,2026-06-30,N
CUST0004862,At Risk,7476.64,2026-06-05,N
CUST0004863,Regular,14322.89,2026-04-23,Y
CUST0004864,High Value,74093.37,2026-02-24,N
CUST0004865,High Value,58667.78,2026-06-29,N
CUST0004866,Occasional,56976.83,2026-05-11,N
CUST0004867,At Risk,45582.73,2026-05-26,Y
CUST0004868,High Value,47705.99,2026-06-19,N
CUST0004869,Occasional,18376.48,2026-06-30,Y
CUST0004870,At Risk,33256.75,2026-07-30,Y
CUST0004871,Regular,3364.76,2026-02-27,Y
CUST0004872,Occasional,36791.9,2026-04-08,N
CUST0004873,Occasional,86879.98,2026-03-19,Y
CUST0004874,At Risk,76943.78,2026-03-24,Y
CUST0004875,Regular,65807.71,2026-02-03,Y
CUST0004876,High Value,12236.65,2026-05-31,N
CUST0004877,At Risk,23056.28,2026-06-22,N
CUST0004878,Occasional,67125.99,2026-02-02,N
CUST0004879,High Value,18045.86,2026-04-14,Y
CUST0004880,Occasional,16279.36,2026-04-30,N
CUST0004881,Regular,73038.87,2026-04-09,N
CUST0004882,At Risk,83091.17,2026-03-31,Y
CUST0004883,Occasional,50731.15,2026-03-05,Y
CUST0004884,Occasional,22954.77,2026-04-07,Y
CUST0004885,At Risk,45095.95,2026-04-16,N
CUST0004886,Regular,79389.11,2026-04-17,N
CUST0004887,Regular,91269.96,2026-03-23,N
CUST0004888,Regular,41249.76,2026-03-04,Y
CUST0004889,Occasional,53108.04,2026-02-19,Y
CUST0004890,At Risk,73500.44,2026-06-09,Y
CUST0004891,High Value,79635.36,2026-05-01,Y
CUST0004892,Occasional,60447.55,2026-02-19,Y
CUST0004893,At Risk,4372.27,2026-03-17,Y
CUST0004894,Regular,81182.19,2026-07-29,N
CUST0004895,High Value,12450.15,2026-06-24,Y
CUST0004896,Occasional,30622.2,2026-04-26,N
CUST0004897,Regular,35125.76,2026-07-16,Y
CUST0004898,High Value,24472.48,2026-07-03,N
CUST0004899,Regular,75552.47,2026-03-21,N
CUST0004900,Regular,13833.94,2026-03-02,Y
CUST0004901,Regular,44664.85,2026-04-12,N
CUST0004902,Regular,33250.8,2026-04-03,N
CUST0004903,At Risk,13392.44,2026-06-20,N
CUST0004904,At Risk,96590.0,2026-04-19,N
CUST0004905,Occasional,70014.06,2026-03-11,N
CUST0004906,Regular,95874.08,2026-01-01,N
CUST0004907,Regular,27353.08,2026-03-20,Y
CUST0004908,High Value,47507.11,2026-07-05,Y
CUST0004909,High Value,8569.77,2026-01-12,N
CUST0004910,At Risk,47482.4,2026-01-22,N
CUST0004911,At Risk,43353.58,2026-01-10,N
CUST0004912,Occasional,85219.59,2026-05-10,Y
CUST0004913,Regular,70338.66,2026-01-09,Y
CUST0004914,Regular,65173.87,2026-02-26,N
CUST0004915,High Value,1756.48,2026-07-21,Y
CUST0004916,Occasional,1456.5,2026-01-13,Y
CUST0004917,Occasional,49989.24,2026-07-10,N
CUST0004918,At Risk,33978.96,2026-04-26,Y
CUST0004919,Occasional,62838.14,2026-04-19,Y
CUST0004920,High Value,1322.44,2026-02-02,N
CUST0004921,At Risk,96726.85,2026-02-15,Y
CUST0004922,At Risk,88229.16,2026-07-08,N
CUST0004923,Occasional,19665.23,2026-04-21,Y
CUST0004924,High Value,40942.84,2026-03-01,N
CUST0004925,At Risk,58671.37,2026-01-14,N
CUST0004926,At Risk,17646.89,2026-01-03,Y
CUST0004927,Regular,58144.89,2026-07-17,Y
CUST0004928,Regular,75978.02,2026-01-08,N
CUST0004929,Regular,89149.53,2026-03-21,N
CUST0004930,At Risk,54973.01,2026-05-06,Y
CUST0004931,Regular,35415.75,2026-06-08,N
CUST0004932,Regular,17285.7,2026-06-02,Y
CUST0004933,Regular,95184.07,2026-07-07,N
CUST0004934,Occasional,24888.84,2026-07-07,N
CUST0004935,At Risk,14705.55,2026-03-24,Y
CUST0004936,Regular,16117.29,2026-01-29,Y
CUST0004937,High Value,53837.9,2026-04-07,N
CUST0004938,Occasional,29568.01,2026-02-27,N
CUST0004939,High Value,91174.97,2026-01-13,Y
CUST0004940,Regular,20751.86,2026-03-01,N
CUST0004941,Occasional,47922.74,2026-04-21,N
CUST0004942,High Value,72970.25,2026-04-28,N
CUST0004943,At Risk,38838.53,2026-01-24,N
CUST0004944,Occasional,16164.78,2026-03-08,N
CUST0004945,At Risk,97650.58,2026-06-17,Y
CUST0004946,Regular,74194.14,2026-01-20,Y
CUST0004947,Occasional,62361.77,2026-04-25,Y
CUST0004948,Occasional,11259.82,2026-07-30,N
CUST0004949,At Risk,47371.94,2026-07-01,Y
CUST0004950,Regular,90526.32,2026-07-01,N
CUST0004951,Occasional,94282.69,2026-07-23,N
CUST0004952,Regular,14437.92,2026-04-09,N
CUST0004953,At Risk,81448.13,2026-05-16,N
CUST0004954,High Value,31367.22,2026-05-03,Y
CUST0004955,At Risk,26033.21,2026-07-06,N
CUST0004956,High Value,14505.95,2026-06-06,Y
CUST0004957,At Risk,88081.18,2026-06-08,Y
CUST0004958,Regular,8020.3,2026-06-25,N
CUST0004959,High Value,30011.41,2026-07-06,Y
CUST0004960,Occasional,26260.56,2026-01-18,N
CUST0004961,Occasional,95453.23,2026-04-18,Y
CUST0004962,High Value,89320.07,2026-03-04,Y
CUST0004963,High Value,68823.31,2026-07-17,Y
CUST0004964,At Risk,24989.95,2026-04-21,N
CUST0004965,High Value,33980.6,2026-03-13,Y
CUST0004966,High Value,47923.9,2026-04-16,N
CUST0004967,At Risk,74451.51,2026-03-21,N
CUST0004968,High Value,84849.39,2026-07-29,N
CUST0004969,At Risk,33451.95,2026-01-22,Y
CUST0004970,High Value,59221.03,2026-01-21,Y
CUST0004971,At Risk,16160.95,2026-02-03,Y
CUST0004972,At Risk,40530.66,2026-05-14,N
CUST0004973,Occasional,20612.76,2026-03-28,N
CUST0004974,Occasional,70755.19,2026-03-08,N
CUST0004975,High Value,62888.95,2026-03-30,N
CUST0004976,Regular,62984.18,2026-04-04,N
CUST0004977,Regular,18741.18,2026-01-11,N
CUST0004978,Occasional,40970.99,2026-01-05,N
CUST0004979,High Value,7044.2,2026-07-30,N
CUST0004980,Regular,50147.79,2026-02-25,N
CUST0004981,Occasional,44506.66,2026-04-23,Y
CUST0004982,Regular,11711.9,2026-07-05,N
CUST0004983,Regular,31864.93,2026-03-23,Y
CUST0004984,Regular,1804.72,2026-04-02,N
CUST0004985,At Risk,52870.63,2026-01-09,Y
CUST0004986,Regular,2528.5,2026-02-08,N
CUST0004987,Occasional,49419.68,2026-03-16,Y
CUST0004988,At Risk,53048.64,2026-05-28,N
CUST0004989,High Value,56732.93,2026-02-04,N
CUST0004990,High Value,8500.4,2026-01-28,Y
CUST0004991,Occasional,12541.82,2026-01-24,Y
CUST0004992,Occasional,81863.33,2026-01-02,N
CUST0004993,At Risk,4921.64,2026-06-08,N
CUST0004994,High Value,7040.75,2026-06-05,N
CUST0004995,High Value,63577.93,2026-05-02,Y
CUST0004996,Regular,94093.19,2026-01-15,N
CUST0004997,High Value,5158.02,2026-01-22,N
CUST0004998,High Value,53582.71,2026-07-09,N
CUST0004999,Occasional,95901.93,2026-05-13,Y
CUST0005000,At Risk,36043.1,2026-02-02,N
CUST0005001,Regular,49553.71,2026-06-30,N
CUST0005002,Occasional,9982.85,2026-05-17,N
CUST0005003,High Value,81671.22,2026-06-16,N
CUST0005004,High Value,30938.43,2026-06-09,N
CUST0005005,Occasional,54188.56,2026-05-13,N
CUST0005006,Occasional,20314.67,2026-07-06,Y
CUST0005007,At Risk,50103.33,2026-05-23,Y
CUST0005008,High Value,47534.76,2026-06-13,Y
CUST0005009,Regular,10576.63,2026-05-29,N
CUST0005010,Regular,12213.83,2026-05-27,N
CUST0005011,At Risk,58329.4,2026-06-19,Y
CUST0005012,High Value,89783.43,2026-06-29,Y
CUST0005013,Occasional,84894.95,2026-07-10,N
CUST0005014,Regular,3560.4,2026-06-04,N
CUST0005015,At Risk,37899.75,2026-07-02,N
CUST0005016,High Value,34485.31,2026-06-25,Y
CUST0005017,Occasional,44642.6,2026-05-22,Y
CUST0005018,Occasional,84461.4,2026-01-13,N
CUST0005019,Occasional,855.54,2026-01-15,Y
CUST0005020,High Value,59689.68,2026-06-05,N
CUST0005021,High Value,15390.08,2026-07-24,N
CUST0005022,At Risk,55696.37,2026-02-22,Y
CUST0005023,Occasional,82306.65,2026-02-01,N
CUST0005024,High Value,52955.19,2026-05-22,Y
CUST0005025,Regular,56639.74,2026-03-25,N
CUST0005026,High Value,63285.85,2026-06-30,N
CUST0005027,Occasional,61261.08,2026-07-01,Y
CUST0005028,Regular,49667.85,2026-04-11,Y
CUST0005029,Occasional,54488.52,2026-05-01,N
CUST0005030,High Value,99533.48,2026-01-17,Y
CUST0005031,At Risk,95122.18,2026-05-25,N
CUST0005032,Regular,64498.44,2026-03-21,Y
CUST0005033,Occasional,32150.91,2026-05-24,Y
CUST0005034,Regular,1511.23,2026-06-25,Y
CUST0005035,High Value,80742.1,2026-02-23,N
CUST0005036,High Value,97698.43,2026-06-04,Y
CUST0005037,High Value,46628.14,2026-05-16,N
CUST0005038,At Risk,63029.08,2026-04-19,N
CUST0005039,Occasional,28912.25,2026-01-31,Y
CUST0005040,Occasional,76488.29,2026-07-05,N
CUST0005041,Occasional,37208.97,2026-05-02,N
CUST0005042,Occasional,40918.58,2026-02-08,Y
CUST0005043,Occasional,62449.22,2026-01-30,N
CUST0005044,Regular,36375.09,2026-01-18,Y
CUST0005045,High Value,32305.33,2026-06-11,Y
CUST0005046,At Risk,84648.26,2026-03-04,N
CUST0005047,At Risk,93287.97,2026-04-27,N
CUST0005048,At Risk,2160.85,2026-06-07,N
CUST0005049,Occasional,67583.9,2026-03-04,Y
CUST0005050,High Value,25841.93,2026-01-17,Y
CUST0005051,Occasional,62375.3,2026-05-03,Y
CUST0005052,Regular,32931.99,2026-03-08,Y
CUST0005053,High Value,14930.63,2026-04-07,N
CUST0005054,Regular,58223.05,2026-05-10,Y
CUST0005055,Occasional,30024.13,2026-05-21,N
CUST0005056,Regular,14739.4,2026-05-19,N
CUST0005057,Regular,45953.38,2026-07-10,N
CUST0005058,Regular,97237.45,2026-06-26,Y
CUST0005059,High Value,5106.44,2026-05-01,Y
CUST0005060,Occasional,62934.46,2026-04-20,Y
CUST0005061,High Value,9441.89,2026-04-02,N
CUST0005062,At Risk,38922.89,2026-05-01,N
CUST0005063,High Value,99736.03,2026-05-11,N
CUST0005064,High Value,64483.02,2026-03-04,Y
CUST0005065,At Risk,68357.61,2026-04-02,N
CUST0005066,At Risk,52163.0,2026-05-07,Y
CUST0005067,High Value,92267.0,2026-06-04,Y
CUST0005068,At Risk,27040.0,2026-01-26,Y
CUST0005069,Occasional,26982.97,2026-04-07,N
CUST0005070,Occasional,41859.07,2026-03-09,N
CUST0005071,At Risk,8532.88,2026-06-28,N
CUST0005072,Regular,42371.51,2026-01-19,N
CUST0005073,Occasional,41603.01,2026-06-14,Y
CUST0005074,High Value,68928.59,2026-05-04,Y
CUST0005075,High Value,37118.02,2026-04-17,Y
CUST0005076,At Risk,92209.97,2026-04-07,N
CUST0005077,Regular,28018.03,2026-06-02,Y
CUST0005078,At Risk,77229.46,2026-03-11,Y
CUST0005079,Occasional,83945.75,2026-02-07,N
CUST0005080,Regular,28325.67,2026-05-31,N
CUST0005081,High Value,61851.52,2026-01-11,N
CUST0005082,At Risk,14760.29,2026-02-11,Y
CUST0005083,Regular,26128.45,2026-04-21,Y
CUST0005084,High Value,41421.17,2026-01-09,Y
CUST0005085,Regular,59277.42,2026-03-08,N
CUST0005086,High Value,17978.98,2026-01-16,Y
CUST0005087,Regular,18714.53,2026-05-05,N
CUST0005088,Occasional,35636.9,2026-03-12,Y
CUST0005089,Occasional,43227.86,2026-03-15,N
CUST0005090,At Risk,46709.06,2026-04-30,Y
CUST0005091,High Value,30657.12,2026-02-26,N
CUST0005092,High Value,44370.39,2026-02-17,N
CUST0005093,High Value,35058.3,2026-07-17,N
CUST0005094,At Risk,66973.68,2026-04-22,Y
CUST0005095,Regular,96174.21,2026-02-27,Y
CUST0005096,Regular,48261.71,2026-05-04,N
CUST0005097,Regular,45398.64,2026-03-28,N
CUST0005098,Regular,62599.71,2026-02-24,Y
CUST0005099,Occasional,75752.55,2026-02-23,Y
CUST0005100,High Value,11971.75,2026-07-04,N
CUST0005101,High Value,61634.96,2026-04-26,Y
CUST0005102,At Risk,54600.31,2026-01-14,N
CUST0005103,High Value,60088.81,2026-01-22,N
CUST0005104,Regular,12561.99,2026-05-11,Y
CUST0005105,At Risk,21280.58,2026-01-04,N
CUST0005106,Regular,48671.12,2026-04-14,Y
CUST0005107,At Risk,27849.27,2026-06-27,N
CUST0005108,At Risk,95413.92,2026-03-23,Y
CUST0005109,Regular,79379.71,2026-07-25,N
CUST0005110,High Value,63087.99,2026-06-17,N
CUST0005111,At Risk,87944.33,2026-05-03,Y
CUST0005112,Occasional,11965.88,2026-05-06,Y
CUST0005113,Regular,82455.9,2026-06-17,Y
CUST0005114,At Risk,94326.82,2026-07-03,Y
CUST0005115,Occasional,85492.34,2026-03-17,N
CUST0005116,High Value,42743.91,2026-04-06,Y
CUST0005117,At Risk,12020.05,2026-06-24,N
CUST0005118,Regular,18978.35,2026-04-04,N
CUST0005119,High Value,97635.83,2026-05-10,N
CUST0005120,Regular,87562.15,2026-05-18,N
CUST0005121,At Risk,94256.33,2026-06-10,N
CUST0005122,At Risk,54080.67,2026-03-06,N
CUST0005123,Regular,22072.22,2026-03-20,Y
CUST0005124,Regular,84024.7,2026-02-23,N
CUST0005125,High Value,84084.43,2026-04-30,N
CUST0005126,High Value,93270.12,2026-06-03,Y
CUST0005127,Regular,66375.54,2026-07-04,N
CUST0005128,High Value,42787.99,2026-03-07,N
CUST0005129,High Value,44018.55,2026-05-12,Y
CUST0005130,High Value,96290.79,2026-01-24,N
CUST0005131,At Risk,63330.67,2026-07-10,N
CUST0005132,High Value,76168.1,2026-04-07,N
CUST0005133,High Value,27801.06,2026-02-01,Y
CUST0005134,Regular,29740.55,2026-04-28,Y
CUST0005135,High Value,74251.73,2026-04-16,Y
CUST0005136,At Risk,19437.85,2026-02-04,Y
CUST0005137,Occasional,56486.01,2026-04-14,Y
CUST0005138,Occasional,59962.93,2026-06-30,Y
CUST0005139,Regular,59616.11,2026-05-17,Y
CUST0005140,High Value,81803.92,2026-06-23,N
CUST0005141,At Risk,43660.19,2026-05-18,Y
CUST0005142,Regular,50560.26,2026-01-20,Y
CUST0005143,At Risk,64988.15,2026-01-15,N
CUST0005144,Occasional,69273.63,2026-03-23,Y
CUST0005145,At Risk,10672.02,2026-01-29,N
CUST0005146,Occasional,62613.63,2026-06-05,N
CUST0005147,At Risk,17026.63,2026-07-04,N
CUST0005148,High Value,41113.83,2026-05-08,Y
CUST0005149,At Risk,79509.48,2026-05-01,Y
CUST0005150,At Risk,95662.48,2026-03-25,N
CUST0005151,High Value,34498.42,2026-03-16,N
CUST0005152,High Value,68468.15,2026-01-09,Y
CUST0005153,At Risk,51365.19,2026-06-25,Y
CUST0005154,High Value,29616.68,2026-01-06,N
CUST0005155,At Risk,9770.08,2026-01-05,Y
CUST0005156,High Value,16167.35,2026-01-28,Y
CUST0005157,High Value,41733.31,2026-03-04,N
CUST0005158,Occasional,10039.55,2026-02-07,N
CUST0005159,High Value,98917.43,2026-06-04,Y
CUST0005160,Regular,46563.11,2026-05-16,Y
CUST0005161,Regular,50277.78,2026-03-13,Y
CUST0005162,High Value,88204.21,2026-02-08,N
CUST0005163,Regular,25982.79,2026-03-29,N
CUST0005164,Occasional,32461.63,2026-07-10,Y
CUST0005165,Occasional,53870.06,2026-02-04,Y
CUST0005166,Occasional,86874.91,2026-05-15,N
CUST0005167,High Value,68068.47,2026-07-08,N
CUST0005168,At Risk,24974.49,2026-01-30,Y
CUST0005169,High Value,39986.64,2026-02-05,N
CUST0005170,Regular,61052.41,2026-03-25,Y
CUST0005171,Regular,8687.83,2026-04-02,Y
CUST0005172,High Value,71437.09,2026-04-07,N
CUST0005173,At Risk,57734.86,2026-01-05,N
CUST0005174,High Value,69163.17,2026-06-02,Y
CUST0005175,Occasional,53397.73,2026-07-04,N
CUST0005176,High Value,82547.92,2026-07-11,Y
CUST0005177,Occasional,6230.73,2026-04-11,N
CUST0005178,Occasional,45043.63,2026-01-28,N
CUST0005179,At Risk,76010.39,2026-05-31,N
CUST0005180,High Value,41693.77,2026-01-11,N
CUST0005181,At Risk,33204.25,2026-01-06,N
CUST0005182,Occasional,60129.07,2026-02-06,N
CUST0005183,High Value,3585.52,2026-01-07,N
CUST0005184,At Risk,29292.33,2026-05-10,N
CUST0005185,High Value,86318.62,2026-04-26,Y
CUST0005186,At Risk,29015.09,2026-06-27,Y
CUST0005187,Regular,52523.07,2026-01-06,Y
CUST0005188,Regular,15419.23,2026-02-17,N
CUST0005189,High Value,50372.01,2026-07-19,Y
CUST0005190,High Value,94342.1,2026-02-01,Y
CUST0005191,Occasional,18644.73,2026-06-27,Y
CUST0005192,At Risk,98495.48,2026-04-30,N
CUST0005193,At Risk,1008.31,2026-07-30,N
CUST0005194,At Risk,82782.29,2026-07-26,Y
CUST0005195,Regular,94067.7,2026-06-03,N
CUST0005196,Occasional,45100.11,2026-05-24,N
CUST0005197,High Value,87102.52,2026-04-01,N
CUST0005198,Occasional,20250.94,2026-07-21,N
CUST0005199,Occasional,41244.51,2026-02-05,N
CUST0005200,At Risk,68948.7,2026-03-09,Y
CUST0005201,High Value,95608.91,2026-05-05,Y
CUST0005202,At Risk,32353.94,2026-03-13,N
CUST0005203,Occasional,68195.14,2026-05-04,N
CUST0005204,Occasional,35408.6,2026-01-15,Y
CUST0005205,At Risk,39809.48,2026-02-28,Y
CUST0005206,Occasional,26573.86,2026-06-26,N
CUST0005207,Regular,83034.93,2026-01-13,Y
CUST0005208,Regular,61056.33,2026-02-28,Y
CUST0005209,At Risk,3655.11,2026-01-17,Y
CUST0005210,Regular,79939.4,2026-05-21,Y
CUST0005211,At Risk,88766.55,2026-03-06,Y
CUST0005212,Regular,25640.11,2026-02-21,Y
CUST0005213,Regular,56064.27,2026-03-05,N
CUST0005214,At Risk,57268.03,2026-02-17,Y
CUST0005215,At Risk,45455.45,2026-02-10,Y
CUST0005216,Occasional,76061.21,2026-07-22,N
CUST0005217,Regular,57967.85,2026-01-17,Y
CUST0005218,At Risk,42960.53,2026-02-22,N
CUST0005219,Occasional,15340.69,2026-07-23,N
CUST0005220,Regular,14448.17,2026-04-09,Y
CUST0005221,Occasional,1082.68,2026-04-04,Y
CUST0005222,High Value,24603.46,2026-04-10,N
CUST0005223,At Risk,26297.08,2026-06-27,Y
CUST0005224,High Value,78249.09,2026-03-13,Y
CUST0005225,Occasional,71053.81,2026-07-11,N
CUST0005226,Regular,62388.28,2026-01-25,N
CUST0005227,At Risk,12191.7,2026-07-07,N
CUST0005228,At Risk,18551.76,2026-07-03,N
CUST0005229,At Risk,31939.03,2026-02-01,Y
CUST0005230,At Risk,98514.82,2026-03-20,Y
CUST0005231,Regular,49940.26,2026-01-06,N
CUST0005232,At Risk,78874.53,2026-05-05,N
CUST0005233,Regular,43494.95,2026-05-11,N
CUST0005234,At Risk,84640.9,2026-04-12,Y
CUST0005235,High Value,37378.4,2026-02-24,Y
CUST0005236,Regular,1443.87,2026-03-09,Y
CUST0005237,Occasional,87284.46,2026-05-10,N
CUST0005238,Regular,72716.45,2026-06-22,N
CUST0005239,Occasional,43101.24,2026-06-16,Y
CUST0005240,High Value,3020.22,2026-04-18,N
CUST0005241,At Risk,87028.82,2026-01-23,N
CUST0005242,Occasional,12504.45,2026-04-11,N
CUST0005243,Regular,89983.33,2026-04-05,Y
CUST0005244,At Risk,24790.24,2026-01-06,Y
CUST0005245,Occasional,20844.43,2026-06-21,Y
CUST0005246,Regular,28343.8,2026-07-23,N
CUST0005247,Occasional,41330.77,2026-03-02,N
CUST0005248,High Value,78501.42,2026-04-13,N
CUST0005249,Regular,96641.98,2026-02-15,Y
CUST0005250,High Value,86590.89,2026-03-16,N
CUST0005251,Occasional,24805.86,2026-06-02,N
CUST0005252,Regular,23565.03,2026-03-25,Y
CUST0005253,At Risk,49856.21,2026-01-25,N
CUST0005254,Occasional,19904.6,2026-06-06,Y
CUST0005255,Regular,77673.77,2026-07-01,Y
CUST0005256,At Risk,66595.02,2026-05-04,Y
CUST0005257,At Risk,80824.29,2026-07-19,N
CUST0005258,High Value,2871.51,2026-01-31,Y
CUST0005259,High Value,35503.78,2026-02-09,N
CUST0005260,High Value,60963.87,2026-04-10,N
CUST0005261,Regular,3237.27,2026-01-19,N
CUST0005262,Occasional,1808.11,2026-05-18,Y
CUST0005263,Occasional,91852.91,2026-03-11,N
CUST0005264,High Value,7706.35,2026-07-23,N
CUST0005265,High Value,644.95,2026-03-19,Y
CUST0005266,Regular,1046.22,2026-07-01,N
CUST0005267,Regular,53935.97,2026-06-05,Y
CUST0005268,Regular,72340.53,2026-03-27,N
CUST0005269,At Risk,48911.34,2026-06-01,N
CUST0005270,At Risk,54034.88,2026-07-11,N
CUST0005271,Occasional,54902.1,2026-07-09,Y
CUST0005272,At Risk,86148.26,2026-03-15,Y
CUST0005273,At Risk,82830.5,2026-07-15,Y
CUST0005274,Regular,95082.58,2026-07-25,Y
CUST0005275,Occasional,8112.6,2026-02-20,N
CUST0005276,Occasional,70553.9,2026-05-09,N
CUST0005277,High Value,95152.54,2026-01-04,Y
CUST0005278,Occasional,23392.24,2026-06-26,N
CUST0005279,High Value,51498.43,2026-05-12,N
CUST0005280,Occasional,83040.44,2026-02-24,Y
CUST0005281,High Value,66102.92,2026-07-19,Y
CUST0005282,Occasional,94999.08,2026-01-28,Y
CUST0005283,High Value,97147.53,2026-01-16,N
CUST0005284,Occasional,64718.79,2026-07-07,Y
CUST0005285,At Risk,20173.78,2026-02-14,Y
CUST0005286,High Value,8312.25,2026-01-03,N
CUST0005287,High Value,9110.72,2026-02-21,N
CUST0005288,Regular,92237.64,2026-07-15,Y
CUST0005289,Occasional,12653.24,2026-06-30,N
CUST0005290,High Value,84072.26,2026-03-08,N
CUST0005291,At Risk,78263.21,2026-02-14,N
CUST0005292,At Risk,85692.73,2026-07-13,N
CUST0005293,Occasional,50012.3,2026-03-22,N
CUST0005294,High Value,79898.74,2026-04-05,Y
CUST0005295,Regular,3056.48,2026-01-28,N
CUST0005296,Regular,27982.87,2026-06-14,Y
CUST0005297,Regular,78102.94,2026-07-04,Y
CUST0005298,High Value,21030.8,2026-06-04,Y
CUST0005299,High Value,88260.0,2026-02-20,N
CUST0005300,Occasional,21877.52,2026-07-22,Y
CUST0005301,At Risk,555.3,2026-06-23,N
CUST0005302,High Value,50847.17,2026-07-25,Y
CUST0005303,High Value,10215.88,2026-01-11,Y
CUST0005304,High Value,84985.01,2026-03-31,N
CUST0005305,Regular,91683.89,2026-05-31,Y
CUST0005306,High Value,24036.81,2026-07-10,N
CUST0005307,At Risk,45856.83,2026-04-29,Y
CUST0005308,High Value,41658.36,2026-05-03,N
CUST0005309,High Value,61076.61,2026-04-13,Y
CUST0005310,At Risk,87289.07,2026-05-16,Y
CUST0005311,Occasional,20237.08,2026-06-20,N
CUST0005312,At Risk,95108.73,2026-07-13,N
CUST0005313,Regular,50516.0,2026-05-09,Y
CUST0005314,At Risk,46919.74,2026-07-24,N
CUST0005315,High Value,48867.61,2026-07-21,Y
CUST0005316,Regular,94651.8,2026-04-16,N
CUST0005317,High Value,82548.63,2026-05-03,N
CUST0005318,At Risk,47777.01,2026-01-14,Y
CUST0005319,Regular,48012.81,2026-06-28,Y
CUST0005320,Regular,29988.69,2026-03-14,Y
CUST0005321,Occasional,63927.49,2026-07-12,N
CUST0005322,Regular,2361.75,2026-04-28,N
CUST0005323,At Risk,49192.47,2026-05-16,Y
CUST0005324,Regular,16434.27,2026-06-21,N
CUST0005325,High Value,41796.11,2026-01-19,Y
CUST0005326,Occasional,45438.61,2026-07-07,N
CUST0005327,High Value,61275.45,2026-01-11,Y
CUST0005328,High Value,83221.58,2026-05-14,N
CUST0005329,High Value,50085.89,2026-03-13,Y
CUST0005330,Regular,89285.58,2026-05-29,N
CUST0005331,Occasional,39630.49,2026-05-16,N
CUST0005332,Occasional,76228.56,2026-07-24,Y
CUST0005333,Regular,73437.36,2026-06-06,Y
CUST0005334,At Risk,62172.63,2026-04-08,N
CUST0005335,At Risk,67670.0,2026-02-05,Y
CUST0005336,At Risk,90247.51,2026-01-06,N
CUST0005337,Regular,25077.18,2026-01-27,N
CUST0005338,Occasional,55258.33,2026-04-17,Y
CUST0005339,Regular,37031.32,2026-01-02,Y
CUST0005340,Regular,62634.8,2026-06-15,N
CUST0005341,Regular,28008.21,2026-01-10,Y
CUST0005342,Regular,42454.07,2026-03-20,N
CUST0005343,Regular,49130.92,2026-02-20,Y
CUST0005344,High Value,67293.17,2026-04-23,Y
CUST0005345,Occasional,75422.71,2026-07-29,N
CUST0005346,High Value,36408.7,2026-04-02,N
CUST0005347,High Value,57020.89,2026-01-31,N
CUST0005348,High Value,57145.89,2026-04-15,N
CUST0005349,High Value,36122.93,2026-07-01,N
CUST0005350,High Value,99120.16,2026-07-04,Y
CUST0005351,At Risk,93892.66,2026-06-08,Y
CUST0005352,Occasional,33838.87,2026-01-11,Y
CUST0005353,High Value,93122.94,2026-07-08,Y
CUST0005354,At Risk,47457.63,2026-05-26,N
CUST0005355,Regular,75352.38,2026-01-05,N
CUST0005356,High Value,72583.53,2026-03-18,N
CUST0005357,At Risk,76372.27,2026-01-02,Y
CUST0005358,At Risk,73340.18,2026-01-03,N
CUST0005359,Regular,67701.33,2026-05-04,N
CUST0005360,Regular,54803.63,2026-05-31,Y
CUST0005361,High Value,23260.72,2026-02-04,Y
CUST0005362,Regular,65555.97,2026-06-17,Y
CUST0005363,Occasional,94702.51,2026-05-04,N
CUST0005364,Occasional,42501.04,2026-05-10,N
CUST0005365,High Value,74038.94,2026-01-22,N
CUST0005366,Regular,85818.82,2026-06-16,N
CUST0005367,Regular,14079.0,2026-05-05,N
CUST0005368,At Risk,55011.97,2026-01-01,N
CUST0005369,High Value,25971.24,2026-01-17,N
CUST0005370,Occasional,86145.3,2026-03-14,Y
CUST0005371,High Value,57357.15,2026-05-25,N
CUST0005372,At Risk,20985.59,2026-07-04,N
CUST0005373,At Risk,5780.71,2026-06-10,N
CUST0005374,At Risk,46987.03,2026-01-11,N
CUST0005375,Occasional,67513.2,2026-05-14,N
CUST0005376,High Value,16901.63,2026-04-03,N
CUST0005377,At Risk,61119.6,2026-06-27,N
CUST0005378,Regular,25517.84,2026-02-09,N
CUST0005379,High Value,52064.64,2026-02-20,Y
CUST0005380,Occasional,83820.25,2026-04-01,Y
CUST0005381,Occasional,6727.32,2026-05-29,N
CUST0005382,At Risk,79684.75,2026-03-02,N
CUST0005383,Occasional,41300.48,2026-02-25,Y
CUST0005384,High Value,68963.34,2026-04-22,N
CUST0005385,Occasional,82594.74,2026-01-04,Y
CUST0005386,Occasional,39878.24,2026-03-19,N
CUST0005387,At Risk,67642.97,2026-03-06,N
CUST0005388,Regular,71276.5,2026-03-14,Y
CUST0005389,High Value,89732.66,2026-05-09,N
CUST0005390,Regular,45771.58,2026-01-08,Y
CUST0005391,Regular,28614.41,2026-04-06,Y
CUST0005392,At Risk,58412.67,2026-07-25,N
CUST0005393,At Risk,34125.74,2026-07-06,Y
CUST0005394,Regular,51370.37,2026-03-04,N
CUST0005395,Occasional,78764.31,2026-02-20,Y
CUST0005396,Occasional,31815.85,2026-03-15,Y
CUST0005397,High Value,61775.21,2026-01-31,N
CUST0005398,Occasional,84446.17,2026-06-25,Y
CUST0005399,At Risk,33565.19,2026-05-15,Y
CUST0005400,Occasional,69193.14,2026-01-27,N
CUST0005401,Regular,32690.94,2026-03-22,Y
CUST0005402,Occasional,31520.23,2026-03-31,Y
CUST0005403,Regular,10503.43,2026-04-11,Y
CUST0005404,At Risk,24013.05,2026-04-05,N
CUST0005405,Occasional,4487.37,2026-02-19,N
CUST0005406,At Risk,32804.65,2026-04-27,N
CUST0005407,Regular,58905.34,2026-05-27,Y
CUST0005408,Regular,14603.6,2026-02-04,Y
CUST0005409,At Risk,74416.67,2026-02-17,N
CUST0005410,High Value,49360.97,2026-02-06,N
CUST0005411,Occasional,82731.0,2026-07-11,N
CUST0005412,At Risk,92565.47,2026-04-23,Y
CUST0005413,High Value,65161.81,2026-01-19,Y
CUST0005414,At Risk,66687.07,2026-04-22,N
CUST0005415,Regular,38931.67,2026-07-17,Y
CUST0005416,At Risk,21547.64,2026-03-19,N
CUST0005417,Regular,27930.16,2026-04-10,Y
CUST0005418,Regular,58402.1,2026-06-10,N
CUST0005419,Occasional,10721.18,2026-02-01,Y
CUST0005420,Occasional,24078.2,2026-03-23,N
CUST0005421,Occasional,45994.62,2026-03-26,N
CUST0005422,At Risk,8882.11,2026-01-15,N
CUST0005423,At Risk,56679.78,2026-01-22,N
CUST0005424,Regular,95403.2,2026-06-13,N
CUST0005425,Regular,60201.46,2026-07-21,N
CUST0005426,High Value,51299.42,2026-02-13,N
CUST0005427,High Value,55582.62,2026-05-29,Y
CUST0005428,High Value,68749.13,2026-06-29,Y
CUST0005429,High Value,1508.6,2026-06-07,N
CUST0005430,Occasional,49574.48,2026-04-28,Y
CUST0005431,High Value,24873.37,2026-05-30,N
CUST0005432,Regular,80091.5,2026-06-20,Y
CUST0005433,Occasional,21460.23,2026-01-05,N
CUST0005434,Regular,99464.97,2026-05-19,N
CUST0005435,Regular,62214.1,2026-01-26,N
CUST0005436,At Risk,84800.21,2026-04-19,N
CUST0005437,High Value,17787.64,2026-03-17,Y
CUST0005438,High Value,64743.56,2026-01-24,N
CUST0005439,Regular,37667.84,2026-03-31,Y
CUST0005440,Regular,65059.8,2026-06-03,N
CUST0005441,High Value,35774.0,2026-02-26,N
CUST0005442,At Risk,96001.57,2026-04-27,Y
CUST0005443,At Risk,96954.27,2026-05-21,Y
CUST0005444,At Risk,69045.78,2026-03-26,N
CUST0005445,At Risk,98505.16,2026-05-30,N
CUST0005446,Occasional,31412.43,2026-01-25,N
CUST0005447,At Risk,26706.19,2026-01-20,Y
CUST0005448,At Risk,54150.2,2026-03-10,N
CUST0005449,At Risk,47141.73,2026-03-08,N
CUST0005450,Occasional,40501.5,2026-05-20,Y
CUST0005451,At Risk,80061.08,2026-04-19,N
CUST0005452,Occasional,6194.66,2026-05-02,Y
CUST0005453,Occasional,61952.23,2026-04-26,Y
CUST0005454,At Risk,16925.74,2026-02-27,Y
CUST0005455,Regular,9676.21,2026-04-29,Y
CUST0005456,High Value,96755.75,2026-01-09,N
CUST0005457,At Risk,70641.47,2026-06-29,N
CUST0005458,Regular,97905.93,2026-07-22,N
CUST0005459,High Value,95129.76,2026-06-30,Y
CUST0005460,Regular,59505.64,2026-07-11,N
CUST0005461,Occasional,41896.49,2026-06-10,N
CUST0005462,At Risk,71293.8,2026-04-11,Y
CUST0005463,High Value,78115.04,2026-07-01,Y
CUST0005464,High Value,76026.73,2026-01-21,N
CUST0005465,At Risk,60667.55,2026-02-27,Y
CUST0005466,At Risk,35187.41,2026-03-29,N
CUST0005467,Occasional,73238.34,2026-03-16,Y
CUST0005468,At Risk,66268.64,2026-05-11,N
CUST0005469,At Risk,24721.19,2026-02-01,Y
CUST0005470,High Value,42945.01,2026-03-28,N
CUST0005471,Occasional,60426.52,2026-05-23,Y
CUST0005472,At Risk,75313.53,2026-01-30,Y
CUST0005473,At Risk,85993.18,2026-02-16,Y
CUST0005474,Regular,82617.99,2026-03-15,N
CUST0005475,Regular,79422.66,2026-02-21,Y
CUST0005476,High Value,47580.53,2026-02-20,N
CUST0005477,Regular,97293.57,2026-05-14,N
CUST0005478,Regular,12369.35,2026-07-22,N
CUST0005479,Regular,30363.98,2026-01-11,Y
CUST0005480,Occasional,35144.4,2026-03-03,N
CUST0005481,High Value,36509.66,2026-07-13,N
CUST0005482,At Risk,66140.15,2026-04-04,N
CUST0005483,High Value,34408.93,2026-05-06,Y
CUST0005484,High Value,98125.14,2026-06-20,Y
CUST0005485,At Risk,89930.79,2026-06-18,N
CUST0005486,Regular,12639.0,2026-06-02,N
CUST0005487,Occasional,39132.55,2026-07-07,N
CUST0005488,Occasional,11934.87,2026-02-17,N
CUST0005489,Regular,63747.86,2026-05-12,N
CUST0005490,Regular,75285.24,2026-06-11,Y
CUST0005491,High Value,73136.47,2026-01-28,N
CUST0005492,At Risk,17498.15,2026-06-22,N
CUST0005493,Regular,83983.01,2026-02-09,N
CUST0005494,Occasional,29293.49,2026-07-18,Y
CUST0005495,Regular,80050.68,2026-06-14,Y
CUST0005496,Regular,66669.8,2026-06-18,Y
CUST0005497,Regular,91457.52,2026-07-08,N
CUST0005498,At Risk,50623.25,2026-01-17,N
CUST0005499,Occasional,81067.93,2026-07-16,N
CUST0005500,Occasional,15020.33,2026-07-12,Y
CUST0005501,High Value,8785.54,2026-05-07,N
CUST0005502,Regular,84442.04,2026-02-15,Y
CUST0005503,At Risk,66503.44,2026-06-13,N
CUST0005504,At Risk,98868.99,2026-05-31,Y
CUST0005505,High Value,57488.81,2026-06-13,Y
CUST0005506,High Value,69913.0,2026-05-17,N
CUST0005507,Occasional,96663.68,2026-05-01,Y
CUST0005508,Regular,84433.8,2026-01-01,N
CUST0005509,High Value,44565.75,2026-06-19,Y
CUST0005510,Regular,54803.59,2026-02-17,Y
CUST0005511,High Value,31824.62,2026-02-19,N
CUST0005512,At Risk,97653.23,2026-07-21,N
CUST0005513,Regular,8680.06,2026-01-17,Y
CUST0005514,At Risk,42464.62,2026-03-26,Y
CUST0005515,Regular,76274.41,2026-06-18,N
CUST0005516,Regular,708.19,2026-03-19,N
CUST0005517,High Value,4339.79,2026-05-20,Y
CUST0005518,Regular,39648.46,2026-03-16,Y
CUST0005519,Occasional,96763.03,2026-02-24,Y
CUST0005520,Occasional,5137.74,2026-05-14,Y
CUST0005521,Regular,35537.88,2026-01-29,N
CUST0005522,At Risk,80147.69,2026-02-19,N
CUST0005523,At Risk,94525.38,2026-03-13,Y
CUST0005524,Regular,91253.45,2026-02-26,N
CUST0005525,Occasional,91243.49,2026-01-07,N
CUST0005526,Regular,78630.91,2026-05-05,N
CUST0005527,At Risk,44161.63,2026-02-28,N
CUST0005528,Regular,43179.18,2026-05-20,N
CUST0005529,At Risk,8695.64,2026-04-14,Y
CUST0005530,Occasional,26862.23,2026-05-18,N
CUST0005531,Regular,1338.84,2026-01-31,N
CUST0005532,High Value,25621.3,2026-01-23,Y
CUST0005533,Regular,89255.21,2026-05-18,N
CUST0005534,High Value,5577.33,2026-03-30,Y
CUST0005535,Regular,12277.19,2026-05-10,N
CUST0005536,At Risk,77399.71,2026-03-07,Y
CUST0005537,Regular,81647.67,2026-01-10,N
CUST0005538,At Risk,57894.46,2026-06-13,N
CUST0005539,At Risk,24937.68,2026-07-25,Y
CUST0005540,High Value,10899.45,2026-04-25,Y
CUST0005541,At Risk,37044.19,2026-01-16,Y
CUST0005542,At Risk,97759.45,2026-04-23,N
CUST0005543,Regular,74098.95,2026-01-13,N
CUST0005544,Regular,48393.69,2026-01-31,N
CUST0005545,Occasional,2913.53,2026-05-20,Y
CUST0005546,Regular,87152.7,2026-05-24,N
CUST0005547,Occasional,72511.87,2026-05-28,N
CUST0005548,At Risk,22527.23,2026-04-04,N
CUST0005549,High Value,88581.71,2026-03-16,Y
CUST0005550,High Value,34814.65,2026-01-18,Y
CUST0005551,High Value,83314.8,2026-06-19,N
CUST0005552,At Risk,27348.3,2026-05-01,N
CUST0005553,High Value,67279.71,2026-07-14,Y
CUST0005554,At Risk,97711.43,2026-06-02,N
CUST0005555,At Risk,51076.46,2026-07-26,Y
CUST0005556,High Value,96422.64,2026-04-30,N
CUST0005557,At Risk,87235.98,2026-01-13,Y
CUST0005558,Occasional,36780.64,2026-05-14,N
CUST0005559,Occasional,53901.71,2026-04-28,Y
CUST0005560,At Risk,4518.36,2026-04-11,N
CUST0005561,At Risk,53727.3,2026-03-23,N
CUST0005562,Occasional,75273.77,2026-05-22,Y
CUST0005563,At Risk,33551.39,2026-04-20,Y
CUST0005564,High Value,80427.43,2026-04-22,Y
CUST0005565,At Risk,2053.56,2026-07-21,N
CUST0005566,Occasional,3901.35,2026-01-04,Y
CUST0005567,High Value,54938.22,2026-01-28,Y
CUST0005568,High Value,72004.17,2026-01-10,N
CUST0005569,High Value,34344.44,2026-06-13,N
CUST0005570,Occasional,4511.22,2026-02-02,Y
CUST0005571,High Value,15658.89,2026-03-19,Y
CUST0005572,At Risk,73132.24,2026-04-14,N
CUST0005573,High Value,84637.04,2026-05-07,Y
CUST0005574,At Risk,69975.85,2026-07-20,N
CUST0005575,High Value,25382.32,2026-05-23,N
CUST0005576,Occasional,96435.68,2026-02-09,Y
CUST0005577,High Value,4791.02,2026-03-08,N
CUST0005578,Regular,5889.31,2026-02-28,N
CUST0005579,Regular,78010.77,2026-01-31,Y
CUST0005580,Occasional,71008.89,2026-04-05,N
CUST0005581,Regular,20560.48,2026-02-10,Y
CUST0005582,High Value,69145.59,2026-04-07,N
CUST0005583,Regular,7540.19,2026-07-08,N
CUST0005584,High Value,34892.15,2026-06-05,Y
CUST0005585,At Risk,10202.46,2026-01-05,Y
CUST0005586,High Value,27400.62,2026-06-28,Y
CUST0005587,At Risk,52642.14,2026-05-25,Y
CUST0005588,High Value,8943.76,2026-03-01,Y
CUST0005589,Occasional,60353.0,2026-06-06,N
CUST0005590,Occasional,97450.28,2026-07-14,Y
CUST0005591,Occasional,36265.75,2026-05-12,Y
CUST0005592,Occasional,71454.52,2026-05-02,N
CUST0005593,Occasional,45895.58,2026-04-11,Y
CUST0005594,High Value,98860.15,2026-02-27,Y
CUST0005595,At Risk,50744.43,2026-04-08,N
CUST0005596,Occasional,78002.21,2026-07-25,N
CUST0005597,At Risk,63344.22,2026-02-08,Y
CUST0005598,At Risk,98487.5,2026-07-04,Y
CUST0005599,High Value,87927.89,2026-05-29,N
CUST0005600,High Value,96336.11,2026-07-23,Y
CUST0005601,At Risk,87449.18,2026-06-29,Y
CUST0005602,Occasional,38835.49,2026-01-31,Y
CUST0005603,Occasional,78710.69,2026-06-02,Y
CUST0005604,High Value,95012.53,2026-01-10,Y
CUST0005605,Regular,30540.84,2026-05-09,N
CUST0005606,At Risk,23673.29,2026-07-28,N
CUST0005607,High Value,51489.37,2026-03-23,N
CUST0005608,High Value,94065.96,2026-01-09,N
CUST0005609,At Risk,63023.27,2026-05-05,Y
CUST0005610,High Value,26759.31,2026-01-16,Y
CUST0005611,Regular,54570.22,2026-05-18,N
CUST0005612,High Value,89101.23,2026-05-31,Y
CUST0005613,Regular,98434.18,2026-05-22,N
CUST0005614,At Risk,32563.16,2026-02-24,N
CUST0005615,Occasional,11923.6,2026-02-14,Y
CUST0005616,At Risk,99349.58,2026-05-25,N
CUST0005617,Regular,93656.66,2026-07-14,Y
CUST0005618,Occasional,79391.67,2026-03-20,N
CUST0005619,Regular,42371.81,2026-05-05,N
CUST0005620,High Value,31523.18,2026-04-21,Y
CUST0005621,Regular,75226.73,2026-03-18,N
CUST0005622,At Risk,66889.4,2026-04-08,N
CUST0005623,High Value,79504.41,2026-03-02,Y
CUST0005624,High Value,67039.14,2026-03-14,Y
CUST0005625,At Risk,81471.77,2026-07-18,Y
CUST0005626,Occasional,21972.45,2026-03-08,Y
CUST0005627,At Risk,53418.65,2026-07-28,N
CUST0005628,Occasional,82419.9,2026-04-02,N
CUST0005629,High Value,52787.59,2026-04-24,Y
CUST0005630,At Risk,30506.86,2026-04-30,N
CUST0005631,High Value,26878.82,2026-01-12,Y
CUST0005632,High Value,75151.44,2026-05-15,Y
CUST0005633,Occasional,63223.2,2026-02-01,N
CUST0005634,High Value,62878.21,2026-07-20,N
CUST0005635,High Value,79906.15,2026-02-14,N
CUST0005636,Regular,5704.92,2026-06-18,N
CUST0005637,Regular,18346.98,2026-04-14,N
CUST0005638,High Value,41121.75,2026-04-13,Y
CUST0005639,At Risk,19382.71,2026-02-02,Y
CUST0005640,Occasional,59370.81,2026-05-08,Y
CUST0005641,Regular,32354.18,2026-01-25,N
CUST0005642,Occasional,74409.59,2026-03-22,Y
CUST0005643,Occasional,10141.18,2026-01-26,N
CUST0005644,Occasional,54769.89,2026-01-20,N
CUST0005645,Occasional,80799.34,2026-05-31,N
CUST0005646,Occasional,91281.18,2026-03-05,N
CUST0005647,At Risk,41954.45,2026-07-05,N
CUST0005648,High Value,72102.77,2026-07-10,Y
CUST0005649,High Value,99063.11,2026-06-26,N
CUST0005650,At Risk,89654.05,2026-02-18,Y
CUST0005651,Regular,99821.96,2026-05-05,N
CUST0005652,Occasional,16281.66,2026-04-21,Y
CUST0005653,At Risk,93725.38,2026-03-21,N
CUST0005654,At Risk,46395.81,2026-01-24,N
CUST0005655,Occasional,53889.32,2026-07-09,Y
CUST0005656,At Risk,40141.39,2026-05-01,Y
CUST0005657,At Risk,17547.16,2026-05-17,Y
CUST0005658,Regular,6511.17,2026-06-10,N
CUST0005659,At Risk,94682.73,2026-04-29,N
CUST0005660,High Value,80672.23,2026-07-24,N
CUST0005661,High Value,24856.28,2026-07-27,N
CUST0005662,At Risk,91374.83,2026-02-27,N
CUST0005663,Regular,99181.52,2026-01-07,Y
CUST0005664,Regular,29147.13,2026-07-18,Y
CUST0005665,High Value,75273.78,2026-04-13,N
CUST0005666,Regular,6884.07,2026-01-14,Y
CUST0005667,Regular,66169.84,2026-06-08,Y
CUST0005668,At Risk,11944.17,2026-07-27,Y
CUST0005669,Regular,88664.56,2026-06-02,Y
CUST0005670,At Risk,8633.8,2026-03-14,N
CUST0005671,Occasional,70333.61,2026-01-30,Y
CUST0005672,Occasional,23361.35,2026-07-07,Y
CUST0005673,At Risk,71804.44,2026-03-06,N
CUST0005674,Occasional,64684.13,2026-05-06,N
CUST0005675,At Risk,48631.16,2026-07-04,N
CUST0005676,Regular,14082.92,2026-07-24,N
CUST0005677,High Value,63944.94,2026-04-19,N
CUST0005678,At Risk,3730.64,2026-07-08,N
CUST0005679,Regular,68771.66,2026-05-21,Y
CUST0005680,At Risk,24872.23,2026-04-20,N
CUST0005681,Regular,96138.62,2026-01-08,Y
CUST0005682,Regular,93779.11,2026-03-31,N
CUST0005683,Occasional,57228.1,2026-05-03,N
CUST0005684,Regular,28353.02,2026-01-18,Y
CUST0005685,High Value,30087.89,2026-07-16,Y
CUST0005686,Occasional,19722.02,2026-05-20,N
CUST0005687,Regular,80726.04,2026-07-26,Y
CUST0005688,Regular,51691.26,2026-07-30,Y
CUST0005689,High Value,61461.3,2026-04-21,N
CUST0005690,Occasional,92930.0,2026-02-19,N
CUST0005691,Occasional,64248.44,2026-02-22,Y
CUST0005692,Regular,51490.24,2026-06-02,N
CUST0005693,Occasional,40848.19,2026-03-12,N
CUST0005694,At Risk,87912.83,2026-07-27,N
CUST0005695,At Risk,89333.91,2026-01-19,Y
CUST0005696,Occasional,86191.57,2026-04-10,N
CUST0005697,Regular,27044.72,2026-02-22,Y
CUST0005698,Regular,24161.42,2026-01-16,Y
CUST0005699,High Value,45054.59,2026-04-21,N
CUST0005700,Regular,75270.2,2026-05-20,Y
CUST0005701,High Value,67428.04,2026-03-26,N
CUST0005702,At Risk,8438.62,2026-01-15,Y
CUST0005703,Occasional,11586.13,2026-01-06,N
CUST0005704,Regular,3889.01,2026-07-05,N
CUST0005705,Occasional,4982.03,2026-02-19,Y
CUST0005706,At Risk,19052.83,2026-07-06,N
CUST0005707,High Value,73105.2,2026-01-10,Y
CUST0005708,High Value,3806.9,2026-02-06,N
CUST0005709,High Value,23972.67,2026-01-08,N
CUST0005710,At Risk,6234.47,2026-01-26,Y
CUST0005711,Regular,63052.09,2026-07-17,Y
CUST0005712,High Value,4939.75,2026-02-15,N
CUST0005713,At Risk,56264.88,2026-03-29,Y
CUST0005714,At Risk,26602.92,2026-03-02,Y
CUST0005715,Occasional,92725.18,2026-05-22,Y
CUST0005716,Occasional,35072.83,2026-03-29,Y
CUST0005717,High Value,17824.76,2026-07-14,Y
CUST0005718,Regular,91135.4,2026-07-30,Y
CUST0005719,Regular,32715.93,2026-07-03,Y
CUST0005720,Occasional,79866.2,2026-03-22,Y
CUST0005721,Occasional,16373.44,2026-06-08,Y
CUST0005722,Regular,73808.08,2026-02-07,N
CUST0005723,Occasional,25964.99,2026-07-28,Y
CUST0005724,At Risk,16712.58,2026-06-09,Y
CUST0005725,At Risk,99451.34,2026-06-13,Y
CUST0005726,Occasional,21406.79,2026-06-01,N
CUST0005727,Regular,74708.52,2026-02-26,Y
CUST0005728,Occasional,5700.09,2026-06-29,Y
CUST0005729,At Risk,58045.69,2026-02-10,N
CUST0005730,High Value,54961.13,2026-06-09,N
CUST0005731,High Value,93968.48,2026-07-30,N
CUST0005732,Regular,66181.1,2026-07-25,N
CUST0005733,At Risk,25151.73,2026-07-05,N
CUST0005734,Occasional,8424.13,2026-02-18,Y
CUST0005735,Regular,62813.29,2026-07-08,N
CUST0005736,Occasional,42392.53,2026-07-29,N
CUST0005737,High Value,6261.57,2026-06-07,N
CUST0005738,High Value,51912.59,2026-05-12,N
CUST0005739,Regular,43951.11,2026-01-12,Y
CUST0005740,At Risk,70986.22,2026-06-15,N
CUST0005741,High Value,26138.57,2026-05-19,Y
CUST0005742,Regular,55027.57,2026-04-25,Y
CUST0005743,High Value,56709.05,2026-06-05,N
CUST0005744,At Risk,62402.49,2026-02-12,Y
CUST0005745,High Value,98983.07,2026-04-12,Y
CUST0005746,At Risk,3881.63,2026-05-07,Y
CUST0005747,Occasional,20563.76,2026-03-25,Y
CUST0005748,Occasional,40550.01,2026-06-17,N
CUST0005749,At Risk,80031.64,2026-02-04,N
CUST0005750,Regular,38004.89,2026-07-01,Y
CUST0005751,Regular,58734.66,2026-07-21,N
CUST0005752,Occasional,33465.7,2026-02-07,N
CUST0005753,At Risk,98770.94,2026-03-22,Y
CUST0005754,High Value,33579.0,2026-03-10,N
CUST0005755,High Value,32498.61,2026-03-19,Y
CUST0005756,Regular,79018.54,2026-05-07,Y
CUST0005757,High Value,3426.44,2026-06-29,Y
CUST0005758,Regular,86997.8,2026-01-10,N
CUST0005759,At Risk,62325.13,2026-04-18,Y
CUST0005760,High Value,5087.16,2026-06-12,N
CUST0005761,Regular,5455.86,2026-07-29,N
CUST0005762,High Value,58597.05,2026-06-20,Y
CUST0005763,Occasional,5766.71,2026-01-18,Y
CUST0005764,At Risk,8761.67,2026-03-07,N
CUST0005765,Occasional,90152.88,2026-07-12,Y
CUST0005766,Regular,35634.99,2026-04-19,N
CUST0005767,Occasional,30477.43,2026-02-08,N
CUST0005768,At Risk,31337.39,2026-06-04,Y
CUST0005769,Regular,90819.71,2026-03-05,N
CUST0005770,Regular,64931.07,2026-01-16,N
CUST0005771,Occasional,2153.24,2026-03-17,Y
CUST0005772,Regular,53730.22,2026-04-24,Y
CUST0005773,High Value,96434.4,2026-06-20,Y
CUST0005774,Regular,50281.69,2026-06-30,N
CUST0005775,Regular,70853.46,2026-04-18,Y
CUST0005776,Regular,6637.34,2026-01-03,N
CUST0005777,At Risk,90813.56,2026-02-23,N
CUST0005778,Regular,88500.89,2026-04-27,N
CUST0005779,High Value,3482.76,2026-07-08,Y
CUST0005780,Regular,10483.38,2026-07-11,Y
CUST0005781,Occasional,61433.24,2026-01-22,N
CUST0005782,High Value,4928.62,2026-07-15,N
CUST0005783,Occasional,83966.47,2026-03-15,N
CUST0005784,Occasional,67316.94,2026-03-14,N
CUST0005785,Occasional,63666.31,2026-04-22,N
CUST0005786,Occasional,34640.91,2026-07-10,Y
CUST0005787,Occasional,47840.76,2026-03-30,N
CUST0005788,High Value,99358.83,2026-07-26,N
CUST0005789,Occasional,90713.71,2026-07-17,N
CUST0005790,Regular,60696.35,2026-04-21,Y
CUST0005791,At Risk,44262.45,2026-01-09,N
CUST0005792,Regular,303.33,2026-02-03,N
CUST0005793,At Risk,74791.63,2026-06-12,Y
CUST0005794,Occasional,18366.67,2026-06-10,Y
CUST0005795,Occasional,54999.16,2026-01-18,N
CUST0005796,At Risk,32071.02,2026-03-07,N
CUST0005797,Regular,83125.35,2026-02-08,N
CUST0005798,At Risk,32977.11,2026-04-12,N
CUST0005799,High Value,24968.83,2026-02-28,Y
CUST0005800,Regular,76435.8,2026-06-02,N
CUST0005801,At Risk,38705.12,2026-05-14,Y
CUST0005802,At Risk,46634.84,2026-03-15,N
CUST0005803,At Risk,50965.16,2026-05-10,Y
CUST0005804,High Value,38654.01,2026-06-27,Y
CUST0005805,Occasional,77443.06,2026-02-22,Y
CUST0005806,At Risk,66984.54,2026-02-04,N
CUST0005807,Occasional,73304.2,2026-05-01,N
CUST0005808,Occasional,12646.95,2026-03-07,Y
CUST0005809,At Risk,36802.07,2026-07-30,Y
CUST0005810,At Risk,18670.92,2026-01-22,Y
CUST0005811,At Risk,81225.77,2026-01-02,Y
CUST0005812,Regular,26778.36,2026-03-16,Y
CUST0005813,High Value,57230.57,2026-03-21,Y
CUST0005814,Regular,56031.09,2026-03-05,Y
CUST0005815,At Risk,530.49,2026-03-15,N
CUST0005816,Occasional,74770.24,2026-02-12,N
CUST0005817,High Value,65088.11,2026-07-16,Y
CUST0005818,High Value,25591.9,2026-01-18,Y
CUST0005819,Regular,73540.32,2026-06-05,N
CUST0005820,At Risk,69430.39,2026-05-06,Y
CUST0005821,At Risk,108.59,2026-07-11,Y
CUST0005822,At Risk,84748.2,2026-01-15,Y
CUST0005823,Regular,17360.91,2026-05-22,Y
CUST0005824,At Risk,80595.46,2026-07-03,N
CUST0005825,High Value,99484.15,2026-01-28,Y
CUST0005826,High Value,26303.25,2026-02-26,N
CUST0005827,High Value,28152.67,2026-03-30,N
CUST0005828,High Value,23008.21,2026-02-08,N
CUST0005829,At Risk,44661.05,2026-07-02,N
CUST0005830,Regular,29674.48,2026-05-16,Y
CUST0005831,Regular,54592.32,2026-03-04,Y
CUST0005832,Regular,26363.86,2026-07-25,Y
CUST0005833,High Value,31796.56,2026-03-23,Y
CUST0005834,Regular,88630.58,2026-03-14,Y
CUST0005835,High Value,88699.55,2026-05-03,Y
CUST0005836,High Value,53320.0,2026-05-02,Y
CUST0005837,High Value,83594.34,2026-02-09,N
CUST0005838,At Risk,95252.78,2026-04-13,Y
CUST0005839,Occasional,29127.29,2026-06-15,N
CUST0005840,At Risk,22621.07,2026-01-02,Y
CUST0005841,At Risk,62489.19,2026-03-01,N
CUST0005842,At Risk,30176.88,2026-06-25,Y
CUST0005843,High Value,80907.85,2026-04-08,N
CUST0005844,Occasional,5736.11,2026-07-26,N
CUST0005845,At Risk,60651.9,2026-04-13,Y
CUST0005846,High Value,77516.22,2026-05-29,Y
CUST0005847,Regular,42322.82,2026-01-18,Y
CUST0005848,Occasional,4646.88,2026-03-08,N
CUST0005849,High Value,72931.04,2026-07-23,Y
CUST0005850,Regular,47002.61,2026-04-08,Y
CUST0005851,At Risk,43127.04,2026-04-05,Y
CUST0005852,At Risk,41151.06,2026-02-05,Y
CUST0005853,Regular,4449.64,2026-02-20,N
CUST0005854,Regular,946.21,2026-01-16,N
CUST0005855,Regular,56414.91,2026-05-03,N
CUST0005856,Regular,17095.18,2026-03-20,N
CUST0005857,Regular,68794.35,2026-03-13,N
CUST0005858,Occasional,29394.67,2026-01-03,Y
CUST0005859,Regular,65591.96,2026-07-11,N
CUST0005860,Regular,68362.38,2026-04-23,Y
CUST0005861,At Risk,91802.75,2026-04-08,Y
CUST0005862,High Value,26320.51,2026-01-28,Y
CUST0005863,At Risk,92422.5,2026-03-31,N
CUST0005864,High Value,90755.21,2026-03-19,N
CUST0005865,Occasional,37368.46,2026-07-05,N
CUST0005866,At Risk,43746.38,2026-06-25,N
CUST0005867,High Value,73056.62,2026-04-07,N
CUST0005868,Occasional,91539.59,2026-04-18,Y
CUST0005869,Regular,36608.01,2026-06-13,N
CUST0005870,Regular,53406.93,2026-04-04,Y
CUST0005871,High Value,78661.18,2026-03-02,Y
CUST0005872,High Value,60512.64,2026-01-24,N
CUST0005873,Occasional,57987.32,2026-02-14,Y
CUST0005874,Regular,78187.27,2026-07-14,N
CUST0005875,High Value,26710.11,2026-04-22,Y
CUST0005876,High Value,38668.49,2026-03-27,Y
CUST0005877,Occasional,79263.29,2026-05-17,Y
CUST0005878,At Risk,61028.02,2026-05-13,Y
CUST0005879,High Value,28130.52,2026-06-18,N
CUST0005880,Occasional,10882.94,2026-03-05,Y
CUST0005881,Regular,46483.17,2026-03-28,Y
CUST0005882,Occasional,92126.38,2026-04-29,Y
CUST0005883,Occasional,25547.65,2026-01-27,N
CUST0005884,Occasional,60846.44,2026-01-08,Y
CUST0005885,Regular,497.93,2026-05-18,N
CUST0005886,Occasional,7835.3,2026-05-16,Y
CUST0005887,Regular,91186.87,2026-04-21,Y
CUST0005888,Regular,45079.15,2026-05-05,Y
CUST0005889,At Risk,14858.98,2026-03-25,Y
CUST0005890,High Value,94361.64,2026-07-29,Y
CUST0005891,Occasional,53812.12,2026-03-08,Y
CUST0005892,At Risk,84826.92,2026-03-12,Y
CUST0005893,High Value,20702.26,2026-04-14,N
CUST0005894,Regular,13825.88,2026-06-25,Y
CUST0005895,High Value,82983.02,2026-05-31,N
CUST0005896,At Risk,88912.78,2026-05-31,Y
CUST0005897,Occasional,87503.6,2026-05-04,N
CUST0005898,Occasional,23818.5,2026-06-18,Y
CUST0005899,High Value,16228.2,2026-05-07,N
CUST0005900,At Risk,13706.38,2026-03-31,Y
CUST0005901,High Value,43047.44,2026-06-14,Y
CUST0005902,Regular,16426.2,2026-04-08,Y
CUST0005903,High Value,59104.84,2026-06-02,N
CUST0005904,At Risk,56724.24,2026-05-20,N
CUST0005905,Regular,74372.73,2026-02-22,N
CUST0005906,Regular,6698.14,2026-04-05,N
CUST0005907,Occasional,73219.47,2026-07-05,N
CUST0005908,Regular,82277.57,2026-01-18,Y
CUST0005909,High Value,18183.14,2026-07-04,Y
CUST0005910,Regular,95667.01,2026-07-26,N
CUST0005911,Occasional,23775.76,2026-04-15,N
CUST0005912,High Value,36223.05,2026-05-16,N
CUST0005913,High Value,17322.42,2026-05-10,Y
CUST0005914,Regular,66122.06,2026-05-29,Y
CUST0005915,Regular,3785.06,2026-06-21,N
CUST0005916,Regular,79077.09,2026-02-22,N
CUST0005917,Regular,93488.89,2026-01-10,Y
CUST0005918,Regular,75232.2,2026-03-29,Y
CUST0005919,At Risk,2844.45,2026-04-27,Y
CUST0005920,Occasional,40056.36,2026-04-11,N
CUST0005921,Regular,38522.14,2026-05-19,Y
CUST0005922,Regular,39989.06,2026-04-19,Y
CUST0005923,Regular,99617.33,2026-03-01,Y
CUST0005924,Occasional,91352.25,2026-04-05,N
CUST0005925,At Risk,43096.8,2026-07-20,Y
CUST0005926,High Value,84920.66,2026-05-30,Y
CUST0005927,Regular,30833.17,2026-07-13,Y
CUST0005928,Occasional,30368.9,2026-01-05,N
CUST0005929,Regular,56681.29,2026-06-04,Y
CUST0005930,Occasional,59455.14,2026-07-15,N
CUST0005931,High Value,3188.19,2026-03-03,N
CUST0005932,Regular,7253.12,2026-07-29,Y
CUST0005933,Regular,90574.16,2026-06-21,Y
CUST0005934,Regular,17978.19,2026-05-29,Y
CUST0005935,Occasional,98612.06,2026-01-06,Y
CUST0005936,Regular,6853.06,2026-05-30,Y
CUST0005937,At Risk,78169.75,2026-03-10,Y
CUST0005938,Occasional,78316.74,2026-02-13,N
CUST0005939,Occasional,39875.97,2026-01-04,N
CUST0005940,Occasional,63599.04,2026-02-13,Y
CUST0005941,At Risk,66953.34,2026-04-26,N
CUST0005942,Occasional,90659.65,2026-01-31,N
CUST0005943,At Risk,76679.42,2026-07-23,Y
CUST0005944,Regular,27860.29,2026-01-21,N
CUST0005945,At Risk,14247.47,2026-07-30,Y
CUST0005946,At Risk,4059.28,2026-04-04,N
CUST0005947,Regular,13994.95,2026-01-11,N
CUST0005948,Occasional,25373.95,2026-01-15,N
CUST0005949,High Value,15635.31,2026-05-06,Y
CUST0005950,High Value,18779.62,2026-04-25,Y
CUST0005951,At Risk,45390.47,2026-02-10,Y
CUST0005952,At Risk,81206.94,2026-05-23,N
CUST0005953,Occasional,23043.41,2026-07-08,N
CUST0005954,Regular,84543.19,2026-04-28,Y
CUST0005955,At Risk,64961.6,2026-05-02,Y
CUST0005956,Regular,2890.23,2026-02-07,N
CUST0005957,Occasional,37898.72,2026-01-21,Y
CUST0005958,High Value,70758.25,2026-03-14,N
CUST0005959,High Value,29262.62,2026-05-07,Y
CUST0005960,Occasional,62726.04,2026-06-11,Y
CUST0005961,High Value,3960.39,2026-05-04,Y
CUST0005962,High Value,55127.23,2026-03-29,Y
CUST0005963,High Value,87997.46,2026-06-16,N
CUST0005964,At Risk,64422.68,2026-02-16,Y
CUST0005965,High Value,53398.08,2026-05-28,Y
CUST0005966,Regular,19702.19,2026-05-09,Y
CUST0005967,High Value,58506.11,2026-02-19,N
CUST0005968,High Value,88717.84,2026-04-26,N
CUST0005969,At Risk,44304.46,2026-04-03,N
CUST0005970,Occasional,70495.84,2026-02-18,N
CUST0005971,Regular,7492.37,2026-05-19,Y
CUST0005972,At Risk,98068.21,2026-04-27,Y
CUST0005973,High Value,51834.3,2026-07-29,N
CUST0005974,At Risk,58743.12,2026-05-30,N
CUST0005975,High Value,23307.02,2026-04-01,Y
CUST0005976,Occasional,66727.04,2026-07-16,N
CUST0005977,Regular,45093.69,2026-05-02,Y
CUST0005978,Occasional,6793.22,2026-01-24,N
CUST0005979,High Value,1049.14,2026-07-21,Y
CUST0005980,High Value,30309.74,2026-03-25,N
CUST0005981,High Value,86545.2,2026-03-03,N
CUST0005982,Occasional,64397.99,2026-06-30,Y
CUST0005983,Occasional,58872.03,2026-04-29,N
CUST0005984,Occasional,89000.4,2026-05-25,N
CUST0005985,Regular,19677.5,2026-06-05,N
CUST0005986,Regular,88889.63,2026-03-29,N
CUST0005987,High Value,18868.02,2026-01-23,Y
CUST0005988,At Risk,21318.03,2026-03-13,Y
CUST0005989,High Value,13517.54,2026-01-26,N
CUST0005990,At Risk,50138.67,2026-04-16,Y
CUST0005991,At Risk,36135.24,2026-06-15,N
CUST0005992,High Value,92611.34,2026-07-29,Y
CUST0005993,At Risk,64215.97,2026-01-26,Y
CUST0005994,High Value,64090.55,2026-05-24,Y
CUST0005995,Occasional,67770.71,2026-01-13,Y
CUST0005996,High Value,5381.99,2026-01-16,N
CUST0005997,High Value,47474.81,2026-01-15,Y
CUST0005998,Regular,86949.11,2026-03-10,Y
CUST0005999,High Value,45407.08,2026-03-26,N
CUST0006000,Regular,56412.69,2026-02-12,N
CUST0006001,Regular,19315.42,2026-04-05,Y
CUST0006002,Regular,68007.82,2026-04-21,Y
CUST0006003,Regular,38973.71,2026-05-15,Y
CUST0006004,High Value,59262.85,2026-02-06,Y
CUST0006005,Occasional,57535.25,2026-07-04,Y
CUST0006006,High Value,78213.3,2026-02-22,Y
CUST0006007,At Risk,19535.87,2026-05-31,Y
CUST0006008,At Risk,31297.77,2026-06-19,Y
CUST0006009,High Value,34654.86,2026-02-12,Y
CUST0006010,High Value,25740.82,2026-05-10,N
CUST0006011,Regular,25882.16,2026-03-16,N
CUST0006012,Regular,23609.81,2026-02-24,Y
CUST0006013,Occasional,41402.83,2026-06-17,Y
CUST0006014,Regular,12980.28,2026-07-16,Y
CUST0006015,At Risk,62725.99,2026-07-16,N
CUST0006016,Occasional,56991.63,2026-07-15,N
CUST0006017,At Risk,79136.62,2026-02-13,N
CUST0006018,At Risk,54061.19,2026-05-05,Y
CUST0006019,High Value,17669.67,2026-05-05,N
CUST0006020,Regular,13597.07,2026-03-29,N
CUST0006021,Occasional,87388.43,2026-06-19,N
CUST0006022,Occasional,21647.05,2026-03-09,N
CUST0006023,Occasional,96633.16,2026-01-03,N
CUST0006024,High Value,63854.78,2026-04-13,N
CUST0006025,At Risk,9950.68,2026-02-21,N
CUST0006026,Regular,94936.91,2026-01-08,Y
CUST0006027,Regular,70731.33,2026-02-01,Y
CUST0006028,At Risk,79444.53,2026-01-02,N
CUST0006029,At Risk,64299.68,2026-02-02,Y
CUST0006030,Occasional,58253.46,2026-07-30,N
CUST0006031,Occasional,53182.86,2026-06-03,Y
CUST0006032,Occasional,68018.34,2026-04-02,Y
CUST0006033,High Value,48862.12,2026-01-30,N
CUST0006034,Regular,41384.1,2026-07-02,N
CUST0006035,Regular,2670.47,2026-01-28,Y
CUST0006036,High Value,46516.9,2026-05-14,N
CUST0006037,At Risk,8309.12,2026-02-05,N
CUST0006038,At Risk,58794.93,2026-04-29,Y
CUST0006039,Occasional,68675.95,2026-01-05,N
CUST0006040,Regular,3143.77,2026-02-06,Y
CUST0006041,At Risk,47574.95,2026-07-27,Y
CUST0006042,Occasional,77782.86,2026-02-18,Y
CUST0006043,At Risk,12203.64,2026-07-02,Y
CUST0006044,At Risk,55342.1,2026-05-07,Y
CUST0006045,High Value,94898.23,2026-05-11,Y
CUST0006046,At Risk,83430.97,2026-01-03,N
CUST0006047,High Value,16580.37,2026-05-08,Y
CUST0006048,Occasional,7246.1,2026-01-28,Y
CUST0006049,Occasional,3309.38,2026-03-29,N
CUST0006050,High Value,68786.87,2026-06-10,N
CUST0006051,High Value,58931.55,2026-03-19,N
CUST0006052,Regular,87226.09,2026-04-18,N
CUST0006053,Occasional,23599.24,2026-04-09,N
CUST0006054,At Risk,78696.45,2026-07-25,N
CUST0006055,At Risk,79841.89,2026-07-19,N
CUST0006056,High Value,7120.48,2026-07-17,N
CUST0006057,Regular,42177.21,2026-07-30,N
CUST0006058,Occasional,37879.6,2026-06-20,Y
CUST0006059,High Value,43615.11,2026-07-19,Y
CUST0006060,Regular,10100.97,2026-04-15,N
CUST0006061,High Value,87978.3,2026-03-30,Y
CUST0006062,Regular,13088.11,2026-01-18,N
CUST0006063,Occasional,19658.73,2026-04-05,Y
CUST0006064,Regular,87453.08,2026-04-22,Y
CUST0006065,Occasional,22628.1,2026-02-08,N
CUST0006066,Regular,32199.1,2026-07-05,N
CUST0006067,Regular,66745.71,2026-07-01,N
CUST0006068,At Risk,17128.36,2026-04-28,N
CUST0006069,High Value,77083.42,2026-02-21,Y
CUST0006070,Regular,87103.74,2026-02-24,Y
CUST0006071,Regular,64685.98,2026-07-16,Y
CUST0006072,Occasional,20365.84,2026-06-29,Y
CUST0006073,At Risk,38773.43,2026-07-20,Y
CUST0006074,Regular,90033.68,2026-01-22,N
CUST0006075,Occasional,62959.31,2026-06-27,N
CUST0006076,At Risk,80122.49,2026-04-26,Y
CUST0006077,Occasional,16593.5,2026-02-03,N
CUST0006078,High Value,69685.21,2026-02-13,N
CUST0006079,Regular,19028.31,2026-06-09,Y
CUST0006080,Occasional,10097.07,2026-06-03,Y
CUST0006081,At Risk,71122.24,2026-07-03,N
CUST0006082,At Risk,97183.96,2026-02-09,N
CUST0006083,High Value,80669.09,2026-06-30,Y
CUST0006084,At Risk,75033.98,2026-06-22,Y
CUST0006085,At Risk,43134.2,2026-06-19,N
CUST0006086,Regular,37830.34,2026-07-22,Y
CUST0006087,Regular,79214.19,2026-01-23,N
CUST0006088,Regular,51321.34,2026-01-22,N
CUST0006089,At Risk,29121.56,2026-06-16,Y
CUST0006090,Occasional,71611.61,2026-07-19,N
CUST0006091,Regular,5431.13,2026-04-12,N
CUST0006092,Regular,29448.79,2026-04-23,Y
CUST0006093,Regular,46293.8,2026-02-07,Y
CUST0006094,Occasional,53977.59,2026-03-09,Y
CUST0006095,Occasional,48387.87,2026-07-14,Y
CUST0006096,Occasional,61938.85,2026-03-06,Y
CUST0006097,Occasional,26309.28,2026-07-07,N
CUST0006098,Regular,21499.64,2026-02-26,N
CUST0006099,Regular,82471.38,2026-01-23,N
CUST0006100,Regular,96136.38,2026-06-27,Y
CUST0006101,Regular,6119.27,2026-03-10,N
CUST0006102,Regular,75583.94,2026-07-12,Y
CUST0006103,Regular,56906.04,2026-03-02,Y
CUST0006104,At Risk,82773.98,2026-02-02,N
CUST0006105,Occasional,19202.18,2026-06-12,N
CUST0006106,High Value,27377.09,2026-07-26,Y
CUST0006107,Occasional,11847.7,2026-06-07,Y
CUST0006108,High Value,32465.13,2026-02-16,N
CUST0006109,High Value,14942.42,2026-07-02,Y
CUST0006110,At Risk,31072.93,2026-04-23,Y
CUST0006111,High Value,97045.86,2026-02-27,Y
CUST0006112,Regular,23727.8,2026-05-01,Y
CUST0006113,Occasional,77742.67,2026-03-21,Y
CUST0006114,Occasional,77436.11,2026-03-15,Y
CUST0006115,Regular,57501.63,2026-02-27,N
CUST0006116,High Value,40636.76,2026-06-29,N
CUST0006117,At Risk,54619.09,2026-07-07,Y
CUST0006118,Regular,87665.46,2026-07-28,N
CUST0006119,Regular,30869.46,2026-02-14,N
CUST0006120,At Risk,69772.45,2026-02-21,Y
CUST0006121,Regular,3031.2,2026-02-05,N
CUST0006122,Occasional,70884.76,2026-07-27,Y
CUST0006123,High Value,13292.11,2026-01-03,Y
CUST0006124,Occasional,15034.14,2026-06-02,Y
CUST0006125,Occasional,67619.7,2026-03-02,Y
CUST0006126,Occasional,21065.63,2026-05-09,N
CUST0006127,High Value,81047.6,2026-07-10,N
CUST0006128,Regular,4483.42,2026-03-05,N
CUST0006129,High Value,74420.36,2026-05-08,Y
CUST0006130,Regular,80778.41,2026-01-04,N
CUST0006131,Regular,42565.81,2026-07-24,N
CUST0006132,High Value,21429.46,2026-05-01,Y
CUST0006133,Regular,64208.14,2026-02-13,N
CUST0006134,At Risk,22220.56,2026-02-24,N
CUST0006135,At Risk,6351.13,2026-01-25,Y
CUST0006136,Regular,43089.47,2026-02-08,N
CUST0006137,High Value,27152.08,2026-07-13,Y
CUST0006138,At Risk,9452.59,2026-06-16,Y
CUST0006139,Occasional,15255.15,2026-02-27,N
CUST0006140,Occasional,76799.64,2026-02-26,Y
CUST0006141,At Risk,41837.67,2026-07-03,N
CUST0006142,At Risk,52052.03,2026-01-01,N
CUST0006143,Occasional,60325.1,2026-06-18,Y
CUST0006144,Occasional,88279.1,2026-03-17,N
CUST0006145,Regular,56380.05,2026-04-08,N
CUST0006146,Occasional,22055.51,2026-02-04,Y
CUST0006147,At Risk,65518.81,2026-01-08,Y
CUST0006148,Occasional,58215.26,2026-07-20,Y
CUST0006149,Regular,85488.36,2026-04-15,N
CUST0006150,High Value,69118.77,2026-06-22,N
CUST0006151,Occasional,5291.38,2026-07-29,Y
CUST0006152,Occasional,10199.35,2026-06-24,N
CUST0006153,Regular,9772.42,2026-02-21,Y
CUST0006154,Regular,18108.72,2026-01-12,N
CUST0006155,At Risk,46226.95,2026-01-09,Y
CUST0006156,Regular,70801.81,2026-02-23,Y
CUST0006157,Occasional,91261.76,2026-03-30,Y
CUST0006158,At Risk,72118.35,2026-03-23,Y
CUST0006159,Regular,62538.47,2026-01-26,Y
CUST0006160,Regular,23705.24,2026-02-16,N
CUST0006161,High Value,92066.87,2026-05-11,N
CUST0006162,At Risk,62063.11,2026-06-07,N
CUST0006163,Regular,31105.97,2026-05-21,Y
CUST0006164,At Risk,58854.89,2026-04-14,N
CUST0006165,Regular,54199.88,2026-02-03,N
CUST0006166,Regular,11913.54,2026-07-01,N
CUST0006167,Regular,48923.01,2026-07-13,N
CUST0006168,High Value,42676.13,2026-01-08,N
CUST0006169,Regular,68738.53,2026-07-06,N
CUST0006170,High Value,32820.56,2026-06-17,N
CUST0006171,Occasional,42414.59,2026-03-18,Y
CUST0006172,Occasional,74362.87,2026-06-08,Y
CUST0006173,Occasional,8927.0,2026-06-18,Y
CUST0006174,High Value,68293.6,2026-05-18,Y
CUST0006175,Occasional,17629.58,2026-03-26,N
CUST0006176,Occasional,10830.86,2026-05-22,N
CUST0006177,Regular,66846.21,2026-01-29,N
CUST0006178,Occasional,89391.99,2026-01-01,N
CUST0006179,Occasional,99000.98,2026-03-31,Y
CUST0006180,High Value,79669.72,2026-07-04,Y
CUST0006181,At Risk,2750.95,2026-05-24,N
CUST0006182,High Value,46077.23,2026-06-13,Y
CUST0006183,Regular,93268.06,2026-05-04,Y
CUST0006184,Regular,34011.81,2026-04-23,Y
CUST0006185,High Value,24632.23,2026-07-27,Y
CUST0006186,At Risk,78500.79,2026-05-17,N
CUST0006187,At Risk,7884.54,2026-01-04,N
CUST0006188,At Risk,14763.96,2026-02-11,Y
CUST0006189,High Value,67249.98,2026-03-24,Y
CUST0006190,Occasional,88129.24,2026-04-20,Y
CUST0006191,High Value,31519.29,2026-02-18,Y
CUST0006192,Regular,55511.72,2026-04-28,Y
CUST0006193,Occasional,16660.14,2026-07-28,N
CUST0006194,High Value,77698.39,2026-01-12,Y
CUST0006195,At Risk,79466.04,2026-04-30,Y
CUST0006196,At Risk,71689.65,2026-05-16,Y
CUST0006197,Regular,48748.2,2026-05-02,N
CUST0006198,High Value,57129.37,2026-05-15,N
CUST0006199,Occasional,23697.3,2026-01-06,Y
CUST0006200,At Risk,21871.45,2026-06-21,N
CUST0006201,Regular,53881.3,2026-05-10,N
CUST0006202,Occasional,53514.06,2026-05-12,N
CUST0006203,Regular,54176.62,2026-06-22,Y
CUST0006204,At Risk,89257.38,2026-01-14,Y
CUST0006205,At Risk,80027.63,2026-01-29,N
CUST0006206,Occasional,83932.87,2026-05-22,Y
CUST0006207,High Value,19949.52,2026-02-04,N
CUST0006208,Regular,47207.59,2026-03-08,Y
CUST0006209,High Value,49382.78,2026-06-05,Y
CUST0006210,High Value,33883.6,2026-01-17,N
CUST0006211,High Value,8439.22,2026-04-18,N
CUST0006212,High Value,57755.4,2026-02-11,N
CUST0006213,High Value,13700.54,2026-02-16,Y
CUST0006214,Occasional,51615.85,2026-03-28,N
CUST0006215,Regular,53252.13,2026-05-07,N
CUST0006216,Occasional,94106.64,2026-03-30,N
CUST0006217,Regular,30501.94,2026-05-15,Y
CUST0006218,High Value,96568.54,2026-06-11,N
CUST0006219,High Value,75468.18,2026-01-04,N
CUST0006220,Regular,16533.26,2026-06-09,N
CUST0006221,High Value,66166.45,2026-01-19,Y
CUST0006222,High Value,12501.47,2026-07-03,Y
CUST0006223,High Value,76332.8,2026-01-22,Y
CUST0006224,Occasional,92119.03,2026-01-16,Y
CUST0006225,High Value,31709.17,2026-03-22,Y
CUST0006226,Regular,84711.71,2026-04-13,Y
CUST0006227,Regular,76154.59,2026-03-19,N
CUST0006228,At Risk,43929.89,2026-04-20,N
CUST0006229,Regular,24805.77,2026-06-11,Y
CUST0006230,Occasional,56439.65,2026-07-03,Y
CUST0006231,Occasional,82096.33,2026-03-25,N
CUST0006232,At Risk,22069.64,2026-07-23,Y
CUST0006233,At Risk,7285.49,2026-07-13,Y
CUST0006234,At Risk,76974.45,2026-03-25,N
CUST0006235,At Risk,91605.23,2026-04-11,N
CUST0006236,Regular,89080.24,2026-03-30,N
CUST0006237,Regular,9381.22,2026-07-15,N
CUST0006238,At Risk,12494.76,2026-06-26,Y
CUST0006239,Regular,98997.81,2026-03-30,Y
CUST0006240,Regular,19859.5,2026-03-22,N
CUST0006241,At Risk,11172.23,2026-01-12,N
CUST0006242,At Risk,81929.61,2026-06-26,N
CUST0006243,At Risk,28155.17,2026-07-16,N
CUST0006244,At Risk,40142.72,2026-02-23,Y
CUST0006245,Regular,87053.35,2026-07-04,N
CUST0006246,Occasional,32285.48,2026-04-19,Y
CUST0006247,Occasional,61530.19,2026-03-16,N
CUST0006248,High Value,77361.72,2026-04-16,N
CUST0006249,At Risk,11870.34,2026-05-03,N
CUST0006250,At Risk,41245.88,2026-07-12,Y
CUST0006251,At Risk,58793.91,2026-01-01,Y
CUST0006252,Occasional,48793.19,2026-03-09,N
CUST0006253,Occasional,17947.67,2026-01-15,Y
CUST0006254,Occasional,86396.23,2026-07-20,N
CUST0006255,Occasional,7532.37,2026-04-30,N
CUST0006256,High Value,15071.31,2026-04-09,N
CUST0006257,High Value,50922.3,2026-03-05,N
CUST0006258,Regular,73371.37,2026-02-10,N
CUST0006259,Regular,33627.77,2026-05-30,N
CUST0006260,At Risk,48583.2,2026-01-23,Y
CUST0006261,Regular,45309.76,2026-02-25,Y
CUST0006262,High Value,86150.91,2026-04-02,Y
CUST0006263,Occasional,51921.71,2026-05-17,Y
CUST0006264,High Value,14917.49,2026-01-26,N
CUST0006265,At Risk,80194.17,2026-06-01,N
CUST0006266,High Value,78130.4,2026-05-21,N
CUST0006267,At Risk,52583.52,2026-06-13,N
CUST0006268,Regular,4204.72,2026-04-11,N
CUST0006269,High Value,3175.33,2026-03-12,N
CUST0006270,At Risk,9980.01,2026-07-01,N
CUST0006271,At Risk,9893.0,2026-05-22,N
CUST0006272,High Value,68820.87,2026-01-18,Y
CUST0006273,High Value,38358.77,2026-02-14,Y
CUST0006274,Regular,57991.44,2026-05-15,N
CUST0006275,Regular,82380.11,2026-02-10,N
CUST0006276,Occasional,76291.93,2026-04-27,N
CUST0006277,Regular,89432.61,2026-01-06,Y
CUST0006278,Occasional,72610.09,2026-06-13,N
CUST0006279,Occasional,47421.19,2026-07-14,Y
CUST0006280,Occasional,11162.77,2026-01-30,N
CUST0006281,High Value,93937.3,2026-03-11,N
CUST0006282,Occasional,54241.38,2026-03-10,Y
CUST0006283,Regular,65806.3,2026-05-23,Y
CUST0006284,Occasional,72734.24,2026-01-27,Y
CUST0006285,At Risk,30776.96,2026-03-10,N
CUST0006286,Regular,87240.84,2026-03-11,N
CUST0006287,At Risk,25580.36,2026-02-03,Y
CUST0006288,Occasional,54720.34,2026-04-12,N
CUST0006289,Regular,21068.08,2026-06-27,Y
CUST0006290,At Risk,45391.73,2026-03-16,Y
CUST0006291,Regular,71102.07,2026-07-25,N
CUST0006292,Regular,63416.3,2026-07-28,Y
CUST0006293,Occasional,43586.65,2026-04-02,Y
CUST0006294,Regular,63306.99,2026-07-01,Y
CUST0006295,High Value,88528.02,2026-07-17,Y
CUST0006296,Occasional,22892.96,2026-01-27,N
CUST0006297,Regular,6169.38,2026-03-02,Y
CUST0006298,Regular,38481.92,2026-06-28,Y
CUST0006299,High Value,97351.26,2026-02-20,Y
CUST0006300,Regular,33250.3,2026-07-24,N
CUST0006301,Occasional,3043.68,2026-01-27,N
CUST0006302,Occasional,1034.08,2026-02-12,Y
CUST0006303,High Value,58471.16,2026-06-02,N
CUST0006304,At Risk,80937.79,2026-04-07,Y
CUST0006305,At Risk,31676.18,2026-02-09,Y
CUST0006306,At Risk,13800.79,2026-04-27,Y
CUST0006307,High Value,41565.41,2026-03-22,N
CUST0006308,Regular,45358.06,2026-04-29,Y
CUST0006309,At Risk,72219.95,2026-02-25,Y
CUST0006310,High Value,67277.53,2026-06-25,Y
CUST0006311,Occasional,98795.19,2026-02-13,N
CUST0006312,At Risk,91105.73,2026-05-02,N
CUST0006313,Occasional,92678.26,2026-06-07,N
CUST0006314,Occasional,40555.22,2026-03-02,Y
CUST0006315,Regular,52384.38,2026-03-27,N
CUST0006316,Occasional,85654.69,2026-02-10,N
CUST0006317,Regular,69305.71,2026-06-04,Y
CUST0006318,At Risk,77755.87,2026-06-22,N
CUST0006319,Regular,19827.15,2026-03-01,Y
CUST0006320,At Risk,93522.98,2026-04-05,Y
CUST0006321,High Value,77977.61,2026-06-27,N
CUST0006322,High Value,63515.39,2026-02-05,Y
CUST0006323,Occasional,64696.2,2026-07-03,N
CUST0006324,Regular,12360.53,2026-07-26,N
CUST0006325,Occasional,45349.52,2026-05-01,N
CUST0006326,Regular,78756.19,2026-04-09,N
CUST0006327,Occasional,62525.85,2026-01-16,N
CUST0006328,Regular,78835.02,2026-07-12,N
CUST0006329,At Risk,15155.52,2026-01-29,Y
CUST0006330,At Risk,91222.68,2026-01-22,N
CUST0006331,Occasional,36374.62,2026-04-23,Y
CUST0006332,At Risk,50922.25,2026-05-22,N
CUST0006333,Regular,79324.85,2026-06-05,N
CUST0006334,High Value,22299.39,2026-01-27,N
CUST0006335,At Risk,26227.59,2026-03-28,N
CUST0006336,At Risk,31960.5,2026-05-22,Y
CUST0006337,At Risk,38572.8,2026-06-08,Y
CUST0006338,At Risk,22153.16,2026-06-09,N
CUST0006339,Occasional,70288.27,2026-03-04,N
CUST0006340,At Risk,1266.27,2026-01-24,N
CUST0006341,At Risk,7555.88,2026-01-21,N
CUST0006342,At Risk,14577.19,2026-05-23,Y
CUST0006343,Occasional,90514.17,2026-05-06,Y
CUST0006344,Regular,78735.71,2026-04-15,N
CUST0006345,Occasional,97414.66,2026-07-25,Y
CUST0006346,High Value,35715.0,2026-06-06,Y
CUST0006347,Occasional,78781.34,2026-07-02,N
CUST0006348,At Risk,81224.97,2026-05-30,Y
CUST0006349,Regular,11522.29,2026-03-15,N
CUST0006350,At Risk,9777.44,2026-05-07,Y
CUST0006351,Regular,8160.94,2026-06-18,N
CUST0006352,At Risk,75673.84,2026-02-03,N
CUST0006353,High Value,67829.36,2026-03-03,N
CUST0006354,Regular,90083.42,2026-05-18,Y
CUST0006355,High Value,63423.52,2026-04-30,Y
CUST0006356,Occasional,65990.69,2026-03-13,N
CUST0006357,Occasional,12849.99,2026-03-18,N
CUST0006358,High Value,79781.03,2026-04-30,N
CUST0006359,Regular,56347.05,2026-01-14,N
CUST0006360,At Risk,28340.76,2026-02-24,N
CUST0006361,Regular,20338.34,2026-05-04,N
CUST0006362,At Risk,5267.39,2026-07-11,Y
CUST0006363,High Value,48364.19,2026-02-11,N
CUST0006364,High Value,7117.23,2026-01-23,Y
CUST0006365,At Risk,62035.89,2026-06-05,N
CUST0006366,Regular,58339.2,2026-01-25,N
CUST0006367,Regular,2323.78,2026-05-27,Y
CUST0006368,Regular,2331.77,2026-03-30,Y
CUST0006369,High Value,96076.6,2026-03-20,N
CUST0006370,High Value,78788.43,2026-04-04,N
CUST0006371,High Value,17201.36,2026-07-26,Y
CUST0006372,At Risk,77020.35,2026-02-28,N
CUST0006373,At Risk,23703.55,2026-07-24,Y
CUST0006374,At Risk,19953.69,2026-01-25,N
CUST0006375,At Risk,33564.28,2026-07-30,Y
CUST0006376,Regular,2072.19,2026-04-22,N
CUST0006377,At Risk,48532.68,2026-06-27,Y
CUST0006378,Occasional,79939.06,2026-01-25,Y
CUST0006379,High Value,49866.36,2026-02-21,N
CUST0006380,At Risk,83096.15,2026-01-23,N
CUST0006381,At Risk,39681.62,2026-07-23,N
CUST0006382,At Risk,53711.72,2026-03-15,N
CUST0006383,Occasional,28075.22,2026-03-02,Y
CUST0006384,Occasional,10585.37,2026-01-28,N
CUST0006385,At Risk,33046.71,2026-07-12,Y
CUST0006386,High Value,42677.47,2026-03-07,N
CUST0006387,At Risk,76017.1,2026-03-15,Y
CUST0006388,Regular,83346.44,2026-01-19,N
CUST0006389,High Value,12385.08,2026-07-19,Y
CUST0006390,Occasional,71830.11,2026-03-23,N
CUST0006391,Regular,90185.26,2026-07-03,N
CUST0006392,Occasional,78120.93,2026-07-11,Y
CUST0006393,High Value,70197.19,2026-06-21,N
CUST0006394,Occasional,3090.37,2026-03-27,Y
CUST0006395,High Value,23586.07,2026-06-17,Y
CUST0006396,Occasional,25094.72,2026-07-28,N
CUST0006397,Occasional,22540.46,2026-07-24,N
CUST0006398,Regular,98376.17,2026-01-10,N
CUST0006399,Occasional,60881.32,2026-05-28,Y
CUST0006400,At Risk,87034.22,2026-02-25,N
CUST0006401,Regular,92396.27,2026-03-16,Y
CUST0006402,At Risk,68827.45,2026-03-26,Y
CUST0006403,High Value,29410.39,2026-02-21,Y
CUST0006404,High Value,13166.32,2026-04-24,Y
CUST0006405,High Value,3759.1,2026-02-10,Y
CUST0006406,At Risk,85089.25,2026-01-04,Y
CUST0006407,Regular,57360.68,2026-05-05,N
CUST0006408,High Value,76094.4,2026-06-11,Y
CUST0006409,Occasional,98726.56,2026-04-05,Y
CUST0006410,Regular,5285.26,2026-06-10,Y
CUST0006411,Regular,20066.47,2026-06-15,N
CUST0006412,High Value,67515.16,2026-05-30,N
CUST0006413,Regular,9771.3,2026-04-10,N
CUST0006414,Occasional,42455.26,2026-07-30,Y
CUST0006415,At Risk,66775.82,2026-03-27,N
CUST0006416,High Value,15181.98,2026-04-21,Y
CUST0006417,At Risk,19248.63,2026-04-28,Y
CUST0006418,Occasional,42127.08,2026-03-31,Y
CUST0006419,Regular,6267.82,2026-02-03,Y
CUST0006420,High Value,35065.33,2026-02-20,Y
CUST0006421,At Risk,75501.79,2026-03-09,N
CUST0006422,High Value,51455.71,2026-03-03,Y
CUST0006423,At Risk,44340.93,2026-03-14,Y
CUST0006424,At Risk,12919.48,2026-07-22,N
CUST0006425,At Risk,37262.71,2026-02-03,Y
CUST0006426,High Value,35785.68,2026-01-15,Y
CUST0006427,Regular,50005.18,2026-06-03,N
CUST0006428,High Value,72170.14,2026-06-17,Y
CUST0006429,Occasional,16064.14,2026-07-27,Y
CUST0006430,High Value,77946.85,2026-02-21,Y
CUST0006431,Occasional,6671.34,2026-06-02,Y
CUST0006432,High Value,53176.83,2026-07-08,N
CUST0006433,Regular,46907.97,2026-01-13,N
CUST0006434,Regular,36596.45,2026-02-27,Y
CUST0006435,At Risk,35788.04,2026-02-18,Y
CUST0006436,Occasional,86889.26,2026-02-22,N
CUST0006437,Regular,98236.82,2026-04-01,Y
CUST0006438,Occasional,34546.74,2026-07-05,Y
CUST0006439,High Value,27430.52,2026-07-21,N
CUST0006440,High Value,98727.92,2026-07-23,Y
CUST0006441,Occasional,43042.9,2026-06-27,Y
CUST0006442,Regular,81734.84,2026-04-30,Y
CUST0006443,At Risk,34724.49,2026-07-18,N
CUST0006444,At Risk,2292.62,2026-03-12,Y
CUST0006445,High Value,11523.29,2026-03-18,N
CUST0006446,Regular,96840.38,2026-01-13,Y
CUST0006447,Occasional,93541.37,2026-02-11,Y
CUST0006448,Occasional,14821.31,2026-06-14,N
CUST0006449,Regular,83155.1,2026-03-07,Y
CUST0006450,At Risk,76131.52,2026-05-19,Y
CUST0006451,Occasional,23646.55,2026-06-02,Y
CUST0006452,Occasional,51378.28,2026-03-21,Y
CUST0006453,High Value,98955.88,2026-01-17,N
CUST0006454,At Risk,65331.29,2026-03-20,N
CUST0006455,Regular,63429.87,2026-02-14,Y
CUST0006456,Occasional,28363.68,2026-01-01,N
CUST0006457,High Value,76548.92,2026-07-19,Y
CUST0006458,High Value,61291.67,2026-01-11,N
CUST0006459,High Value,34226.64,2026-01-04,N
CUST0006460,Occasional,7693.47,2026-03-07,Y
CUST0006461,Occasional,43194.18,2026-02-01,N
CUST0006462,Occasional,61348.09,2026-07-06,Y
CUST0006463,Regular,19063.51,2026-03-27,N
CUST0006464,Regular,16155.27,2026-01-26,N
CUST0006465,High Value,6885.29,2026-07-11,Y
CUST0006466,Regular,44762.14,2026-07-25,N
CUST0006467,Regular,82434.61,2026-05-04,N
CUST0006468,High Value,27087.47,2026-01-30,N
CUST0006469,Occasional,44772.58,2026-07-22,Y
CUST0006470,High Value,64492.47,2026-02-12,Y
CUST0006471,At Risk,1233.39,2026-05-04,Y
CUST0006472,High Value,84028.88,2026-03-30,Y
CUST0006473,At Risk,54120.54,2026-06-08,Y
CUST0006474,At Risk,17863.78,2026-04-23,N
CUST0006475,At Risk,67967.78,2026-06-24,Y
CUST0006476,Occasional,93573.73,2026-07-11,N
CUST0006477,Regular,41684.06,2026-05-26,Y
CUST0006478,At Risk,7108.0,2026-05-14,Y
CUST0006479,At Risk,52078.03,2026-01-27,N
CUST0006480,Regular,37339.89,2026-04-13,N
CUST0006481,Occasional,50919.56,2026-01-20,Y
CUST0006482,At Risk,41223.11,2026-01-18,N
CUST0006483,High Value,74922.64,2026-07-16,N
CUST0006484,At Risk,90988.22,2026-04-13,Y
CUST0006485,At Risk,65577.55,2026-03-07,N
CUST0006486,Occasional,68486.66,2026-03-11,Y
CUST0006487,At Risk,33173.63,2026-07-19,Y
CUST0006488,High Value,99450.29,2026-03-07,N
CUST0006489,Occasional,28865.12,2026-02-16,Y
CUST0006490,At Risk,51155.57,2026-05-25,N
CUST0006491,At Risk,35312.59,2026-03-30,Y
CUST0006492,High Value,11572.92,2026-02-22,N
CUST0006493,At Risk,57765.13,2026-03-29,Y
CUST0006494,At Risk,10192.33,2026-05-30,N
CUST0006495,At Risk,33177.05,2026-04-09,N
CUST0006496,Regular,44647.71,2026-01-04,Y
CUST0006497,At Risk,9536.8,2026-03-30,N
CUST0006498,Regular,19432.72,2026-05-27,N
CUST0006499,At Risk,7179.01,2026-07-15,N
CUST0006500,Occasional,42342.73,2026-02-27,N
CUST0006501,At Risk,2174.24,2026-01-30,Y
CUST0006502,At Risk,76662.23,2026-02-04,Y
CUST0006503,At Risk,31332.25,2026-03-29,Y
CUST0006504,Occasional,62172.99,2026-05-19,Y
CUST0006505,High Value,23270.77,2026-05-04,Y
CUST0006506,High Value,58106.91,2026-07-05,N
CUST0006507,Regular,7168.55,2026-06-04,N
CUST0006508,Occasional,2427.8,2026-02-18,N
CUST0006509,At Risk,95495.55,2026-04-05,N
CUST0006510,Regular,51246.22,2026-06-17,N
CUST0006511,At Risk,17886.76,2026-04-08,Y
CUST0006512,At Risk,54983.05,2026-04-26,N
CUST0006513,At Risk,31945.16,2026-03-07,Y
CUST0006514,At Risk,95716.4,2026-02-17,N
CUST0006515,Occasional,5226.01,2026-04-19,N
CUST0006516,High Value,55069.64,2026-07-26,N
CUST0006517,At Risk,71178.52,2026-05-23,N
CUST0006518,Regular,79880.88,2026-03-15,Y
CUST0006519,At Risk,58607.81,2026-07-19,Y
CUST0006520,Regular,82110.79,2026-01-08,N
CUST0006521,At Risk,89188.92,2026-01-29,N
CUST0006522,Regular,50884.88,2026-05-12,Y
CUST0006523,High Value,40692.11,2026-05-11,Y
CUST0006524,High Value,80766.77,2026-01-22,Y
CUST0006525,High Value,40014.17,2026-05-14,N
CUST0006526,High Value,96817.45,2026-03-28,N
CUST0006527,Occasional,32101.06,2026-01-15,Y
CUST0006528,High Value,69993.42,2026-07-28,N
CUST0006529,Regular,8054.48,2026-02-10,Y
CUST0006530,Occasional,39692.13,2026-05-05,N
CUST0006531,Regular,22939.51,2026-05-16,Y
CUST0006532,At Risk,6929.16,2026-03-04,Y
CUST0006533,Occasional,50066.3,2026-07-11,Y
CUST0006534,Occasional,89288.82,2026-03-27,Y
CUST0006535,At Risk,78814.49,2026-03-24,N
CUST0006536,High Value,51139.9,2026-07-23,N
CUST0006537,At Risk,18194.72,2026-07-29,Y
CUST0006538,High Value,78951.67,2026-01-02,N
CUST0006539,Regular,65247.58,2026-04-06,N
CUST0006540,At Risk,25650.08,2026-02-08,N
CUST0006541,Regular,43754.33,2026-01-31,Y
CUST0006542,High Value,74610.11,2026-01-01,Y
CUST0006543,Regular,33969.17,2026-02-28,N
CUST0006544,High Value,39139.8,2026-05-02,N
CUST0006545,High Value,96726.74,2026-07-07,Y
CUST0006546,Regular,74566.78,2026-03-12,Y
CUST0006547,Regular,41470.78,2026-01-22,Y
CUST0006548,Regular,62455.51,2026-01-29,Y
CUST0006549,At Risk,82618.38,2026-04-15,N
CUST0006550,Occasional,86792.56,2026-04-16,Y
CUST0006551,High Value,89266.76,2026-06-14,Y
CUST0006552,Occasional,98939.5,2026-02-22,N
CUST0006553,Regular,12242.6,2026-02-25,N
CUST0006554,Occasional,82586.11,2026-07-16,Y
CUST0006555,Regular,74263.15,2026-06-21,N
CUST0006556,At Risk,92052.88,2026-06-10,N
CUST0006557,At Risk,9999.77,2026-04-25,N
CUST0006558,At Risk,66401.89,2026-02-28,Y
CUST0006559,Regular,59648.33,2026-06-03,Y
CUST0006560,Regular,70924.76,2026-06-30,N
CUST0006561,High Value,19542.9,2026-05-19,N
CUST0006562,Occasional,14132.97,2026-03-18,Y
CUST0006563,Regular,9423.25,2026-06-15,Y
CUST0006564,High Value,6413.86,2026-01-18,Y
CUST0006565,Occasional,61719.03,2026-03-30,Y
CUST0006566,Regular,33741.88,2026-07-14,Y
CUST0006567,Occasional,40246.72,2026-06-05,N
CUST0006568,High Value,39949.21,2026-02-27,Y
CUST0006569,Regular,7805.41,2026-05-27,Y
CUST0006570,Occasional,3423.5,2026-05-29,Y
CUST0006571,Regular,40722.4,2026-03-10,Y
CUST0006572,High Value,65614.74,2026-03-01,N
CUST0006573,High Value,62139.43,2026-05-20,N
CUST0006574,At Risk,76295.0,2026-07-28,Y
CUST0006575,Regular,7553.47,2026-06-03,N
CUST0006576,At Risk,11490.89,2026-01-08,Y
CUST0006577,High Value,98753.33,2026-05-02,Y
CUST0006578,Regular,24823.81,2026-03-12,Y
CUST0006579,High Value,83179.99,2026-04-11,N
CUST0006580,At Risk,67581.87,2026-06-06,N
CUST0006581,Regular,28300.42,2026-01-30,Y
CUST0006582,Occasional,99801.29,2026-03-18,N
CUST0006583,Regular,58477.81,2026-07-10,N
CUST0006584,At Risk,893.72,2026-04-18,N
CUST0006585,Regular,5693.63,2026-05-10,Y
CUST0006586,Occasional,73623.71,2026-02-11,Y
CUST0006587,Occasional,12093.43,2026-06-10,Y
CUST0006588,Occasional,43617.52,2026-06-11,N
CUST0006589,High Value,94431.08,2026-03-05,Y
CUST0006590,High Value,67228.53,2026-04-03,Y
CUST0006591,At Risk,49260.43,2026-02-20,N
CUST0006592,High Value,82252.73,2026-07-14,Y
CUST0006593,Occasional,28810.01,2026-05-09,Y
CUST0006594,High Value,37567.43,2026-05-10,Y
CUST0006595,Occasional,35359.66,2026-04-28,N
CUST0006596,High Value,68314.93,2026-06-02,Y
CUST0006597,High Value,2272.08,2026-01-04,Y
CUST0006598,High Value,57791.16,2026-04-17,N
CUST0006599,Occasional,18373.3,2026-01-31,Y
CUST0006600,High Value,26147.32,2026-01-21,N
CUST0006601,High Value,79033.25,2026-03-03,N
CUST0006602,Regular,38327.97,2026-04-05,Y
CUST0006603,Occasional,78211.4,2026-07-18,Y
CUST0006604,Occasional,28633.81,2026-03-18,N
CUST0006605,Regular,39610.46,2026-05-20,N
CUST0006606,Regular,38534.99,2026-06-07,N
CUST0006607,High Value,94572.82,2026-05-08,Y
CUST0006608,Occasional,17077.82,2026-01-16,Y
CUST0006609,Occasional,62367.31,2026-02-25,Y
CUST0006610,High Value,83096.48,2026-04-19,N
CUST0006611,High Value,70103.44,2026-01-15,N
CUST0006612,Occasional,88789.34,2026-05-21,N
CUST0006613,Occasional,49481.22,2026-06-20,N
CUST0006614,Regular,49539.58,2026-03-24,N
CUST0006615,Occasional,9493.58,2026-05-30,Y
CUST0006616,Occasional,94791.05,2026-02-28,N
CUST0006617,High Value,99567.99,2026-05-07,N
CUST0006618,Occasional,12764.31,2026-04-23,N
CUST0006619,Occasional,44692.15,2026-06-29,Y
CUST0006620,High Value,4886.0,2026-05-01,Y
CUST0006621,At Risk,38548.3,2026-05-02,Y
CUST0006622,High Value,73574.9,2026-03-26,N
CUST0006623,At Risk,10605.18,2026-01-19,N
CUST0006624,At Risk,74454.18,2026-07-06,N
CUST0006625,At Risk,42494.61,2026-06-08,N
CUST0006626,At Risk,18762.36,2026-05-31,Y
CUST0006627,At Risk,94797.91,2026-06-06,Y
CUST0006628,Occasional,87955.03,2026-07-14,N
CUST0006629,Regular,22901.42,2026-05-05,N
CUST0006630,At Risk,53635.93,2026-04-14,N
CUST0006631,At Risk,32228.33,2026-07-09,Y
CUST0006632,At Risk,70842.29,2026-02-14,N
CUST0006633,High Value,14564.53,2026-07-15,N
CUST0006634,High Value,97300.17,2026-03-25,Y
CUST0006635,Occasional,652.83,2026-07-18,Y
CUST0006636,High Value,7055.85,2026-06-04,N
CUST0006637,Occasional,58729.33,2026-05-17,Y
CUST0006638,At Risk,54683.76,2026-02-04,N
CUST0006639,Regular,13091.32,2026-05-16,Y
CUST0006640,High Value,61168.87,2026-04-20,N
CUST0006641,At Risk,19954.97,2026-06-04,N
CUST0006642,High Value,47303.14,2026-07-16,Y
CUST0006643,Regular,71657.51,2026-01-25,N
CUST0006644,Regular,98539.93,2026-01-29,N
CUST0006645,Regular,28458.4,2026-06-18,N
CUST0006646,At Risk,98617.34,2026-01-04,N
CUST0006647,At Risk,98598.09,2026-04-09,Y
CUST0006648,At Risk,94731.62,2026-04-10,Y
CUST0006649,Occasional,21974.62,2026-07-03,Y
CUST0006650,Occasional,73180.02,2026-01-16,Y
CUST0006651,Occasional,69770.33,2026-06-18,Y
CUST0006652,Occasional,42294.7,2026-02-17,Y
CUST0006653,Occasional,43637.11,2026-01-16,N
CUST0006654,Occasional,63765.62,2026-03-18,Y
CUST0006655,Regular,47603.18,2026-04-10,Y
CUST0006656,High Value,40561.21,2026-02-28,N
CUST0006657,High Value,8200.0,2026-07-11,N
CUST0006658,High Value,90747.79,2026-01-30,N
CUST0006659,Occasional,89083.99,2026-06-14,N
CUST0006660,At Risk,93178.36,2026-06-25,N
CUST0006661,High Value,73070.8,2026-06-11,N
CUST0006662,Occasional,95034.5,2026-04-28,N
CUST0006663,At Risk,82981.56,2026-03-29,N
CUST0006664,At Risk,90429.67,2026-02-23,Y
CUST0006665,At Risk,93972.88,2026-04-09,N
CUST0006666,Occasional,58607.77,2026-05-18,N
CUST0006667,Regular,60631.88,2026-01-20,Y
CUST0006668,At Risk,14411.96,2026-07-17,Y
CUST0006669,Occasional,16273.63,2026-04-17,N
CUST0006670,Regular,64670.27,2026-04-28,Y
CUST0006671,At Risk,14719.51,2026-07-16,N
CUST0006672,At Risk,29420.45,2026-06-23,Y
CUST0006673,High Value,1924.64,2026-07-28,Y
CUST0006674,At Risk,69528.71,2026-06-21,N
CUST0006675,Occasional,54256.13,2026-03-11,Y
CUST0006676,At Risk,55575.57,2026-02-24,N
CUST0006677,Regular,39361.98,2026-07-03,Y
CUST0006678,At Risk,85336.77,2026-02-03,Y
CUST0006679,At Risk,27903.2,2026-07-03,Y
CUST0006680,At Risk,28111.39,2026-01-13,Y
CUST0006681,Occasional,26356.35,2026-06-02,N
CUST0006682,High Value,27407.43,2026-07-30,Y
CUST0006683,At Risk,93264.33,2026-02-11,Y
CUST0006684,High Value,47725.98,2026-06-19,N
CUST0006685,High Value,10987.67,2026-07-29,N
CUST0006686,Occasional,65418.37,2026-02-26,Y
CUST0006687,High Value,10780.52,2026-05-20,Y
CUST0006688,Occasional,26981.12,2026-07-07,N
CUST0006689,At Risk,68737.95,2026-03-05,N
CUST0006690,At Risk,6241.12,2026-06-10,N
CUST0006691,At Risk,34475.24,2026-02-14,N
CUST0006692,High Value,45116.68,2026-02-09,Y
CUST0006693,At Risk,4438.07,2026-06-28,N
CUST0006694,Occasional,13874.26,2026-04-01,Y
CUST0006695,Regular,9241.89,2026-03-10,Y
CUST0006696,High Value,92681.38,2026-05-18,N
CUST0006697,High Value,40934.29,2026-07-01,N
CUST0006698,Regular,45650.97,2026-05-09,Y
CUST0006699,High Value,43496.73,2026-07-19,N
CUST0006700,At Risk,38484.55,2026-07-23,N
CUST0006701,At Risk,43761.88,2026-03-20,N
CUST0006702,Occasional,77916.22,2026-02-22,N
CUST0006703,At Risk,12051.7,2026-03-11,Y
CUST0006704,Regular,5462.45,2026-05-20,N
CUST0006705,High Value,77721.74,2026-06-09,N
CUST0006706,Regular,4315.77,2026-01-31,Y
CUST0006707,Regular,79986.64,2026-01-01,Y
CUST0006708,Regular,61679.77,2026-06-19,N
CUST0006709,Regular,47750.91,2026-03-15,N
CUST0006710,Occasional,50247.71,2026-04-29,Y
CUST0006711,At Risk,36089.7,2026-01-22,Y
CUST0006712,Regular,82525.51,2026-01-19,Y
CUST0006713,Occasional,14473.15,2026-01-13,N
CUST0006714,Regular,29395.6,2026-04-17,N
CUST0006715,At Risk,1725.42,2026-07-19,N
CUST0006716,Regular,65953.62,2026-05-11,N
CUST0006717,At Risk,49563.22,2026-02-09,N
CUST0006718,Regular,2856.92,2026-06-01,Y
CUST0006719,Occasional,51143.63,2026-06-25,Y
CUST0006720,High Value,9716.41,2026-05-04,N
CUST0006721,Occasional,83110.97,2026-06-21,N
CUST0006722,High Value,68899.15,2026-06-01,Y
CUST0006723,Regular,75999.6,2026-07-09,Y
CUST0006724,Occasional,37591.82,2026-03-01,N
CUST0006725,High Value,90502.32,2026-07-18,N
CUST0006726,High Value,74652.06,2026-07-01,Y
CUST0006727,Occasional,25538.6,2026-04-01,N
CUST0006728,At Risk,21479.7,2026-01-27,N
CUST0006729,Regular,75969.37,2026-05-27,Y
CUST0006730,Occasional,64923.49,2026-01-10,N
CUST0006731,Regular,51009.74,2026-02-10,Y
CUST0006732,Occasional,67888.49,2026-01-26,Y
CUST0006733,At Risk,70057.0,2026-01-21,N
CUST0006734,At Risk,89170.49,2026-02-10,Y
CUST0006735,High Value,63046.06,2026-07-05,N
CUST0006736,At Risk,13410.97,2026-04-08,Y
CUST0006737,Occasional,27396.11,2026-02-23,Y
CUST0006738,At Risk,68814.62,2026-01-24,N
CUST0006739,High Value,76391.27,2026-07-13,N
CUST0006740,High Value,52760.94,2026-02-16,Y
CUST0006741,Regular,4995.82,2026-02-14,Y
CUST0006742,Regular,28490.96,2026-07-26,Y
CUST0006743,High Value,26424.21,2026-05-13,Y
CUST0006744,Regular,86342.58,2026-01-19,Y
CUST0006745,Occasional,70738.11,2026-01-04,N
CUST0006746,Regular,34303.34,2026-01-10,Y
CUST0006747,High Value,9296.41,2026-02-28,Y
CUST0006748,Regular,35924.54,2026-01-29,N
CUST0006749,Occasional,40378.26,2026-04-12,N
CUST0006750,High Value,6363.0,2026-02-04,N
CUST0006751,High Value,8041.21,2026-07-29,Y
CUST0006752,At Risk,70217.85,2026-06-30,Y
CUST0006753,High Value,69354.02,2026-04-16,N
CUST0006754,At Risk,76298.57,2026-02-09,Y
CUST0006755,Regular,9808.34,2026-02-10,N
CUST0006756,At Risk,70355.21,2026-04-13,N
CUST0006757,Occasional,15605.1,2026-04-19,Y
CUST0006758,Regular,16373.59,2026-04-25,N
CUST0006759,Occasional,93198.81,2026-07-13,N
CUST0006760,High Value,97461.94,2026-05-25,N
CUST0006761,At Risk,1503.83,2026-03-31,Y
CUST0006762,At Risk,40993.11,2026-04-19,Y
CUST0006763,Regular,47954.9,2026-02-04,N
CUST0006764,Occasional,54555.25,2026-01-10,Y
CUST0006765,High Value,85547.46,2026-03-11,Y
CUST0006766,At Risk,98966.97,2026-06-22,Y
CUST0006767,Occasional,87346.27,2026-01-09,Y
CUST0006768,Occasional,2854.42,2026-05-31,Y
CUST0006769,High Value,21293.45,2026-04-20,N
CUST0006770,At Risk,93222.38,2026-05-04,N
CUST0006771,Occasional,81659.5,2026-07-12,Y
CUST0006772,At Risk,73607.19,2026-01-21,N
CUST0006773,High Value,91883.2,2026-03-17,N
CUST0006774,Regular,19655.53,2026-03-23,N
CUST0006775,Occasional,64613.19,2026-02-26,Y
CUST0006776,At Risk,47653.37,2026-02-22,N
CUST0006777,Regular,68685.09,2026-02-22,N
CUST0006778,Regular,8715.18,2026-05-17,N
CUST0006779,Occasional,36201.48,2026-02-04,N
CUST0006780,Regular,56509.18,2026-03-29,Y
CUST0006781,Regular,31121.32,2026-06-28,N
CUST0006782,Regular,67757.39,2026-02-09,Y
CUST0006783,Occasional,71459.5,2026-07-17,Y
CUST0006784,Occasional,50916.8,2026-04-22,Y
CUST0006785,Occasional,77448.6,2026-05-22,N
CUST0006786,Regular,75840.28,2026-04-15,N
CUST0006787,At Risk,6894.97,2026-03-08,Y
CUST0006788,At Risk,54148.03,2026-05-03,Y
CUST0006789,At Risk,29007.24,2026-07-30,N
CUST0006790,At Risk,52566.95,2026-07-24,N
CUST0006791,At Risk,25258.41,2026-07-21,N
CUST0006792,Regular,12781.68,2026-02-15,Y
CUST0006793,High Value,28408.03,2026-02-20,Y
CUST0006794,High Value,63928.52,2026-01-12,Y
CUST0006795,Regular,72337.2,2026-04-05,Y
CUST0006796,At Risk,87722.84,2026-04-28,Y
CUST0006797,High Value,38572.24,2026-07-04,N
CUST0006798,Occasional,38287.59,2026-02-28,N
CUST0006799,At Risk,43913.31,2026-07-07,N
CUST0006800,At Risk,58736.45,2026-03-24,N
CUST0006801,High Value,99087.17,2026-05-10,N
CUST0006802,Regular,66561.68,2026-01-08,N
CUST0006803,At Risk,8733.46,2026-05-06,N
CUST0006804,High Value,47947.46,2026-06-04,Y
CUST0006805,Occasional,21723.79,2026-01-04,Y
CUST0006806,Regular,63587.65,2026-03-21,N
CUST0006807,High Value,47279.14,2026-07-28,N
CUST0006808,Occasional,24408.54,2026-05-18,N
CUST0006809,High Value,58558.88,2026-03-04,N
CUST0006810,Occasional,59630.6,2026-03-20,N
CUST0006811,Occasional,21651.21,2026-01-05,N
CUST0006812,Occasional,94935.7,2026-04-01,Y
CUST0006813,At Risk,15231.44,2026-06-02,Y
CUST0006814,At Risk,31475.51,2026-06-17,N
CUST0006815,High Value,52258.62,2026-02-24,Y
CUST0006816,High Value,80614.57,2026-05-27,N
CUST0006817,Occasional,87081.64,2026-07-18,N
CUST0006818,High Value,16962.11,2026-03-14,N
CUST0006819,Regular,80014.87,2026-04-16,N
CUST0006820,High Value,92131.69,2026-07-21,N
CUST0006821,High Value,19032.71,2026-07-04,N
CUST0006822,Regular,86996.86,2026-06-03,Y
CUST0006823,Occasional,34173.38,2026-01-16,Y
CUST0006824,At Risk,21971.53,2026-03-20,N
CUST0006825,High Value,6584.05,2026-02-06,N
CUST0006826,High Value,39987.3,2026-03-26,Y
CUST0006827,At Risk,59558.89,2026-05-17,N
CUST0006828,High Value,77242.42,2026-01-08,N
CUST0006829,Occasional,68615.69,2026-07-22,Y
CUST0006830,Regular,47468.84,2026-01-28,N
CUST0006831,At Risk,5138.44,2026-05-17,N
CUST0006832,Regular,58738.45,2026-04-23,N
CUST0006833,At Risk,78355.19,2026-02-06,Y
CUST0006834,Regular,83049.69,2026-04-20,N
CUST0006835,High Value,42695.81,2026-06-14,Y
CUST0006836,At Risk,64702.74,2026-06-13,Y
CUST0006837,High Value,43639.09,2026-02-01,N
CUST0006838,At Risk,71628.86,2026-06-03,N
CUST0006839,At Risk,330.75,2026-06-09,Y
CUST0006840,High Value,68965.72,2026-07-23,N
CUST0006841,Occasional,79102.37,2026-06-18,Y
CUST0006842,Regular,62631.31,2026-04-15,Y
CUST0006843,High Value,87983.24,2026-04-27,N
CUST0006844,Occasional,80677.99,2026-07-10,Y
CUST0006845,Regular,52292.51,2026-02-02,N
CUST0006846,At Risk,90863.46,2026-02-16,Y
CUST0006847,High Value,81229.59,2026-07-16,N
CUST0006848,Regular,35509.16,2026-01-15,Y
CUST0006849,Occasional,15825.72,2026-04-05,Y
CUST0006850,High Value,35582.12,2026-03-26,Y
CUST0006851,High Value,14944.54,2026-04-25,N
CUST0006852,At Risk,6818.99,2026-03-09,N
CUST0006853,At Risk,7837.41,2026-05-09,Y
CUST0006854,Occasional,95133.01,2026-06-28,Y
CUST0006855,High Value,68798.63,2026-04-28,Y
CUST0006856,Occasional,2583.2,2026-05-09,Y
CUST0006857,High Value,30778.22,2026-07-17,Y
CUST0006858,High Value,70077.77,2026-03-28,N
CUST0006859,Occasional,68557.14,2026-05-18,Y
CUST0006860,At Risk,7080.69,2026-06-01,Y
CUST0006861,At Risk,97902.55,2026-07-18,N
CUST0006862,At Risk,6969.52,2026-02-14,N
CUST0006863,High Value,23395.07,2026-01-15,N
CUST0006864,Occasional,48891.72,2026-02-25,N
CUST0006865,Occasional,35731.15,2026-07-17,N
CUST0006866,Occasional,2306.96,2026-07-21,Y
CUST0006867,High Value,75075.68,2026-06-12,N
CUST0006868,Regular,29453.88,2026-04-24,Y
CUST0006869,Regular,69537.16,2026-06-17,N
CUST0006870,Occasional,72017.56,2026-01-27,N
CUST0006871,At Risk,73876.57,2026-01-18,Y
CUST0006872,High Value,76460.71,2026-02-12,Y
CUST0006873,High Value,92796.19,2026-03-03,N
CUST0006874,Regular,53066.9,2026-04-20,N
CUST0006875,Regular,53509.41,2026-03-04,N
CUST0006876,Occasional,92526.15,2026-05-17,N
CUST0006877,Regular,54426.07,2026-04-26,N
CUST0006878,Occasional,54037.56,2026-01-20,N
CUST0006879,Occasional,79780.28,2026-01-20,Y
CUST0006880,High Value,79416.57,2026-04-23,Y
CUST0006881,High Value,68495.72,2026-06-26,N
CUST0006882,At Risk,1588.63,2026-01-28,Y
CUST0006883,At Risk,48736.87,2026-01-31,Y
CUST0006884,High Value,51868.93,2026-04-20,Y
CUST0006885,At Risk,30190.47,2026-04-26,Y
CUST0006886,At Risk,90167.63,2026-04-06,N
CUST0006887,Occasional,96198.27,2026-04-02,N
CUST0006888,Occasional,68014.82,2026-04-10,N
CUST0006889,High Value,97182.86,2026-06-03,Y
CUST0006890,Occasional,60247.88,2026-03-18,Y
CUST0006891,At Risk,30494.75,2026-03-17,Y
CUST0006892,High Value,267.39,2026-05-21,Y
CUST0006893,Regular,845.53,2026-04-03,Y
CUST0006894,At Risk,7727.24,2026-03-02,N
CUST0006895,At Risk,86820.78,2026-05-09,Y
CUST0006896,Regular,32055.52,2026-05-19,Y
CUST0006897,At Risk,19751.27,2026-07-15,Y
CUST0006898,High Value,28762.12,2026-06-15,N
CUST0006899,High Value,54477.02,2026-07-17,Y
CUST0006900,High Value,58640.96,2026-02-28,N
CUST0006901,High Value,9126.9,2026-01-26,Y
CUST0006902,Occasional,83071.3,2026-03-27,N
CUST0006903,Regular,9055.54,2026-05-25,N
CUST0006904,High Value,43852.62,2026-05-05,Y
CUST0006905,High Value,59252.9,2026-02-06,N
CUST0006906,High Value,20835.1,2026-04-02,Y
CUST0006907,Regular,32542.62,2026-06-21,N
CUST0006908,Occasional,46651.18,2026-02-06,Y
CUST0006909,High Value,46400.26,2026-01-17,Y
CUST0006910,At Risk,70519.34,2026-01-11,Y
CUST0006911,High Value,40815.99,2026-05-27,Y
CUST0006912,At Risk,46821.65,2026-04-03,N
CUST0006913,At Risk,47468.15,2026-01-11,N
CUST0006914,At Risk,36106.31,2026-01-19,Y
CUST0006915,High Value,84010.96,2026-02-14,N
CUST0006916,Regular,70445.98,2026-02-20,N
CUST0006917,High Value,71390.2,2026-04-03,Y
CUST0006918,Occasional,62940.89,2026-06-07,Y
CUST0006919,At Risk,8443.82,2026-06-04,Y
CUST0006920,At Risk,82744.75,2026-06-26,N
CUST0006921,Occasional,71676.0,2026-01-10,Y
CUST0006922,At Risk,73960.7,2026-01-20,N
CUST0006923,High Value,68270.51,2026-07-05,Y
CUST0006924,At Risk,6401.54,2026-03-12,Y
CUST0006925,Occasional,6249.8,2026-07-10,Y
CUST0006926,Occasional,63269.7,2026-01-09,Y
CUST0006927,Occasional,82314.74,2026-03-12,Y
CUST0006928,Occasional,2443.02,2026-06-10,Y
CUST0006929,Regular,11976.9,2026-07-02,Y
CUST0006930,High Value,3075.65,2026-07-26,N
CUST0006931,High Value,45164.4,2026-07-29,Y
CUST0006932,At Risk,79266.19,2026-07-17,N
CUST0006933,At Risk,12472.7,2026-04-21,Y
CUST0006934,High Value,80150.4,2026-02-08,Y
CUST0006935,High Value,87026.38,2026-07-13,N
CUST0006936,Regular,87526.97,2026-06-08,Y
CUST0006937,At Risk,74013.17,2026-06-05,Y
CUST0006938,At Risk,48983.86,2026-02-04,Y
CUST0006939,Occasional,19921.55,2026-03-10,N
CUST0006940,High Value,34382.2,2026-07-23,N
CUST0006941,High Value,27524.98,2026-04-12,Y
CUST0006942,At Risk,6021.52,2026-03-26,N
CUST0006943,High Value,11486.98,2026-01-24,Y
CUST0006944,At Risk,1382.53,2026-05-19,Y
CUST0006945,Occasional,69488.74,2026-07-08,Y
CUST0006946,Occasional,60276.86,2026-06-16,N
CUST0006947,Regular,28722.65,2026-02-15,Y
CUST0006948,Occasional,92999.58,2026-02-20,Y
CUST0006949,Occasional,5115.51,2026-05-08,Y
CUST0006950,High Value,39858.59,2026-05-08,Y
CUST0006951,Regular,94840.82,2026-05-17,Y
CUST0006952,High Value,41314.3,2026-03-26,N
CUST0006953,High Value,54907.93,2026-02-26,Y
CUST0006954,At Risk,52838.37,2026-04-03,N
CUST0006955,Occasional,44580.58,2026-02-17,N
CUST0006956,Occasional,45648.73,2026-07-13,Y
CUST0006957,High Value,66535.92,2026-07-29,N
CUST0006958,High Value,39278.46,2026-02-17,Y
CUST0006959,Occasional,34295.88,2026-03-20,N
CUST0006960,Occasional,37026.84,2026-05-07,Y
CUST0006961,At Risk,33515.53,2026-02-13,Y
CUST0006962,High Value,54227.88,2026-01-03,Y
CUST0006963,At Risk,28397.43,2026-03-14,N
CUST0006964,Occasional,14504.25,2026-04-20,Y
CUST0006965,High Value,93852.33,2026-05-10,N
CUST0006966,At Risk,47618.13,2026-07-09,Y
CUST0006967,At Risk,71308.15,2026-07-17,Y
CUST0006968,High Value,74334.84,2026-05-06,N
CUST0006969,Occasional,18429.85,2026-07-10,Y
CUST0006970,High Value,80539.51,2026-02-12,N
CUST0006971,High Value,7359.34,2026-05-25,N
CUST0006972,At Risk,61822.73,2026-07-22,N
CUST0006973,Occasional,83376.15,2026-02-18,Y
CUST0006974,Occasional,66833.15,2026-06-24,N
CUST0006975,At Risk,82575.68,2026-04-10,N
CUST0006976,High Value,95551.38,2026-06-20,N
CUST0006977,Regular,42933.18,2026-02-24,N
CUST0006978,High Value,75844.34,2026-05-31,Y
CUST0006979,At Risk,30602.92,2026-02-04,Y
CUST0006980,High Value,22044.57,2026-06-25,N
CUST0006981,High Value,48985.36,2026-02-01,Y
CUST0006982,High Value,75169.76,2026-03-08,Y
CUST0006983,Regular,5335.66,2026-03-22,N
CUST0006984,High Value,61782.18,2026-05-06,Y
CUST0006985,At Risk,76319.21,2026-07-06,N
CUST0006986,At Risk,99231.53,2026-05-25,N
CUST0006987,Regular,83540.97,2026-07-04,Y
CUST0006988,High Value,63176.67,2026-01-06,N
CUST0006989,At Risk,75875.94,2026-02-17,Y
CUST0006990,High Value,36668.9,2026-03-29,N
CUST0006991,High Value,88726.72,2026-02-01,N
CUST0006992,High Value,22530.82,2026-01-14,Y
CUST0006993,Occasional,49939.69,2026-07-30,Y
CUST0006994,Regular,62921.12,2026-01-24,Y
CUST0006995,Occasional,12271.47,2026-06-16,N
CUST0006996,At Risk,63579.07,2026-03-21,N
CUST0006997,Regular,71551.25,2026-05-01,Y
CUST0006998,High Value,15415.89,2026-05-29,N
CUST0006999,Regular,16891.51,2026-03-03,Y
CUST0007000,High Value,49701.23,2026-01-23,N
CUST0007001,High Value,43749.57,2026-07-19,Y
CUST0007002,At Risk,65605.35,2026-02-27,Y
CUST0007003,At Risk,50114.03,2026-07-15,Y
CUST0007004,Occasional,30922.46,2026-05-22,Y
CUST0007005,Regular,69219.79,2026-02-05,N
CUST0007006,Occasional,12227.27,2026-03-27,N
CUST0007007,At Risk,53096.08,2026-03-05,N
CUST0007008,At Risk,81255.85,2026-06-24,N
CUST0007009,Occasional,13211.14,2026-05-18,Y
CUST0007010,High Value,71286.0,2026-01-04,Y
CUST0007011,High Value,94451.78,2026-05-09,N
CUST0007012,Occasional,80275.64,2026-03-25,N
CUST0007013,Regular,30247.21,2026-04-07,Y
CUST0007014,Regular,89807.96,2026-03-26,N
CUST0007015,At Risk,41803.78,2026-05-05,Y
CUST0007016,At Risk,62098.42,2026-06-14,N
CUST0007017,Regular,13434.15,2026-05-26,N
CUST0007018,Occasional,77529.55,2026-03-03,Y
CUST0007019,Regular,31448.02,2026-07-03,N
CUST0007020,At Risk,43930.12,2026-07-26,N
CUST0007021,Regular,48356.57,2026-06-03,N
CUST0007022,Regular,6971.8,2026-03-28,N
CUST0007023,At Risk,96857.3,2026-05-25,N
CUST0007024,At Risk,68690.31,2026-07-17,Y
CUST0007025,Occasional,37862.03,2026-03-29,N
CUST0007026,At Risk,95811.26,2026-02-16,N
CUST0007027,At Risk,69136.28,2026-04-02,N
CUST0007028,At Risk,47159.18,2026-05-03,N
CUST0007029,Occasional,49719.18,2026-01-08,N
CUST0007030,Occasional,12114.1,2026-06-27,N
CUST0007031,Occasional,57205.46,2026-02-13,N
CUST0007032,Regular,48088.52,2026-01-08,Y
CUST0007033,Occasional,32768.15,2026-06-25,Y
CUST0007034,High Value,29332.67,2026-02-12,Y
CUST0007035,At Risk,85013.42,2026-06-19,Y
CUST0007036,Regular,68503.93,2026-03-19,Y
CUST0007037,High Value,69071.34,2026-01-21,Y
CUST0007038,At Risk,78220.45,2026-07-03,N
CUST0007039,Occasional,51099.63,2026-03-17,N
CUST0007040,At Risk,23999.24,2026-06-14,Y
CUST0007041,Regular,70224.81,2026-01-29,N
CUST0007042,Regular,8367.85,2026-02-18,Y
CUST0007043,At Risk,81980.36,2026-06-09,N
CUST0007044,Occasional,14560.51,2026-06-01,N
CUST0007045,Regular,26942.85,2026-06-19,Y
CUST0007046,At Risk,81560.22,2026-06-30,Y
CUST0007047,High Value,75600.13,2026-02-09,N
CUST0007048,At Risk,71548.67,2026-07-26,Y
CUST0007049,Occasional,74924.02,2026-01-19,Y
CUST0007050,Regular,59908.05,2026-02-22,N
CUST0007051,Regular,91043.69,2026-04-04,Y
CUST0007052,Occasional,21921.67,2026-01-28,Y
CUST0007053,At Risk,61682.58,2026-02-18,Y
CUST0007054,At Risk,82803.58,2026-07-14,N
CUST0007055,High Value,55552.45,2026-02-16,N
CUST0007056,Regular,53656.9,2026-01-08,N
CUST0007057,High Value,47717.86,2026-01-19,Y
CUST0007058,Occasional,76765.54,2026-05-15,N
CUST0007059,Regular,50381.19,2026-06-06,Y
CUST0007060,At Risk,20263.76,2026-05-01,Y
CUST0007061,Regular,67815.94,2026-03-12,N
CUST0007062,High Value,42171.9,2026-01-23,N
CUST0007063,High Value,30444.42,2026-07-09,N
CUST0007064,High Value,19217.51,2026-02-21,N
CUST0007065,Regular,51585.47,2026-04-12,Y
CUST0007066,Regular,25881.09,2026-01-10,Y
CUST0007067,Occasional,58253.71,2026-07-04,N
CUST0007068,Regular,58110.75,2026-03-24,Y
CUST0007069,At Risk,2901.67,2026-04-30,Y
CUST0007070,Occasional,74123.94,2026-06-11,Y
CUST0007071,At Risk,21046.75,2026-04-05,N
CUST0007072,High Value,33743.27,2026-04-04,Y
CUST0007073,Regular,45336.21,2026-03-08,Y
CUST0007074,At Risk,89959.37,2026-04-17,N
CUST0007075,Occasional,50657.86,2026-04-05,Y
CUST0007076,Regular,39310.57,2026-07-23,N
CUST0007077,At Risk,78645.76,2026-06-17,Y
CUST0007078,High Value,71459.34,2026-03-20,N
CUST0007079,High Value,40545.05,2026-01-07,Y
CUST0007080,High Value,14147.15,2026-01-21,Y
CUST0007081,High Value,12863.94,2026-06-16,N
CUST0007082,Regular,11469.74,2026-04-28,N
CUST0007083,Regular,20100.9,2026-01-07,Y
CUST0007084,Regular,73421.4,2026-01-16,N
CUST0007085,Regular,23866.85,2026-04-14,N
CUST0007086,At Risk,5160.85,2026-01-20,Y
CUST0007087,At Risk,98880.28,2026-02-17,N
CUST0007088,Occasional,45161.5,2026-07-23,N
CUST0007089,At Risk,55419.25,2026-02-07,N
CUST0007090,High Value,15450.77,2026-03-10,N
CUST0007091,At Risk,26522.33,2026-06-14,N
CUST0007092,High Value,73696.57,2026-05-08,N
CUST0007093,Regular,46506.86,2026-03-25,Y
CUST0007094,At Risk,41042.88,2026-06-29,N
CUST0007095,At Risk,69244.94,2026-03-04,Y
CUST0007096,Regular,56644.73,2026-02-06,N
CUST0007097,At Risk,29066.28,2026-01-12,Y
CUST0007098,Regular,76382.82,2026-03-28,N
CUST0007099,Regular,19842.45,2026-04-12,N
CUST0007100,At Risk,83481.44,2026-05-14,N
CUST0007101,High Value,37393.6,2026-03-26,N
CUST0007102,Regular,5533.66,2026-07-12,N
CUST0007103,Regular,6342.25,2026-01-10,N
CUST0007104,High Value,78842.12,2026-07-23,Y
CUST0007105,At Risk,88619.78,2026-07-10,N
CUST0007106,High Value,74473.69,2026-03-13,Y
CUST0007107,High Value,92233.3,2026-06-04,Y
CUST0007108,Regular,18826.13,2026-02-07,Y
CUST0007109,Regular,77371.09,2026-07-30,N
CUST0007110,Regular,31684.91,2026-03-07,N
CUST0007111,At Risk,5966.26,2026-04-14,N
CUST0007112,High Value,74668.25,2026-05-17,N
CUST0007113,At Risk,37158.82,2026-01-02,Y
CUST0007114,High Value,64446.81,2026-03-26,Y
CUST0007115,Regular,23911.1,2026-07-20,Y
CUST0007116,Regular,88830.66,2026-02-18,Y
CUST0007117,At Risk,98320.87,2026-03-25,N
CUST0007118,Regular,78573.73,2026-01-29,Y
CUST0007119,At Risk,73860.95,2026-03-08,N
CUST0007120,High Value,45637.16,2026-01-07,Y
CUST0007121,Regular,83659.94,2026-07-06,N
CUST0007122,High Value,38983.89,2026-06-02,Y
CUST0007123,High Value,70411.4,2026-05-03,Y
CUST0007124,Occasional,74387.44,2026-03-26,N
CUST0007125,At Risk,36911.15,2026-01-05,Y
CUST0007126,Occasional,2726.08,2026-04-23,Y
CUST0007127,Regular,78241.14,2026-02-03,N
CUST0007128,Occasional,97271.64,2026-04-26,Y
CUST0007129,Regular,79448.31,2026-05-29,N
CUST0007130,Occasional,39542.04,2026-07-22,Y
CUST0007131,Occasional,79366.28,2026-05-23,Y
CUST0007132,At Risk,70534.51,2026-05-30,Y
CUST0007133,At Risk,25368.8,2026-05-01,Y
CUST0007134,Occasional,73337.49,2026-02-15,N
CUST0007135,Regular,11540.99,2026-07-13,N
CUST0007136,At Risk,1528.99,2026-06-12,Y
CUST0007137,Occasional,79202.88,2026-06-09,Y
CUST0007138,Occasional,99669.08,2026-02-18,N
CUST0007139,At Risk,78581.61,2026-04-18,Y
CUST0007140,High Value,20655.9,2026-02-11,Y
CUST0007141,At Risk,25561.86,2026-04-11,N
CUST0007142,At Risk,31217.42,2026-07-03,Y
CUST0007143,At Risk,97982.59,2026-01-07,Y
CUST0007144,Regular,57252.94,2026-02-25,N
CUST0007145,Regular,80254.85,2026-03-01,Y
CUST0007146,High Value,13772.92,2026-06-03,N
CUST0007147,Occasional,10418.65,2026-04-02,Y
CUST0007148,Occasional,76455.51,2026-04-06,Y
CUST0007149,High Value,23736.11,2026-01-30,Y
CUST0007150,At Risk,87672.81,2026-02-02,Y
CUST0007151,At Risk,23753.42,2026-04-07,N
CUST0007152,Regular,20635.84,2026-05-28,Y
CUST0007153,Occasional,81225.47,2026-02-02,Y
CUST0007154,Occasional,87140.14,2026-03-19,N
CUST0007155,Occasional,14982.38,2026-06-24,Y
CUST0007156,Regular,55665.75,2026-05-06,N
CUST0007157,High Value,19301.61,2026-03-13,Y
CUST0007158,At Risk,32024.65,2026-01-31,N
CUST0007159,High Value,1105.04,2026-03-18,N
CUST0007160,High Value,17016.96,2026-03-16,N
CUST0007161,Occasional,37261.77,2026-04-15,N
CUST0007162,Regular,89758.9,2026-04-16,Y
CUST0007163,At Risk,71586.51,2026-07-19,N
CUST0007164,Occasional,6407.61,2026-01-01,Y
CUST0007165,High Value,34970.43,2026-05-06,Y
CUST0007166,Occasional,15455.41,2026-02-11,N
CUST0007167,Occasional,8213.84,2026-07-01,N
CUST0007168,Occasional,68755.99,2026-05-20,N
CUST0007169,At Risk,36895.35,2026-03-17,N
CUST0007170,Regular,62180.01,2026-01-25,Y
CUST0007171,Regular,21965.1,2026-01-26,N
CUST0007172,At Risk,93486.34,2026-04-06,Y
CUST0007173,High Value,17684.11,2026-04-16,Y
CUST0007174,Regular,69730.03,2026-06-13,Y
CUST0007175,Regular,17714.76,2026-06-08,Y
CUST0007176,High Value,36985.01,2026-04-17,N
CUST0007177,Regular,24337.98,2026-06-03,Y
CUST0007178,Occasional,33265.76,2026-06-09,N
CUST0007179,Occasional,56929.45,2026-02-13,Y
CUST0007180,At Risk,64539.52,2026-05-16,Y
CUST0007181,Regular,62426.41,2026-03-23,Y
CUST0007182,High Value,40475.7,2026-02-25,Y
CUST0007183,High Value,29775.85,2026-01-19,Y
CUST0007184,High Value,71087.42,2026-06-17,Y
CUST0007185,Occasional,65768.45,2026-03-08,N
CUST0007186,Occasional,30418.01,2026-04-25,N
CUST0007187,Occasional,21854.44,2026-03-20,Y
CUST0007188,At Risk,91723.89,2026-07-09,Y
CUST0007189,High Value,37100.31,2026-04-10,N
CUST0007190,Occasional,52357.29,2026-05-16,Y
CUST0007191,Regular,67541.35,2026-05-19,N
CUST0007192,Occasional,29341.79,2026-04-22,Y
CUST0007193,Regular,47674.21,2026-05-10,Y
CUST0007194,High Value,21430.98,2026-06-10,Y
CUST0007195,Occasional,19625.69,2026-05-24,N
CUST0007196,Occasional,22029.39,2026-07-04,Y
CUST0007197,At Risk,73809.09,2026-01-09,Y
CUST0007198,Occasional,22771.98,2026-05-26,Y
CUST0007199,Occasional,61473.26,2026-06-02,Y
CUST0007200,Occasional,43325.88,2026-05-05,Y
CUST0007201,At Risk,57292.8,2026-02-22,Y
CUST0007202,High Value,485.32,2026-01-13,N
CUST0007203,Occasional,36158.57,2026-05-15,N
CUST0007204,Regular,12103.0,2026-03-15,N
CUST0007205,At Risk,86785.25,2026-01-10,N
CUST0007206,Occasional,75854.6,2026-04-06,Y
CUST0007207,Occasional,81110.65,2026-06-18,Y
CUST0007208,Regular,2084.53,2026-03-18,Y
CUST0007209,Regular,67653.31,2026-01-28,N
CUST0007210,At Risk,32113.82,2026-07-25,Y
CUST0007211,At Risk,33549.06,2026-07-08,Y
CUST0007212,At Risk,60333.29,2026-01-05,N
CUST0007213,Occasional,78750.18,2026-01-23,Y
CUST0007214,Regular,57122.33,2026-06-01,Y
CUST0007215,Regular,92894.72,2026-05-24,Y
CUST0007216,Regular,21026.87,2026-01-30,Y
CUST0007217,High Value,98750.6,2026-07-08,Y
CUST0007218,At Risk,74670.2,2026-03-15,N
CUST0007219,Occasional,23651.12,2026-07-22,Y
CUST0007220,Regular,68615.35,2026-02-19,Y
CUST0007221,High Value,47040.34,2026-06-20,Y
CUST0007222,Occasional,61534.46,2026-02-16,N
CUST0007223,Regular,21994.9,2026-04-07,N
CUST0007224,At Risk,63377.12,2026-06-25,Y
CUST0007225,At Risk,6500.96,2026-02-01,N
CUST0007226,Occasional,74173.3,2026-03-05,N
CUST0007227,Occasional,61807.79,2026-05-19,N
CUST0007228,High Value,39590.84,2026-07-15,Y
CUST0007229,Occasional,74604.33,2026-04-20,N
CUST0007230,High Value,26880.28,2026-04-27,N
CUST0007231,Regular,44890.74,2026-07-09,N
CUST0007232,At Risk,52630.76,2026-06-27,N
CUST0007233,High Value,36404.49,2026-04-05,N
CUST0007234,At Risk,62006.15,2026-02-25,N
CUST0007235,Occasional,34309.88,2026-06-25,Y
CUST0007236,Occasional,92366.68,2026-04-16,N
CUST0007237,At Risk,62475.84,2026-02-12,N
CUST0007238,High Value,80642.95,2026-03-02,N
CUST0007239,At Risk,25057.14,2026-02-17,N
CUST0007240,Occasional,21816.34,2026-04-07,Y
CUST0007241,High Value,68158.78,2026-05-21,Y
CUST0007242,At Risk,14320.02,2026-05-22,N
CUST0007243,High Value,87049.36,2026-02-22,Y
CUST0007244,Occasional,78366.7,2026-05-13,N
CUST0007245,Occasional,85889.01,2026-03-13,Y
CUST0007246,Regular,9969.22,2026-05-23,N
CUST0007247,Regular,39157.32,2026-07-08,Y
CUST0007248,High Value,96436.6,2026-06-08,N
CUST0007249,Regular,62244.88,2026-04-25,N
CUST0007250,High Value,25301.1,2026-07-29,Y
CUST0007251,Occasional,78758.82,2026-04-19,N
CUST0007252,Occasional,89225.17,2026-01-02,N
CUST0007253,At Risk,44648.19,2026-03-05,Y
CUST0007254,At Risk,44514.54,2026-02-20,N
CUST0007255,Regular,15330.16,2026-04-27,Y
CUST0007256,At Risk,45221.39,2026-02-06,N
CUST0007257,High Value,55983.2,2026-02-21,N
CUST0007258,High Value,52051.78,2026-05-16,Y
CUST0007259,At Risk,27471.04,2026-06-29,Y
CUST0007260,High Value,66687.69,2026-05-01,N
CUST0007261,High Value,55664.19,2026-03-26,Y
CUST0007262,High Value,36727.54,2026-06-22,Y
CUST0007263,Occasional,84348.6,2026-02-01,N
CUST0007264,Regular,59550.41,2026-01-08,N
CUST0007265,Regular,13395.11,2026-05-16,N
CUST0007266,Regular,27846.01,2026-04-03,N
CUST0007267,Regular,69510.55,2026-07-29,N
CUST0007268,Occasional,98267.7,2026-02-11,N
CUST0007269,High Value,34616.14,2026-01-01,N
CUST0007270,Regular,71299.38,2026-03-20,Y
CUST0007271,Occasional,14875.48,2026-01-15,N
CUST0007272,Regular,22750.24,2026-07-18,Y
CUST0007273,Occasional,28427.19,2026-01-20,N
CUST0007274,At Risk,89959.62,2026-03-20,N
CUST0007275,High Value,81480.17,2026-04-16,Y
CUST0007276,Occasional,57417.84,2026-01-27,N
CUST0007277,At Risk,165.18,2026-05-05,Y
CUST0007278,Occasional,69989.38,2026-04-27,N
CUST0007279,Regular,92913.87,2026-05-22,N
CUST0007280,High Value,16641.48,2026-07-22,Y
CUST0007281,At Risk,80530.8,2026-04-13,N
CUST0007282,Occasional,69508.56,2026-06-08,N
CUST0007283,High Value,41387.09,2026-04-01,N
CUST0007284,At Risk,3349.45,2026-07-21,Y
CUST0007285,At Risk,82790.85,2026-05-02,Y
CUST0007286,High Value,81828.89,2026-04-02,Y
CUST0007287,At Risk,49776.92,2026-05-27,N
CUST0007288,At Risk,89936.14,2026-03-07,N
CUST0007289,Occasional,38138.54,2026-03-30,Y
CUST0007290,Occasional,50811.06,2026-04-06,Y
CUST0007291,Occasional,43028.3,2026-02-04,N
CUST0007292,At Risk,14435.86,2026-03-26,N
CUST0007293,At Risk,6194.46,2026-03-22,N
CUST0007294,Regular,85616.78,2026-04-24,Y
CUST0007295,Regular,72166.97,2026-04-10,N
CUST0007296,Occasional,16513.27,2026-07-01,Y
CUST0007297,Occasional,41464.59,2026-04-21,Y
CUST0007298,High Value,69232.55,2026-06-09,Y
CUST0007299,Occasional,99114.74,2026-06-09,Y
CUST0007300,Occasional,17458.37,2026-03-03,Y
CUST0007301,Occasional,89084.06,2026-06-29,N
CUST0007302,At Risk,50278.13,2026-02-09,Y
CUST0007303,Regular,83189.0,2026-06-16,N
CUST0007304,Occasional,781.91,2026-04-19,Y
CUST0007305,At Risk,67062.07,2026-04-17,N
CUST0007306,High Value,70985.09,2026-02-17,Y
CUST0007307,At Risk,52736.49,2026-07-22,Y
CUST0007308,High Value,20775.38,2026-07-30,N
CUST0007309,At Risk,87708.65,2026-06-01,Y
CUST0007310,Regular,2894.01,2026-04-18,Y
CUST0007311,High Value,85271.1,2026-07-12,N
CUST0007312,Regular,31643.37,2026-01-03,Y
CUST0007313,High Value,9742.1,2026-02-19,Y
CUST0007314,High Value,65434.65,2026-05-15,N
CUST0007315,At Risk,22207.7,2026-01-23,N
CUST0007316,Regular,62100.56,2026-04-01,N
CUST0007317,High Value,7371.74,2026-01-06,Y
CUST0007318,High Value,46974.22,2026-07-07,N
CUST0007319,Occasional,13573.47,2026-01-18,Y
CUST0007320,Regular,17088.07,2026-04-23,N
CUST0007321,Occasional,1965.41,2026-01-20,Y
CUST0007322,At Risk,2592.97,2026-07-15,Y
CUST0007323,At Risk,94924.29,2026-06-28,Y
CUST0007324,High Value,49962.06,2026-02-15,Y
CUST0007325,At Risk,74713.9,2026-06-15,Y
CUST0007326,Occasional,13197.71,2026-03-21,Y
CUST0007327,High Value,70529.38,2026-05-10,Y
CUST0007328,Regular,71323.89,2026-03-29,Y
CUST0007329,At Risk,92624.72,2026-01-31,N
CUST0007330,Regular,53530.13,2026-04-23,N
CUST0007331,High Value,63807.47,2026-01-05,Y
CUST0007332,High Value,48277.66,2026-02-12,N
CUST0007333,Regular,21163.46,2026-01-05,N
CUST0007334,At Risk,77797.13,2026-01-07,Y
CUST0007335,At Risk,69828.26,2026-02-21,N
CUST0007336,Regular,75875.63,2026-01-07,Y
CUST0007337,At Risk,50342.21,2026-01-21,N
CUST0007338,Occasional,69438.41,2026-06-27,N
CUST0007339,At Risk,96898.66,2026-07-05,N
CUST0007340,Occasional,29265.71,2026-01-05,Y
CUST0007341,High Value,1644.45,2026-05-05,Y
CUST0007342,High Value,84574.52,2026-01-11,Y
CUST0007343,High Value,63237.91,2026-06-10,N
CUST0007344,High Value,69429.88,2026-06-08,N
CUST0007345,At Risk,20271.99,2026-01-22,N
CUST0007346,Regular,41318.85,2026-06-18,N
CUST0007347,At Risk,89456.07,2026-03-22,Y
CUST0007348,At Risk,86682.78,2026-07-11,Y
CUST0007349,Occasional,84506.7,2026-04-24,N
CUST0007350,High Value,61939.71,2026-06-22,N
CUST0007351,Regular,9941.25,2026-03-25,Y
CUST0007352,Regular,40076.6,2026-06-25,Y
CUST0007353,At Risk,80354.08,2026-07-29,Y
CUST0007354,Regular,72877.78,2026-02-26,N
CUST0007355,Regular,80512.81,2026-04-04,N
CUST0007356,Occasional,32765.75,2026-05-04,N
CUST0007357,Occasional,32450.5,2026-06-17,N
CUST0007358,Regular,22920.94,2026-04-04,Y
CUST0007359,At Risk,80290.46,2026-02-19,Y
CUST0007360,At Risk,47976.8,2026-07-07,N
CUST0007361,Regular,51102.82,2026-07-10,N
CUST0007362,Occasional,39138.51,2026-05-14,Y
CUST0007363,High Value,46073.24,2026-01-14,N
CUST0007364,At Risk,49180.14,2026-07-29,Y
CUST0007365,Regular,50084.56,2026-06-21,N
CUST0007366,Occasional,49500.58,2026-06-29,Y
CUST0007367,Regular,41746.99,2026-05-19,Y
CUST0007368,Regular,45934.23,2026-07-18,Y
CUST0007369,High Value,65410.32,2026-05-07,Y
CUST0007370,Occasional,38182.59,2026-04-18,Y
CUST0007371,Occasional,23053.86,2026-06-17,N
CUST0007372,Regular,60885.32,2026-01-10,N
CUST0007373,Regular,68511.6,2026-06-06,Y
CUST0007374,High Value,9045.72,2026-07-19,Y
CUST0007375,High Value,9435.45,2026-06-08,N
CUST0007376,At Risk,26640.54,2026-04-14,N
CUST0007377,At Risk,96737.39,2026-01-08,N
CUST0007378,Regular,95781.91,2026-03-29,N
CUST0007379,Occasional,485.97,2026-06-29,Y
CUST0007380,Regular,31212.72,2026-03-07,N
CUST0007381,At Risk,91199.48,2026-02-08,N
CUST0007382,Occasional,72120.26,2026-04-14,N
CUST0007383,At Risk,18270.85,2026-01-15,N
CUST0007384,At Risk,61757.42,2026-03-08,Y
CUST0007385,High Value,41666.36,2026-05-08,Y
CUST0007386,Occasional,98229.6,2026-04-21,Y
CUST0007387,High Value,13552.62,2026-04-25,Y
CUST0007388,At Risk,86000.32,2026-03-25,Y
CUST0007389,At Risk,58734.21,2026-07-09,Y
CUST0007390,At Risk,64711.09,2026-03-19,Y
CUST0007391,Regular,15615.63,2026-04-02,Y
CUST0007392,High Value,65825.19,2026-01-17,N
CUST0007393,At Risk,55870.89,2026-04-10,N
CUST0007394,Regular,22303.69,2026-04-29,N
CUST0007395,High Value,27232.21,2026-07-04,Y
CUST0007396,At Risk,63552.0,2026-07-29,N
CUST0007397,Regular,27534.32,2026-03-05,Y
CUST0007398,Occasional,57987.49,2026-06-13,N
CUST0007399,Regular,51164.71,2026-03-05,N
CUST0007400,High Value,88391.96,2026-03-14,N
CUST0007401,At Risk,36025.59,2026-03-23,Y
CUST0007402,At Risk,44302.67,2026-07-10,Y
CUST0007403,High Value,53756.78,2026-01-30,Y
CUST0007404,At Risk,31265.25,2026-03-10,Y
CUST0007405,Occasional,38868.29,2026-07-12,Y
CUST0007406,At Risk,76844.73,2026-04-15,N
CUST0007407,Regular,99755.59,2026-05-19,N
CUST0007408,At Risk,92785.91,2026-04-26,Y
CUST0007409,At Risk,89395.12,2026-02-04,N
CUST0007410,Occasional,30255.39,2026-01-31,Y
CUST0007411,High Value,85174.48,2026-01-10,Y
CUST0007412,At Risk,83108.35,2026-05-14,N
CUST0007413,Regular,28361.3,2026-01-16,Y
CUST0007414,Regular,16753.07,2026-01-27,Y
CUST0007415,High Value,42746.96,2026-01-21,Y
CUST0007416,High Value,84931.66,2026-01-07,Y
CUST0007417,Occasional,91700.31,2026-06-24,N
CUST0007418,High Value,57142.35,2026-05-17,N
CUST0007419,High Value,92684.97,2026-07-13,Y
CUST0007420,Occasional,76757.14,2026-01-26,Y
CUST0007421,Regular,50742.97,2026-06-05,N
CUST0007422,At Risk,35741.46,2026-02-04,Y
CUST0007423,Occasional,847.3,2026-07-22,Y
CUST0007424,High Value,86688.12,2026-06-22,Y
CUST0007425,High Value,65130.05,2026-04-06,Y
CUST0007426,Occasional,36495.16,2026-04-24,N
CUST0007427,High Value,99905.06,2026-01-13,N
CUST0007428,High Value,3966.12,2026-07-26,N
CUST0007429,Regular,45411.19,2026-07-08,Y
CUST0007430,High Value,19480.66,2026-04-21,Y
CUST0007431,Occasional,54537.83,2026-05-10,Y
CUST0007432,Occasional,18738.16,2026-04-01,N
CUST0007433,At Risk,13224.06,2026-06-08,N
CUST0007434,High Value,83141.36,2026-01-29,Y
CUST0007435,Regular,78634.41,2026-07-27,Y
CUST0007436,Regular,31286.98,2026-02-24,N
CUST0007437,At Risk,79169.25,2026-02-09,N
CUST0007438,High Value,74891.24,2026-05-06,N
CUST0007439,Regular,6534.5,2026-01-14,Y
CUST0007440,Occasional,51319.47,2026-05-22,Y
CUST0007441,Regular,37274.45,2026-03-29,N
CUST0007442,High Value,26007.34,2026-03-16,N
CUST0007443,High Value,35887.09,2026-06-06,Y
CUST0007444,Regular,62240.72,2026-05-12,Y
CUST0007445,High Value,58243.32,2026-05-02,Y
CUST0007446,At Risk,81945.72,2026-07-03,N
CUST0007447,High Value,78470.71,2026-03-09,N
CUST0007448,At Risk,55606.94,2026-06-16,N
CUST0007449,Regular,85720.03,2026-05-01,N
CUST0007450,Occasional,22371.44,2026-03-04,N
CUST0007451,Regular,93492.12,2026-01-18,Y
CUST0007452,Occasional,40637.1,2026-01-27,Y
CUST0007453,Regular,52080.86,2026-06-29,N
CUST0007454,High Value,42327.51,2026-02-10,N
CUST0007455,Occasional,35527.69,2026-01-03,N
CUST0007456,Occasional,17499.83,2026-04-08,Y
CUST0007457,Regular,49470.86,2026-02-09,N
CUST0007458,Regular,90064.21,2026-01-29,N
CUST0007459,Occasional,18163.0,2026-04-12,Y
CUST0007460,Regular,1520.72,2026-01-30,N
CUST0007461,High Value,34244.54,2026-03-18,Y
CUST0007462,Regular,52803.41,2026-06-13,N
CUST0007463,High Value,97176.05,2026-02-16,Y
CUST0007464,Occasional,55751.71,2026-01-15,Y
CUST0007465,Regular,78460.83,2026-02-25,Y
CUST0007466,Regular,86439.53,2026-03-04,Y
CUST0007467,Regular,55268.45,2026-04-21,Y
CUST0007468,High Value,7274.13,2026-01-28,N
CUST0007469,Regular,51700.96,2026-02-14,N
CUST0007470,High Value,13466.81,2026-07-27,Y
CUST0007471,Occasional,30423.39,2026-07-20,Y
CUST0007472,At Risk,50721.51,2026-06-14,Y
CUST0007473,High Value,87917.63,2026-03-01,N
CUST0007474,High Value,74699.3,2026-04-01,N
CUST0007475,High Value,14869.59,2026-02-08,N
CUST0007476,Regular,84655.19,2026-07-23,Y
CUST0007477,Regular,72168.31,2026-02-08,N
CUST0007478,High Value,98510.68,2026-01-26,N
CUST0007479,At Risk,54965.35,2026-01-10,N
CUST0007480,At Risk,31491.61,2026-05-18,N
CUST0007481,High Value,1191.18,2026-07-01,Y
CUST0007482,Occasional,16453.68,2026-01-27,Y
CUST0007483,At Risk,24295.39,2026-01-13,N
CUST0007484,At Risk,94773.86,2026-06-02,Y
CUST0007485,Regular,9239.43,2026-03-27,Y
CUST0007486,At Risk,68380.59,2026-05-30,Y
CUST0007487,High Value,87699.05,2026-05-22,N
CUST0007488,Regular,67099.6,2026-03-23,N
CUST0007489,Regular,46119.38,2026-01-03,N
CUST0007490,Occasional,5517.56,2026-02-15,N
CUST0007491,High Value,61360.76,2026-01-31,Y
CUST0007492,At Risk,70093.53,2026-02-24,Y
CUST0007493,High Value,14930.75,2026-05-24,Y
CUST0007494,Regular,96604.77,2026-01-01,Y
CUST0007495,At Risk,47973.87,2026-03-03,Y
CUST0007496,High Value,71064.62,2026-07-26,Y
CUST0007497,High Value,27842.42,2026-04-03,N
CUST0007498,High Value,53712.56,2026-06-10,Y
CUST0007499,At Risk,39966.86,2026-07-02,Y
CUST0007500,At Risk,90200.95,2026-02-03,N
CUST0007501,Occasional,48707.8,2026-06-08,N
CUST0007502,Regular,17852.47,2026-07-12,Y
CUST0007503,At Risk,29388.21,2026-07-14,Y
CUST0007504,At Risk,70060.94,2026-02-05,N
CUST0007505,Occasional,98656.51,2026-05-09,Y
CUST0007506,At Risk,48198.31,2026-02-12,Y
CUST0007507,Regular,87771.34,2026-03-22,N
CUST0007508,High Value,48198.78,2026-02-16,N
CUST0007509,High Value,47145.79,2026-05-21,N
CUST0007510,High Value,36678.65,2026-07-10,N
CUST0007511,High Value,97815.7,2026-04-07,N
CUST0007512,Occasional,38415.93,2026-03-13,Y
CUST0007513,High Value,86932.27,2026-06-16,Y
CUST0007514,High Value,90952.58,2026-07-14,Y
CUST0007515,High Value,10455.77,2026-01-29,Y
CUST0007516,At Risk,19136.71,2026-06-17,N
CUST0007517,At Risk,61598.42,2026-05-08,Y
CUST0007518,Occasional,27070.83,2026-06-18,N
CUST0007519,High Value,60144.11,2026-01-29,N
CUST0007520,At Risk,25454.35,2026-03-09,N
CUST0007521,High Value,26562.68,2026-04-20,N
CUST0007522,Regular,93213.92,2026-06-01,N
CUST0007523,At Risk,19761.24,2026-05-23,Y
CUST0007524,High Value,77924.11,2026-03-21,N
CUST0007525,Occasional,54622.48,2026-04-09,N
CUST0007526,Regular,30604.23,2026-01-18,N
CUST0007527,Regular,67438.3,2026-03-23,N
CUST0007528,Regular,57108.36,2026-07-16,N
CUST0007529,High Value,58751.82,2026-07-07,Y
CUST0007530,At Risk,26612.48,2026-03-29,Y
CUST0007531,At Risk,8643.94,2026-03-22,Y
CUST0007532,Occasional,36851.92,2026-03-29,Y
CUST0007533,Regular,50608.03,2026-01-03,Y
CUST0007534,Occasional,52189.26,2026-06-28,Y
CUST0007535,Occasional,81339.34,2026-07-22,Y
CUST0007536,At Risk,78933.89,2026-05-15,N
CUST0007537,At Risk,87648.66,2026-04-28,N
CUST0007538,Regular,86572.27,2026-01-19,Y
CUST0007539,At Risk,9223.64,2026-07-14,N
CUST0007540,Occasional,23100.72,2026-02-04,N
CUST0007541,Occasional,40549.62,2026-05-02,Y
CUST0007542,High Value,14769.41,2026-07-05,Y
CUST0007543,Regular,35180.15,2026-02-09,N
CUST0007544,Regular,43167.42,2026-01-17,Y
CUST0007545,At Risk,14301.34,2026-02-18,Y
CUST0007546,High Value,82113.47,2026-04-20,Y
CUST0007547,Occasional,63092.58,2026-03-23,N
CUST0007548,Regular,27411.75,2026-04-06,N
CUST0007549,High Value,90651.78,2026-05-23,N
CUST0007550,At Risk,34490.05,2026-07-03,Y
CUST0007551,At Risk,3688.5,2026-02-25,N
CUST0007552,At Risk,98197.93,2026-07-12,N
CUST0007553,High Value,87887.75,2026-07-10,N
CUST0007554,Occasional,37378.1,2026-07-30,N
CUST0007555,At Risk,95576.73,2026-07-15,N
CUST0007556,At Risk,49925.55,2026-05-04,Y
CUST0007557,At Risk,46381.26,2026-03-12,N
CUST0007558,Regular,37470.81,2026-04-28,Y
CUST0007559,Regular,69829.65,2026-05-02,N
CUST0007560,At Risk,66351.69,2026-04-30,N
CUST0007561,High Value,52915.08,2026-04-26,N
CUST0007562,At Risk,24192.71,2026-01-30,Y
CUST0007563,At Risk,16809.88,2026-04-18,Y
CUST0007564,Occasional,63093.63,2026-04-22,Y
CUST0007565,At Risk,71884.71,2026-03-29,N
CUST0007566,Occasional,43966.49,2026-04-05,N
CUST0007567,Occasional,61497.37,2026-01-28,N
CUST0007568,High Value,36670.69,2026-06-13,N
CUST0007569,Regular,78060.35,2026-05-31,Y
CUST0007570,Regular,30663.51,2026-05-08,Y
CUST0007571,High Value,70983.36,2026-06-15,Y
CUST0007572,At Risk,53918.05,2026-03-27,N
CUST0007573,High Value,8520.85,2026-05-29,N
CUST0007574,High Value,53869.34,2026-06-17,N
CUST0007575,High Value,54981.53,2026-04-27,Y
CUST0007576,High Value,15798.84,2026-04-23,N
CUST0007577,Regular,58467.39,2026-07-22,Y
CUST0007578,High Value,29681.3,2026-05-21,N
CUST0007579,Regular,70465.37,2026-05-28,N
CUST0007580,Regular,70067.52,2026-03-24,N
CUST0007581,At Risk,97162.64,2026-07-02,N
CUST0007582,At Risk,20413.38,2026-04-06,N
CUST0007583,High Value,46413.81,2026-02-18,Y
CUST0007584,Regular,5531.04,2026-03-07,Y
CUST0007585,Regular,10905.26,2026-02-10,Y
CUST0007586,At Risk,6706.18,2026-01-18,Y
CUST0007587,High Value,232.58,2026-07-27,N
CUST0007588,High Value,99042.71,2026-06-05,N
CUST0007589,High Value,29960.25,2026-01-16,Y
CUST0007590,Occasional,91034.5,2026-01-14,Y
CUST0007591,At Risk,642.14,2026-06-16,N
CUST0007592,Occasional,97791.1,2026-07-23,Y
CUST0007593,Regular,32557.91,2026-03-27,Y
CUST0007594,Occasional,19028.96,2026-06-11,N
CUST0007595,Regular,58643.32,2026-06-23,Y
CUST0007596,High Value,27143.49,2026-07-22,N
CUST0007597,Regular,81426.81,2026-05-09,Y
CUST0007598,Regular,35871.05,2026-02-02,N
CUST0007599,At Risk,32545.15,2026-05-07,N
CUST0007600,At Risk,95226.95,2026-01-08,Y
CUST0007601,Regular,43144.71,2026-06-11,Y
CUST0007602,High Value,10291.24,2026-03-14,Y
CUST0007603,At Risk,13727.17,2026-07-04,Y
CUST0007604,Occasional,75289.88,2026-05-24,N
CUST0007605,Regular,24325.3,2026-05-23,N
CUST0007606,Regular,96128.89,2026-04-10,N
CUST0007607,At Risk,59854.73,2026-06-16,Y
CUST0007608,Regular,24453.88,2026-02-10,Y
CUST0007609,Occasional,16107.52,2026-05-13,Y
CUST0007610,Occasional,34896.61,2026-02-13,Y
CUST0007611,High Value,14404.16,2026-04-16,Y
CUST0007612,Occasional,75669.85,2026-07-10,Y
CUST0007613,At Risk,11580.54,2026-02-08,N
CUST0007614,Occasional,88336.76,2026-06-26,Y
CUST0007615,Regular,81886.85,2026-04-09,N
CUST0007616,At Risk,74443.35,2026-06-11,N
CUST0007617,Regular,51061.78,2026-07-21,Y
CUST0007618,At Risk,3721.66,2026-07-21,N
CUST0007619,Regular,46016.96,2026-07-26,N
CUST0007620,Occasional,21129.69,2026-04-19,N
CUST0007621,Regular,81913.18,2026-04-26,Y
CUST0007622,At Risk,22279.66,2026-03-14,Y
CUST0007623,High Value,25017.7,2026-07-05,Y
CUST0007624,At Risk,29493.78,2026-06-03,N
CUST0007625,At Risk,38238.09,2026-03-19,Y
CUST0007626,Regular,87224.34,2026-02-26,N
CUST0007627,High Value,47717.12,2026-07-03,N
CUST0007628,Regular,914.63,2026-01-14,N
CUST0007629,Occasional,21267.54,2026-04-13,N
CUST0007630,Occasional,1673.37,2026-06-23,N
CUST0007631,Regular,99388.45,2026-04-16,N
CUST0007632,At Risk,59544.72,2026-04-13,Y
CUST0007633,Occasional,51661.94,2026-07-22,Y
CUST0007634,Regular,39577.98,2026-02-14,Y
CUST0007635,Occasional,65910.79,2026-07-23,Y
CUST0007636,Regular,64906.83,2026-04-30,Y
CUST0007637,Regular,21651.9,2026-07-13,Y
CUST0007638,Regular,14788.88,2026-02-28,Y
CUST0007639,Occasional,23074.24,2026-07-07,N
CUST0007640,At Risk,39689.1,2026-01-16,N
CUST0007641,High Value,41844.29,2026-07-16,N
CUST0007642,High Value,66589.76,2026-02-24,Y
CUST0007643,At Risk,47128.78,2026-06-20,Y
CUST0007644,Regular,66155.44,2026-04-07,N
CUST0007645,At Risk,7803.42,2026-07-21,Y
CUST0007646,High Value,91496.35,2026-01-11,N
CUST0007647,Regular,77317.18,2026-06-05,Y
CUST0007648,Regular,56664.66,2026-06-18,Y
CUST0007649,At Risk,69882.27,2026-06-08,N
CUST0007650,Regular,88886.7,2026-06-25,Y
CUST0007651,Occasional,4083.58,2026-06-25,N
CUST0007652,Regular,92020.72,2026-02-21,N
CUST0007653,High Value,97468.83,2026-07-20,N
CUST0007654,Occasional,3484.35,2026-03-02,Y
CUST0007655,High Value,91845.51,2026-07-23,Y
CUST0007656,High Value,78832.2,2026-02-25,N
CUST0007657,At Risk,29973.56,2026-01-18,Y
CUST0007658,At Risk,94133.55,2026-07-19,N
CUST0007659,High Value,85054.59,2026-03-27,Y
CUST0007660,High Value,81865.78,2026-02-16,Y
CUST0007661,Occasional,48271.2,2026-05-22,N
CUST0007662,High Value,38310.0,2026-06-24,Y
CUST0007663,Regular,58229.96,2026-03-03,Y
CUST0007664,At Risk,84661.12,2026-03-09,N
CUST0007665,Regular,40638.79,2026-07-28,N
CUST0007666,At Risk,41284.29,2026-03-21,N
CUST0007667,At Risk,54030.9,2026-01-20,Y
CUST0007668,At Risk,51804.76,2026-07-12,Y
CUST0007669,Occasional,82761.66,2026-06-27,Y
CUST0007670,At Risk,76320.37,2026-05-14,N
CUST0007671,High Value,49182.74,2026-06-08,Y
CUST0007672,At Risk,18885.86,2026-03-05,N
CUST0007673,High Value,20317.9,2026-04-15,Y
CUST0007674,High Value,15482.42,2026-03-30,N
CUST0007675,Occasional,36676.15,2026-04-16,Y
CUST0007676,Regular,10581.83,2026-07-11,Y
CUST0007677,At Risk,85327.61,2026-04-02,N
CUST0007678,High Value,32687.51,2026-01-16,N
CUST0007679,Regular,89704.39,2026-06-06,Y
CUST0007680,Occasional,46664.41,2026-03-11,Y
CUST0007681,At Risk,73888.93,2026-05-02,Y
CUST0007682,Regular,23120.38,2026-04-13,Y
CUST0007683,Regular,70489.66,2026-02-08,Y
CUST0007684,Regular,38009.85,2026-01-20,N
CUST0007685,High Value,50428.4,2026-05-10,Y
CUST0007686,At Risk,38985.97,2026-01-28,Y
CUST0007687,Regular,60180.93,2026-06-07,Y
CUST0007688,Regular,51692.96,2026-04-15,N
CUST0007689,At Risk,63188.6,2026-06-17,N
CUST0007690,At Risk,51476.31,2026-01-29,Y
CUST0007691,High Value,5325.69,2026-03-24,Y
CUST0007692,At Risk,14216.71,2026-03-12,Y
CUST0007693,Regular,86520.68,2026-07-27,Y
CUST0007694,Occasional,27284.19,2026-07-29,Y
CUST0007695,High Value,24406.59,2026-01-06,Y
CUST0007696,Occasional,18338.64,2026-05-07,N
CUST0007697,High Value,5692.97,2026-04-17,N
CUST0007698,Occasional,17473.14,2026-04-16,N
CUST0007699,At Risk,955.85,2026-04-29,Y
CUST0007700,High Value,34306.54,2026-01-08,Y
CUST0007701,Occasional,54539.17,2026-04-04,N
CUST0007702,At Risk,42526.19,2026-04-14,Y
CUST0007703,At Risk,40592.17,2026-04-04,N
CUST0007704,Regular,63433.63,2026-05-02,Y
CUST0007705,High Value,61344.34,2026-07-19,N
CUST0007706,At Risk,94558.97,2026-05-29,N
CUST0007707,At Risk,44340.35,2026-07-18,N
CUST0007708,Regular,31990.45,2026-05-03,N
CUST0007709,High Value,63883.32,2026-07-12,Y
CUST0007710,Occasional,34591.57,2026-02-12,N
CUST0007711,High Value,92952.81,2026-03-31,N
CUST0007712,Regular,23257.95,2026-01-11,N
CUST0007713,Occasional,14547.5,2026-05-15,Y
CUST0007714,Occasional,22429.15,2026-01-15,N
CUST0007715,At Risk,8307.62,2026-03-03,N
CUST0007716,Occasional,19917.94,2026-01-06,N
CUST0007717,At Risk,395.28,2026-02-27,Y
CUST0007718,Occasional,16539.91,2026-03-14,Y
CUST0007719,High Value,40201.56,2026-02-02,Y
CUST0007720,At Risk,74266.36,2026-06-19,N
CUST0007721,At Risk,77957.91,2026-01-31,N
CUST0007722,At Risk,23443.44,2026-01-03,N
CUST0007723,Regular,39867.41,2026-04-11,Y
CUST0007724,High Value,4431.87,2026-06-10,N
CUST0007725,High Value,5764.25,2026-02-06,N
CUST0007726,Regular,71210.91,2026-05-20,N
CUST0007727,Regular,14256.07,2026-01-07,N
CUST0007728,Occasional,13840.81,2026-07-10,Y
CUST0007729,Occasional,28416.16,2026-04-25,Y
CUST0007730,High Value,80824.53,2026-07-11,Y
CUST0007731,Occasional,51736.2,2026-07-02,N
CUST0007732,At Risk,44677.87,2026-04-04,N
CUST0007733,High Value,8500.62,2026-04-01,Y
CUST0007734,Occasional,44587.57,2026-07-02,Y
CUST0007735,Occasional,64402.7,2026-04-01,N
CUST0007736,Occasional,84331.13,2026-06-18,N
CUST0007737,Occasional,6260.02,2026-07-03,N
CUST0007738,Occasional,39851.11,2026-06-30,Y
CUST0007739,Occasional,71359.97,2026-02-28,Y
CUST0007740,Occasional,44700.02,2026-05-03,Y
CUST0007741,Occasional,88642.72,2026-07-22,Y
CUST0007742,High Value,73538.36,2026-06-23,N
CUST0007743,High Value,30850.23,2026-07-15,N
CUST0007744,Occasional,25862.92,2026-07-10,Y
CUST0007745,Regular,74335.34,2026-04-11,Y
CUST0007746,Regular,73128.86,2026-01-30,Y
CUST0007747,Occasional,48781.67,2026-07-21,Y
CUST0007748,High Value,71072.58,2026-07-21,Y
CUST0007749,Regular,3349.88,2026-04-13,N
CUST0007750,High Value,12031.98,2026-07-22,Y
CUST0007751,At Risk,41018.19,2026-06-25,N
CUST0007752,Regular,41955.18,2026-03-01,N
CUST0007753,High Value,2860.54,2026-01-06,N
CUST0007754,High Value,39645.67,2026-01-26,Y
CUST0007755,High Value,49242.95,2026-03-09,N
CUST0007756,Occasional,2217.41,2026-07-12,Y
CUST0007757,At Risk,67429.15,2026-02-07,Y
CUST0007758,At Risk,31674.55,2026-01-03,Y
CUST0007759,Regular,16884.49,2026-05-29,Y
CUST0007760,Regular,66780.25,2026-01-21,N
CUST0007761,Regular,26498.02,2026-01-24,Y
CUST0007762,Regular,20986.33,2026-01-07,N
CUST0007763,Occasional,95203.32,2026-01-03,Y
CUST0007764,Occasional,83425.31,2026-06-30,Y
CUST0007765,Occasional,72335.52,2026-01-29,N
CUST0007766,At Risk,52934.52,2026-04-25,N
CUST0007767,Regular,3752.43,2026-01-27,N
CUST0007768,High Value,86702.05,2026-07-10,N
CUST0007769,At Risk,87982.28,2026-03-30,N
CUST0007770,At Risk,83939.71,2026-04-04,Y
CUST0007771,Regular,90456.69,2026-04-12,N
CUST0007772,High Value,76485.71,2026-05-27,Y
CUST0007773,High Value,43322.9,2026-03-11,Y
CUST0007774,At Risk,85655.31,2026-01-31,Y
CUST0007775,Regular,6873.96,2026-04-09,N
CUST0007776,Occasional,55645.97,2026-05-24,N
CUST0007777,High Value,47865.53,2026-01-15,N
CUST0007778,At Risk,47090.46,2026-06-23,Y
CUST0007779,Regular,96353.16,2026-03-14,N
CUST0007780,At Risk,44463.86,2026-01-12,N
CUST0007781,Occasional,24091.95,2026-03-21,Y
CUST0007782,Regular,46340.58,2026-04-04,Y
CUST0007783,Occasional,789.59,2026-07-03,Y
CUST0007784,At Risk,78770.37,2026-03-19,N
CUST0007785,Occasional,17162.97,2026-04-16,Y
CUST0007786,At Risk,52767.61,2026-01-05,Y
CUST0007787,High Value,20584.37,2026-06-26,N
CUST0007788,At Risk,91627.09,2026-02-09,Y
CUST0007789,At Risk,61560.28,2026-03-11,Y
CUST0007790,At Risk,65198.47,2026-01-19,Y
CUST0007791,Occasional,32556.72,2026-04-17,Y
CUST0007792,High Value,91333.48,2026-04-30,Y
CUST0007793,High Value,79694.7,2026-02-14,Y
CUST0007794,High Value,2481.28,2026-04-17,N
CUST0007795,Occasional,82121.6,2026-02-03,N
CUST0007796,At Risk,80171.51,2026-06-26,N
CUST0007797,High Value,80274.03,2026-01-14,Y
CUST0007798,Regular,53360.12,2026-02-17,Y
CUST0007799,Occasional,84913.62,2026-06-23,N
CUST0007800,Occasional,23036.66,2026-07-01,Y
CUST0007801,At Risk,97527.44,2026-05-11,Y
CUST0007802,Occasional,53834.68,2026-05-30,N
CUST0007803,High Value,16163.94,2026-07-24,N
CUST0007804,Regular,74849.94,2026-07-17,N
CUST0007805,Occasional,31851.44,2026-02-11,N
CUST0007806,At Risk,12182.73,2026-01-15,Y
CUST0007807,High Value,89310.74,2026-07-11,N
CUST0007808,Occasional,76405.05,2026-04-09,N
CUST0007809,At Risk,22123.54,2026-07-01,N
CUST0007810,Occasional,52723.13,2026-03-05,N
CUST0007811,At Risk,6218.4,2026-03-26,Y
CUST0007812,Occasional,40348.12,2026-02-25,N
CUST0007813,Occasional,80517.57,2026-02-10,Y
CUST0007814,Occasional,72714.54,2026-02-15,N
CUST0007815,Occasional,24016.05,2026-01-28,N
CUST0007816,At Risk,41378.55,2026-03-07,N
CUST0007817,Regular,25159.71,2026-02-13,N
CUST0007818,At Risk,27173.49,2026-02-02,Y
CUST0007819,Regular,93298.99,2026-06-16,Y
CUST0007820,High Value,4846.09,2026-05-25,N
CUST0007821,At Risk,62168.69,2026-06-20,N
CUST0007822,At Risk,10259.41,2026-01-16,N
CUST0007823,High Value,26072.26,2026-06-17,Y
CUST0007824,High Value,97351.61,2026-04-11,Y
CUST0007825,Occasional,91577.46,2026-04-03,Y
CUST0007826,At Risk,92485.72,2026-07-30,Y
CUST0007827,Regular,66052.8,2026-03-06,N
CUST0007828,At Risk,76055.89,2026-07-18,N
CUST0007829,At Risk,87437.22,2026-07-11,Y
CUST0007830,At Risk,9461.87,2026-04-20,N
CUST0007831,Occasional,23555.32,2026-03-21,N
CUST0007832,At Risk,90679.26,2026-04-03,N
CUST0007833,Regular,64093.39,2026-07-13,Y
CUST0007834,Regular,42018.1,2026-04-28,Y
CUST0007835,Occasional,44976.57,2026-03-02,Y
CUST0007836,Occasional,93829.7,2026-02-12,Y
CUST0007837,Regular,95999.02,2026-03-22,N
CUST0007838,At Risk,13054.9,2026-05-10,N
CUST0007839,At Risk,62405.41,2026-04-21,N
CUST0007840,Regular,53168.38,2026-05-26,Y
CUST0007841,Occasional,7018.93,2026-07-20,Y
CUST0007842,Regular,53172.09,2026-05-29,Y
CUST0007843,Occasional,66175.81,2026-06-12,Y
CUST0007844,High Value,40756.9,2026-06-02,N
CUST0007845,Regular,90093.51,2026-03-13,N
CUST0007846,Occasional,23273.77,2026-03-02,N
CUST0007847,High Value,17242.51,2026-02-12,N
CUST0007848,High Value,60591.18,2026-04-30,Y
CUST0007849,Regular,10390.83,2026-07-08,Y
CUST0007850,High Value,9005.15,2026-01-28,N
CUST0007851,Occasional,65682.39,2026-06-01,Y
CUST0007852,At Risk,99315.04,2026-01-04,Y
CUST0007853,At Risk,31762.16,2026-07-10,Y
CUST0007854,At Risk,64468.81,2026-01-05,Y
CUST0007855,Occasional,18604.62,2026-02-19,N
CUST0007856,Occasional,74262.04,2026-03-09,N
CUST0007857,Regular,27052.57,2026-04-19,Y
CUST0007858,Occasional,98433.46,2026-03-12,N
CUST0007859,At Risk,59555.82,2026-04-24,Y
CUST0007860,Occasional,11946.78,2026-01-29,N
CUST0007861,Regular,25053.47,2026-02-14,N
CUST0007862,Regular,48809.94,2026-02-14,Y
CUST0007863,Regular,76910.97,2026-06-28,N
CUST0007864,At Risk,6969.33,2026-03-20,N
CUST0007865,High Value,59142.01,2026-07-12,Y
CUST0007866,At Risk,69071.72,2026-04-06,Y
CUST0007867,At Risk,55334.75,2026-01-13,Y
CUST0007868,At Risk,98460.29,2026-02-14,Y
CUST0007869,Regular,34408.59,2026-04-07,Y
CUST0007870,At Risk,33516.9,2026-04-15,Y
CUST0007871,At Risk,81969.43,2026-03-16,N
CUST0007872,Regular,22699.45,2026-03-03,Y
CUST0007873,Occasional,63640.25,2026-04-08,Y
CUST0007874,Regular,58381.2,2026-03-11,Y
CUST0007875,Regular,12839.59,2026-05-27,N
CUST0007876,Occasional,95375.87,2026-04-29,Y
CUST0007877,Regular,64284.09,2026-02-25,Y
CUST0007878,Occasional,40824.42,2026-05-05,N
CUST0007879,High Value,97889.73,2026-01-19,N
CUST0007880,Occasional,83272.81,2026-07-28,N
CUST0007881,Regular,76067.11,2026-02-24,N
CUST0007882,Regular,87219.64,2026-05-20,Y
CUST0007883,At Risk,69755.99,2026-05-10,N
CUST0007884,Occasional,95828.95,2026-07-17,Y
CUST0007885,Occasional,72379.3,2026-06-05,Y
CUST0007886,At Risk,43957.03,2026-02-28,N
CUST0007887,At Risk,57050.93,2026-03-27,N
CUST0007888,At Risk,28027.85,2026-03-08,N
CUST0007889,Occasional,96775.95,2026-04-04,N
CUST0007890,High Value,597.05,2026-01-20,N
CUST0007891,Occasional,63188.91,2026-04-12,Y
CUST0007892,Regular,82131.34,2026-04-17,Y
CUST0007893,Occasional,61994.89,2026-02-21,N
CUST0007894,Occasional,83387.98,2026-05-27,N
CUST0007895,High Value,39636.19,2026-02-23,Y
CUST0007896,Regular,17670.16,2026-07-09,N
CUST0007897,At Risk,78739.21,2026-06-23,Y
CUST0007898,High Value,9897.28,2026-05-18,N
CUST0007899,High Value,13979.9,2026-03-09,N
CUST0007900,At Risk,72890.0,2026-07-08,Y
CUST0007901,High Value,27683.22,2026-03-26,Y
CUST0007902,At Risk,13097.5,2026-05-26,N
CUST0007903,High Value,86594.13,2026-07-25,N
CUST0007904,Regular,55641.26,2026-05-17,Y
CUST0007905,At Risk,6461.39,2026-01-27,Y
CUST0007906,High Value,55718.45,2026-01-18,N
CUST0007907,At Risk,15908.4,2026-07-29,N
CUST0007908,Regular,15201.89,2026-07-30,Y
CUST0007909,High Value,69072.1,2026-06-13,Y
CUST0007910,Regular,85453.33,2026-04-19,N
CUST0007911,At Risk,54398.13,2026-07-08,Y
CUST0007912,At Risk,75642.77,2026-04-02,Y
CUST0007913,At Risk,46590.84,2026-03-12,Y
CUST0007914,High Value,78231.88,2026-01-14,N
CUST0007915,Regular,41282.92,2026-03-15,N
CUST0007916,High Value,56998.65,2026-06-22,Y
CUST0007917,Occasional,48854.18,2026-06-23,N
CUST0007918,At Risk,61414.15,2026-07-21,N
CUST0007919,Occasional,91790.35,2026-04-17,Y
CUST0007920,Occasional,20050.94,2026-07-18,N
CUST0007921,Regular,68755.24,2026-05-23,N
CUST0007922,At Risk,86039.85,2026-05-30,N
CUST0007923,High Value,35892.91,2026-05-15,Y
CUST0007924,Occasional,71667.18,2026-07-28,Y
CUST0007925,Regular,7598.77,2026-03-13,Y
CUST0007926,Occasional,96317.53,2026-04-26,N
CUST0007927,High Value,85006.75,2026-06-29,N
CUST0007928,Regular,52462.77,2026-04-02,Y
CUST0007929,High Value,47975.37,2026-01-31,N
CUST0007930,Regular,84899.15,2026-03-02,N
CUST0007931,Occasional,95136.78,2026-02-28,N
CUST0007932,Occasional,8339.84,2026-02-25,N
CUST0007933,Occasional,35701.98,2026-03-29,Y
CUST0007934,Occasional,26628.89,2026-01-12,N
CUST0007935,High Value,5304.23,2026-04-05,N
CUST0007936,At Risk,7791.94,2026-07-20,Y
CUST0007937,Regular,91659.5,2026-05-20,Y
CUST0007938,Occasional,97521.39,2026-02-26,Y
CUST0007939,High Value,96088.53,2026-04-11,Y
CUST0007940,Occasional,45473.13,2026-01-22,Y
CUST0007941,High Value,76099.46,2026-02-23,N
CUST0007942,Regular,11183.66,2026-07-24,Y
CUST0007943,Regular,37720.38,2026-04-16,N
CUST0007944,High Value,18813.6,2026-02-13,N
CUST0007945,High Value,21629.89,2026-02-06,N
CUST0007946,High Value,91301.57,2026-01-28,Y
CUST0007947,Regular,16656.92,2026-04-27,Y
CUST0007948,High Value,85059.38,2026-02-28,Y
CUST0007949,High Value,64436.89,2026-05-10,Y
CUST0007950,Occasional,17005.65,2026-06-08,Y
CUST0007951,High Value,62561.28,2026-05-28,Y
CUST0007952,At Risk,62230.52,2026-01-29,Y
CUST0007953,High Value,11583.39,2026-04-16,Y
CUST0007954,Occasional,33436.42,2026-06-29,N
CUST0007955,At Risk,14968.56,2026-06-25,N
CUST0007956,Regular,12167.85,2026-02-06,N
CUST0007957,Regular,13816.33,2026-07-04,N
CUST0007958,High Value,89636.3,2026-02-07,Y
CUST0007959,Regular,25720.48,2026-07-27,N
CUST0007960,At Risk,55051.39,2026-01-19,Y
CUST0007961,High Value,41205.44,2026-07-13,Y
CUST0007962,At Risk,14348.24,2026-06-23,N
CUST0007963,Occasional,46593.9,2026-07-13,N
CUST0007964,High Value,99734.68,2026-04-12,N
CUST0007965,Regular,56479.11,2026-05-21,Y
CUST0007966,High Value,22158.41,2026-07-02,Y
CUST0007967,At Risk,35666.65,2026-07-18,Y
CUST0007968,Occasional,37009.46,2026-06-22,Y
CUST0007969,At Risk,71594.71,2026-07-12,N
CUST0007970,Occasional,15793.77,2026-03-12,N
CUST0007971,High Value,97950.54,2026-01-11,N
CUST0007972,Occasional,24480.22,2026-02-11,Y
CUST0007973,At Risk,29514.58,2026-04-22,Y
CUST0007974,High Value,71074.52,2026-02-14,N
CUST0007975,High Value,97174.39,2026-07-10,N
CUST0007976,At Risk,85562.43,2026-06-16,N
CUST0007977,At Risk,52337.49,2026-03-19,Y
CUST0007978,Regular,37917.53,2026-05-11,N
CUST0007979,Occasional,76236.39,2026-02-25,N
CUST0007980,High Value,1422.56,2026-06-23,Y
CUST0007981,At Risk,30302.88,2026-01-30,Y
CUST0007982,Regular,53422.45,2026-03-11,N
CUST0007983,Regular,46917.93,2026-05-04,Y
CUST0007984,High Value,12673.67,2026-01-19,Y
CUST0007985,At Risk,61843.7,2026-02-22,Y
CUST0007986,Regular,64921.65,2026-03-27,N
CUST0007987,Occasional,64027.14,2026-05-16,Y
CUST0007988,Regular,85847.92,2026-01-22,Y
CUST0007989,At Risk,31973.51,2026-05-04,N
CUST0007990,Regular,76533.2,2026-06-09,N
CUST0007991,Regular,72231.79,2026-05-19,Y
CUST0007992,Occasional,66454.96,2026-07-08,N
CUST0007993,High Value,98166.53,2026-02-07,Y
CUST0007994,Regular,69288.31,2026-04-17,N
CUST0007995,Occasional,359.5,2026-02-27,Y
CUST0007996,High Value,10473.43,2026-06-25,N
CUST0007997,Regular,78863.64,2026-02-13,N
CUST0007998,At Risk,6764.36,2026-01-20,Y
CUST0007999,At Risk,95551.35,2026-07-21,Y
CUST0008000,Regular,13086.43,2026-04-16,Y
CUST0008001,Regular,8691.53,2026-04-11,N
CUST0008002,Occasional,5868.36,2026-01-04,N
CUST0008003,At Risk,36207.84,2026-03-03,Y
CUST0008004,High Value,47526.43,2026-05-31,N
CUST0008005,At Risk,96526.74,2026-01-10,Y
CUST0008006,High Value,34349.24,2026-04-26,N
CUST0008007,Regular,3222.85,2026-05-18,Y
CUST0008008,High Value,79818.56,2026-02-14,N
CUST0008009,High Value,84501.88,2026-07-12,Y
CUST0008010,Occasional,14915.58,2026-07-10,Y
CUST0008011,Occasional,69929.36,2026-02-22,N
CUST0008012,At Risk,35552.79,2026-02-06,Y
CUST0008013,Occasional,41237.35,2026-02-04,N
CUST0008014,At Risk,51807.18,2026-05-15,N
CUST0008015,High Value,87009.24,2026-06-07,N
CUST0008016,Regular,30121.35,2026-01-03,N
CUST0008017,At Risk,80139.58,2026-07-20,N
CUST0008018,High Value,9681.46,2026-03-04,Y
CUST0008019,At Risk,54482.58,2026-07-04,N
CUST0008020,At Risk,48385.77,2026-05-19,Y
CUST0008021,High Value,9573.25,2026-01-28,N
CUST0008022,Occasional,53891.34,2026-05-15,Y
CUST0008023,Regular,62439.79,2026-04-04,Y
CUST0008024,Regular,89886.55,2026-03-26,Y
CUST0008025,Regular,77657.17,2026-06-21,N
CUST0008026,Regular,58501.14,2026-02-21,N
CUST0008027,Regular,37787.44,2026-01-06,Y
CUST0008028,Occasional,13846.68,2026-01-18,N
CUST0008029,Occasional,67939.72,2026-04-09,Y
CUST0008030,High Value,4769.13,2026-07-20,Y
CUST0008031,Occasional,32170.74,2026-07-08,N
CUST0008032,High Value,76613.16,2026-06-11,Y
CUST0008033,High Value,46699.69,2026-07-23,N
CUST0008034,Regular,93409.25,2026-03-24,Y
CUST0008035,Occasional,83997.27,2026-07-30,Y
CUST0008036,Occasional,21454.01,2026-01-30,Y
CUST0008037,Occasional,11108.01,2026-02-07,Y
CUST0008038,Occasional,34764.55,2026-06-03,N
CUST0008039,High Value,37227.64,2026-07-08,N
CUST0008040,High Value,78204.13,2026-01-09,Y
CUST0008041,At Risk,34960.89,2026-04-14,Y
CUST0008042,Occasional,33632.64,2026-06-27,N
CUST0008043,Occasional,25681.98,2026-03-23,Y
CUST0008044,High Value,28284.11,2026-07-06,Y
CUST0008045,Regular,14154.72,2026-02-23,N
CUST0008046,High Value,84211.72,2026-01-18,N
CUST0008047,Regular,49671.59,2026-04-24,Y
CUST0008048,High Value,95330.27,2026-02-17,N
CUST0008049,High Value,33858.45,2026-03-29,N
CUST0008050,Regular,39207.79,2026-05-28,N
CUST0008051,High Value,97893.13,2026-07-05,Y
CUST0008052,Regular,29069.36,2026-04-20,Y
CUST0008053,Regular,3047.82,2026-07-25,N
CUST0008054,At Risk,24341.48,2026-06-01,N
CUST0008055,Occasional,25041.99,2026-05-29,Y
CUST0008056,At Risk,9996.82,2026-05-09,Y
CUST0008057,At Risk,28206.68,2026-07-09,N
CUST0008058,Regular,13263.3,2026-07-30,Y
CUST0008059,At Risk,69378.38,2026-06-25,N
CUST0008060,Regular,3398.03,2026-07-17,N
CUST0008061,High Value,23105.3,2026-03-02,N
CUST0008062,Regular,65952.04,2026-04-28,Y
CUST0008063,Regular,76772.18,2026-03-01,Y
CUST0008064,At Risk,8364.74,2026-02-18,Y
CUST0008065,At Risk,90229.86,2026-06-02,N
CUST0008066,High Value,26444.32,2026-06-13,N
CUST0008067,At Risk,82216.89,2026-06-05,Y
CUST0008068,Occasional,94096.52,2026-02-22,Y
CUST0008069,High Value,97171.4,2026-04-06,Y
CUST0008070,At Risk,44983.03,2026-02-23,Y
CUST0008071,High Value,93867.03,2026-02-14,N
CUST0008072,At Risk,86845.56,2026-03-24,N
CUST0008073,Occasional,23569.31,2026-04-11,Y
CUST0008074,Occasional,74891.9,2026-07-26,Y
CUST0008075,At Risk,28814.51,2026-05-24,Y
CUST0008076,Occasional,403.77,2026-01-11,N
CUST0008077,High Value,15520.83,2026-02-09,N
CUST0008078,Regular,13025.53,2026-05-31,N
CUST0008079,Regular,55162.28,2026-03-17,Y
CUST0008080,High Value,86175.52,2026-01-27,N
CUST0008081,High Value,15544.27,2026-01-13,Y
CUST0008082,Regular,57449.76,2026-07-17,N
CUST0008083,At Risk,4789.42,2026-01-27,Y
CUST0008084,At Risk,82630.59,2026-05-22,N
CUST0008085,At Risk,88063.52,2026-05-20,Y
CUST0008086,At Risk,51304.57,2026-07-06,N
CUST0008087,Regular,9909.37,2026-02-03,Y
CUST0008088,Regular,86831.26,2026-02-15,N
CUST0008089,High Value,8296.01,2026-02-08,Y
CUST0008090,At Risk,72582.55,2026-02-10,N
CUST0008091,Occasional,6291.54,2026-05-19,Y
CUST0008092,At Risk,58149.1,2026-06-08,N
CUST0008093,At Risk,66576.62,2026-06-14,N
CUST0008094,At Risk,27546.63,2026-02-15,Y
CUST0008095,High Value,48357.64,2026-03-12,N
CUST0008096,Regular,28546.26,2026-01-04,N
CUST0008097,At Risk,62728.53,2026-07-16,N
CUST0008098,Occasional,74260.38,2026-05-15,N
CUST0008099,Regular,22474.41,2026-03-19,Y
CUST0008100,Regular,98571.0,2026-06-13,N
CUST0008101,High Value,53001.33,2026-05-24,Y
CUST0008102,Regular,9914.71,2026-02-05,Y
CUST0008103,At Risk,5075.64,2026-06-26,N
CUST0008104,Occasional,4238.45,2026-04-07,Y
CUST0008105,At Risk,83115.06,2026-03-21,Y
CUST0008106,Regular,50034.96,2026-04-02,Y
CUST0008107,Occasional,69040.68,2026-04-04,Y
CUST0008108,Occasional,71542.81,2026-03-21,N
CUST0008109,High Value,4419.51,2026-01-03,Y
CUST0008110,Regular,27023.26,2026-05-29,N
CUST0008111,High Value,14016.18,2026-07-16,Y
CUST0008112,Regular,20044.38,2026-06-01,N
CUST0008113,At Risk,10593.23,2026-03-25,N
CUST0008114,Occasional,59535.63,2026-07-04,N
CUST0008115,At Risk,60101.44,2026-06-24,N
CUST0008116,High Value,63804.31,2026-06-22,Y
CUST0008117,High Value,97281.8,2026-02-13,N
CUST0008118,High Value,41729.09,2026-07-13,N
CUST0008119,Occasional,48988.49,2026-07-15,N
CUST0008120,High Value,63698.81,2026-05-04,N
CUST0008121,Regular,624.26,2026-06-14,N
CUST0008122,High Value,68027.45,2026-05-12,N
CUST0008123,Regular,25133.41,2026-02-26,Y
CUST0008124,Occasional,26234.65,2026-03-07,N
CUST0008125,Occasional,22949.87,2026-07-06,Y
CUST0008126,Regular,45148.75,2026-05-03,N
CUST0008127,At Risk,11953.36,2026-02-02,N
CUST0008128,Occasional,23841.81,2026-05-25,N
CUST0008129,Regular,4137.17,2026-04-04,Y
CUST0008130,Occasional,36405.93,2026-04-16,N
CUST0008131,High Value,15069.97,2026-05-17,N
CUST0008132,Regular,53048.72,2026-01-15,Y
CUST0008133,Occasional,49520.05,2026-07-05,Y
CUST0008134,Occasional,15572.73,2026-07-30,Y
CUST0008135,Occasional,31340.66,2026-01-04,Y
CUST0008136,High Value,7417.19,2026-06-23,N
CUST0008137,Occasional,60467.28,2026-01-23,N
CUST0008138,High Value,84119.8,2026-01-01,Y
CUST0008139,High Value,4689.23,2026-03-12,N
CUST0008140,At Risk,87896.2,2026-02-06,Y
CUST0008141,At Risk,88037.94,2026-05-16,Y
CUST0008142,High Value,65839.24,2026-03-18,N
CUST0008143,Regular,28888.84,2026-05-24,Y
CUST0008144,Occasional,8363.55,2026-02-10,Y
CUST0008145,At Risk,22377.78,2026-03-25,Y
CUST0008146,Occasional,26536.27,2026-06-06,Y
CUST0008147,Occasional,24528.62,2026-07-23,Y
CUST0008148,At Risk,59074.09,2026-05-31,N
CUST0008149,Regular,72887.53,2026-04-19,Y
CUST0008150,Occasional,55610.15,2026-03-31,Y
CUST0008151,At Risk,43602.83,2026-01-09,N
CUST0008152,High Value,13129.44,2026-04-09,Y
CUST0008153,High Value,31458.64,2026-06-16,N
CUST0008154,Regular,15997.81,2026-06-01,Y
CUST0008155,Occasional,4149.01,2026-02-02,Y
CUST0008156,At Risk,70649.56,2026-07-12,Y
CUST0008157,Occasional,34085.38,2026-05-10,Y
CUST0008158,High Value,11919.6,2026-06-07,N
CUST0008159,Occasional,52144.11,2026-01-08,Y
CUST0008160,High Value,62765.07,2026-03-31,N
CUST0008161,Regular,70253.26,2026-03-08,Y
CUST0008162,Regular,13020.55,2026-02-18,N
CUST0008163,Occasional,63317.49,2026-03-10,Y
CUST0008164,At Risk,26022.69,2026-04-22,Y
CUST0008165,High Value,49284.26,2026-07-28,N
CUST0008166,High Value,97711.19,2026-01-20,N
CUST0008167,High Value,90230.77,2026-03-05,N
CUST0008168,High Value,408.2,2026-04-21,Y
CUST0008169,Occasional,76936.85,2026-05-30,N
CUST0008170,At Risk,15688.67,2026-05-01,N
CUST0008171,Regular,85164.08,2026-05-30,N
CUST0008172,High Value,25895.14,2026-01-06,N
CUST0008173,Regular,72383.15,2026-04-18,Y
CUST0008174,High Value,91443.83,2026-03-13,N
CUST0008175,Regular,81319.4,2026-01-08,Y
CUST0008176,High Value,57162.15,2026-03-20,N
CUST0008177,At Risk,12906.62,2026-01-11,N
CUST0008178,High Value,42441.23,2026-03-08,N
CUST0008179,Regular,10969.61,2026-05-30,N
CUST0008180,At Risk,76936.42,2026-01-29,N
CUST0008181,At Risk,9252.05,2026-06-04,Y
CUST0008182,Occasional,86216.98,2026-03-10,N
CUST0008183,Occasional,77505.55,2026-05-16,Y
CUST0008184,At Risk,71258.46,2026-02-28,Y
CUST0008185,At Risk,53874.53,2026-04-02,N
CUST0008186,At Risk,10594.72,2026-05-01,Y
CUST0008187,Occasional,598.37,2026-03-24,N
CUST0008188,Occasional,32238.24,2026-05-18,N
CUST0008189,Regular,54761.05,2026-05-27,N
CUST0008190,High Value,737.88,2026-03-27,N
CUST0008191,High Value,71366.62,2026-06-20,N
CUST0008192,High Value,47774.42,2026-04-26,Y
CUST0008193,Occasional,12438.57,2026-01-31,Y
CUST0008194,At Risk,50872.36,2026-06-29,N
CUST0008195,High Value,62987.95,2026-05-29,N
CUST0008196,High Value,20310.34,2026-05-06,N
CUST0008197,Occasional,16271.05,2026-06-27,Y
CUST0008198,Occasional,61235.82,2026-03-10,Y
CUST0008199,Occasional,43283.65,2026-06-03,N
CUST0008200,High Value,56067.99,2026-03-07,Y
CUST0008201,Regular,10714.22,2026-03-16,Y
CUST0008202,Regular,39245.25,2026-04-23,N
CUST0008203,Occasional,34129.31,2026-05-09,Y
CUST0008204,High Value,84386.44,2026-02-23,N
CUST0008205,High Value,43008.94,2026-04-25,Y
CUST0008206,High Value,49448.55,2026-02-03,Y
CUST0008207,At Risk,59444.19,2026-05-10,N
CUST0008208,Occasional,61098.78,2026-02-06,N
CUST0008209,Regular,6756.83,2026-03-11,N
CUST0008210,High Value,81270.09,2026-07-24,N
CUST0008211,High Value,48754.45,2026-06-05,Y
CUST0008212,High Value,9421.4,2026-07-21,N
CUST0008213,Regular,21604.57,2026-05-28,Y
CUST0008214,Occasional,65279.73,2026-05-02,N
CUST0008215,Occasional,96712.04,2026-03-29,N
CUST0008216,High Value,785.31,2026-02-26,N
CUST0008217,Regular,84509.02,2026-03-13,Y
CUST0008218,High Value,66050.29,2026-05-11,N
CUST0008219,Occasional,95668.98,2026-01-30,Y
CUST0008220,High Value,31034.8,2026-05-04,N
CUST0008221,High Value,97606.35,2026-02-23,Y
CUST0008222,High Value,24943.16,2026-04-06,N
CUST0008223,Occasional,17957.51,2026-01-17,Y
CUST0008224,Regular,55115.35,2026-04-20,N
CUST0008225,Regular,60198.62,2026-04-02,N
CUST0008226,High Value,69358.49,2026-07-17,N
CUST0008227,Occasional,77220.95,2026-07-27,N
CUST0008228,High Value,20072.94,2026-06-09,Y
CUST0008229,High Value,98016.82,2026-04-15,Y
CUST0008230,Regular,77451.59,2026-03-03,Y
CUST0008231,Regular,48494.59,2026-02-15,N
CUST0008232,High Value,60619.85,2026-02-01,Y
CUST0008233,Occasional,75852.09,2026-05-15,N
CUST0008234,High Value,89620.16,2026-06-17,N
CUST0008235,Occasional,27947.49,2026-03-11,Y
CUST0008236,At Risk,47940.01,2026-03-14,N
CUST0008237,At Risk,42879.68,2026-05-18,N
CUST0008238,Occasional,10258.56,2026-03-18,N
CUST0008239,Regular,52954.1,2026-03-22,N
CUST0008240,At Risk,41463.36,2026-03-26,Y
CUST0008241,Regular,3898.77,2026-06-06,N
CUST0008242,High Value,74210.84,2026-05-19,Y
CUST0008243,Occasional,10272.33,2026-07-28,N
CUST0008244,Regular,42375.56,2026-03-30,N
CUST0008245,At Risk,35886.11,2026-04-23,Y
CUST0008246,Regular,72180.07,2026-03-10,N
CUST0008247,High Value,47153.02,2026-02-02,N
CUST0008248,High Value,24045.37,2026-07-22,N
CUST0008249,At Risk,4669.85,2026-05-17,Y
CUST0008250,Occasional,97307.75,2026-04-26,N
CUST0008251,High Value,63637.12,2026-07-17,Y
CUST0008252,Occasional,26109.93,2026-03-14,Y
CUST0008253,At Risk,99919.95,2026-04-24,N
CUST0008254,Occasional,99242.19,2026-07-05,N
CUST0008255,Regular,21446.95,2026-05-25,N
CUST0008256,Regular,80646.75,2026-04-26,N
CUST0008257,High Value,66947.61,2026-07-07,N
CUST0008258,High Value,65815.86,2026-04-28,N
CUST0008259,High Value,39815.9,2026-07-08,Y
CUST0008260,Occasional,71205.1,2026-05-28,Y
CUST0008261,High Value,47999.35,2026-04-02,N
CUST0008262,Occasional,57084.02,2026-06-04,N
CUST0008263,Occasional,19531.06,2026-06-03,Y
CUST0008264,Regular,1048.84,2026-06-11,N
CUST0008265,Occasional,78960.27,2026-03-24,Y
CUST0008266,High Value,21289.6,2026-05-17,N
CUST0008267,High Value,8895.03,2026-01-15,N
CUST0008268,High Value,35517.82,2026-04-02,N
CUST0008269,Occasional,97913.13,2026-03-02,N
CUST0008270,High Value,57084.28,2026-03-15,N
CUST0008271,Regular,8423.52,2026-04-17,Y
CUST0008272,Regular,41083.35,2026-05-21,Y
CUST0008273,Occasional,75729.96,2026-06-28,N
CUST0008274,At Risk,71442.94,2026-01-01,N
CUST0008275,At Risk,23601.07,2026-05-26,N
CUST0008276,High Value,69701.3,2026-07-21,N
CUST0008277,At Risk,33395.42,2026-04-16,N
CUST0008278,Occasional,50260.19,2026-03-23,N
CUST0008279,At Risk,24380.38,2026-06-22,Y
CUST0008280,High Value,86038.56,2026-07-12,N
CUST0008281,At Risk,49300.1,2026-01-27,Y
CUST0008282,Regular,36941.38,2026-02-28,Y
CUST0008283,High Value,16110.49,2026-02-09,N
CUST0008284,High Value,57253.19,2026-05-31,Y
CUST0008285,High Value,94094.97,2026-05-22,N
CUST0008286,High Value,82925.74,2026-05-17,Y
CUST0008287,Regular,12147.77,2026-01-24,N
CUST0008288,Regular,84463.91,2026-05-30,N
CUST0008289,High Value,56076.31,2026-04-01,N
CUST0008290,At Risk,66403.12,2026-04-17,Y
CUST0008291,High Value,14285.04,2026-06-23,N
CUST0008292,Regular,33947.0,2026-04-11,N
CUST0008293,Occasional,43046.39,2026-06-28,N
CUST0008294,High Value,72242.64,2026-04-29,N
CUST0008295,At Risk,33761.05,2026-06-11,N
CUST0008296,Regular,25283.97,2026-03-22,N
CUST0008297,Occasional,29702.95,2026-06-14,Y
CUST0008298,Occasional,67031.71,2026-02-02,N
CUST0008299,At Risk,16626.05,2026-06-20,N
CUST0008300,Occasional,97640.62,2026-05-24,N
CUST0008301,Occasional,68733.92,2026-07-05,Y
CUST0008302,High Value,16786.66,2026-06-02,Y
CUST0008303,At Risk,72737.41,2026-05-08,Y
CUST0008304,At Risk,67045.6,2026-06-08,N
CUST0008305,Occasional,86992.48,2026-05-21,N
CUST0008306,At Risk,95995.44,2026-01-14,N
CUST0008307,At Risk,87239.23,2026-01-05,Y
CUST0008308,Occasional,87015.78,2026-03-09,Y
CUST0008309,At Risk,4148.07,2026-01-31,N
CUST0008310,High Value,40256.39,2026-01-19,N
CUST0008311,At Risk,88422.87,2026-02-14,N
CUST0008312,At Risk,15639.85,2026-03-17,Y
CUST0008313,Regular,89369.31,2026-04-21,Y
CUST0008314,Occasional,68407.3,2026-04-29,N
CUST0008315,Regular,29444.57,2026-06-09,N
CUST0008316,Occasional,29422.79,2026-01-19,Y
CUST0008317,At Risk,22279.55,2026-02-02,N
CUST0008318,Regular,6248.35,2026-02-07,Y
CUST0008319,Regular,16104.67,2026-07-21,N
CUST0008320,High Value,52134.74,2026-02-22,N
CUST0008321,Occasional,78739.23,2026-05-29,N
CUST0008322,At Risk,3192.66,2026-02-19,Y
CUST0008323,At Risk,16305.83,2026-01-16,N
CUST0008324,Regular,67441.77,2026-04-08,Y
CUST0008325,At Risk,76326.32,2026-05-24,N
CUST0008326,High Value,33229.55,2026-07-26,Y
CUST0008327,High Value,26313.17,2026-07-13,Y
CUST0008328,Occasional,50948.0,2026-01-07,Y
CUST0008329,Regular,62205.06,2026-05-18,Y
CUST0008330,Regular,34647.3,2026-01-25,N
CUST0008331,At Risk,93057.37,2026-01-09,Y
CUST0008332,At Risk,71495.72,2026-05-02,N
CUST0008333,At Risk,50404.46,2026-07-04,Y
CUST0008334,Occasional,24120.79,2026-04-01,N
CUST0008335,At Risk,62466.69,2026-06-14,N
CUST0008336,At Risk,95387.74,2026-02-20,N
CUST0008337,High Value,33017.83,2026-06-01,Y
CUST0008338,At Risk,1669.51,2026-07-07,N
CUST0008339,High Value,88827.99,2026-07-16,N
CUST0008340,Regular,932.83,2026-06-02,Y
CUST0008341,At Risk,67136.42,2026-06-08,N
CUST0008342,Regular,24991.05,2026-07-30,N
CUST0008343,At Risk,235.92,2026-06-17,N
CUST0008344,Occasional,39215.93,2026-02-08,Y
CUST0008345,Occasional,45837.32,2026-02-14,Y
CUST0008346,Regular,43014.34,2026-06-04,Y
CUST0008347,At Risk,75783.73,2026-03-15,Y
CUST0008348,Occasional,31583.14,2026-04-08,N
CUST0008349,Occasional,42810.16,2026-04-30,Y
CUST0008350,Occasional,17437.56,2026-02-24,N
CUST0008351,Occasional,76538.97,2026-02-15,Y
CUST0008352,High Value,93127.84,2026-07-22,N
CUST0008353,High Value,62278.91,2026-01-31,N
CUST0008354,Regular,54994.58,2026-01-02,N
CUST0008355,High Value,66763.31,2026-03-04,Y
CUST0008356,Regular,8968.27,2026-06-25,N
CUST0008357,Occasional,10377.68,2026-07-14,Y
CUST0008358,Regular,1919.87,2026-03-13,N
CUST0008359,At Risk,92121.79,2026-02-26,N
CUST0008360,At Risk,41984.62,2026-04-30,N
CUST0008361,Occasional,68812.33,2026-01-19,Y
CUST0008362,At Risk,3904.36,2026-06-04,N
CUST0008363,At Risk,22877.72,2026-06-29,N
CUST0008364,Regular,29598.1,2026-06-18,Y
CUST0008365,Regular,48244.3,2026-05-11,N
CUST0008366,Regular,3483.2,2026-03-14,Y
CUST0008367,High Value,30753.25,2026-05-22,N
CUST0008368,Occasional,65654.02,2026-06-15,Y
CUST0008369,High Value,62122.66,2026-02-26,N
CUST0008370,At Risk,80469.15,2026-04-28,Y
CUST0008371,At Risk,37120.91,2026-07-02,Y
CUST0008372,High Value,11715.4,2026-04-10,N
CUST0008373,Regular,89177.79,2026-05-05,Y
CUST0008374,Regular,86722.3,2026-07-21,Y
CUST0008375,Regular,57854.47,2026-05-07,Y
CUST0008376,Regular,63582.54,2026-03-02,N
CUST0008377,At Risk,88845.42,2026-03-24,Y
CUST0008378,Regular,359.5,2026-07-15,Y
CUST0008379,High Value,75773.81,2026-04-19,N
CUST0008380,High Value,48785.27,2026-07-17,N
CUST0008381,At Risk,26233.89,2026-07-06,N
CUST0008382,Occasional,57041.89,2026-03-11,Y
CUST0008383,Occasional,21552.13,2026-04-16,Y
CUST0008384,Occasional,4661.16,2026-02-20,Y
CUST0008385,High Value,85601.02,2026-01-23,N
CUST0008386,Regular,97737.34,2026-07-15,N
CUST0008387,High Value,61732.95,2026-02-04,Y
CUST0008388,Occasional,82699.71,2026-04-21,N
CUST0008389,High Value,52762.99,2026-02-13,Y
CUST0008390,High Value,95408.84,2026-01-10,N
CUST0008391,High Value,14066.08,2026-04-22,Y
CUST0008392,Regular,19784.37,2026-05-14,Y
CUST0008393,Occasional,80504.17,2026-01-16,Y
CUST0008394,High Value,79730.32,2026-07-22,N
CUST0008395,At Risk,49699.27,2026-04-04,Y
CUST0008396,Occasional,4451.89,2026-02-22,N
CUST0008397,At Risk,44255.73,2026-02-18,N
CUST0008398,High Value,22217.97,2026-01-04,N
CUST0008399,Occasional,31099.06,2026-03-24,Y
CUST0008400,Regular,79449.14,2026-06-09,Y
CUST0008401,At Risk,39920.29,2026-05-31,Y
CUST0008402,Occasional,99670.13,2026-02-11,Y
CUST0008403,Regular,9471.4,2026-02-19,Y
CUST0008404,At Risk,73961.15,2026-07-07,Y
CUST0008405,At Risk,47135.72,2026-01-30,Y
CUST0008406,At Risk,52352.82,2026-07-22,Y
CUST0008407,Occasional,6680.29,2026-01-14,N
CUST0008408,Regular,64434.0,2026-07-26,Y
CUST0008409,At Risk,47025.02,2026-06-27,Y
CUST0008410,High Value,84663.05,2026-05-09,Y
CUST0008411,At Risk,7099.6,2026-03-10,N
CUST0008412,At Risk,85342.65,2026-01-09,N
CUST0008413,High Value,35425.31,2026-03-19,N
CUST0008414,Regular,2784.21,2026-04-17,N
CUST0008415,At Risk,67441.02,2026-01-27,Y
CUST0008416,Occasional,10760.51,2026-05-08,Y
CUST0008417,Occasional,8410.73,2026-04-17,N
CUST0008418,High Value,93904.6,2026-04-05,N
CUST0008419,At Risk,83945.2,2026-05-01,Y
CUST0008420,Regular,23903.35,2026-04-19,Y
CUST0008421,High Value,71159.05,2026-04-30,Y
CUST0008422,High Value,74464.65,2026-07-15,N
CUST0008423,At Risk,35824.79,2026-03-30,Y
CUST0008424,Regular,54144.65,2026-05-31,Y
CUST0008425,At Risk,93850.16,2026-03-11,N
CUST0008426,At Risk,78961.65,2026-01-27,Y
CUST0008427,Occasional,98956.96,2026-07-20,N
CUST0008428,Occasional,96755.9,2026-06-30,Y
CUST0008429,Regular,20375.23,2026-03-20,Y
CUST0008430,Regular,36484.91,2026-01-20,N
CUST0008431,High Value,3558.61,2026-01-25,Y
CUST0008432,At Risk,6692.44,2026-02-05,Y
CUST0008433,Regular,24046.66,2026-07-06,Y
CUST0008434,At Risk,50577.26,2026-05-11,N
CUST0008435,At Risk,84390.86,2026-03-23,N
CUST0008436,Occasional,82990.39,2026-05-05,Y
CUST0008437,High Value,24772.75,2026-03-30,Y
CUST0008438,Regular,58859.46,2026-03-11,Y
CUST0008439,Regular,66751.22,2026-07-11,Y
CUST0008440,At Risk,7759.12,2026-01-29,N
CUST0008441,High Value,46904.22,2026-01-27,Y
CUST0008442,At Risk,58674.02,2026-06-06,Y
CUST0008443,Occasional,25215.77,2026-05-30,N
CUST0008444,At Risk,47365.25,2026-04-28,Y
CUST0008445,At Risk,28041.98,2026-03-03,N
CUST0008446,Occasional,90824.44,2026-05-11,Y
CUST0008447,At Risk,67494.35,2026-07-23,Y
CUST0008448,At Risk,5369.94,2026-03-10,N
CUST0008449,At Risk,8547.15,2026-06-16,Y
CUST0008450,Regular,58625.24,2026-04-19,N
CUST0008451,Regular,46134.32,2026-03-09,Y
CUST0008452,Regular,16335.58,2026-01-31,Y
CUST0008453,At Risk,69337.2,2026-04-10,N
CUST0008454,Occasional,94884.0,2026-01-31,Y
CUST0008455,Occasional,16317.93,2026-04-13,N
CUST0008456,Occasional,97818.11,2026-05-28,N
CUST0008457,At Risk,92359.92,2026-05-11,N
CUST0008458,High Value,22890.39,2026-04-04,Y
CUST0008459,High Value,35982.61,2026-01-17,Y
CUST0008460,Regular,8409.63,2026-03-15,Y
CUST0008461,Regular,75023.83,2026-01-16,N
CUST0008462,High Value,96411.48,2026-03-16,N
CUST0008463,Occasional,75384.67,2026-02-13,N
CUST0008464,Regular,49971.48,2026-06-28,N
CUST0008465,Occasional,6173.8,2026-04-06,N
CUST0008466,At Risk,31336.23,2026-04-01,Y
CUST0008467,High Value,30476.93,2026-02-21,N
CUST0008468,Regular,98144.95,2026-04-27,Y
CUST0008469,Regular,9231.23,2026-01-01,Y
CUST0008470,Regular,29834.0,2026-07-05,N
CUST0008471,Regular,89276.69,2026-05-06,N
CUST0008472,High Value,58060.94,2026-02-25,Y
CUST0008473,Occasional,35413.44,2026-03-24,Y
CUST0008474,At Risk,18885.25,2026-02-22,N
CUST0008475,At Risk,23552.31,2026-05-22,N
CUST0008476,High Value,45226.31,2026-06-08,N
CUST0008477,Regular,25584.08,2026-06-28,Y
CUST0008478,Occasional,87166.01,2026-07-20,N
CUST0008479,Occasional,99203.3,2026-02-01,N
CUST0008480,Occasional,3612.03,2026-03-21,N
CUST0008481,Occasional,86479.51,2026-01-03,Y
CUST0008482,High Value,70099.33,2026-06-18,N
CUST0008483,At Risk,80742.59,2026-07-02,N
CUST0008484,Regular,70737.36,2026-03-23,Y
CUST0008485,Occasional,51954.4,2026-03-15,Y
CUST0008486,Regular,30766.63,2026-03-12,Y
CUST0008487,Occasional,62541.38,2026-07-12,N
CUST0008488,At Risk,15856.32,2026-01-11,Y
CUST0008489,Occasional,87148.46,2026-01-09,N
CUST0008490,Occasional,6252.64,2026-02-14,Y
CUST0008491,High Value,32440.0,2026-02-03,N
CUST0008492,Occasional,1558.14,2026-03-25,Y
CUST0008493,Occasional,76591.76,2026-07-23,Y
CUST0008494,High Value,15929.8,2026-03-25,N
CUST0008495,At Risk,96942.45,2026-07-24,Y
CUST0008496,High Value,88607.02,2026-07-07,N
CUST0008497,High Value,94702.7,2026-07-25,N
CUST0008498,High Value,7623.99,2026-07-17,N
CUST0008499,At Risk,26768.19,2026-02-14,Y
CUST0008500,Occasional,4350.31,2026-04-26,Y
CUST0008501,Regular,26253.81,2026-05-15,Y
CUST0008502,High Value,15256.4,2026-02-06,N
CUST0008503,At Risk,35095.34,2026-07-02,N
CUST0008504,Regular,55839.72,2026-04-23,Y
CUST0008505,Occasional,38302.37,2026-02-28,Y
CUST0008506,At Risk,44714.36,2026-01-04,N
CUST0008507,Occasional,6026.25,2026-06-05,Y
CUST0008508,Regular,2377.87,2026-06-02,N
CUST0008509,Regular,97352.55,2026-04-04,Y
CUST0008510,At Risk,86515.99,2026-01-09,N
CUST0008511,At Risk,31007.73,2026-07-13,N
CUST0008512,High Value,55003.35,2026-04-22,N
CUST0008513,Occasional,45208.77,2026-02-22,Y
CUST0008514,Occasional,10245.82,2026-05-29,Y
CUST0008515,At Risk,4690.26,2026-02-10,N
CUST0008516,Regular,28014.3,2026-04-05,Y
CUST0008517,Regular,21922.29,2026-01-18,N
CUST0008518,High Value,36156.39,2026-04-20,Y
CUST0008519,At Risk,90524.05,2026-03-26,Y
CUST0008520,At Risk,21817.24,2026-05-20,N
CUST0008521,High Value,58017.79,2026-06-28,Y
CUST0008522,At Risk,9499.89,2026-04-16,N
CUST0008523,High Value,29415.21,2026-01-06,N
CUST0008524,At Risk,269.06,2026-06-05,Y
CUST0008525,At Risk,43216.36,2026-01-23,N
CUST0008526,High Value,11022.59,2026-06-11,N
CUST0008527,At Risk,53798.06,2026-03-14,N
CUST0008528,High Value,41747.88,2026-06-03,N
CUST0008529,At Risk,62772.9,2026-03-05,N
CUST0008530,At Risk,63115.63,2026-04-18,Y
CUST0008531,High Value,20808.42,2026-02-09,Y
CUST0008532,High Value,42672.32,2026-07-17,Y
CUST0008533,Occasional,87479.18,2026-05-25,N
CUST0008534,Regular,41656.25,2026-05-18,Y
CUST0008535,Occasional,90034.17,2026-06-08,Y
CUST0008536,Regular,61940.28,2026-06-12,N
CUST0008537,Regular,18918.28,2026-01-25,N
CUST0008538,High Value,47683.02,2026-06-24,Y
CUST0008539,At Risk,83717.85,2026-03-03,N
CUST0008540,Occasional,16741.95,2026-04-09,N
CUST0008541,Occasional,85919.33,2026-05-05,Y
CUST0008542,Occasional,8598.47,2026-02-05,N
CUST0008543,Regular,48564.19,2026-06-02,N
CUST0008544,Occasional,2792.15,2026-07-28,Y
CUST0008545,Occasional,12991.16,2026-01-28,Y
CUST0008546,Occasional,87793.21,2026-02-24,N
CUST0008547,Occasional,77610.26,2026-02-22,Y
CUST0008548,Regular,19949.17,2026-06-02,Y
CUST0008549,Occasional,25599.28,2026-05-10,Y
CUST0008550,High Value,47937.53,2026-06-13,N
CUST0008551,At Risk,45847.92,2026-01-13,Y
CUST0008552,Occasional,44343.55,2026-07-14,Y
CUST0008553,Regular,83840.87,2026-07-27,Y
CUST0008554,High Value,70204.46,2026-05-13,Y
CUST0008555,Regular,65784.96,2026-05-02,Y
CUST0008556,High Value,77634.3,2026-04-29,N
CUST0008557,At Risk,70559.89,2026-04-13,N
CUST0008558,High Value,63347.8,2026-04-07,Y
CUST0008559,Occasional,10733.74,2026-02-12,N
CUST0008560,High Value,53797.93,2026-02-16,N
CUST0008561,At Risk,79891.9,2026-07-10,N
CUST0008562,High Value,5628.0,2026-07-05,Y
CUST0008563,Regular,57420.57,2026-01-30,Y
CUST0008564,Regular,1975.1,2026-05-13,N
CUST0008565,At Risk,22256.55,2026-06-19,N
CUST0008566,At Risk,17617.36,2026-07-06,N
CUST0008567,High Value,97653.59,2026-01-12,N
CUST0008568,High Value,89456.32,2026-03-16,N
CUST0008569,Regular,3826.4,2026-01-18,N
CUST0008570,At Risk,70089.37,2026-01-04,N
CUST0008571,Regular,29526.45,2026-07-12,Y
CUST0008572,Occasional,22860.83,2026-05-27,N
CUST0008573,Regular,75268.44,2026-03-08,N
CUST0008574,At Risk,77001.64,2026-04-23,Y
CUST0008575,At Risk,96297.98,2026-01-07,Y
CUST0008576,Occasional,70408.03,2026-07-17,Y
CUST0008577,Occasional,29278.54,2026-06-27,Y
CUST0008578,At Risk,46084.06,2026-03-15,N
CUST0008579,Occasional,938.09,2026-07-05,Y
CUST0008580,At Risk,43261.28,2026-07-15,Y
CUST0008581,High Value,20338.55,2026-03-29,Y
CUST0008582,At Risk,84581.47,2026-07-09,N
CUST0008583,Regular,56617.56,2026-03-23,N
CUST0008584,High Value,93636.2,2026-02-16,N
CUST0008585,High Value,52716.88,2026-07-12,Y
CUST0008586,High Value,49815.5,2026-01-09,Y
CUST0008587,Occasional,51448.84,2026-02-15,Y
CUST0008588,At Risk,91405.26,2026-06-16,N
CUST0008589,At Risk,14915.42,2026-05-26,Y
CUST0008590,At Risk,53032.66,2026-07-18,Y
CUST0008591,High Value,52113.09,2026-05-04,N
CUST0008592,At Risk,47426.49,2026-04-08,Y
CUST0008593,At Risk,84866.5,2026-06-28,Y
CUST0008594,Regular,27116.14,2026-04-21,Y
CUST0008595,High Value,55444.17,2026-01-19,N
CUST0008596,Occasional,97750.51,2026-05-16,N
CUST0008597,High Value,24507.99,2026-07-11,N
CUST0008598,High Value,52987.43,2026-06-29,N
CUST0008599,Occasional,11013.65,2026-02-01,Y
CUST0008600,Regular,24176.78,2026-07-14,Y
CUST0008601,At Risk,17303.68,2026-01-06,N
CUST0008602,Regular,51887.77,2026-01-07,Y
CUST0008603,High Value,83594.29,2026-07-26,Y
CUST0008604,At Risk,32301.17,2026-06-22,N
CUST0008605,Regular,37179.47,2026-01-16,N
CUST0008606,Occasional,75652.76,2026-03-22,N
CUST0008607,Regular,96422.47,2026-07-11,N
CUST0008608,At Risk,22417.52,2026-02-18,N
CUST0008609,Regular,30624.25,2026-05-19,N
CUST0008610,Occasional,80136.16,2026-04-09,N
CUST0008611,Regular,77819.55,2026-04-05,N
CUST0008612,At Risk,37479.94,2026-04-29,Y
CUST0008613,Regular,70127.79,2026-07-25,N
CUST0008614,Regular,66048.34,2026-02-16,Y
CUST0008615,Occasional,62305.66,2026-04-08,N
CUST0008616,Occasional,32388.31,2026-01-28,Y
CUST0008617,Occasional,11007.69,2026-06-03,Y
CUST0008618,Occasional,95675.45,2026-01-15,Y
CUST0008619,At Risk,23218.48,2026-02-26,Y
CUST0008620,Regular,5834.78,2026-05-04,N
CUST0008621,Regular,59867.32,2026-02-22,N
CUST0008622,Regular,69222.08,2026-03-30,Y
CUST0008623,At Risk,30117.58,2026-05-22,Y
CUST0008624,Regular,37933.44,2026-03-26,Y
CUST0008625,At Risk,56728.12,2026-05-12,Y
CUST0008626,At Risk,75749.85,2026-03-23,Y
CUST0008627,Occasional,75855.9,2026-01-03,N
CUST0008628,High Value,64098.07,2026-01-06,N
CUST0008629,Occasional,65198.32,2026-07-17,N
CUST0008630,High Value,88761.94,2026-07-18,N
CUST0008631,At Risk,89682.39,2026-07-26,Y
CUST0008632,Occasional,68169.17,2026-07-30,Y
CUST0008633,At Risk,62552.95,2026-05-01,N
CUST0008634,Regular,78954.36,2026-04-09,Y
CUST0008635,Regular,38352.39,2026-07-01,N
CUST0008636,Regular,3367.16,2026-04-08,N
CUST0008637,Occasional,11067.39,2026-03-13,Y
CUST0008638,Occasional,87389.32,2026-06-06,N
CUST0008639,Regular,86638.91,2026-06-25,Y
CUST0008640,Occasional,37629.21,2026-03-18,Y
CUST0008641,Regular,28932.05,2026-03-30,N
CUST0008642,Occasional,96723.05,2026-06-17,N
CUST0008643,At Risk,85772.69,2026-05-23,N
CUST0008644,At Risk,985.5,2026-01-11,N
CUST0008645,High Value,19673.03,2026-07-21,Y
CUST0008646,At Risk,87644.28,2026-06-01,N
CUST0008647,At Risk,96892.9,2026-01-19,Y
CUST0008648,Occasional,67759.03,2026-07-13,Y
CUST0008649,At Risk,39450.14,2026-03-06,Y
CUST0008650,At Risk,41976.21,2026-07-21,N
CUST0008651,Occasional,41890.42,2026-07-20,Y
CUST0008652,Regular,17503.88,2026-04-18,N
CUST0008653,Regular,23603.82,2026-04-19,N
CUST0008654,At Risk,33792.34,2026-05-27,Y
CUST0008655,Regular,27018.38,2026-02-21,N
CUST0008656,Regular,83356.72,2026-04-05,Y
CUST0008657,Occasional,41712.71,2026-01-07,Y
CUST0008658,At Risk,19724.36,2026-04-27,N
CUST0008659,Occasional,94486.03,2026-06-29,Y
CUST0008660,At Risk,32230.08,2026-05-27,N
CUST0008661,High Value,48080.37,2026-04-01,Y
CUST0008662,Regular,67488.52,2026-04-18,N
CUST0008663,At Risk,71698.65,2026-07-27,N
CUST0008664,At Risk,75034.2,2026-02-20,Y
CUST0008665,Regular,87504.14,2026-06-24,Y
CUST0008666,High Value,80050.64,2026-02-28,N
CUST0008667,Regular,72953.77,2026-07-18,Y
CUST0008668,High Value,31668.83,2026-03-23,N
CUST0008669,Regular,53780.37,2026-01-11,Y
CUST0008670,High Value,8387.2,2026-03-13,N
CUST0008671,High Value,93845.67,2026-05-23,N
CUST0008672,Occasional,79059.5,2026-01-18,Y
CUST0008673,At Risk,44115.55,2026-01-11,Y
CUST0008674,High Value,47974.37,2026-06-30,N
CUST0008675,High Value,70318.58,2026-07-07,Y
CUST0008676,High Value,28507.56,2026-06-18,N
CUST0008677,Regular,24060.1,2026-02-03,Y
CUST0008678,Regular,99311.87,2026-03-24,Y
CUST0008679,Regular,43913.95,2026-06-11,N
CUST0008680,High Value,69197.7,2026-03-16,N
CUST0008681,At Risk,80413.68,2026-03-31,Y
CUST0008682,Occasional,97269.05,2026-04-04,N
CUST0008683,Regular,1234.4,2026-02-23,Y
CUST0008684,High Value,12172.12,2026-04-03,Y
CUST0008685,Occasional,93960.82,2026-06-18,Y
CUST0008686,Occasional,54832.22,2026-04-11,Y
CUST0008687,High Value,65947.68,2026-01-29,Y
CUST0008688,Occasional,81290.87,2026-01-28,Y
CUST0008689,At Risk,80830.79,2026-07-17,N
CUST0008690,At Risk,37406.35,2026-01-14,Y
CUST0008691,Regular,35348.99,2026-05-08,Y
CUST0008692,Regular,82206.38,2026-04-01,N
CUST0008693,Occasional,30590.54,2026-05-26,Y
CUST0008694,Regular,17462.98,2026-01-19,Y
CUST0008695,Occasional,25376.45,2026-03-27,N
CUST0008696,Regular,84112.99,2026-01-12,N
CUST0008697,Regular,26134.84,2026-05-16,Y
CUST0008698,High Value,81176.17,2026-03-16,N
CUST0008699,At Risk,25195.16,2026-04-20,N
CUST0008700,Regular,29243.66,2026-07-12,Y
CUST0008701,Regular,83035.86,2026-05-19,N
CUST0008702,At Risk,47765.67,2026-05-29,Y
CUST0008703,Occasional,49154.84,2026-02-28,Y
CUST0008704,Occasional,86168.97,2026-04-05,Y
CUST0008705,Regular,36386.34,2026-03-22,Y
CUST0008706,Regular,91707.04,2026-05-18,N
CUST0008707,Regular,2594.63,2026-05-07,N
CUST0008708,At Risk,54330.9,2026-07-25,N
CUST0008709,High Value,62268.78,2026-05-04,Y
CUST0008710,High Value,11289.24,2026-01-03,N
CUST0008711,Occasional,60704.98,2026-05-12,Y
CUST0008712,At Risk,86029.88,2026-07-09,Y
CUST0008713,Occasional,19706.13,2026-07-02,Y
CUST0008714,High Value,7032.17,2026-04-02,Y
CUST0008715,Occasional,95907.07,2026-01-27,N
CUST0008716,At Risk,4118.65,2026-07-11,N
CUST0008717,Occasional,76141.24,2026-04-11,N
CUST0008718,At Risk,81463.58,2026-02-10,N
CUST0008719,Occasional,37582.12,2026-07-04,N
CUST0008720,Occasional,99094.64,2026-07-02,Y
CUST0008721,Regular,55719.88,2026-01-20,Y
CUST0008722,At Risk,99523.08,2026-05-12,N
CUST0008723,At Risk,10227.56,2026-02-12,N
CUST0008724,Regular,98844.61,2026-01-13,N
CUST0008725,Occasional,89072.83,2026-04-28,Y
CUST0008726,At Risk,8868.62,2026-01-15,N
CUST0008727,At Risk,62446.62,2026-05-13,N
CUST0008728,At Risk,78702.53,2026-04-01,N
CUST0008729,Occasional,24685.38,2026-02-26,N
CUST0008730,Occasional,84555.42,2026-07-01,N
CUST0008731,Regular,7579.23,2026-07-11,Y
CUST0008732,Regular,58788.13,2026-03-14,N
CUST0008733,At Risk,85833.62,2026-04-14,Y
CUST0008734,At Risk,50708.38,2026-03-29,Y
CUST0008735,Regular,8468.17,2026-04-03,Y
CUST0008736,Occasional,95676.84,2026-01-28,N
CUST0008737,Regular,93921.66,2026-01-02,N
CUST0008738,High Value,279.57,2026-05-26,N
CUST0008739,Regular,8715.01,2026-06-04,N
CUST0008740,Regular,69782.04,2026-06-12,N
CUST0008741,At Risk,63955.17,2026-07-02,N
CUST0008742,At Risk,2196.37,2026-06-27,N
CUST0008743,Regular,81420.0,2026-07-05,Y
CUST0008744,At Risk,17186.97,2026-03-03,Y
CUST0008745,Occasional,38298.88,2026-05-26,Y
CUST0008746,High Value,44658.89,2026-07-25,N
CUST0008747,Occasional,83240.08,2026-03-25,Y
CUST0008748,Occasional,8376.09,2026-03-09,N
CUST0008749,High Value,32108.76,2026-01-06,Y
CUST0008750,At Risk,17342.64,2026-07-13,N
CUST0008751,At Risk,62716.71,2026-03-26,N
CUST0008752,At Risk,92610.89,2026-04-27,Y
CUST0008753,Regular,59855.29,2026-02-05,N
CUST0008754,Regular,74751.79,2026-07-12,N
CUST0008755,Regular,63515.95,2026-01-27,Y
CUST0008756,High Value,26644.06,2026-02-03,Y
CUST0008757,At Risk,12452.08,2026-03-15,N
CUST0008758,Occasional,36649.55,2026-01-07,N
CUST0008759,At Risk,91486.69,2026-02-02,Y
CUST0008760,High Value,23857.9,2026-04-28,Y
CUST0008761,Occasional,1560.6,2026-05-01,N
CUST0008762,At Risk,94854.33,2026-04-14,N
CUST0008763,Occasional,3538.98,2026-05-05,Y
CUST0008764,At Risk,62230.27,2026-05-14,N
CUST0008765,High Value,84938.99,2026-01-28,N
CUST0008766,High Value,82847.05,2026-07-04,N
CUST0008767,Occasional,21479.11,2026-06-16,Y
CUST0008768,Occasional,10543.78,2026-01-29,Y
CUST0008769,At Risk,48939.28,2026-03-08,N
CUST0008770,Regular,5827.38,2026-04-04,N
CUST0008771,High Value,48751.33,2026-07-13,N
CUST0008772,Occasional,99046.08,2026-03-09,N
CUST0008773,Regular,57019.4,2026-02-13,Y
CUST0008774,Regular,44753.81,2026-01-12,Y
CUST0008775,Occasional,72517.31,2026-04-09,Y
CUST0008776,At Risk,96276.87,2026-05-13,N
CUST0008777,Regular,13345.54,2026-03-23,N
CUST0008778,Regular,21962.91,2026-06-18,Y
CUST0008779,At Risk,20358.59,2026-05-11,Y
CUST0008780,Regular,73714.73,2026-02-09,N
CUST0008781,High Value,38518.06,2026-07-22,N
CUST0008782,Occasional,64447.75,2026-04-11,N
CUST0008783,High Value,68239.73,2026-02-28,N
CUST0008784,Occasional,58583.34,2026-06-26,N
CUST0008785,At Risk,28402.88,2026-02-21,N
CUST0008786,Regular,77968.05,2026-03-24,N
CUST0008787,At Risk,51080.41,2026-06-11,N
CUST0008788,High Value,91587.19,2026-02-22,N
CUST0008789,Regular,87010.47,2026-03-10,N
CUST0008790,At Risk,96104.44,2026-05-27,N
CUST0008791,Regular,61418.57,2026-06-30,Y
CUST0008792,Occasional,27271.84,2026-01-02,Y
CUST0008793,Occasional,44737.88,2026-01-06,Y
CUST0008794,Regular,5433.9,2026-03-31,Y
CUST0008795,At Risk,86220.02,2026-01-12,N
CUST0008796,At Risk,7077.2,2026-06-22,Y
CUST0008797,Regular,80108.45,2026-01-05,Y
CUST0008798,Regular,36597.04,2026-03-28,Y
CUST0008799,High Value,44132.77,2026-07-13,N
CUST0008800,Occasional,1681.7,2026-04-15,Y
CUST0008801,Regular,85923.47,2026-07-29,N
CUST0008802,Occasional,40968.63,2026-05-12,Y
CUST0008803,At Risk,63686.11,2026-02-08,Y
CUST0008804,High Value,33818.43,2026-01-22,Y
CUST0008805,Regular,51512.82,2026-02-23,Y
CUST0008806,At Risk,23717.84,2026-03-20,Y
CUST0008807,High Value,58588.99,2026-02-24,N
CUST0008808,Regular,60050.16,2026-03-26,N
CUST0008809,Regular,36793.81,2026-01-02,N
CUST0008810,High Value,80137.99,2026-04-30,N
CUST0008811,Regular,28358.92,2026-03-17,Y
CUST0008812,Occasional,51474.96,2026-07-30,N
CUST0008813,Occasional,69194.01,2026-04-01,N
CUST0008814,Regular,54317.17,2026-03-24,N
CUST0008815,Regular,87458.13,2026-06-25,N
CUST0008816,Regular,63918.26,2026-07-24,Y
CUST0008817,Regular,94457.81,2026-03-25,Y
CUST0008818,At Risk,71891.95,2026-03-06,N
CUST0008819,At Risk,20065.79,2026-01-19,Y
CUST0008820,Regular,14338.57,2026-05-05,N
CUST0008821,High Value,27203.03,2026-06-03,N
CUST0008822,At Risk,72427.07,2026-05-08,N
CUST0008823,Regular,74642.9,2026-01-13,Y
CUST0008824,Occasional,35145.91,2026-05-24,Y
CUST0008825,Regular,85326.35,2026-03-24,Y
CUST0008826,High Value,77134.64,2026-02-04,Y
CUST0008827,Regular,95235.64,2026-07-27,Y
CUST0008828,At Risk,71401.59,2026-01-15,Y
CUST0008829,Regular,30238.69,2026-05-03,Y
CUST0008830,Occasional,72510.21,2026-05-18,N
CUST0008831,Occasional,49818.28,2026-06-01,N
CUST0008832,At Risk,52104.97,2026-06-08,Y
CUST0008833,At Risk,11731.96,2026-02-12,Y
CUST0008834,Occasional,60737.65,2026-05-03,Y
CUST0008835,High Value,67744.1,2026-07-15,Y
CUST0008836,High Value,39007.4,2026-07-03,Y
CUST0008837,High Value,42421.28,2026-05-09,Y
CUST0008838,At Risk,30372.1,2026-05-17,Y
CUST0008839,Regular,66571.41,2026-01-01,N
CUST0008840,At Risk,83894.78,2026-04-25,Y
CUST0008841,High Value,85532.17,2026-05-14,Y
CUST0008842,Regular,26749.12,2026-05-21,Y
CUST0008843,High Value,85354.83,2026-02-12,N
CUST0008844,At Risk,6698.53,2026-01-17,Y
CUST0008845,High Value,36278.59,2026-04-21,N
CUST0008846,Occasional,22687.33,2026-07-04,Y
CUST0008847,Regular,31223.0,2026-03-16,Y
CUST0008848,Occasional,24484.44,2026-05-03,N
CUST0008849,Occasional,78620.46,2026-02-25,Y
CUST0008850,High Value,92108.6,2026-03-23,Y
CUST0008851,High Value,96625.14,2026-05-03,Y
CUST0008852,Regular,98729.41,2026-04-22,Y
CUST0008853,Occasional,2175.1,2026-04-15,Y
CUST0008854,Regular,21985.47,2026-01-14,Y
CUST0008855,High Value,27958.85,2026-01-02,N
CUST0008856,Occasional,55212.81,2026-01-05,Y
CUST0008857,Occasional,65367.95,2026-06-12,N
CUST0008858,Regular,24785.25,2026-07-30,Y
CUST0008859,Occasional,35616.28,2026-06-30,Y
CUST0008860,Occasional,54212.79,2026-02-07,N
CUST0008861,Regular,53809.28,2026-05-16,Y
CUST0008862,Occasional,40837.78,2026-06-13,Y
CUST0008863,At Risk,68546.92,2026-06-03,N
CUST0008864,Regular,15623.11,2026-02-15,N
CUST0008865,Regular,47370.43,2026-04-11,Y
CUST0008866,Regular,33362.3,2026-01-22,Y
CUST0008867,High Value,6475.65,2026-05-22,N
CUST0008868,At Risk,18776.57,2026-06-16,N
CUST0008869,High Value,19833.71,2026-04-17,N
CUST0008870,Occasional,8248.1,2026-03-22,Y
CUST0008871,High Value,18161.13,2026-01-31,Y
CUST0008872,Occasional,88194.19,2026-02-04,Y
CUST0008873,At Risk,10529.48,2026-05-17,N
CUST0008874,High Value,77061.51,2026-04-06,Y
CUST0008875,Occasional,26336.57,2026-02-17,Y
CUST0008876,At Risk,77809.01,2026-01-25,Y
CUST0008877,High Value,56868.76,2026-07-06,Y
CUST0008878,Regular,18088.47,2026-06-18,Y
CUST0008879,Regular,95283.42,2026-05-09,Y
CUST0008880,Occasional,54926.25,2026-05-21,Y
CUST0008881,Occasional,15062.7,2026-05-13,Y
CUST0008882,Regular,39141.77,2026-06-14,Y
CUST0008883,At Risk,7054.08,2026-02-14,N
CUST0008884,Occasional,82702.8,2026-03-31,N
CUST0008885,At Risk,14948.0,2026-01-19,Y
CUST0008886,High Value,26814.91,2026-07-15,Y
CUST0008887,High Value,23482.9,2026-01-16,N
CUST0008888,High Value,15903.87,2026-06-02,Y
CUST0008889,High Value,49315.83,2026-07-01,N
CUST0008890,Regular,52060.49,2026-06-23,N
CUST0008891,High Value,79982.98,2026-06-10,N
CUST0008892,Occasional,37500.25,2026-05-16,Y
CUST0008893,At Risk,48596.31,2026-06-24,Y
CUST0008894,Occasional,72443.14,2026-02-27,Y
CUST0008895,Regular,71365.66,2026-04-12,N
CUST0008896,Occasional,86933.2,2026-05-18,N
CUST0008897,At Risk,38661.01,2026-06-07,Y
CUST0008898,Occasional,44365.39,2026-03-10,Y
CUST0008899,High Value,92295.52,2026-03-31,Y
CUST0008900,Occasional,47100.32,2026-07-03,Y
CUST0008901,Regular,75144.9,2026-04-20,N
CUST0008902,Occasional,43216.62,2026-02-06,Y
CUST0008903,Regular,54895.75,2026-06-23,N
CUST0008904,Regular,59737.24,2026-02-03,Y
CUST0008905,Occasional,20382.95,2026-07-19,Y
CUST0008906,Occasional,10764.58,2026-06-03,N
CUST0008907,At Risk,33425.39,2026-05-24,Y
CUST0008908,Regular,90224.17,2026-02-15,N
CUST0008909,Regular,83360.97,2026-02-07,Y
CUST0008910,Occasional,64584.8,2026-05-15,Y
CUST0008911,At Risk,48202.79,2026-07-26,N
CUST0008912,High Value,77757.63,2026-02-18,Y
CUST0008913,Regular,69915.15,2026-05-15,N
CUST0008914,Regular,45412.91,2026-02-01,N
CUST0008915,Regular,70033.08,2026-02-11,N
CUST0008916,Occasional,37629.36,2026-06-02,N
CUST0008917,Regular,261.87,2026-04-16,Y
CUST0008918,At Risk,61748.61,2026-01-13,Y
CUST0008919,Regular,84783.55,2026-05-03,Y
CUST0008920,Regular,88105.13,2026-01-08,N
CUST0008921,High Value,42379.51,2026-04-22,Y
CUST0008922,Regular,54208.67,2026-04-27,Y
CUST0008923,At Risk,77040.91,2026-01-29,Y
CUST0008924,Regular,53266.05,2026-05-09,N
CUST0008925,High Value,91781.02,2026-03-22,Y
CUST0008926,High Value,6830.76,2026-04-07,Y
CUST0008927,High Value,60322.51,2026-03-22,N
CUST0008928,Occasional,99587.24,2026-04-07,N
CUST0008929,Occasional,82507.59,2026-02-05,Y
CUST0008930,High Value,90419.35,2026-01-07,N
CUST0008931,High Value,81449.82,2026-01-22,Y
CUST0008932,High Value,15207.81,2026-03-16,Y
CUST0008933,Occasional,9610.58,2026-07-28,N
CUST0008934,At Risk,36585.11,2026-04-23,Y
CUST0008935,Regular,84264.86,2026-05-14,Y
CUST0008936,At Risk,82717.43,2026-03-26,N
CUST0008937,High Value,69991.48,2026-07-28,N
CUST0008938,At Risk,32964.77,2026-07-01,N
CUST0008939,Regular,48923.11,2026-07-13,Y
CUST0008940,Regular,66256.27,2026-03-07,Y
CUST0008941,High Value,58520.54,2026-06-10,Y
CUST0008942,Occasional,79331.41,2026-03-03,Y
CUST0008943,Regular,25218.8,2026-02-01,Y
CUST0008944,Occasional,15838.22,2026-01-12,Y
CUST0008945,High Value,59433.34,2026-01-28,N
CUST0008946,At Risk,7756.59,2026-07-21,Y
CUST0008947,Regular,26044.55,2026-05-09,Y
CUST0008948,Regular,48274.05,2026-07-28,Y
CUST0008949,At Risk,75817.44,2026-01-28,N
CUST0008950,At Risk,43941.76,2026-01-14,Y
CUST0008951,Occasional,24700.03,2026-07-20,N
CUST0008952,High Value,89526.48,2026-03-14,N
CUST0008953,Regular,64438.34,2026-01-12,Y
CUST0008954,High Value,62869.65,2026-04-05,Y
CUST0008955,At Risk,49823.29,2026-05-25,Y
CUST0008956,Regular,7062.65,2026-04-01,N
CUST0008957,At Risk,82603.95,2026-07-24,N
CUST0008958,High Value,472.06,2026-02-22,N
CUST0008959,Occasional,53878.33,2026-01-25,Y
CUST0008960,At Risk,51320.81,2026-02-26,N
CUST0008961,High Value,24649.45,2026-05-25,N
CUST0008962,High Value,50616.25,2026-02-24,N
CUST0008963,At Risk,63927.97,2026-03-30,Y
CUST0008964,Occasional,1893.62,2026-02-25,Y
CUST0008965,Occasional,16720.5,2026-05-11,N
CUST0008966,Regular,60844.46,2026-03-31,Y
CUST0008967,Regular,99050.38,2026-01-11,N
CUST0008968,Regular,1403.72,2026-04-29,N
CUST0008969,High Value,38610.33,2026-05-26,Y
CUST0008970,At Risk,46971.97,2026-03-03,Y
CUST0008971,High Value,48802.57,2026-07-16,Y
CUST0008972,Regular,70549.62,2026-05-02,N
CUST0008973,High Value,13216.68,2026-01-26,N
CUST0008974,At Risk,1551.88,2026-03-23,Y
CUST0008975,High Value,80130.66,2026-03-28,N
CUST0008976,Regular,88729.35,2026-06-23,N
CUST0008977,At Risk,82690.73,2026-02-14,N
CUST0008978,Regular,72093.35,2026-07-11,Y
CUST0008979,At Risk,67134.67,2026-07-03,N
CUST0008980,At Risk,12864.27,2026-02-01,Y
CUST0008981,At Risk,25933.34,2026-02-28,Y
CUST0008982,Occasional,82859.71,2026-07-06,N
CUST0008983,Regular,89451.52,2026-04-18,N
CUST0008984,High Value,94327.7,2026-02-11,N
CUST0008985,At Risk,44703.13,2026-06-07,N
CUST0008986,At Risk,97328.48,2026-07-10,Y
CUST0008987,High Value,71221.99,2026-02-18,N
CUST0008988,Occasional,85112.08,2026-04-25,Y
CUST0008989,At Risk,39382.5,2026-03-01,N
CUST0008990,At Risk,5636.18,2026-05-20,Y
CUST0008991,Occasional,45557.48,2026-04-10,N
CUST0008992,Occasional,68535.72,2026-04-25,Y
CUST0008993,Regular,90713.88,2026-06-08,N
CUST0008994,Regular,60135.22,2026-02-15,N
CUST0008995,Regular,77633.87,2026-05-28,Y
CUST0008996,At Risk,15626.36,2026-05-29,N
CUST0008997,Occasional,57670.72,2026-03-20,N
CUST0008998,At Risk,15680.02,2026-01-19,Y
CUST0008999,High Value,10957.74,2026-03-14,Y
CUST0009000,Occasional,28892.57,2026-04-16,Y
CUST0009001,At Risk,27535.79,2026-01-13,N
CUST0009002,At Risk,9979.14,2026-05-15,N
CUST0009003,Occasional,85495.65,2026-07-02,N
CUST0009004,Regular,12850.26,2026-03-24,N
CUST0009005,High Value,53284.69,2026-04-13,Y
CUST0009006,High Value,33154.92,2026-03-13,Y
CUST0009007,Regular,80889.45,2026-05-16,N
CUST0009008,Regular,45361.22,2026-06-04,N
CUST0009009,At Risk,42038.89,2026-03-31,Y
CUST0009010,Regular,86749.31,2026-05-06,N
CUST0009011,Occasional,7635.96,2026-05-24,N
CUST0009012,Regular,58127.84,2026-03-05,N
CUST0009013,At Risk,45296.52,2026-03-07,N
CUST0009014,At Risk,43187.47,2026-06-20,Y
CUST0009015,At Risk,50433.11,2026-07-16,Y
CUST0009016,At Risk,98900.77,2026-05-10,N
CUST0009017,At Risk,44840.1,2026-04-15,N
CUST0009018,At Risk,50145.76,2026-04-09,Y
CUST0009019,At Risk,72733.13,2026-04-17,Y
CUST0009020,At Risk,99420.99,2026-06-06,Y
CUST0009021,At Risk,40016.4,2026-03-07,N
CUST0009022,High Value,97105.84,2026-04-18,N
CUST0009023,At Risk,24911.37,2026-04-15,Y
CUST0009024,High Value,55200.52,2026-03-18,N
CUST0009025,Occasional,8521.23,2026-01-19,N
CUST0009026,At Risk,52487.23,2026-06-13,Y
CUST0009027,At Risk,18942.1,2026-06-20,N
CUST0009028,Occasional,57514.56,2026-07-05,Y
CUST0009029,Regular,98385.16,2026-07-05,Y
CUST0009030,Occasional,39934.63,2026-05-18,Y
CUST0009031,High Value,31371.12,2026-02-03,N
CUST0009032,Occasional,7637.55,2026-03-01,N
CUST0009033,At Risk,6419.77,2026-01-22,N
CUST0009034,High Value,63773.46,2026-04-25,N
CUST0009035,High Value,55306.65,2026-02-02,Y
CUST0009036,High Value,90906.45,2026-06-16,Y
CUST0009037,Regular,37230.05,2026-04-14,Y
CUST0009038,Regular,42173.72,2026-04-27,N
CUST0009039,Regular,70797.98,2026-05-27,N
CUST0009040,Occasional,68111.77,2026-07-24,N
CUST0009041,Occasional,31572.88,2026-04-24,Y
CUST0009042,Regular,14496.84,2026-01-31,N
CUST0009043,At Risk,37369.91,2026-03-27,Y
CUST0009044,Regular,54241.56,2026-06-12,N
CUST0009045,Occasional,62380.78,2026-07-04,Y
CUST0009046,High Value,50819.26,2026-01-12,N
CUST0009047,At Risk,91457.67,2026-01-08,N
CUST0009048,Regular,57332.75,2026-04-24,Y
CUST0009049,Occasional,92734.93,2026-02-11,N
CUST0009050,High Value,47898.93,2026-05-23,Y
CUST0009051,High Value,80818.5,2026-02-13,N
CUST0009052,Regular,82415.28,2026-05-25,Y
CUST0009053,High Value,41664.67,2026-01-06,Y
CUST0009054,At Risk,96789.25,2026-03-22,N
CUST0009055,High Value,76872.29,2026-03-10,Y
CUST0009056,At Risk,87070.77,2026-07-09,N
CUST0009057,At Risk,2545.72,2026-04-15,N
CUST0009058,High Value,81965.7,2026-02-24,Y
CUST0009059,Regular,22233.99,2026-06-17,N
CUST0009060,Occasional,25160.39,2026-04-13,Y
CUST0009061,Occasional,35322.89,2026-07-02,N
CUST0009062,Occasional,77488.15,2026-03-29,Y
CUST0009063,At Risk,14106.85,2026-01-15,Y
CUST0009064,At Risk,59648.05,2026-01-27,N
CUST0009065,Regular,51896.64,2026-07-15,N
CUST0009066,At Risk,63131.23,2026-07-23,N
CUST0009067,At Risk,74023.61,2026-03-09,N
CUST0009068,Occasional,92015.93,2026-02-11,N
CUST0009069,At Risk,65232.58,2026-04-28,Y
CUST0009070,Regular,96230.58,2026-06-23,N
CUST0009071,At Risk,9138.5,2026-05-27,N
CUST0009072,Regular,822.68,2026-02-26,N
CUST0009073,Regular,12772.28,2026-06-12,Y
CUST0009074,Occasional,91128.43,2026-07-17,Y
CUST0009075,Regular,91935.34,2026-05-14,Y
CUST0009076,Regular,45054.4,2026-06-18,N
CUST0009077,At Risk,78738.91,2026-07-09,Y
CUST0009078,High Value,25435.4,2026-05-01,N
CUST0009079,Regular,34336.41,2026-06-12,Y
CUST0009080,Regular,85764.96,2026-01-02,Y
CUST0009081,Regular,18248.33,2026-06-17,N
CUST0009082,At Risk,66642.74,2026-03-11,N
CUST0009083,High Value,46531.67,2026-06-26,N
CUST0009084,At Risk,73145.26,2026-04-29,N
CUST0009085,Regular,77277.68,2026-06-14,Y
CUST0009086,At Risk,97080.67,2026-04-23,Y
CUST0009087,Occasional,47746.28,2026-03-04,Y
CUST0009088,Occasional,49784.26,2026-01-21,Y
CUST0009089,Occasional,15602.9,2026-01-19,N
CUST0009090,Regular,69105.16,2026-02-13,N
CUST0009091,Regular,16521.07,2026-02-11,N
CUST0009092,Occasional,5362.71,2026-01-31,Y
CUST0009093,High Value,34612.31,2026-03-15,Y
CUST0009094,High Value,13753.1,2026-06-26,Y
CUST0009095,Occasional,97480.23,2026-07-11,N
CUST0009096,Regular,62658.05,2026-02-20,Y
CUST0009097,At Risk,80077.15,2026-04-23,Y
CUST0009098,High Value,12768.85,2026-05-05,N
CUST0009099,Occasional,60839.07,2026-05-02,N
CUST0009100,At Risk,24590.41,2026-03-30,N
CUST0009101,Occasional,99923.02,2026-07-06,Y
CUST0009102,Occasional,92017.03,2026-03-24,N
CUST0009103,At Risk,86336.82,2026-05-06,Y
CUST0009104,At Risk,22279.51,2026-01-12,Y
CUST0009105,High Value,64079.19,2026-05-13,N
CUST0009106,Occasional,69945.18,2026-07-01,Y
CUST0009107,Occasional,95534.06,2026-04-28,Y
CUST0009108,Regular,5296.55,2026-07-30,N
CUST0009109,High Value,16030.62,2026-03-10,Y
CUST0009110,Regular,59525.23,2026-05-27,Y
CUST0009111,Regular,37552.2,2026-04-27,Y
CUST0009112,Regular,54326.0,2026-01-31,Y
CUST0009113,High Value,59693.29,2026-01-14,Y
CUST0009114,High Value,11983.47,2026-05-15,Y
CUST0009115,At Risk,92118.65,2026-06-22,Y
CUST0009116,At Risk,78780.14,2026-01-23,N
CUST0009117,Occasional,49684.76,2026-05-02,N
CUST0009118,High Value,9416.03,2026-03-29,N
CUST0009119,Occasional,67391.93,2026-04-03,Y
CUST0009120,High Value,11151.28,2026-02-25,N
CUST0009121,High Value,16906.44,2026-03-02,N
CUST0009122,Regular,44509.18,2026-06-20,Y
CUST0009123,Regular,65712.42,2026-07-21,N
CUST0009124,At Risk,50562.97,2026-01-13,Y
CUST0009125,Regular,549.38,2026-03-18,N
CUST0009126,Occasional,53552.09,2026-05-27,Y
CUST0009127,Occasional,35491.76,2026-05-01,N
CUST0009128,Regular,14540.69,2026-03-12,Y
CUST0009129,Occasional,89310.36,2026-02-16,N
CUST0009130,Occasional,83435.12,2026-04-23,N
CUST0009131,Occasional,72801.49,2026-02-22,Y
CUST0009132,At Risk,9169.68,2026-01-03,Y
CUST0009133,High Value,8685.39,2026-01-28,Y
CUST0009134,Regular,40232.72,2026-05-01,Y
CUST0009135,At Risk,37649.28,2026-04-13,N
CUST0009136,At Risk,45456.91,2026-04-28,Y
CUST0009137,Regular,53474.1,2026-02-27,Y
CUST0009138,Regular,79476.7,2026-03-29,Y
CUST0009139,At Risk,98524.91,2026-05-25,N
CUST0009140,At Risk,66346.74,2026-05-28,Y
CUST0009141,At Risk,69231.47,2026-07-11,N
CUST0009142,Regular,20139.46,2026-02-08,N
CUST0009143,Regular,62053.29,2026-07-11,N
CUST0009144,At Risk,78223.86,2026-05-30,Y
CUST0009145,At Risk,43640.26,2026-05-20,N
CUST0009146,At Risk,1604.12,2026-07-14,Y
CUST0009147,Regular,75121.73,2026-02-12,N
CUST0009148,Regular,91024.83,2026-01-16,N
CUST0009149,Occasional,87176.23,2026-07-28,Y
CUST0009150,Regular,69178.49,2026-01-16,N
CUST0009151,At Risk,34385.16,2026-02-21,N
CUST0009152,High Value,82739.69,2026-03-19,N
CUST0009153,Regular,42416.73,2026-01-09,Y
CUST0009154,High Value,25117.37,2026-03-08,N
CUST0009155,Occasional,3154.54,2026-05-12,Y
CUST0009156,High Value,18706.75,2026-02-10,Y
CUST0009157,At Risk,18325.12,2026-02-16,Y
CUST0009158,High Value,90822.39,2026-04-30,Y
CUST0009159,High Value,52611.34,2026-07-25,N
CUST0009160,At Risk,68937.08,2026-07-06,N
CUST0009161,Occasional,81403.0,2026-05-11,N
CUST0009162,High Value,52634.12,2026-02-23,N
CUST0009163,Occasional,74566.6,2026-01-05,N
CUST0009164,High Value,94921.0,2026-07-07,Y
CUST0009165,At Risk,15512.04,2026-04-27,N
CUST0009166,At Risk,36558.98,2026-04-25,N
CUST0009167,At Risk,39139.02,2026-01-31,Y
CUST0009168,Occasional,34642.09,2026-04-21,N
CUST0009169,Occasional,92971.51,2026-02-16,N
CUST0009170,At Risk,85926.12,2026-03-25,N
CUST0009171,Regular,24881.09,2026-05-07,Y
CUST0009172,High Value,68801.95,2026-02-07,N
CUST0009173,Regular,72664.09,2026-02-05,N
CUST0009174,At Risk,13094.69,2026-05-24,N
CUST0009175,Regular,27265.29,2026-05-25,Y
CUST0009176,Occasional,91152.5,2026-05-15,Y
CUST0009177,At Risk,681.58,2026-05-04,Y
CUST0009178,At Risk,56969.22,2026-03-30,Y
CUST0009179,High Value,93631.69,2026-01-24,Y
CUST0009180,At Risk,28799.56,2026-07-10,N
CUST0009181,High Value,12291.56,2026-04-21,N
CUST0009182,Regular,3517.05,2026-06-11,N
CUST0009183,Occasional,56218.58,2026-06-04,N
CUST0009184,High Value,69908.51,2026-04-21,N
CUST0009185,At Risk,97230.23,2026-04-11,N
CUST0009186,Regular,97035.78,2026-05-25,Y
CUST0009187,At Risk,54962.92,2026-03-12,N
CUST0009188,Regular,99314.99,2026-01-19,Y
CUST0009189,High Value,21727.99,2026-04-21,Y
CUST0009190,Occasional,62992.15,2026-05-26,N
CUST0009191,High Value,72536.4,2026-04-22,Y
CUST0009192,Occasional,50961.94,2026-07-25,N
CUST0009193,Regular,18954.83,2026-06-17,Y
CUST0009194,At Risk,62035.55,2026-02-03,Y
CUST0009195,Occasional,64178.12,2026-01-21,N
CUST0009196,At Risk,78254.07,2026-07-11,N
CUST0009197,At Risk,22027.43,2026-03-08,Y
CUST0009198,Regular,40778.53,2026-04-03,N
CUST0009199,High Value,93301.02,2026-03-15,Y
CUST0009200,At Risk,94395.13,2026-04-07,Y
CUST0009201,Occasional,28126.38,2026-02-14,N
CUST0009202,Occasional,74246.87,2026-05-26,Y
CUST0009203,Occasional,32580.96,2026-01-26,N
CUST0009204,At Risk,92579.25,2026-02-05,Y
CUST0009205,Regular,86172.49,2026-07-23,Y
CUST0009206,Occasional,80576.42,2026-03-30,Y
CUST0009207,Occasional,50199.57,2026-02-17,N
CUST0009208,High Value,89158.27,2026-03-31,Y
CUST0009209,Occasional,15814.72,2026-02-14,Y
CUST0009210,High Value,2744.57,2026-05-24,Y
CUST0009211,Regular,27769.03,2026-04-04,N
CUST0009212,At Risk,91504.94,2026-05-02,Y
CUST0009213,Occasional,14633.37,2026-05-19,Y
CUST0009214,At Risk,76579.55,2026-01-29,N
CUST0009215,At Risk,62765.41,2026-04-25,N
CUST0009216,High Value,3678.32,2026-03-05,Y
CUST0009217,Regular,11160.74,2026-01-01,N
CUST0009218,At Risk,79595.57,2026-03-02,N
CUST0009219,Occasional,83416.81,2026-03-12,Y
CUST0009220,At Risk,94524.54,2026-06-05,Y
CUST0009221,Occasional,27306.65,2026-03-14,N
CUST0009222,Occasional,43213.99,2026-05-29,N
CUST0009223,At Risk,4718.68,2026-07-21,Y
CUST0009224,Occasional,18832.78,2026-06-04,Y
CUST0009225,At Risk,50763.43,2026-05-12,Y
CUST0009226,Regular,58944.2,2026-07-19,Y
CUST0009227,Regular,99502.8,2026-01-17,N
CUST0009228,Occasional,30152.87,2026-03-16,Y
CUST0009229,Regular,59246.58,2026-06-17,Y
CUST0009230,Occasional,83522.46,2026-01-26,Y
CUST0009231,Regular,19359.88,2026-05-03,Y
CUST0009232,At Risk,65815.93,2026-02-18,N
CUST0009233,Regular,14506.09,2026-02-20,N
CUST0009234,At Risk,26222.34,2026-06-18,Y
CUST0009235,High Value,14672.27,2026-03-25,Y
CUST0009236,Regular,26609.66,2026-07-29,Y
CUST0009237,At Risk,71203.26,2026-07-01,Y
CUST0009238,Occasional,94791.75,2026-02-23,Y
CUST0009239,Occasional,6937.44,2026-04-24,N
CUST0009240,High Value,86265.48,2026-06-20,Y
CUST0009241,Occasional,50228.11,2026-06-04,N
CUST0009242,High Value,91594.74,2026-04-03,N
CUST0009243,High Value,90465.66,2026-05-02,Y
CUST0009244,Occasional,31322.86,2026-04-19,N
CUST0009245,High Value,34732.71,2026-04-25,Y
CUST0009246,Regular,89708.45,2026-04-25,Y
CUST0009247,Occasional,7076.36,2026-06-15,Y
CUST0009248,High Value,57870.65,2026-04-27,Y
CUST0009249,Regular,48990.53,2026-07-15,Y
CUST0009250,High Value,64817.22,2026-04-04,Y
CUST0009251,High Value,76935.38,2026-07-05,N
CUST0009252,Occasional,91415.47,2026-04-21,Y
CUST0009253,Regular,74292.45,2026-04-02,N
CUST0009254,At Risk,96883.73,2026-04-15,Y
CUST0009255,At Risk,60494.19,2026-01-27,Y
CUST0009256,High Value,37704.32,2026-06-16,N
CUST0009257,Regular,50064.21,2026-02-02,N
CUST0009258,High Value,3998.91,2026-06-03,N
CUST0009259,At Risk,76601.01,2026-04-07,N
CUST0009260,High Value,52332.81,2026-04-29,N
CUST0009261,High Value,24844.41,2026-01-16,Y
CUST0009262,High Value,16223.75,2026-02-19,N
CUST0009263,Regular,52887.37,2026-06-13,Y
CUST0009264,Regular,19893.69,2026-04-05,N
CUST0009265,Occasional,53840.39,2026-04-11,Y
CUST0009266,At Risk,42571.98,2026-02-19,N
CUST0009267,Occasional,21161.0,2026-05-18,Y
CUST0009268,At Risk,4036.68,2026-03-17,N
CUST0009269,High Value,86991.89,2026-02-27,N
CUST0009270,At Risk,28470.49,2026-03-30,N
CUST0009271,Occasional,2105.62,2026-06-28,N
CUST0009272,Occasional,85040.26,2026-05-02,N
CUST0009273,At Risk,68251.54,2026-04-11,Y
CUST0009274,Occasional,30753.45,2026-06-18,Y
CUST0009275,High Value,21244.1,2026-03-25,Y
CUST0009276,At Risk,67474.81,2026-03-06,N
CUST0009277,Regular,52178.66,2026-06-06,Y
CUST0009278,Occasional,25832.72,2026-03-30,Y
CUST0009279,Regular,74645.9,2026-06-21,Y
CUST0009280,Occasional,31278.32,2026-07-02,N
CUST0009281,Regular,45278.86,2026-03-07,N
CUST0009282,High Value,84096.64,2026-04-19,Y
CUST0009283,High Value,70420.72,2026-05-03,N
CUST0009284,Occasional,11301.4,2026-04-05,N
CUST0009285,High Value,69124.49,2026-04-05,Y
CUST0009286,Regular,26892.63,2026-01-10,Y
CUST0009287,High Value,58821.84,2026-06-16,N
CUST0009288,Occasional,4383.12,2026-05-01,N
CUST0009289,Occasional,11371.21,2026-01-25,N
CUST0009290,Occasional,89060.45,2026-06-14,N
CUST0009291,High Value,93077.3,2026-05-16,N
CUST0009292,At Risk,30213.3,2026-07-16,Y
CUST0009293,At Risk,25588.86,2026-05-30,N
CUST0009294,High Value,91183.48,2026-01-22,Y
CUST0009295,Occasional,95688.95,2026-02-27,Y
CUST0009296,Regular,28004.59,2026-06-17,N
CUST0009297,Occasional,31887.15,2026-01-13,N
CUST0009298,Occasional,86655.13,2026-04-29,Y
CUST0009299,At Risk,69421.46,2026-06-06,Y
CUST0009300,Regular,35987.39,2026-04-19,Y
CUST0009301,Regular,28114.27,2026-03-08,Y
CUST0009302,Occasional,53633.08,2026-06-09,N
CUST0009303,Regular,54295.54,2026-06-19,Y
CUST0009304,Regular,9441.89,2026-07-26,N
CUST0009305,Regular,57217.78,2026-03-04,N
CUST0009306,At Risk,23139.23,2026-07-10,N
CUST0009307,At Risk,56949.51,2026-06-29,Y
CUST0009308,High Value,92417.79,2026-02-27,Y
CUST0009309,Regular,31800.48,2026-07-12,N
CUST0009310,High Value,84482.97,2026-05-26,N
CUST0009311,Occasional,11551.58,2026-03-22,N
CUST0009312,At Risk,28188.98,2026-05-02,Y
CUST0009313,High Value,11180.38,2026-02-10,N
CUST0009314,Occasional,68797.83,2026-07-04,Y
CUST0009315,At Risk,91949.66,2026-05-20,Y
CUST0009316,Regular,89492.06,2026-07-09,Y
CUST0009317,At Risk,91259.02,2026-05-23,Y
CUST0009318,Occasional,73277.3,2026-07-09,N
CUST0009319,At Risk,12484.18,2026-04-14,N
CUST0009320,High Value,82982.8,2026-06-05,N
CUST0009321,At Risk,86287.2,2026-04-26,N
CUST0009322,High Value,18090.82,2026-01-12,N
CUST0009323,At Risk,46676.18,2026-04-11,Y
CUST0009324,Occasional,9307.0,2026-05-27,N
CUST0009325,High Value,6732.54,2026-03-26,N
CUST0009326,Regular,59862.35,2026-02-14,Y
CUST0009327,High Value,79429.58,2026-05-25,N
CUST0009328,Occasional,92744.41,2026-02-10,N
CUST0009329,At Risk,2453.19,2026-06-16,Y
CUST0009330,Regular,27059.04,2026-03-21,Y
CUST0009331,Occasional,57106.8,2026-05-17,N
CUST0009332,At Risk,97969.02,2026-01-09,N
CUST0009333,At Risk,7037.32,2026-02-27,N
CUST0009334,At Risk,23290.26,2026-03-04,Y
CUST0009335,Occasional,94763.71,2026-06-16,N
CUST0009336,Occasional,84502.37,2026-02-21,Y
CUST0009337,Regular,98545.56,2026-04-05,N
CUST0009338,High Value,61241.62,2026-02-14,N
CUST0009339,High Value,803.19,2026-01-13,Y
CUST0009340,Regular,80946.65,2026-07-11,Y
CUST0009341,High Value,75982.93,2026-03-02,Y
CUST0009342,High Value,53784.07,2026-07-18,Y
CUST0009343,At Risk,89473.35,2026-02-07,Y
CUST0009344,Regular,31753.07,2026-04-24,N
CUST0009345,Occasional,35397.88,2026-02-01,N
CUST0009346,At Risk,40947.82,2026-03-25,N
CUST0009347,Occasional,22219.38,2026-02-01,Y
CUST0009348,Occasional,54794.45,2026-05-11,N
CUST0009349,At Risk,57276.08,2026-02-01,Y
CUST0009350,At Risk,26797.81,2026-07-20,N
CUST0009351,High Value,38438.49,2026-04-17,Y
CUST0009352,High Value,49259.85,2026-01-18,N
CUST0009353,At Risk,34549.39,2026-07-06,Y
CUST0009354,At Risk,55537.05,2026-03-24,N
CUST0009355,High Value,12855.26,2026-04-26,N
CUST0009356,Regular,34226.13,2026-05-31,Y
CUST0009357,At Risk,73796.7,2026-01-29,Y
CUST0009358,High Value,12068.01,2026-06-30,Y
CUST0009359,At Risk,60551.18,2026-04-22,N
CUST0009360,Occasional,98149.46,2026-05-20,N
CUST0009361,At Risk,84545.66,2026-01-25,N
CUST0009362,High Value,68990.24,2026-01-24,N
CUST0009363,Regular,2187.52,2026-01-11,Y
CUST0009364,Regular,56250.68,2026-04-30,N
CUST0009365,High Value,25304.18,2026-06-13,Y
CUST0009366,Regular,46497.52,2026-03-20,Y
CUST0009367,Regular,43312.6,2026-02-01,Y
CUST0009368,At Risk,58004.42,2026-04-22,Y
CUST0009369,Occasional,34858.29,2026-07-19,Y
CUST0009370,Occasional,2805.76,2026-07-10,N
CUST0009371,At Risk,9030.47,2026-02-19,Y
CUST0009372,Regular,92197.36,2026-07-08,Y
CUST0009373,High Value,64976.19,2026-04-03,Y
CUST0009374,High Value,34151.53,2026-06-13,N
CUST0009375,Occasional,69667.96,2026-04-07,N
CUST0009376,Occasional,85028.95,2026-04-19,Y
CUST0009377,Occasional,63358.53,2026-07-06,Y
CUST0009378,Regular,69086.33,2026-01-18,Y
CUST0009379,Regular,12392.99,2026-02-13,N
CUST0009380,Occasional,41689.42,2026-07-27,N
CUST0009381,Occasional,25289.75,2026-04-12,Y
CUST0009382,High Value,76891.91,2026-04-21,N
CUST0009383,Regular,31082.89,2026-01-28,Y
CUST0009384,Regular,63276.6,2026-06-26,N
CUST0009385,Occasional,80071.93,2026-07-04,N
CUST0009386,High Value,97283.86,2026-03-18,Y
CUST0009387,Regular,21405.01,2026-07-18,N
CUST0009388,At Risk,8855.41,2026-02-23,N
CUST0009389,Occasional,21838.23,2026-01-01,N
CUST0009390,High Value,99638.39,2026-05-02,N
CUST0009391,High Value,40515.81,2026-07-15,N
CUST0009392,At Risk,18339.16,2026-07-21,Y
CUST0009393,Occasional,50689.37,2026-01-30,N
CUST0009394,At Risk,70887.25,2026-05-06,N
CUST0009395,Regular,4548.11,2026-04-04,Y
CUST0009396,High Value,19260.19,2026-01-17,Y
CUST0009397,Regular,39388.38,2026-04-18,N
CUST0009398,High Value,36993.86,2026-07-01,Y
CUST0009399,High Value,8311.7,2026-06-24,N
CUST0009400,High Value,81764.45,2026-03-18,Y
CUST0009401,Regular,65638.6,2026-05-12,N
CUST0009402,Occasional,30263.29,2026-01-25,Y
CUST0009403,Regular,68884.64,2026-01-09,Y
CUST0009404,At Risk,43967.66,2026-04-29,N
CUST0009405,Regular,91929.24,2026-06-14,N
CUST0009406,Occasional,66620.5,2026-06-06,N
CUST0009407,At Risk,2690.29,2026-05-17,N
CUST0009408,Occasional,79864.54,2026-06-24,Y
CUST0009409,Regular,22836.79,2026-03-01,N
CUST0009410,At Risk,86927.75,2026-04-04,Y
CUST0009411,High Value,73133.6,2026-04-07,Y
CUST0009412,Regular,67008.03,2026-03-29,N
CUST0009413,At Risk,45677.72,2026-01-06,N
CUST0009414,Occasional,74900.13,2026-05-16,N
CUST0009415,Occasional,32163.82,2026-05-19,Y
CUST0009416,Regular,78798.74,2026-05-06,Y
CUST0009417,Regular,20280.57,2026-02-06,Y
CUST0009418,At Risk,29505.14,2026-03-26,Y
CUST0009419,Occasional,91636.25,2026-07-07,N
CUST0009420,Regular,99006.55,2026-07-12,N
CUST0009421,At Risk,14137.84,2026-02-06,Y
CUST0009422,Regular,67980.24,2026-05-22,Y
CUST0009423,Regular,85099.54,2026-03-09,Y
CUST0009424,At Risk,28816.6,2026-03-21,N
CUST0009425,Occasional,85807.76,2026-03-22,Y
CUST0009426,Regular,75646.26,2026-05-21,Y
CUST0009427,At Risk,90868.07,2026-01-21,N
CUST0009428,At Risk,77295.86,2026-04-25,N
CUST0009429,Regular,70310.81,2026-05-07,Y
CUST0009430,High Value,62870.24,2026-07-10,N
CUST0009431,High Value,40184.9,2026-06-05,Y
CUST0009432,High Value,18918.58,2026-07-13,Y
CUST0009433,At Risk,70297.91,2026-04-27,Y
CUST0009434,Regular,46489.61,2026-06-09,Y
CUST0009435,Regular,43214.67,2026-02-06,Y
CUST0009436,Occasional,35439.95,2026-04-11,Y
CUST0009437,At Risk,90966.06,2026-01-03,Y
CUST0009438,At Risk,49231.71,2026-07-06,N
CUST0009439,High Value,70787.23,2026-04-13,N
CUST0009440,At Risk,73912.02,2026-07-09,Y
CUST0009441,Regular,19569.61,2026-02-02,Y
CUST0009442,At Risk,55142.42,2026-05-28,Y
CUST0009443,Regular,18953.78,2026-03-13,N
CUST0009444,At Risk,19869.39,2026-04-27,N
CUST0009445,Occasional,94420.55,2026-06-15,N
CUST0009446,High Value,33405.82,2026-07-11,Y
CUST0009447,At Risk,55867.89,2026-02-04,N
CUST0009448,Regular,30394.15,2026-02-19,N
CUST0009449,High Value,83145.0,2026-04-13,N
CUST0009450,High Value,97173.02,2026-06-04,Y
CUST0009451,High Value,73246.65,2026-01-31,Y
CUST0009452,High Value,98832.77,2026-05-04,N
CUST0009453,At Risk,3388.61,2026-02-21,N
CUST0009454,At Risk,45565.83,2026-05-24,N
CUST0009455,High Value,30021.8,2026-04-16,Y
CUST0009456,At Risk,74784.41,2026-05-20,Y
CUST0009457,Regular,55168.23,2026-02-18,Y
CUST0009458,At Risk,82361.65,2026-04-02,Y
CUST0009459,High Value,33386.0,2026-01-04,Y
CUST0009460,Regular,9714.45,2026-05-20,N
CUST0009461,At Risk,89715.26,2026-05-30,N
CUST0009462,Occasional,33181.57,2026-02-14,N
CUST0009463,High Value,77254.37,2026-07-30,Y
CUST0009464,Regular,92704.58,2026-05-22,N
CUST0009465,High Value,35773.67,2026-05-25,Y
CUST0009466,Occasional,45649.67,2026-03-22,N
CUST0009467,Regular,48259.32,2026-07-18,Y
CUST0009468,Occasional,94186.2,2026-01-03,N
CUST0009469,At Risk,32608.18,2026-06-24,N
CUST0009470,High Value,44599.02,2026-02-24,N
CUST0009471,Regular,30481.4,2026-03-01,N
CUST0009472,At Risk,80124.08,2026-06-12,Y
CUST0009473,Occasional,77011.66,2026-06-27,Y
CUST0009474,Occasional,69503.96,2026-01-22,Y
CUST0009475,Regular,99642.3,2026-06-26,N
CUST0009476,High Value,23953.17,2026-07-17,N
CUST0009477,Regular,98973.98,2026-06-13,N
CUST0009478,At Risk,45875.0,2026-07-10,Y
CUST0009479,Occasional,62899.79,2026-04-06,Y
CUST0009480,High Value,28427.41,2026-06-05,N
CUST0009481,High Value,69700.11,2026-03-05,N
CUST0009482,At Risk,8558.39,2026-06-24,Y
CUST0009483,At Risk,53807.48,2026-01-15,N
CUST0009484,High Value,12954.53,2026-06-05,N
CUST0009485,At Risk,52982.3,2026-05-27,N
CUST0009486,High Value,49556.62,2026-01-04,N
CUST0009487,High Value,27762.62,2026-04-04,Y
CUST0009488,Regular,83783.29,2026-01-19,N
CUST0009489,High Value,35882.83,2026-05-23,N
CUST0009490,Occasional,2806.28,2026-03-25,Y
CUST0009491,Occasional,78301.74,2026-06-19,Y
CUST0009492,Occasional,93768.37,2026-03-19,N
CUST0009493,At Risk,85262.86,2026-02-20,Y
CUST0009494,Regular,27252.91,2026-05-15,N
CUST0009495,At Risk,48436.12,2026-01-25,Y
CUST0009496,Regular,1750.75,2026-06-25,N
CUST0009497,High Value,35432.26,2026-03-10,Y
CUST0009498,High Value,5842.56,2026-02-10,Y
CUST0009499,At Risk,10942.75,2026-03-15,Y
CUST0009500,Occasional,22086.88,2026-02-10,N
CUST0009501,Occasional,51178.89,2026-02-13,Y
CUST0009502,Regular,57070.89,2026-04-27,Y
CUST0009503,Regular,88959.39,2026-04-03,Y
CUST0009504,Regular,13391.99,2026-05-03,N
CUST0009505,Occasional,56615.43,2026-06-19,Y
CUST0009506,Regular,9829.09,2026-03-16,N
CUST0009507,Occasional,16863.68,2026-06-09,N
CUST0009508,At Risk,32833.31,2026-02-23,Y
CUST0009509,High Value,28809.42,2026-01-17,Y
CUST0009510,At Risk,79852.69,2026-04-27,Y
CUST0009511,Regular,46237.4,2026-04-06,Y
CUST0009512,Regular,26069.38,2026-05-26,Y
CUST0009513,Occasional,97759.6,2026-01-21,Y
CUST0009514,At Risk,48504.23,2026-07-20,Y
CUST0009515,Regular,17945.15,2026-01-01,N
CUST0009516,Occasional,90776.66,2026-06-12,Y
CUST0009517,Regular,70260.55,2026-03-08,N
CUST0009518,High Value,69874.36,2026-03-18,N
CUST0009519,High Value,81364.23,2026-06-12,N
CUST0009520,Occasional,6186.84,2026-03-16,N
CUST0009521,Regular,22830.64,2026-05-05,N
CUST0009522,At Risk,69755.33,2026-02-20,Y
CUST0009523,Occasional,884.12,2026-07-01,Y
CUST0009524,High Value,58011.31,2026-04-28,N
CUST0009525,High Value,98696.36,2026-06-15,Y
CUST0009526,At Risk,47753.79,2026-03-24,Y
CUST0009527,High Value,55678.92,2026-04-11,Y
CUST0009528,Occasional,90634.74,2026-03-20,Y
CUST0009529,Regular,28604.64,2026-04-15,Y
CUST0009530,At Risk,73462.21,2026-02-03,N
CUST0009531,Regular,3060.64,2026-05-14,Y
CUST0009532,Regular,89639.05,2026-02-06,N
CUST0009533,Regular,99454.63,2026-01-04,N
CUST0009534,High Value,10695.95,2026-01-29,N
CUST0009535,Occasional,15447.79,2026-07-18,Y
CUST0009536,High Value,93663.08,2026-06-18,Y
CUST0009537,At Risk,64637.16,2026-05-02,N
CUST0009538,Regular,14693.12,2026-06-30,Y
CUST0009539,Occasional,92302.77,2026-02-22,Y
CUST0009540,Regular,64558.05,2026-03-23,Y
CUST0009541,Occasional,53054.36,2026-02-27,Y
CUST0009542,Regular,1545.4,2026-01-13,N
CUST0009543,At Risk,43840.45,2026-03-23,N
CUST0009544,High Value,58931.55,2026-01-17,Y
CUST0009545,At Risk,96586.94,2026-01-24,N
CUST0009546,At Risk,32315.91,2026-05-19,N
CUST0009547,Regular,26212.02,2026-03-25,Y
CUST0009548,Occasional,47613.22,2026-07-28,N
CUST0009549,Regular,98647.76,2026-06-13,N
CUST0009550,High Value,47531.14,2026-01-01,Y
CUST0009551,At Risk,14637.3,2026-03-17,N
CUST0009552,Regular,97887.29,2026-02-27,Y
CUST0009553,At Risk,54460.28,2026-01-08,Y
CUST0009554,Occasional,50600.15,2026-06-09,N
CUST0009555,High Value,17024.56,2026-03-10,N
CUST0009556,High Value,14468.17,2026-04-12,Y
CUST0009557,Regular,96727.96,2026-03-23,N
CUST0009558,At Risk,40522.32,2026-06-10,Y
CUST0009559,High Value,56428.27,2026-02-22,Y
CUST0009560,Occasional,15328.3,2026-02-08,Y
CUST0009561,Regular,54355.93,2026-05-20,Y
CUST0009562,High Value,10671.04,2026-07-30,Y
CUST0009563,At Risk,8871.64,2026-05-20,Y
CUST0009564,Regular,56900.62,2026-01-25,Y
CUST0009565,High Value,24613.11,2026-06-24,N
CUST0009566,High Value,86466.87,2026-07-07,Y
CUST0009567,At Risk,30782.01,2026-04-24,N
CUST0009568,Occasional,7922.73,2026-03-29,N
CUST0009569,Occasional,50173.72,2026-07-20,N
CUST0009570,Occasional,80236.36,2026-04-15,N
CUST0009571,Regular,62767.89,2026-07-19,N
CUST0009572,At Risk,50990.65,2026-05-19,Y
CUST0009573,High Value,36323.04,2026-01-22,N
CUST0009574,High Value,3177.55,2026-07-24,Y
CUST0009575,High Value,63431.06,2026-03-01,Y
CUST0009576,Occasional,42421.05,2026-02-02,N
CUST0009577,High Value,83939.13,2026-01-10,N
CUST0009578,High Value,75527.92,2026-01-02,N
CUST0009579,At Risk,75931.97,2026-01-12,N
CUST0009580,Regular,61884.9,2026-03-05,Y
CUST0009581,Occasional,76715.58,2026-02-03,Y
CUST0009582,At Risk,93515.56,2026-01-04,Y
CUST0009583,High Value,47316.31,2026-03-16,Y
CUST0009584,At Risk,31786.8,2026-06-05,Y
CUST0009585,High Value,15191.54,2026-06-14,N
CUST0009586,High Value,87774.75,2026-03-27,N
CUST0009587,Regular,67833.4,2026-01-06,N
CUST0009588,Regular,8626.85,2026-07-23,N
CUST0009589,High Value,44932.5,2026-02-23,N
CUST0009590,At Risk,41845.78,2026-01-04,Y
CUST0009591,High Value,75138.83,2026-01-06,Y
CUST0009592,High Value,45399.53,2026-04-20,N
CUST0009593,Regular,51908.27,2026-01-11,N
CUST0009594,Occasional,88899.58,2026-07-25,N
CUST0009595,High Value,66444.71,2026-04-28,N
CUST0009596,High Value,87009.0,2026-07-20,Y
CUST0009597,High Value,60781.52,2026-06-24,N
CUST0009598,Occasional,12312.24,2026-03-10,Y
CUST0009599,High Value,75444.3,2026-07-01,N
CUST0009600,Regular,70269.91,2026-06-10,Y
CUST0009601,At Risk,2178.47,2026-02-07,Y
CUST0009602,Regular,49236.61,2026-05-09,N
CUST0009603,High Value,20207.51,2026-03-02,Y
CUST0009604,Occasional,61829.65,2026-05-09,Y
CUST0009605,At Risk,40954.21,2026-07-14,N
CUST0009606,High Value,78942.22,2026-04-18,Y
CUST0009607,High Value,65533.69,2026-03-26,N
CUST0009608,Occasional,88397.32,2026-07-20,Y
CUST0009609,Regular,8411.32,2026-05-01,Y
CUST0009610,High Value,8316.57,2026-04-03,N
CUST0009611,Occasional,80673.12,2026-06-20,N
CUST0009612,Regular,54575.94,2026-06-11,N
CUST0009613,Regular,33622.13,2026-02-23,N
CUST0009614,High Value,46633.26,2026-05-16,N
CUST0009615,Occasional,25437.65,2026-07-01,Y
CUST0009616,At Risk,33225.52,2026-04-06,N
CUST0009617,High Value,67982.39,2026-04-30,N
CUST0009618,High Value,96836.59,2026-04-09,N
CUST0009619,Occasional,80286.63,2026-01-02,Y
CUST0009620,High Value,35398.63,2026-03-03,Y
CUST0009621,High Value,62551.96,2026-05-04,Y
CUST0009622,Occasional,27652.23,2026-03-13,Y
CUST0009623,Occasional,17694.88,2026-04-04,Y
CUST0009624,At Risk,83609.05,2026-03-12,N
CUST0009625,Occasional,88529.45,2026-04-05,Y
CUST0009626,At Risk,61259.64,2026-06-22,N
CUST0009627,High Value,24622.73,2026-05-26,Y
CUST0009628,High Value,55949.91,2026-05-23,N
CUST0009629,At Risk,50903.91,2026-06-12,Y
CUST0009630,High Value,95533.27,2026-01-28,N
CUST0009631,Regular,46469.86,2026-05-22,N
CUST0009632,Occasional,30194.05,2026-06-13,Y
CUST0009633,Regular,10538.87,2026-05-20,Y
CUST0009634,High Value,30127.3,2026-03-01,N
CUST0009635,At Risk,75686.71,2026-03-13,N
CUST0009636,Regular,11769.14,2026-01-30,N
CUST0009637,Occasional,79100.44,2026-04-13,N
CUST0009638,High Value,86148.43,2026-07-18,N
CUST0009639,Occasional,76034.74,2026-07-29,N
CUST0009640,High Value,38487.01,2026-03-22,Y
CUST0009641,At Risk,52909.93,2026-07-30,N
CUST0009642,Regular,45377.02,2026-07-11,N
CUST0009643,High Value,7414.27,2026-03-20,N
CUST0009644,At Risk,82306.73,2026-01-17,N
CUST0009645,Occasional,88645.07,2026-01-04,Y
CUST0009646,At Risk,56909.41,2026-07-12,Y
CUST0009647,Occasional,96547.23,2026-01-10,Y
CUST0009648,Regular,83702.84,2026-03-01,N
CUST0009649,Occasional,49774.63,2026-05-14,Y
CUST0009650,Occasional,53990.57,2026-06-15,Y
CUST0009651,Occasional,15307.1,2026-07-23,N
CUST0009652,At Risk,15004.37,2026-01-27,Y
CUST0009653,Occasional,72840.06,2026-03-12,Y
CUST0009654,At Risk,41033.37,2026-02-18,Y
CUST0009655,High Value,60310.44,2026-06-28,N
CUST0009656,At Risk,91124.48,2026-06-15,Y
CUST0009657,Regular,1849.68,2026-06-05,N
CUST0009658,Regular,60291.17,2026-03-07,N
CUST0009659,High Value,22535.03,2026-07-14,N
CUST0009660,At Risk,51034.04,2026-07-30,N
CUST0009661,At Risk,65314.19,2026-06-23,N
CUST0009662,Occasional,98093.82,2026-03-29,Y
CUST0009663,At Risk,43139.55,2026-01-22,Y
CUST0009664,Regular,26998.44,2026-07-13,Y
CUST0009665,At Risk,55357.79,2026-02-14,Y
CUST0009666,High Value,39298.14,2026-02-21,Y
CUST0009667,Regular,81537.16,2026-03-12,N
CUST0009668,At Risk,82427.63,2026-05-06,N
CUST0009669,Occasional,6712.23,2026-07-30,Y
CUST0009670,Occasional,48857.98,2026-07-16,Y
CUST0009671,At Risk,39749.43,2026-04-02,N
CUST0009672,Regular,88674.04,2026-07-02,Y
CUST0009673,Regular,50592.49,2026-04-16,N
CUST0009674,Occasional,70539.98,2026-01-11,Y
CUST0009675,At Risk,48082.19,2026-07-24,N
CUST0009676,Occasional,50132.18,2026-07-19,Y
CUST0009677,High Value,58245.64,2026-02-19,Y
CUST0009678,High Value,42714.86,2026-06-06,N
CUST0009679,High Value,40363.2,2026-07-30,Y
CUST0009680,Regular,5997.08,2026-03-16,Y
CUST0009681,High Value,52345.29,2026-04-10,Y
CUST0009682,Regular,81158.66,2026-05-14,N
CUST0009683,At Risk,84045.24,2026-03-26,Y
CUST0009684,High Value,48198.82,2026-05-06,Y
CUST0009685,Occasional,35822.1,2026-04-26,N
CUST0009686,High Value,56285.41,2026-01-02,N
CUST0009687,High Value,33470.99,2026-04-05,N
CUST0009688,High Value,31618.04,2026-06-22,N
CUST0009689,Regular,64564.11,2026-05-12,Y
CUST0009690,Regular,35523.65,2026-05-02,Y
CUST0009691,High Value,71865.29,2026-01-23,Y
CUST0009692,At Risk,94382.82,2026-07-09,Y
CUST0009693,At Risk,70734.4,2026-06-30,N
CUST0009694,Regular,63344.79,2026-05-01,Y
CUST0009695,Regular,10868.43,2026-07-20,N
CUST0009696,Occasional,46597.47,2026-02-20,N
CUST0009697,Regular,46453.2,2026-03-12,N
CUST0009698,Regular,99563.1,2026-06-15,Y
CUST0009699,Regular,64233.53,2026-01-08,Y
CUST0009700,Occasional,23173.22,2026-02-26,N
CUST0009701,Regular,73312.95,2026-01-24,Y
CUST0009702,At Risk,4525.92,2026-06-12,N
CUST0009703,Regular,27618.18,2026-06-02,Y
CUST0009704,Occasional,95138.12,2026-02-08,Y
CUST0009705,High Value,72571.05,2026-03-03,Y
CUST0009706,Occasional,85475.48,2026-05-21,Y
CUST0009707,High Value,26920.75,2026-06-01,N
CUST0009708,Regular,92537.9,2026-02-27,N
CUST0009709,Occasional,24936.07,2026-02-18,Y
CUST0009710,At Risk,80793.73,2026-06-01,Y
CUST0009711,Occasional,24282.83,2026-04-20,N
CUST0009712,Regular,89349.51,2026-06-11,Y
CUST0009713,Regular,86171.93,2026-04-03,N
CUST0009714,High Value,2822.95,2026-05-21,Y
CUST0009715,High Value,59051.22,2026-06-08,N
CUST0009716,High Value,61539.8,2026-04-23,N
CUST0009717,At Risk,91826.3,2026-04-20,N
CUST0009718,Regular,25856.23,2026-01-07,N
CUST0009719,Occasional,89086.22,2026-03-31,N
CUST0009720,Regular,2412.32,2026-05-21,Y
CUST0009721,Regular,61213.07,2026-02-16,Y
CUST0009722,At Risk,11470.09,2026-01-05,N
CUST0009723,At Risk,89120.41,2026-04-07,N
CUST0009724,High Value,19683.9,2026-03-24,Y
CUST0009725,Regular,23575.51,2026-06-05,N
CUST0009726,High Value,61904.36,2026-02-27,Y
CUST0009727,Occasional,10153.34,2026-06-04,Y
CUST0009728,Regular,53276.22,2026-03-16,N
CUST0009729,Regular,43660.83,2026-07-05,N
CUST0009730,Occasional,47332.69,2026-04-15,Y
CUST0009731,High Value,61671.1,2026-05-06,Y
CUST0009732,Regular,87947.69,2026-01-28,Y
CUST0009733,At Risk,35669.06,2026-07-21,Y
CUST0009734,High Value,27170.0,2026-07-19,Y
CUST0009735,Regular,98664.67,2026-07-23,N
CUST0009736,Regular,14971.4,2026-04-13,N
CUST0009737,Regular,93751.73,2026-06-12,N
CUST0009738,Occasional,68659.18,2026-01-27,N
CUST0009739,At Risk,11256.76,2026-06-03,N
CUST0009740,High Value,91091.23,2026-02-21,N
CUST0009741,High Value,79577.41,2026-07-18,N
CUST0009742,High Value,88563.9,2026-03-08,N
CUST0009743,Occasional,13423.52,2026-02-14,Y
CUST0009744,High Value,10827.25,2026-03-28,N
CUST0009745,Occasional,87647.7,2026-02-19,Y
CUST0009746,High Value,13652.27,2026-04-25,Y
CUST0009747,High Value,93593.13,2026-05-29,N
CUST0009748,At Risk,48910.91,2026-01-29,Y
CUST0009749,High Value,50874.25,2026-01-14,Y
CUST0009750,Regular,79679.39,2026-03-18,Y
CUST0009751,High Value,6702.47,2026-03-07,Y
CUST0009752,Occasional,16469.91,2026-05-29,N
CUST0009753,High Value,3342.23,2026-04-07,N
CUST0009754,Occasional,2759.13,2026-03-18,Y
CUST0009755,At Risk,96761.36,2026-05-31,N
CUST0009756,Regular,45639.39,2026-07-02,Y
CUST0009757,Regular,56319.73,2026-02-12,N
CUST0009758,Regular,33234.68,2026-03-24,Y
CUST0009759,At Risk,79470.42,2026-02-08,N
CUST0009760,Regular,67375.07,2026-03-16,Y
CUST0009761,High Value,45971.17,2026-05-09,Y
CUST0009762,Occasional,28098.16,2026-06-30,Y
CUST0009763,High Value,6059.21,2026-06-27,N
CUST0009764,High Value,71145.53,2026-07-09,Y
CUST0009765,High Value,72422.33,2026-01-17,Y
CUST0009766,Occasional,73401.79,2026-02-22,Y
CUST0009767,Occasional,25600.6,2026-04-08,Y
CUST0009768,At Risk,4596.28,2026-06-05,N
CUST0009769,Regular,87476.2,2026-02-01,N
CUST0009770,At Risk,46150.97,2026-01-03,N
CUST0009771,At Risk,68718.8,2026-07-13,Y
CUST0009772,High Value,70266.98,2026-01-14,Y
CUST0009773,High Value,86757.61,2026-01-10,N
CUST0009774,Regular,32135.77,2026-01-08,N
CUST0009775,Regular,83151.49,2026-03-16,N
CUST0009776,Regular,31476.03,2026-05-15,Y
CUST0009777,At Risk,70556.88,2026-03-01,N
CUST0009778,High Value,51447.19,2026-02-26,N
CUST0009779,Occasional,47477.42,2026-01-04,Y
CUST0009780,High Value,41896.15,2026-01-07,Y
CUST0009781,At Risk,21258.9,2026-03-10,Y
CUST0009782,At Risk,46946.91,2026-02-24,N
CUST0009783,Occasional,92311.2,2026-03-01,Y
CUST0009784,Regular,75317.09,2026-02-02,N
CUST0009785,Occasional,51673.2,2026-04-29,Y
CUST0009786,Regular,43983.85,2026-07-09,N
CUST0009787,At Risk,13719.47,2026-01-31,N
CUST0009788,High Value,41075.03,2026-03-15,Y
CUST0009789,Occasional,95088.6,2026-07-22,N
CUST0009790,Occasional,12797.12,2026-04-11,N
CUST0009791,Occasional,4167.21,2026-04-27,Y
CUST0009792,Occasional,1232.02,2026-05-26,Y
CUST0009793,Regular,68780.22,2026-03-14,Y
CUST0009794,High Value,28758.61,2026-05-21,Y
CUST0009795,Occasional,15628.2,2026-02-27,Y
CUST0009796,High Value,39817.71,2026-02-13,Y
CUST0009797,Occasional,95606.25,2026-01-03,N
CUST0009798,High Value,49296.14,2026-07-27,Y
CUST0009799,Regular,67978.72,2026-03-06,N
CUST0009800,At Risk,21729.19,2026-07-12,N
CUST0009801,High Value,12783.64,2026-04-29,N
CUST0009802,High Value,93282.04,2026-04-04,N
CUST0009803,Occasional,40291.96,2026-07-22,Y
CUST0009804,At Risk,66663.97,2026-01-13,N
CUST0009805,Regular,91923.22,2026-01-01,N
CUST0009806,High Value,11582.78,2026-02-25,Y
CUST0009807,High Value,75737.22,2026-01-09,N
CUST0009808,Regular,5832.25,2026-03-23,Y
CUST0009809,Occasional,2628.83,2026-06-05,N
CUST0009810,Occasional,44791.29,2026-06-18,N
CUST0009811,At Risk,72986.97,2026-03-11,Y
CUST0009812,Occasional,77035.78,2026-04-08,N
CUST0009813,At Risk,2863.28,2026-05-31,N
CUST0009814,High Value,2067.32,2026-06-24,Y
CUST0009815,Occasional,26879.98,2026-01-17,N
CUST0009816,At Risk,93142.14,2026-01-19,N
CUST0009817,High Value,43315.25,2026-05-24,Y
CUST0009818,High Value,68435.29,2026-05-29,Y
CUST0009819,Regular,51240.38,2026-07-04,Y
CUST0009820,Regular,72049.21,2026-04-29,N
CUST0009821,At Risk,68547.25,2026-03-16,N
CUST0009822,At Risk,88902.4,2026-04-08,N
CUST0009823,Regular,17615.63,2026-03-18,Y
CUST0009824,Occasional,38030.48,2026-07-02,Y
CUST0009825,Occasional,87699.28,2026-06-11,N
CUST0009826,Occasional,93645.14,2026-05-01,N
CUST0009827,Occasional,47779.13,2026-05-28,N
CUST0009828,Regular,55417.36,2026-04-09,N
CUST0009829,Regular,17643.93,2026-01-20,N
CUST0009830,Occasional,17679.97,2026-04-04,Y
CUST0009831,High Value,44764.45,2026-06-26,N
CUST0009832,At Risk,5251.05,2026-07-15,N
CUST0009833,At Risk,8845.89,2026-07-25,Y
CUST0009834,At Risk,91531.25,2026-02-13,Y
CUST0009835,Regular,55534.8,2026-03-15,Y
CUST0009836,Regular,32968.85,2026-01-26,Y
CUST0009837,Regular,41615.89,2026-05-31,Y
CUST0009838,Occasional,84795.71,2026-07-16,N
CUST0009839,Occasional,48461.57,2026-07-20,Y
CUST0009840,High Value,92951.65,2026-02-19,N
CUST0009841,At Risk,35815.18,2026-04-02,Y
CUST0009842,Occasional,28100.23,2026-01-24,N
CUST0009843,At Risk,92439.63,2026-03-19,Y
CUST0009844,High Value,35087.93,2026-02-11,N
CUST0009845,At Risk,76268.54,2026-05-01,N
CUST0009846,Regular,7386.6,2026-05-17,N
CUST0009847,High Value,86433.76,2026-02-28,N
CUST0009848,Regular,32544.36,2026-05-07,N
CUST0009849,Regular,15817.44,2026-06-26,Y
CUST0009850,High Value,95129.39,2026-07-07,N
CUST0009851,High Value,72310.18,2026-06-23,Y
CUST0009852,At Risk,19550.1,2026-04-29,N
CUST0009853,Occasional,35833.48,2026-03-15,Y
CUST0009854,High Value,172.67,2026-05-11,N
CUST0009855,Regular,46259.96,2026-02-12,N
CUST0009856,Occasional,21084.25,2026-03-04,N
CUST0009857,High Value,81864.35,2026-05-28,Y
CUST0009858,High Value,80065.98,2026-06-30,N
CUST0009859,At Risk,44517.56,2026-07-12,N
CUST0009860,High Value,88645.18,2026-04-05,Y
CUST0009861,Regular,96406.21,2026-02-22,N
CUST0009862,Occasional,78901.64,2026-02-26,N
CUST0009863,At Risk,23402.21,2026-07-26,N
CUST0009864,Regular,72912.41,2026-07-21,N
CUST0009865,Regular,61068.01,2026-04-10,N
CUST0009866,Occasional,41862.9,2026-02-13,Y
CUST0009867,At Risk,14407.85,2026-04-09,N
CUST0009868,Occasional,62259.64,2026-03-06,Y
CUST0009869,Occasional,25482.1,2026-02-14,Y
CUST0009870,At Risk,55180.46,2026-01-25,Y
CUST0009871,Regular,48127.09,2026-05-24,N
CUST0009872,Regular,49241.74,2026-04-24,Y
CUST0009873,High Value,37725.38,2026-07-12,N
CUST0009874,Regular,17895.67,2026-01-21,Y
CUST0009875,At Risk,41304.11,2026-04-15,Y
CUST0009876,Occasional,24419.41,2026-07-27,N
CUST0009877,At Risk,21643.98,2026-07-12,N
CUST0009878,High Value,1452.05,2026-03-27,N
CUST0009879,High Value,75013.16,2026-02-19,Y
CUST0009880,High Value,52802.98,2026-01-14,N
CUST0009881,Occasional,22244.14,2026-05-29,Y
CUST0009882,Regular,31042.08,2026-06-04,N
CUST0009883,Occasional,28525.5,2026-05-05,Y
CUST0009884,High Value,93688.23,2026-03-20,N
CUST0009885,At Risk,49399.59,2026-01-08,Y
CUST0009886,Regular,70725.98,2026-07-28,Y
CUST0009887,Occasional,25352.83,2026-02-03,N
CUST0009888,High Value,6877.9,2026-07-28,N
CUST0009889,High Value,89641.02,2026-07-02,Y
CUST0009890,Regular,13070.41,2026-05-23,Y
CUST0009891,High Value,69690.51,2026-02-24,N
CUST0009892,Occasional,88957.48,2026-01-21,N
CUST0009893,Occasional,59062.54,2026-03-31,N
CUST0009894,Occasional,47447.99,2026-01-17,N
CUST0009895,At Risk,58347.89,2026-05-04,N
CUST0009896,Regular,26152.05,2026-07-28,N
CUST0009897,Regular,46328.12,2026-01-05,N
CUST0009898,Regular,22282.3,2026-01-20,N
CUST0009899,At Risk,2358.28,2026-03-31,N
CUST0009900,Regular,64397.82,2026-01-26,Y
CUST0009901,Regular,39035.55,2026-03-28,Y
CUST0009902,High Value,62241.67,2026-07-18,N
CUST0009903,Occasional,91874.43,2026-07-23,Y
CUST0009904,Regular,2000.23,2026-02-18,Y
CUST0009905,Regular,69199.97,2026-07-14,Y
CUST0009906,At Risk,67375.74,2026-07-04,N
CUST0009907,Regular,35089.11,2026-06-21,Y
CUST0009908,Occasional,50987.48,2026-05-24,N
CUST0009909,Occasional,35907.47,2026-04-02,Y
CUST0009910,Occasional,73208.24,2026-03-16,Y
CUST0009911,At Risk,11087.22,2026-05-06,Y
CUST0009912,High Value,80265.06,2026-07-19,N
CUST0009913,Regular,34907.24,2026-05-03,N
CUST0009914,High Value,75812.35,2026-05-03,Y
CUST0009915,At Risk,21993.73,2026-06-30,N
CUST0009916,Regular,51314.01,2026-07-10,N
CUST0009917,Occasional,83963.48,2026-03-11,Y
CUST0009918,Occasional,73129.9,2026-07-23,N
CUST0009919,Occasional,47972.16,2026-05-31,N
CUST0009920,High Value,61798.88,2026-03-05,N
CUST0009921,Regular,16461.32,2026-04-15,N
CUST0009922,High Value,15128.55,2026-06-06,Y
CUST0009923,High Value,45908.48,2026-05-30,N
CUST0009924,Regular,91132.42,2026-03-10,Y
CUST0009925,High Value,15550.29,2026-03-14,N
CUST0009926,High Value,68308.85,2026-04-28,N
CUST0009927,Regular,31275.92,2026-07-13,N
CUST0009928,At Risk,42249.41,2026-07-13,Y
CUST0009929,Occasional,58913.18,2026-01-21,N
CUST0009930,At Risk,51769.69,2026-01-09,N
CUST0009931,Occasional,66325.87,2026-06-26,Y
CUST0009932,High Value,53419.99,2026-05-27,N
CUST0009933,Regular,54290.22,2026-07-24,Y
CUST0009934,Occasional,60104.76,2026-07-06,Y
CUST0009935,Occasional,7049.97,2026-01-22,Y
CUST0009936,High Value,12887.9,2026-05-20,N
CUST0009937,Occasional,27631.06,2026-04-27,Y
CUST0009938,Regular,85946.0,2026-01-19,N
CUST0009939,Regular,84014.43,2026-01-27,N
CUST0009940,At Risk,50562.67,2026-07-27,Y
CUST0009941,High Value,6631.78,2026-07-17,N
CUST0009942,Regular,87459.88,2026-04-04,N
CUST0009943,At Risk,29726.5,2026-01-31,Y
CUST0009944,High Value,72316.86,2026-07-06,N
CUST0009945,At Risk,75477.35,2026-02-25,N
CUST0009946,Regular,40682.54,2026-05-23,N
CUST0009947,At Risk,84159.82,2026-06-28,Y
CUST0009948,At Risk,78160.46,2026-06-21,Y
CUST0009949,High Value,25858.48,2026-02-11,Y
CUST0009950,Occasional,72466.97,2026-06-11,Y
CUST0009951,Occasional,74757.96,2026-07-02,Y
CUST0009952,Regular,22006.43,2026-05-10,Y
CUST0009953,Regular,97963.91,2026-02-25,Y
CUST0009954,High Value,97214.91,2026-03-15,N
CUST0009955,At Risk,96433.19,2026-06-24,Y
CUST0009956,Regular,73252.37,2026-02-06,Y
CUST0009957,Regular,82999.77,2026-02-07,N
CUST0009958,Occasional,39186.09,2026-06-17,Y
CUST0009959,Regular,50236.62,2026-02-26,N
CUST0009960,Occasional,4361.99,2026-03-10,N
CUST0009961,At Risk,56289.1,2026-01-13,N
CUST0009962,Regular,40560.19,2026-02-13,N
CUST0009963,Occasional,37100.84,2026-04-06,N
CUST0009964,High Value,78550.51,2026-06-09,Y
CUST0009965,At Risk,85308.06,2026-01-01,N
CUST0009966,High Value,50554.2,2026-05-28,Y
CUST0009967,Occasional,67473.12,2026-07-14,Y
CUST0009968,High Value,67743.13,2026-03-25,Y
CUST0009969,High Value,31009.23,2026-03-21,Y
CUST0009970,Occasional,17272.79,2026-03-11,Y
CUST0009971,Occasional,66103.5,2026-07-16,N
CUST0009972,Occasional,58226.05,2026-01-26,Y
CUST0009973,Occasional,58195.86,2026-07-03,Y
CUST0009974,High Value,18727.8,2026-05-04,N
CUST0009975,High Value,87143.86,2026-07-15,N
CUST0009976,Regular,49460.31,2026-05-20,Y
CUST0009977,Regular,54104.64,2026-07-23,N
CUST0009978,Regular,65659.02,2026-01-18,N
CUST0009979,Occasional,70792.78,2026-01-21,N
CUST0009980,High Value,76904.09,2026-01-14,Y
CUST0009981,Occasional,50330.88,2026-02-06,N
CUST0009982,Regular,52122.34,2026-06-09,Y
CUST0009983,High Value,18434.45,2026-04-17,N
CUST0009984,At Risk,3478.4,2026-07-08,N
CUST0009985,Occasional,83227.39,2026-03-14,Y
CUST0009986,High Value,14616.7,2026-03-14,N
CUST0009987,Regular,62312.42,2026-01-03,N
CUST0009988,At Risk,79264.27,2026-02-20,Y
CUST0009989,High Value,69324.68,2026-03-16,N
CUST0009990,Regular,91065.87,2026-06-15,Y
CUST0009991,Regular,16646.94,2026-07-17,N
CUST0009992,At Risk,95716.0,2026-07-08,Y
CUST0009993,High Value,59588.68,2026-04-04,Y
CUST0009994,High Value,44532.99,2026-06-02,N
CUST0009995,Regular,57852.93,2026-01-16,N
CUST0009996,High Value,90483.54,2026-04-16,Y
CUST0009997,Occasional,49012.5,2026-07-26,N
CUST0009998,Occasional,66770.42,2026-04-18,Y
CUST0009999,Regular,50865.51,2026-03-11,Y
CUST0010000,Occasional,93310.31,2026-03-27,N
