employee_id,employee_name,email_address,department,job_title,salary,hire_date,country_code,employment_status,bank_account_last4
EMP000001,Amaira Pandit,emp1@abc-retail.example,Security,Director,53867.52,2022-10-22,DE,ACTIVE,2489
EMP000002,Dhruv Sura,emp2@abc-retail.example,HR,Engineer,109072.1,2017-03-16,GB,ACTIVE,2334
EMP000003,Ekaja Devi,emp3@abc-retail.example,Marketing,Analyst,166524.87,2016-05-09,US,ACTIVE,3907
EMP000004,David Tara,emp4@abc-retail.example,Engineering,Engineer,148167.58,2017-05-26,IN,ACTIVE,7688
EMP000005,Veer Minhas,emp5@abc-retail.example,Finance,Engineer,151706.33,2018-03-12,SG,ACTIVE,4409
EMP000006,Zansi Bajwa,emp6@abc-retail.example,HR,Manager,43736.17,2018-10-21,IN,ACTIVE,7339
EMP000007,Arunima Mandal,emp7@abc-retail.example,Security,Manager,126728.25,2021-01-16,DE,ACTIVE,5860
EMP000008,Madhavi Purohit,emp8@abc-retail.example,HR,Manager,150477.89,2020-12-05,IN,ACTIVE,5858
EMP000009,Alka Rege,emp9@abc-retail.example,Sales,Engineer,160597.38,2023-08-02,US,INACTIVE,4157
EMP000010,Omya Balakrishnan,emp10@abc-retail.example,HR,Director,68321.19,2025-08-29,SG,INACTIVE,8503
EMP000011,Arjun Bumb,emp11@abc-retail.example,Operations,Engineer,,2017-03-17,US,ACTIVE,5725
EMP000012,Nachiket Raghavan,emp12@abc-retail.example,Finance,Engineer,110108.6,2024-09-27,US,ACTIVE,3988
EMP000013,Wakeeta Chhabra,emp13@abc-retail.example,Finance,Analyst,47242.86,2019-08-29,IN,ACTIVE,2815
EMP000014,Vaishnavi Mammen,emp14@abc-retail.example,Sales,Manager,85908.95,2019-05-03,IN,INACTIVE,8429
EMP000015,David Bose,emp15@abc-retail.example,Engineering,Senior Manager,110589.72,2016-06-03,IN,ACTIVE,3661
EMP000016,Chakrika Jha,emp16@abc-retail.example,Operations,Director,175624.05,2020-06-14,IN,ACTIVE,0890
EMP000017,Dipta Pandya,emp17@abc-retail.example,Finance,Engineer,105772.27,2024-12-23,SG,ACTIVE,0150
EMP000018,Yug Ravel,emp18@abc-retail.example,Operations,Analyst,156069.67,2022-09-20,US,ACTIVE,2683
EMP000019,Yashica Choudhury,emp19@abc-retail.example,Security,Director,173747.51,2023-01-25,GB,ACTIVE,3709
EMP000020,Frederick Om,emp20@abc-retail.example,Sales,Engineer,46543.76,2025-09-08,DE,ACTIVE,7470
EMP000021,Pratyush Sem,emp21@abc-retail.example,Engineering,Engineer,115598.1,2021-01-02,GB,ACTIVE,7233
EMP000022,Eta Sandal,emp22@abc-retail.example,Finance,Senior Manager,35565.75,2017-04-16,US,ACTIVE,6171
EMP000023,Avi Kibe,emp23@abc-retail.example,Security,Analyst,96323.39,2018-11-13,SG,INACTIVE,9710
EMP000024,Sarthak Pandit,emp24@abc-retail.example,Marketing,Analyst,148641.66,2019-12-01,IN,ACTIVE,3614
EMP000025,Adya Kadakia,emp25@abc-retail.example,Operations,Analyst,162522.15,2023-08-13,GB,ACTIVE,8637
EMP000026,Harsh Ram,emp26@abc-retail.example,Engineering,Analyst,81481.89,2018-09-15,US,ACTIVE,7115
EMP000027,Dhriti Batta,emp27@abc-retail.example,Finance,Engineer,172672.46,2019-07-29,GB,ACTIVE,2582
EMP000028,Abeer Chandra,emp28@abc-retail.example,Engineering,Analyst,173180.03,2020-12-01,DE,ACTIVE,4447
EMP000029,Jacob Kalla,emp29@abc-retail.example,Sales,Analyst,63039.03,2017-07-24,GB,ACTIVE,8511
EMP000030,Suhani Sathe,emp30@abc-retail.example,Engineering,Engineer,121954.21,2022-11-09,DE,ACTIVE,6581
EMP000031,Reva Ben,emp31@abc-retail.example,Engineering,Senior Manager,61240.38,2024-07-04,US,ACTIVE,1171
EMP000032,Meghana Nath,emp32@abc-retail.example,Security,Engineer,131177.6,2016-01-28,SG,ACTIVE,8421
EMP000033,Kritika Mody,emp33@abc-retail.example,Sales,Director,150824.09,2019-04-05,DE,ACTIVE,7613
EMP000034,Vasatika Palla,emp34@abc-retail.example,Engineering,Analyst,39380.58,2021-07-09,IN,INACTIVE,3973
EMP000035,Parth Parsa,emp35@abc-retail.example,Finance,Engineer,36538.85,2025-05-18,DE,ACTIVE,2954
EMP000036,Falak Viswanathan,emp36@abc-retail.example,HR,Senior Manager,65871.59,2019-05-01,SG,ACTIVE,7043
EMP000037,Prisha Toor,emp37@abc-retail.example,Finance,Director,81635.36,2022-05-28,IN,ACTIVE,1134
EMP000038,Samar Singh,emp38@abc-retail.example,HR,Director,129953.69,2023-11-06,IN,INACTIVE,1504
EMP000039,Raagini Kannan,emp39@abc-retail.example,Engineering,Analyst,69139.51,2025-08-09,DE,ACTIVE,7661
EMP000040,Imaran Dara,emp40@abc-retail.example,Security,Manager,172636.33,2015-06-16,SG,ACTIVE,7829
EMP000041,Vanya Badami,emp41@abc-retail.example,Finance,Engineer,105986.92,2021-09-04,SG,ACTIVE,3347
EMP000042,Vyanjana Raja,emp42@abc-retail.example,Engineering,Manager,163670.4,2024-10-08,SG,ACTIVE,6650
EMP000043,Yamini Ravel,emp43@abc-retail.example,HR,Senior Manager,76292.15,2020-10-18,GB,ACTIVE,6625
EMP000044,Nimrat Sane,emp44@abc-retail.example,Marketing,Manager,113412.9,2020-04-13,US,ACTIVE,5985
EMP000045,Saksham Chatterjee,emp45@abc-retail.example,Sales,Manager,162194.08,2017-07-31,US,ACTIVE,7665
EMP000046,Anirudh Banik,emp46@abc-retail.example,Operations,Engineer,174150.75,2017-02-16,GB,ACTIVE,4150
EMP000047,Chatresh Merchant,emp47@abc-retail.example,Finance,Director,66282.8,2021-06-21,SG,ACTIVE,1310
EMP000048,Hema Jaggi,emp48@abc-retail.example,Marketing,Senior Manager,140878.76,2024-10-11,SG,ACTIVE,3054
EMP000049,Faraj Ramachandran,emp49@abc-retail.example,Engineering,Analyst,159916.73,2017-09-02,DE,ACTIVE,9895
EMP000050,Om Mittal,emp50@abc-retail.example,Sales,Manager,107581.21,2020-01-26,US,ACTIVE,6179
EMP000051,Aarna Pillay,emp51@abc-retail.example,Sales,Director,162348.69,2022-05-25,US,ACTIVE,9205
EMP000052,Gagan Bandi,emp52@abc-retail.example,HR,Engineer,109292.61,2015-11-29,SG,ACTIVE,6506
EMP000053,Lohit Shenoy,emp53@abc-retail.example,Operations,Director,128781.25,2022-07-18,GB,INACTIVE,0318
EMP000054,Jagdish Kari,emp54@abc-retail.example,Engineering,Analyst,177980.81,2015-04-28,US,ACTIVE,0227
EMP000055,Reyansh Bahl,emp55@abc-retail.example,Engineering,Engineer,48820.67,2023-12-15,SG,ACTIVE,4212
EMP000056,Sara Dasgupta,emp56@abc-retail.example,Operations,Manager,93498.19,2017-05-05,US,ACTIVE,2780
EMP000057,Vidhi Batta,emp57@abc-retail.example,Marketing,Senior Manager,68031.11,2021-06-01,SG,ACTIVE,9607
EMP000058,Wazir Edwin,emp58@abc-retail.example,Marketing,Engineer,150244.44,2023-05-26,GB,ACTIVE,3293
EMP000059,Champak Sidhu,emp59@abc-retail.example,Finance,Director,58063.6,2015-10-24,US,ACTIVE,8639
EMP000060,Idika Som,emp60@abc-retail.example,Finance,Director,160776.54,2024-12-22,IN,ACTIVE,8710
EMP000061,Imaran Chadha,emp61@abc-retail.example,HR,Analyst,176873.47,2023-05-31,GB,ACTIVE,5352
EMP000062,Gaurangi Prakash,emp62@abc-retail.example,Sales,Engineer,117811.46,2019-02-08,IN,ACTIVE,0020
EMP000063,Odika Majumdar,emp63@abc-retail.example,Finance,Director,122440.81,2024-04-12,SG,ACTIVE,0698
EMP000064,Jalsa Mane,emp64@abc-retail.example,Operations,Analyst,62471.21,2023-08-18,US,ACTIVE,3352
EMP000065,Tanish Shenoy,emp65@abc-retail.example,Security,Manager,56677.63,2021-02-01,SG,INACTIVE,5483
EMP000066,Patrick Modi,emp66@abc-retail.example,Operations,Analyst,115234.01,2023-05-17,US,ACTIVE,3679
EMP000067,Harini Kamdar,emp67@abc-retail.example,Finance,Manager,169455.11,2025-10-25,DE,ACTIVE,0248
EMP000068,Oliver Kari,emp68@abc-retail.example,Operations,Director,76350.64,2021-02-27,GB,ACTIVE,4814
EMP000069,Meghana Chaudhari,emp69@abc-retail.example,Security,Manager,87299.34,2021-08-26,SG,ACTIVE,3507
EMP000070,Shaurya Gopal,emp70@abc-retail.example,Finance,Senior Manager,158433.31,2018-02-19,GB,ACTIVE,2040
EMP000071,Keya Kale,emp71@abc-retail.example,Operations,Manager,104312.76,2017-10-03,GB,ACTIVE,9691
EMP000072,Pavani Nagar,emp72@abc-retail.example,Sales,Manager,95751.58,2022-02-17,US,ACTIVE,7777
EMP000073,Tejas Karan,emp73@abc-retail.example,Finance,Engineer,57357.49,2021-07-19,SG,INACTIVE,6213
EMP000074,Noah Gaba,emp74@abc-retail.example,Engineering,Manager,159431.84,2016-12-08,IN,ACTIVE,1932
EMP000075,Chandani Thaman,emp75@abc-retail.example,Security,Analyst,57285.59,2025-10-13,DE,ACTIVE,4434
EMP000076,Zayan Deol,emp76@abc-retail.example,Security,Engineer,103704.44,2019-09-21,GB,ACTIVE,9149
EMP000077,Odika Mutti,emp77@abc-retail.example,HR,Engineer,62418.62,2020-03-07,US,ACTIVE,1759
EMP000078,Jasmit Bali,emp78@abc-retail.example,Operations,Senior Manager,79596.01,2015-06-29,SG,ACTIVE,9012
EMP000079,Watika Mall,emp79@abc-retail.example,Finance,Senior Manager,94712.1,2021-02-06,IN,ACTIVE,1829
EMP000080,Rayaan Loyal,emp80@abc-retail.example,Operations,Senior Manager,76634.81,2015-08-11,DE,ACTIVE,3701
EMP000081,Tristan Mann,emp81@abc-retail.example,Sales,Manager,133841.45,2022-07-11,DE,ACTIVE,8041
EMP000082,Chanakya Dara,emp82@abc-retail.example,Marketing,Manager,172501.51,2016-06-26,GB,ACTIVE,0724
EMP000083,Vamakshi Deol,emp83@abc-retail.example,Operations,Director,47864.19,2018-10-22,SG,ACTIVE,7915
EMP000084,Amara Golla,emp84@abc-retail.example,Marketing,Senior Manager,46115.92,2021-05-28,DE,ACTIVE,4257
EMP000085,Yamini Wali,emp85@abc-retail.example,Operations,Senior Manager,159542.22,2020-02-03,GB,ACTIVE,1292
EMP000086,Harita Kaur,emp86@abc-retail.example,Sales,Engineer,131267.52,2023-10-06,DE,INACTIVE,7871
EMP000087,Gaurav Bhandari,emp87@abc-retail.example,Engineering,Senior Manager,142976.15,2024-08-11,SG,INACTIVE,9763
EMP000088,David Sandhu,emp88@abc-retail.example,Operations,Manager,85901.53,2018-10-12,GB,ACTIVE,4054
EMP000089,Bhavika Narasimhan,emp89@abc-retail.example,Security,Engineer,114893.63,2016-09-02,DE,ACTIVE,4770
EMP000090,Mugdha Bali,emp90@abc-retail.example,Sales,Manager,69935.52,2019-07-23,DE,ACTIVE,9179
EMP000091,Raagini Mani,emp91@abc-retail.example,Operations,Analyst,58602.14,2025-07-20,SG,ACTIVE,6710
EMP000092,Jagvi Prabhu,emp92@abc-retail.example,Engineering,Manager,152694.22,2018-07-22,GB,ACTIVE,1206
EMP000093,Nicholas Thaman,emp93@abc-retail.example,Security,Analyst,152092.58,2020-06-16,GB,ACTIVE,9535
EMP000094,Chandran Sha,emp94@abc-retail.example,HR,Director,66411.69,2021-06-02,SG,ACTIVE,1529
EMP000095,Pranit Bala,emp95@abc-retail.example,HR,Senior Manager,37311.23,2025-02-24,GB,ACTIVE,5022
EMP000096,Inaya Upadhyay,emp96@abc-retail.example,Sales,Engineer,137276.09,2018-12-24,DE,ACTIVE,3019
EMP000097,Abdul Kale,emp97@abc-retail.example,Finance,Analyst,108464.01,2018-08-09,GB,ACTIVE,3609
EMP000098,Chaitaly Chaudhari,emp98@abc-retail.example,Operations,Senior Manager,147188.22,2018-05-12,GB,INACTIVE,3703
EMP000099,Rachana Krishna,emp99@abc-retail.example,Sales,Manager,177824.14,2023-11-06,DE,INACTIVE,0201
EMP000100,Aadhya Divan,emp100@abc-retail.example,Operations,Director,108243.55,2020-04-24,DE,ACTIVE,8978
EMP000101,Vasana Mistry,emp101@abc-retail.example,Security,Engineer,109458.69,2025-10-11,GB,INACTIVE,1609
EMP000102,Xavier Chowdhury,emp102@abc-retail.example,Sales,Director,105386.5,2023-04-30,GB,ACTIVE,6500
EMP000103,Deepa Sibal,emp103@abc-retail.example,Operations,Engineer,164317.0,2021-08-14,GB,ACTIVE,0482
EMP000104,Harsh Bala,emp104@abc-retail.example,Sales,Engineer,138987.21,2018-10-10,IN,ACTIVE,6894
EMP000105,Tarak Oza,emp105@abc-retail.example,Finance,Senior Manager,148790.46,2020-04-02,DE,ACTIVE,8996
EMP000106,Tarak Issac,emp106@abc-retail.example,Engineering,Director,168164.26,2022-12-21,DE,ACTIVE,6261
EMP000107,Mekhala Rajan,emp107@abc-retail.example,Sales,Analyst,101290.4,2016-12-13,IN,ACTIVE,2726
EMP000108,Anirudh Parmer,emp108@abc-retail.example,Finance,Analyst,124561.16,2021-10-10,IN,ACTIVE,0815
EMP000109,Vanya Bail,emp109@abc-retail.example,Engineering,Analyst,150464.38,2024-09-06,GB,ACTIVE,0513
EMP000110,Ekbal Behl,emp110@abc-retail.example,Engineering,Senior Manager,54637.51,2025-04-14,GB,ACTIVE,0001
EMP000111,Ekansh Ganguly,emp111@abc-retail.example,Security,Analyst,124504.15,2017-07-22,DE,ACTIVE,2129
EMP000112,Shivansh Ben,emp112@abc-retail.example,HR,Senior Manager,58374.94,2016-09-07,GB,ACTIVE,0873
EMP000113,Charvi Chauhan,emp113@abc-retail.example,HR,Senior Manager,164308.22,2019-09-05,IN,ACTIVE,8819
EMP000114,Ekapad Tiwari,emp114@abc-retail.example,Engineering,Director,55672.07,2017-04-06,IN,ACTIVE,6528
EMP000115,Jeet Varma,emp115@abc-retail.example,Sales,Director,122361.49,2022-08-24,SG,ACTIVE,6434
EMP000116,Arjun Goyal,emp116@abc-retail.example,Finance,Director,165824.47,2025-06-02,GB,ACTIVE,6268
EMP000117,Meghana Sankaran,emp117@abc-retail.example,HR,Engineer,56022.01,2015-01-06,SG,ACTIVE,7329
EMP000118,Sudiksha Mukherjee,emp118@abc-retail.example,Security,Manager,177406.05,2020-03-06,IN,ACTIVE,1508
EMP000119,Girindra Dube,emp119@abc-retail.example,Marketing,Analyst,108271.19,2024-05-29,GB,ACTIVE,9828
EMP000120,Ethan Manda,emp120@abc-retail.example,Operations,Manager,119191.4,2022-03-14,IN,ACTIVE,1428
EMP000121,Amara Bahri,emp121@abc-retail.example,HR,Director,75925.88,2025-03-04,SG,ACTIVE,2129
EMP000122,Bhavini Nadkarni,emp122@abc-retail.example,HR,Director,157550.88,2022-11-14,IN,ACTIVE,0938
EMP000123,Gayathri Srinivasan,emp123@abc-retail.example,Security,Engineer,173048.79,2016-11-01,GB,ACTIVE,2004
EMP000124,Umang Kata,emp124@abc-retail.example,Operations,Analyst,75086.68,2019-10-27,SG,INACTIVE,5570
EMP000125,Samar Palla,emp125@abc-retail.example,Engineering,Senior Manager,85746.14,2019-12-19,US,ACTIVE,3761
EMP000126,Noah Bera,emp126@abc-retail.example,Finance,Director,84270.07,2018-09-09,GB,ACTIVE,9244
EMP000127,Lohit Iyer,emp127@abc-retail.example,Sales,Manager,125749.86,2020-11-01,DE,ACTIVE,7785
EMP000128,Yashodhara Virk,emp128@abc-retail.example,Sales,Analyst,128432.57,2024-10-09,IN,ACTIVE,3176
EMP000129,Ubika Dayal,emp129@abc-retail.example,Finance,Senior Manager,116269.48,2021-03-11,DE,ACTIVE,1014
EMP000130,Chakrika Karan,emp130@abc-retail.example,Marketing,Director,101691.46,2020-08-01,SG,ACTIVE,8049
EMP000131,Frado Koshy,emp131@abc-retail.example,Finance,Analyst,84737.94,2025-06-22,US,INACTIVE,1463
EMP000132,Madhav Goda,emp132@abc-retail.example,Operations,Senior Manager,102237.28,2022-03-09,IN,ACTIVE,6324
EMP000133,Reyansh Dora,emp133@abc-retail.example,Finance,Director,55879.27,2020-02-16,DE,INACTIVE,9214
EMP000134,Wyatt Kapoor,emp134@abc-retail.example,HR,Engineer,52994.24,2016-11-09,GB,ACTIVE,8893
EMP000135,Oscar Sodhi,emp135@abc-retail.example,Operations,Senior Manager,152447.63,2022-07-12,IN,ACTIVE,4022
EMP000136,Rehaan Hayer,emp136@abc-retail.example,Sales,Senior Manager,111887.9,2021-04-27,GB,ACTIVE,0318
EMP000137,Lekha Vora,emp137@abc-retail.example,HR,Analyst,50290.86,2019-02-16,US,ACTIVE,6943
EMP000138,Chandran Dyal,emp138@abc-retail.example,HR,Engineer,68112.68,2024-05-13,DE,ACTIVE,2896
EMP000139,Mekhala Handa,emp139@abc-retail.example,Operations,Analyst,124365.54,2019-11-21,US,ACTIVE,6521
EMP000140,Omya Narain,emp140@abc-retail.example,Operations,Analyst,144714.59,2022-08-02,SG,ACTIVE,5233
EMP000141,Meera Hegde,emp141@abc-retail.example,Operations,Director,110557.41,2015-04-09,DE,ACTIVE,6825
EMP000142,Janya Khatri,emp142@abc-retail.example,Finance,Director,151833.81,2016-11-12,GB,ACTIVE,5248
EMP000143,Rudra Doctor,emp143@abc-retail.example,Sales,Director,172250.37,2024-09-30,DE,ACTIVE,2286
EMP000144,Falan Brar,emp144@abc-retail.example,Operations,Manager,108768.39,2020-04-19,GB,ACTIVE,6515
EMP000145,Pushti Varughese,emp145@abc-retail.example,Engineering,Senior Manager,137433.65,2024-09-12,GB,ACTIVE,3477
EMP000146,Devansh Shenoy,emp146@abc-retail.example,Security,Manager,46874.81,2022-08-30,GB,ACTIVE,3634
EMP000147,Vivaan Mann,emp147@abc-retail.example,Engineering,Analyst,124691.16,2018-04-13,DE,ACTIVE,2174
EMP000148,Aarush Dara,emp148@abc-retail.example,HR,Director,68632.51,2021-01-25,US,ACTIVE,1327
EMP000149,Veda Devan,emp149@abc-retail.example,HR,Manager,37409.42,2019-06-30,GB,ACTIVE,3823
EMP000150,Jagat Keer,emp150@abc-retail.example,Finance,Manager,137157.52,2024-08-31,SG,ACTIVE,6678
EMP000151,Warda Kota,emp151@abc-retail.example,Marketing,Engineer,171978.55,2015-02-22,IN,ACTIVE,8470
EMP000152,Neha Sankar,emp152@abc-retail.example,Security,Manager,121997.08,2025-06-15,SG,ACTIVE,4304
EMP000153,Aahana Modi,emp153@abc-retail.example,Sales,Director,165062.28,2018-03-18,SG,ACTIVE,8316
EMP000154,Sai Patla,emp154@abc-retail.example,Operations,Manager,166603.83,2016-07-15,US,ACTIVE,2714
EMP000155,Osha Kunda,emp155@abc-retail.example,HR,Director,104717.97,2022-02-18,US,ACTIVE,3671
EMP000156,Hardik Om,emp156@abc-retail.example,Sales,Engineer,171646.05,2021-12-30,SG,ACTIVE,5133
EMP000157,Turvi Rajan,emp157@abc-retail.example,Marketing,Director,82993.34,2018-09-09,IN,ACTIVE,4521
EMP000158,Aadhya Khurana,emp158@abc-retail.example,Operations,Analyst,89548.85,2023-02-18,GB,ACTIVE,0226
EMP000159,Krishna Brahmbhatt,emp159@abc-retail.example,Security,Analyst,91612.5,2021-09-13,GB,ACTIVE,1567
EMP000160,Onveer Dyal,emp160@abc-retail.example,Marketing,Director,45213.28,2025-11-24,US,ACTIVE,1768
EMP000161,Sachi Nayar,emp161@abc-retail.example,Engineering,Analyst,158433.59,2022-09-12,US,ACTIVE,3062
EMP000162,Tanvi Natarajan,emp162@abc-retail.example,Security,Analyst,141645.02,2019-03-01,DE,ACTIVE,1898
EMP000163,Hitesh Mutti,emp163@abc-retail.example,Security,Director,137616.92,2022-05-11,IN,ACTIVE,9535
EMP000164,Nitesh Sama,emp164@abc-retail.example,Operations,Senior Manager,36394.14,2023-05-10,SG,ACTIVE,0621
EMP000165,Umang Nayak,emp165@abc-retail.example,HR,Director,55475.73,2016-01-22,IN,ACTIVE,6762
EMP000166,Imaran Patil,emp166@abc-retail.example,Engineering,Engineer,49556.13,2022-07-10,SG,INACTIVE,7873
EMP000167,Ijaya Kalita,emp167@abc-retail.example,Operations,Manager,167722.93,2019-01-27,GB,ACTIVE,0999
EMP000168,Yatan Nagy,emp168@abc-retail.example,Sales,Director,113398.61,2019-01-31,SG,INACTIVE,4745
EMP000169,Girindra Chaudhry,emp169@abc-retail.example,HR,Senior Manager,53515.02,2019-03-06,IN,ACTIVE,1982
EMP000170,Zayyan Sethi,emp170@abc-retail.example,Security,Engineer,37946.44,2019-07-24,GB,ACTIVE,0088
EMP000171,Yutika Upadhyay,emp171@abc-retail.example,Marketing,Director,36990.76,2015-06-07,IN,INACTIVE,4951
EMP000172,Farhan Oza,emp172@abc-retail.example,Finance,Analyst,88263.17,2025-08-11,SG,ACTIVE,7293
EMP000173,Deepa Sridhar,emp173@abc-retail.example,Engineering,Senior Manager,65961.38,2018-02-10,GB,ACTIVE,5217
EMP000174,Robert Nigam,emp174@abc-retail.example,Engineering,Engineer,172920.52,2023-12-22,IN,ACTIVE,5037
EMP000175,Dalbir Tak,emp175@abc-retail.example,Security,Analyst,64338.54,2025-05-26,IN,ACTIVE,3056
EMP000176,Siddharth Bajwa,emp176@abc-retail.example,Sales,Director,61286.42,2015-01-23,SG,ACTIVE,8042
EMP000177,Harini Raman,emp177@abc-retail.example,Sales,Analyst,58850.2,2025-06-09,GB,ACTIVE,2148
EMP000178,Odika Mand,emp178@abc-retail.example,Operations,Senior Manager,69249.27,2024-02-18,GB,ACTIVE,8993
EMP000179,Deepa Nagy,emp179@abc-retail.example,Marketing,Senior Manager,120672.02,2023-11-08,GB,ACTIVE,2597
EMP000180,Dayita Divan,emp180@abc-retail.example,Marketing,Director,48681.51,2015-08-21,DE,ACTIVE,9791
EMP000181,Mahika Bhakta,emp181@abc-retail.example,Engineering,Senior Manager,122014.78,2019-10-28,DE,ACTIVE,8710
EMP000182,Waida Kumar,emp182@abc-retail.example,Finance,Engineer,178394.36,2021-02-01,DE,ACTIVE,2175
EMP000183,Anthony Maharaj,emp183@abc-retail.example,Security,Manager,35976.02,2017-03-02,GB,ACTIVE,0773
EMP000184,Dalaja Palan,emp184@abc-retail.example,Engineering,Senior Manager,41781.52,2020-01-11,DE,ACTIVE,0688
EMP000185,Dalbir Bhalla,emp185@abc-retail.example,Engineering,Engineer,159809.42,2021-04-14,IN,ACTIVE,0795
EMP000186,Avni Kakar,emp186@abc-retail.example,Sales,Analyst,62899.71,2019-08-05,IN,ACTIVE,4153
EMP000187,Warjas Wason,emp187@abc-retail.example,HR,Engineer,67446.5,2020-01-16,GB,INACTIVE,5670
EMP000188,Saanvi Banerjee,emp188@abc-retail.example,Sales,Director,109694.07,2021-05-22,DE,ACTIVE,2704
EMP000189,Chasmum Bera,emp189@abc-retail.example,Sales,Engineer,173677.17,2017-11-07,DE,ACTIVE,7265
EMP000190,Chandran Dube,emp190@abc-retail.example,Finance,Manager,97795.02,2018-09-19,SG,INACTIVE,9542
EMP000191,Chakrika Singh,emp191@abc-retail.example,Sales,Director,110033.73,2019-10-15,SG,ACTIVE,2151
EMP000192,Yauvani Pingle,emp192@abc-retail.example,Security,Analyst,83850.71,2022-05-31,GB,ACTIVE,6198
EMP000193,Dayita Vasa,emp193@abc-retail.example,Sales,Engineer,108995.65,2017-08-03,DE,ACTIVE,8561
EMP000194,Ucchal Balay,emp194@abc-retail.example,Finance,Manager,173606.96,2017-02-17,US,INACTIVE,1341
EMP000195,Vyanjana Ranganathan,emp195@abc-retail.example,Marketing,Director,153762.79,2023-12-17,SG,ACTIVE,2267
EMP000196,Arjun Pai,emp196@abc-retail.example,Operations,Senior Manager,137553.84,2023-10-03,IN,ACTIVE,9108
EMP000197,Yashoda Varty,emp197@abc-retail.example,Sales,Manager,175798.07,2025-01-14,SG,INACTIVE,2847
EMP000198,Girindra Edwin,emp198@abc-retail.example,Marketing,Engineer,70192.51,2016-03-03,US,ACTIVE,9568
EMP000199,Saksham Malhotra,emp199@abc-retail.example,Sales,Director,123611.94,2023-11-25,IN,ACTIVE,3938
EMP000200,Sarthak Khurana,emp200@abc-retail.example,Engineering,Senior Manager,126343.61,2023-01-09,GB,ACTIVE,3236
EMP000201,Agastya Mann,emp201@abc-retail.example,HR,Analyst,100040.97,2024-09-09,GB,INACTIVE,6182
EMP000202,Ira Mittal,emp202@abc-retail.example,Operations,Manager,155454.62,2021-01-28,GB,ACTIVE,8046
EMP000203,Dev Zacharia,emp203@abc-retail.example,Engineering,Director,76319.55,2024-11-22,IN,ACTIVE,3714
EMP000204,Advay Om,emp204@abc-retail.example,Operations,Director,88973.07,2022-05-25,DE,ACTIVE,8020
EMP000205,Mugdha Iyer,emp205@abc-retail.example,Finance,Manager,146841.33,2018-07-18,US,INACTIVE,4125
EMP000206,Ojasvi Savant,emp206@abc-retail.example,Sales,Senior Manager,56109.73,2017-03-03,IN,ACTIVE,3717
EMP000207,Manan Hora,emp207@abc-retail.example,Operations,Engineer,89443.43,2018-03-07,US,ACTIVE,5204
EMP000208,Atharv Dugar,emp208@abc-retail.example,Sales,Manager,112205.29,2025-03-02,DE,ACTIVE,1254
EMP000209,Manya Tella,emp209@abc-retail.example,Operations,Analyst,84354.7,2021-08-18,GB,ACTIVE,3688
EMP000210,Neelima Rajagopal,emp210@abc-retail.example,Operations,Analyst,174974.45,2017-05-05,GB,ACTIVE,6239
EMP000211,Bahadurjit Kalla,emp211@abc-retail.example,Engineering,Manager,159244.19,2019-05-03,US,INACTIVE,0829
EMP000212,Xiti Thakkar,emp212@abc-retail.example,Operations,Senior Manager,39878.27,2018-10-28,IN,ACTIVE,4552
EMP000213,Anusha Dutt,emp213@abc-retail.example,Finance,Senior Manager,80833.02,2022-03-13,US,ACTIVE,3840
EMP000214,Isaiah Varma,emp214@abc-retail.example,HR,Manager,42845.93,2024-05-24,GB,ACTIVE,0473
EMP000215,Noah Vala,emp215@abc-retail.example,Engineering,Engineer,94577.98,2016-11-29,GB,INACTIVE,3709
EMP000216,Ekantika Natarajan,emp216@abc-retail.example,Marketing,Manager,136730.81,2024-10-22,GB,ACTIVE,1417
EMP000217,Dayamai Basu,emp217@abc-retail.example,HR,Director,96549.48,2019-08-12,SG,INACTIVE,1305
EMP000218,Mahika Maharaj,emp218@abc-retail.example,Security,Manager,120082.33,2016-06-25,GB,ACTIVE,4282
EMP000219,Nirja Khatri,emp219@abc-retail.example,Sales,Analyst,179194.79,2016-03-10,DE,ACTIVE,3532
EMP000220,Faras Sandhu,emp220@abc-retail.example,Finance,Senior Manager,161721.64,2025-03-28,GB,ACTIVE,1769
EMP000221,Gaurika Tella,emp221@abc-retail.example,Engineering,Director,81386.44,2017-09-12,IN,ACTIVE,9217
EMP000222,Frado Issac,emp222@abc-retail.example,Engineering,Senior Manager,132771.27,2024-11-05,DE,ACTIVE,3190
EMP000223,Keya Loke,emp223@abc-retail.example,Engineering,Engineer,51588.56,2016-06-11,SG,ACTIVE,8482
EMP000224,Advika Rama,emp224@abc-retail.example,Sales,Manager,95601.87,2019-04-02,SG,ACTIVE,5286
EMP000225,Hema Sani,emp225@abc-retail.example,Engineering,Senior Manager,46532.25,2023-02-26,US,ACTIVE,7000
EMP000226,Quincy Guha,emp226@abc-retail.example,Operations,Analyst,46313.2,2016-07-12,DE,ACTIVE,3370
EMP000227,Lopa Hora,emp227@abc-retail.example,Marketing,Engineer,40490.61,2015-06-08,DE,ACTIVE,8527
EMP000228,Eiravati Viswanathan,emp228@abc-retail.example,Operations,Engineer,57013.19,2017-07-28,IN,ACTIVE,9446
EMP000229,Gayathri Dhillon,emp229@abc-retail.example,Security,Manager,90976.23,2018-05-24,SG,ACTIVE,9067
EMP000230,Sudiksha Pandey,emp230@abc-retail.example,Sales,Director,87038.91,2021-07-10,DE,ACTIVE,7158
EMP000231,Utkarsh Borah,emp231@abc-retail.example,Operations,Director,134336.37,2022-02-05,IN,ACTIVE,9342
EMP000232,Kevin Sani,emp232@abc-retail.example,Engineering,Director,115288.83,2021-12-27,US,ACTIVE,2807
EMP000233,Siya Zachariah,emp233@abc-retail.example,Security,Analyst,64198.01,2022-01-14,IN,ACTIVE,2857
EMP000234,Vritti Dube,emp234@abc-retail.example,Operations,Senior Manager,66576.55,2025-11-18,DE,ACTIVE,6255
EMP000235,Dakshesh Dixit,emp235@abc-retail.example,HR,Senior Manager,103347.73,2019-03-12,DE,INACTIVE,6275
EMP000236,Forum Lal,emp236@abc-retail.example,HR,Manager,61095.1,2021-08-23,GB,ACTIVE,2518
EMP000237,Samuel Ranganathan,emp237@abc-retail.example,Finance,Senior Manager,129574.91,2018-07-25,IN,ACTIVE,4707
EMP000238,Forum Dugal,emp238@abc-retail.example,Sales,Manager,150409.85,2024-12-25,DE,ACTIVE,0550
EMP000239,Ethan Palla,emp239@abc-retail.example,Engineering,Senior Manager,147221.74,2022-07-09,SG,INACTIVE,9029
EMP000240,Urvi Varma,emp240@abc-retail.example,Marketing,Manager,163958.48,2018-05-31,SG,ACTIVE,6642
EMP000241,Girindra Grewal,emp241@abc-retail.example,Security,Manager,110888.8,2025-11-22,GB,INACTIVE,1031
EMP000242,Upma Oza,emp242@abc-retail.example,HR,Manager,51417.67,2020-11-26,DE,ACTIVE,5677
EMP000243,Harrison Wable,emp243@abc-retail.example,Finance,Manager,157190.7,2017-06-21,GB,INACTIVE,9259
EMP000244,Dhriti Guha,emp244@abc-retail.example,Operations,Director,172594.27,2018-10-17,IN,ACTIVE,0669
EMP000245,Aadhya Hayre,emp245@abc-retail.example,Marketing,Engineer,108072.03,2016-08-02,GB,ACTIVE,9514
EMP000246,Abdul Raval,emp246@abc-retail.example,Operations,Analyst,36209.45,2024-04-29,IN,ACTIVE,4196
EMP000247,Meera Kunda,emp247@abc-retail.example,Finance,Engineer,46856.7,2021-04-08,GB,ACTIVE,2617
EMP000248,Amruta Radhakrishnan,emp248@abc-retail.example,Finance,Analyst,103325.09,2024-11-30,SG,ACTIVE,4718
EMP000249,Guneet Dash,emp249@abc-retail.example,Security,Manager,62215.41,2023-11-22,IN,ACTIVE,0904
EMP000250,Janani Kala,emp250@abc-retail.example,Security,Senior Manager,129152.74,2021-05-20,IN,ACTIVE,6103
EMP000251,Ladli Dani,emp251@abc-retail.example,Sales,Engineer,135861.51,2019-03-16,SG,ACTIVE,2671
EMP000252,Qarin Jani,emp252@abc-retail.example,Marketing,Analyst,78811.43,2019-06-04,DE,ACTIVE,4830
EMP000253,Bhavna Naidu,emp253@abc-retail.example,Sales,Manager,122779.09,2017-10-19,US,ACTIVE,1783
EMP000254,Harinakshi Roy,emp254@abc-retail.example,Sales,Manager,150685.1,2021-11-16,SG,ACTIVE,4209
EMP000255,Netra Naidu,emp255@abc-retail.example,Finance,Senior Manager,129072.22,2015-04-25,IN,ACTIVE,7616
EMP000256,Neha Roy,emp256@abc-retail.example,Operations,Engineer,152452.47,2024-10-05,SG,ACTIVE,5435
EMP000257,Xalak Karan,emp257@abc-retail.example,Marketing,Senior Manager,116624.88,2020-10-12,IN,ACTIVE,7120
EMP000258,Chatresh Karpe,emp258@abc-retail.example,Sales,Manager,81296.63,2017-12-23,SG,ACTIVE,5906
EMP000259,Rachana Toor,emp259@abc-retail.example,Finance,Analyst,70683.8,2019-10-18,SG,ACTIVE,7363
EMP000260,Zaid Sheth,emp260@abc-retail.example,Finance,Analyst,71716.9,2024-12-22,IN,ACTIVE,0851
EMP000261,Ekani Balay,emp261@abc-retail.example,Marketing,Manager,65644.53,2018-11-26,DE,ACTIVE,3265
EMP000262,Adya Ravel,emp262@abc-retail.example,Sales,Engineer,122608.18,2017-01-17,DE,ACTIVE,8062
EMP000263,Amara Sant,emp263@abc-retail.example,Sales,Analyst,179888.34,2025-09-01,US,ACTIVE,8872
EMP000264,Damini Dara,emp264@abc-retail.example,HR,Manager,50868.48,2016-06-04,GB,ACTIVE,3788
EMP000265,Anya Varkey,emp265@abc-retail.example,Sales,Analyst,167054.19,2025-03-08,SG,ACTIVE,9870
EMP000266,Amara Prabhakar,emp266@abc-retail.example,Engineering,Director,109193.05,2020-05-19,GB,ACTIVE,8709
EMP000267,Ishani Sangha,emp267@abc-retail.example,Sales,Engineer,171133.29,2021-08-28,GB,ACTIVE,6735
EMP000268,Jyoti Dada,emp268@abc-retail.example,Security,Engineer,176233.07,2016-12-14,SG,ACTIVE,3774
EMP000269,Benjamin Wadhwa,emp269@abc-retail.example,HR,Senior Manager,79768.65,2023-08-05,DE,ACTIVE,0787
EMP000270,Mohini Pathak,emp270@abc-retail.example,Sales,Senior Manager,84468.39,2020-06-30,US,ACTIVE,9786
EMP000271,Alexander Manne,emp271@abc-retail.example,Operations,Senior Manager,81901.35,2016-09-25,SG,INACTIVE,8348
EMP000272,Kala Sharma,emp272@abc-retail.example,Engineering,Analyst,178052.4,2025-01-02,DE,ACTIVE,9532
EMP000273,Varenya Bhattacharyya,emp273@abc-retail.example,Security,Senior Manager,172231.49,2019-06-01,DE,ACTIVE,2041
EMP000274,Zehaan Aggarwal,emp274@abc-retail.example,HR,Senior Manager,132390.71,2017-03-27,IN,ACTIVE,5983
EMP000275,Jairaj Varughese,emp275@abc-retail.example,Marketing,Engineer,84524.93,2020-01-17,SG,ACTIVE,7670
EMP000276,Ekantika Sani,emp276@abc-retail.example,Operations,Senior Manager,90200.08,2021-04-15,IN,ACTIVE,0315
EMP000277,Bhavna Datta,emp277@abc-retail.example,Finance,Senior Manager,65130.18,2023-05-31,IN,ACTIVE,7620
EMP000278,Warinder Pingle,emp278@abc-retail.example,Finance,Senior Manager,144309.92,2015-10-16,US,ACTIVE,5121
EMP000279,Xalak Dube,emp279@abc-retail.example,Marketing,Manager,103040.43,2021-06-27,US,ACTIVE,2137
EMP000280,Maanav Dhawan,emp280@abc-retail.example,Finance,Manager,173054.92,2015-07-15,US,ACTIVE,1975
EMP000281,Zansi Kade,emp281@abc-retail.example,Marketing,Director,169617.97,2015-09-05,DE,ACTIVE,3447
EMP000282,Sara Ramachandran,emp282@abc-retail.example,Security,Senior Manager,125583.4,2024-10-24,DE,ACTIVE,9470
EMP000283,Jagrati Vig,emp283@abc-retail.example,HR,Manager,157193.34,2022-05-26,DE,ACTIVE,9729
EMP000284,Frado Buch,emp284@abc-retail.example,Finance,Analyst,161461.28,2015-06-08,US,ACTIVE,9174
EMP000285,Rachit Dixit,emp285@abc-retail.example,Security,Engineer,104968.59,2017-08-24,DE,INACTIVE,2863
EMP000286,Amaira Soni,emp286@abc-retail.example,Engineering,Director,142301.5,2022-09-25,DE,ACTIVE,7585
EMP000287,Kamya Jayaraman,emp287@abc-retail.example,Engineering,Analyst,111029.95,2019-06-04,SG,ACTIVE,7340
EMP000288,Ronith Magar,emp288@abc-retail.example,Marketing,Engineer,168447.59,2022-12-18,IN,ACTIVE,9118
EMP000289,Ijaya Kata,emp289@abc-retail.example,Finance,Director,55349.67,2020-03-14,SG,ACTIVE,7708
EMP000290,Leela Ravel,emp290@abc-retail.example,Marketing,Director,150832.71,2022-07-16,US,ACTIVE,8423
EMP000291,Hredhaan Sridhar,emp291@abc-retail.example,Sales,Director,35028.96,2017-03-12,IN,ACTIVE,5092
EMP000292,Daksha Wali,emp292@abc-retail.example,HR,Analyst,59843.64,2024-07-10,DE,INACTIVE,9734
EMP000293,Warinder Choudhry,emp293@abc-retail.example,Engineering,Senior Manager,142069.06,2020-02-22,IN,ACTIVE,1230
EMP000294,Bachittar Dugar,emp294@abc-retail.example,Finance,Senior Manager,170759.54,2015-06-07,IN,ACTIVE,1992
EMP000295,Kamya Panchal,emp295@abc-retail.example,Engineering,Analyst,137320.81,2017-04-05,GB,ACTIVE,2781
EMP000296,Gaurav Wadhwa,emp296@abc-retail.example,Security,Senior Manager,109552.61,2019-02-13,IN,ACTIVE,7258
EMP000297,Raagini Sant,emp297@abc-retail.example,Operations,Analyst,35384.8,2024-12-30,US,ACTIVE,8773
EMP000298,Bimala Krishna,emp298@abc-retail.example,Finance,Manager,144981.23,2022-08-07,SG,ACTIVE,7608
EMP000299,Aashi Master,emp299@abc-retail.example,Marketing,Director,141543.96,2016-03-23,GB,ACTIVE,7796
EMP000300,Ishwar Oommen,emp300@abc-retail.example,Marketing,Senior Manager,133875.57,2022-09-05,SG,ACTIVE,8292
EMP000301,Ekapad Nori,emp301@abc-retail.example,Sales,Director,78122.99,2019-07-27,US,ACTIVE,9442
EMP000302,Yatan Mody,emp302@abc-retail.example,Marketing,Senior Manager,100256.68,2023-06-06,US,ACTIVE,5013
EMP000303,Chandran Patel,emp303@abc-retail.example,Sales,Analyst,135448.85,2020-09-26,SG,ACTIVE,8050
EMP000304,Anjali Bhalla,emp304@abc-retail.example,Sales,Analyst,43074.91,2022-08-12,US,ACTIVE,3376
EMP000305,Mohammed Kurian,emp305@abc-retail.example,Sales,Director,97946.32,2016-03-24,IN,ACTIVE,4835
EMP000306,Saksham Kala,emp306@abc-retail.example,Sales,Manager,103267.83,2020-02-18,SG,INACTIVE,3271
EMP000307,Nihal Talwar,emp307@abc-retail.example,Marketing,Director,93413.57,2017-10-26,SG,ACTIVE,8823
EMP000308,Janya Saraf,emp308@abc-retail.example,Sales,Engineer,115722.26,2018-01-10,DE,INACTIVE,8956
EMP000309,Nandini Roy,emp309@abc-retail.example,Sales,Analyst,126277.75,2020-12-26,GB,ACTIVE,1090
EMP000310,Sachi Dhawan,emp310@abc-retail.example,Security,Engineer,47333.18,2020-06-08,DE,ACTIVE,1302
EMP000311,Bakhshi Wagle,emp311@abc-retail.example,HR,Engineer,150414.78,2024-04-20,SG,ACTIVE,5867
EMP000312,Jagvi Uppal,emp312@abc-retail.example,Marketing,Analyst,75411.85,2017-02-23,DE,ACTIVE,2298
EMP000313,Madhav Date,emp313@abc-retail.example,Marketing,Analyst,138067.2,2022-10-17,IN,ACTIVE,3470
EMP000314,Zehaan Pau,emp314@abc-retail.example,Marketing,Manager,84352.63,2022-08-13,US,ACTIVE,5546
EMP000315,Jacob Shan,emp315@abc-retail.example,Operations,Director,116735.16,2015-11-01,US,ACTIVE,8222
EMP000316,Patrick Sekhon,emp316@abc-retail.example,Marketing,Director,157863.4,2023-05-20,DE,INACTIVE,1650
EMP000317,Ekanta Oza,emp317@abc-retail.example,Security,Analyst,158210.08,2022-11-15,GB,INACTIVE,8367
EMP000318,Yatan Lata,emp318@abc-retail.example,Sales,Engineer,152206.2,2025-10-16,SG,ACTIVE,4736
EMP000319,Faras Palla,emp319@abc-retail.example,Finance,Analyst,157388.81,2022-01-19,DE,ACTIVE,4861
EMP000320,Laban Sarma,emp320@abc-retail.example,Engineering,Senior Manager,170774.5,2016-04-17,US,ACTIVE,9721
EMP000321,Jatin Comar,emp321@abc-retail.example,Marketing,Director,123672.81,2025-09-06,US,INACTIVE,9695
EMP000322,Vrinda Mitra,emp322@abc-retail.example,Sales,Director,91628.38,2020-12-18,DE,ACTIVE,9928
EMP000323,Meghana Sarraf,emp323@abc-retail.example,Sales,Engineer,149175.1,2017-03-15,DE,ACTIVE,5075
EMP000324,Vaishnavi Apte,emp324@abc-retail.example,Operations,Engineer,97955.25,2020-03-26,GB,ACTIVE,3321
EMP000325,Vritti Sathe,emp325@abc-retail.example,Operations,Manager,150401.35,2019-08-29,US,ACTIVE,1647
EMP000326,Anirudh Issac,emp326@abc-retail.example,Engineering,Director,133835.28,2025-04-30,DE,ACTIVE,3325
EMP000327,Tarak Tailor,emp327@abc-retail.example,Security,Manager,142088.01,2025-08-26,IN,ACTIVE,0149
EMP000328,Hredhaan Nayak,emp328@abc-retail.example,Marketing,Manager,55406.48,2020-07-30,IN,INACTIVE,6130
EMP000329,Aradhana Shah,emp329@abc-retail.example,Security,Engineer,85820.32,2017-05-10,IN,ACTIVE,7368
EMP000330,Balendra Ganesh,emp330@abc-retail.example,Security,Engineer,154246.99,2016-05-03,SG,ACTIVE,1740
EMP000331,Frado Hayre,emp331@abc-retail.example,Sales,Engineer,77352.96,2024-09-21,DE,ACTIVE,4350
EMP000332,Tanay Balan,emp332@abc-retail.example,Marketing,Engineer,117371.3,2023-12-28,DE,ACTIVE,1929
EMP000333,Mekhala Murty,emp333@abc-retail.example,Finance,Manager,68751.45,2024-01-31,US,ACTIVE,4261
EMP000334,Karan Sarkar,emp334@abc-retail.example,Sales,Director,59336.86,2025-02-10,SG,ACTIVE,8385
EMP000335,Tejas Raja,emp335@abc-retail.example,Security,Engineer,99215.98,2015-07-23,IN,ACTIVE,4589
EMP000336,Charvi Varma,emp336@abc-retail.example,Sales,Analyst,168951.09,2024-05-26,IN,ACTIVE,3679
EMP000337,Gayathri Lad,emp337@abc-retail.example,Marketing,Engineer,128923.75,2017-05-31,US,ACTIVE,1325
EMP000338,Hritik Chakraborty,emp338@abc-retail.example,Finance,Director,175558.24,2025-02-21,SG,ACTIVE,4157
EMP000339,Baghyawati Lanka,emp339@abc-retail.example,Security,Manager,84234.85,2020-06-11,DE,INACTIVE,6760
EMP000340,Manya Mahajan,emp340@abc-retail.example,Sales,Engineer,129953.52,2018-05-29,US,ACTIVE,2884
EMP000341,Faqid Zacharia,emp341@abc-retail.example,Finance,Senior Manager,98164.11,2017-06-15,DE,ACTIVE,8886
EMP000342,Nilima Venkatesh,emp342@abc-retail.example,Operations,Engineer,47855.66,2015-06-01,DE,ACTIVE,7929
EMP000343,Barkha Jaggi,emp343@abc-retail.example,Engineering,Engineer,126785.84,2022-10-10,DE,ACTIVE,6719
EMP000344,Krishna Khalsa,emp344@abc-retail.example,Marketing,Director,71323.61,2025-11-18,US,ACTIVE,9206
EMP000345,Onkar Sane,emp345@abc-retail.example,Finance,Senior Manager,142626.7,2023-09-28,GB,ACTIVE,5101
EMP000346,Sanaya Banik,emp346@abc-retail.example,Operations,Director,56930.86,2017-09-29,SG,ACTIVE,4235
EMP000347,Gaurika Srivastava,emp347@abc-retail.example,Marketing,Analyst,95145.26,2016-01-21,GB,INACTIVE,8498
EMP000348,Amaira Dhillon,emp348@abc-retail.example,Sales,Analyst,38948.82,2023-04-19,US,INACTIVE,7097
EMP000349,Maanav Bhasin,emp349@abc-retail.example,Marketing,Engineer,124776.23,2018-06-29,GB,INACTIVE,0986
EMP000350,Neel Dewan,emp350@abc-retail.example,Marketing,Manager,103075.32,2016-03-17,GB,ACTIVE,6162
EMP000351,Abdul Walla,emp351@abc-retail.example,Finance,Engineer,158571.69,2025-05-26,GB,ACTIVE,6124
EMP000352,Yochana Thakkar,emp352@abc-retail.example,Security,Director,138402.37,2020-08-13,SG,ACTIVE,8361
EMP000353,Balvan Bora,emp353@abc-retail.example,Finance,Analyst,166622.31,2022-05-16,GB,ACTIVE,2347
EMP000354,Urvi Randhawa,emp354@abc-retail.example,Security,Engineer,107659.51,2017-10-21,IN,ACTIVE,0772
EMP000355,Isaac Yogi,emp355@abc-retail.example,Marketing,Director,102489.85,2015-12-20,US,ACTIVE,1766
EMP000356,Sneha Dey,emp356@abc-retail.example,Operations,Engineer,132211.65,2018-10-05,DE,ACTIVE,0059
EMP000357,Nilima Jain,emp357@abc-retail.example,Marketing,Senior Manager,69858.93,2023-10-23,GB,ACTIVE,9911
EMP000358,Omkaar Ben,emp358@abc-retail.example,Finance,Senior Manager,178782.08,2021-06-17,GB,ACTIVE,5716
EMP000359,Faraj Lal,emp359@abc-retail.example,Sales,Analyst,46615.7,2023-01-20,DE,ACTIVE,7728
EMP000360,Shivani Natt,emp360@abc-retail.example,Marketing,Manager,65720.31,2024-01-13,SG,ACTIVE,7624
EMP000361,Samuel Karpe,emp361@abc-retail.example,HR,Manager,135573.46,2020-07-31,US,ACTIVE,4370
EMP000362,Fitan Samra,emp362@abc-retail.example,Engineering,Manager,122143.75,2020-12-28,DE,ACTIVE,0072
EMP000363,Diya Patla,emp363@abc-retail.example,Engineering,Director,163978.55,2015-11-27,IN,ACTIVE,2706
EMP000364,Anvi Dubey,emp364@abc-retail.example,Marketing,Analyst,162668.95,2017-01-27,IN,ACTIVE,7289
EMP000365,Varenya Chawla,emp365@abc-retail.example,Marketing,Senior Manager,129678.51,2017-09-25,DE,ACTIVE,9951
EMP000366,Thomas Mangal,emp366@abc-retail.example,Engineering,Engineer,35596.97,2016-01-25,IN,INACTIVE,3211
EMP000367,Dayamai Barad,emp367@abc-retail.example,Finance,Director,150935.58,2016-03-02,US,ACTIVE,2186
EMP000368,Luke Chauhan,emp368@abc-retail.example,Marketing,Manager,86993.59,2023-05-10,IN,ACTIVE,9612
EMP000369,Lopa Iyer,emp369@abc-retail.example,Marketing,Analyst,148596.53,2018-10-05,US,ACTIVE,4086
EMP000370,Faras Saraf,emp370@abc-retail.example,Finance,Director,111989.87,2021-01-30,GB,ACTIVE,7952
EMP000371,Girik Wable,emp371@abc-retail.example,Marketing,Senior Manager,104272.49,2019-05-06,US,ACTIVE,2612
EMP000372,Wazir Chaudhuri,emp372@abc-retail.example,Finance,Manager,118697.97,2025-04-12,SG,ACTIVE,0025
EMP000373,Anthony Loyal,emp373@abc-retail.example,Engineering,Analyst,35760.22,2018-02-21,DE,ACTIVE,3316
EMP000374,Frederick Gera,emp374@abc-retail.example,HR,Engineer,137996.31,2024-09-23,IN,ACTIVE,0897
EMP000375,Christopher Nagi,emp375@abc-retail.example,Sales,Senior Manager,87070.19,2022-10-28,US,ACTIVE,5185
EMP000376,Bahadurjit Sami,emp376@abc-retail.example,Sales,Analyst,139329.3,2021-07-03,IN,ACTIVE,5241
EMP000377,Aadi Chhabra,emp377@abc-retail.example,Engineering,Director,54882.55,2020-11-02,IN,ACTIVE,5703
EMP000378,Vasana Sharaf,emp378@abc-retail.example,Engineering,Manager,54358.52,2025-05-26,IN,ACTIVE,2493
EMP000379,Guneet Thakkar,emp379@abc-retail.example,Operations,Senior Manager,75025.43,2023-03-01,IN,ACTIVE,9743
EMP000380,Widisha Kothari,emp380@abc-retail.example,Security,Senior Manager,127825.03,2020-03-29,DE,ACTIVE,2200
EMP000381,Urmi Saha,emp381@abc-retail.example,HR,Director,138580.0,2018-07-21,GB,ACTIVE,6764
EMP000382,Agastya Khanna,emp382@abc-retail.example,Sales,Analyst,119755.61,2024-02-01,US,ACTIVE,7438
EMP000383,Ekantika Krishnamurthy,emp383@abc-retail.example,Marketing,Engineer,59012.11,2023-03-15,US,ACTIVE,5673
EMP000384,Aahana Dua,emp384@abc-retail.example,Marketing,Director,147676.35,2024-07-04,DE,ACTIVE,1575
EMP000385,Jasmit Mutti,emp385@abc-retail.example,Operations,Engineer,120046.65,2016-06-15,DE,ACTIVE,7038
EMP000386,Charvi Bal,emp386@abc-retail.example,Operations,Manager,147562.69,2025-04-02,US,ACTIVE,6489
EMP000387,Lekha Om,emp387@abc-retail.example,Engineering,Engineer,145657.43,2015-12-10,IN,ACTIVE,3541
EMP000388,Avni Ben,emp388@abc-retail.example,Security,Senior Manager,171944.68,2025-11-18,SG,ACTIVE,8236
EMP000389,Chakradev Pathak,emp389@abc-retail.example,Security,Analyst,73472.26,2024-05-10,SG,ACTIVE,2543
EMP000390,Simon Goda,emp390@abc-retail.example,Finance,Director,109354.39,2023-02-02,GB,ACTIVE,7609
EMP000391,Fitan Dash,emp391@abc-retail.example,HR,Senior Manager,78090.87,2018-01-02,IN,ACTIVE,4746
EMP000392,Jagrati Saran,emp392@abc-retail.example,Engineering,Manager,70721.83,2017-11-26,US,ACTIVE,8445
EMP000393,Gaurika Om,emp393@abc-retail.example,Finance,Engineer,155252.64,2023-05-16,IN,ACTIVE,5772
EMP000394,Gayathri Tandon,emp394@abc-retail.example,Marketing,Engineer,103952.43,2015-02-05,US,ACTIVE,5932
EMP000395,Aadi Contractor,emp395@abc-retail.example,Finance,Director,88481.65,2024-04-07,US,ACTIVE,4738
EMP000396,Nimrat Narasimhan,emp396@abc-retail.example,HR,Senior Manager,151263.51,2022-12-09,US,ACTIVE,1491
EMP000397,Yamini Amble,emp397@abc-retail.example,Engineering,Analyst,124473.7,2017-11-04,DE,ACTIVE,1106
EMP000398,Gauri Chaudry,emp398@abc-retail.example,Security,Analyst,106756.55,2016-08-29,US,INACTIVE,6258
EMP000399,Vansha Bhavsar,emp399@abc-retail.example,Finance,Analyst,138434.83,2021-08-17,IN,ACTIVE,0690
EMP000400,Balendra Gandhi,emp400@abc-retail.example,Sales,Senior Manager,57145.72,2020-07-07,SG,ACTIVE,5664
EMP000401,Avni Ramakrishnan,emp401@abc-retail.example,Sales,Senior Manager,50942.87,2017-06-09,IN,ACTIVE,7137
EMP000402,Dakshesh Muni,emp402@abc-retail.example,Sales,Manager,170530.19,2017-07-12,IN,ACTIVE,1702
EMP000403,Anya Narain,emp403@abc-retail.example,Security,Engineer,177974.6,2024-05-02,DE,ACTIVE,3852
EMP000404,Jai Subramaniam,emp404@abc-retail.example,Finance,Senior Manager,100528.12,2017-08-15,SG,ACTIVE,8530
EMP000405,Utkarsh Pathak,emp405@abc-retail.example,Marketing,Manager,109439.59,2025-05-25,US,ACTIVE,6153
EMP000406,Reyansh Chandran,emp406@abc-retail.example,HR,Senior Manager,74251.69,2016-05-28,DE,ACTIVE,4066
EMP000407,Megha Sachdev,emp407@abc-retail.example,Engineering,Manager,120559.81,2020-09-02,US,ACTIVE,8592
EMP000408,Shravya Sarraf,emp408@abc-retail.example,Finance,Engineer,66907.62,2020-05-20,DE,ACTIVE,3785
EMP000409,Anika Wali,emp409@abc-retail.example,Sales,Manager,143856.14,2022-03-13,US,ACTIVE,5185
EMP000410,Ekavir Anne,emp410@abc-retail.example,Operations,Manager,92233.19,2015-12-22,DE,ACTIVE,5601
EMP000411,Ridhi Shan,emp411@abc-retail.example,Sales,Director,81333.07,2020-08-04,SG,ACTIVE,6250
EMP000412,Vrinda Mani,emp412@abc-retail.example,Sales,Director,129912.31,2019-03-29,IN,INACTIVE,6381
EMP000413,Dakshesh Sane,emp413@abc-retail.example,Operations,Director,140603.85,2024-12-05,IN,ACTIVE,6074
EMP000414,Aarnav Subramaniam,emp414@abc-retail.example,Sales,Senior Manager,65424.15,2019-05-25,US,ACTIVE,3197
EMP000415,Oni Rau,emp415@abc-retail.example,Marketing,Director,74030.8,2023-08-20,IN,ACTIVE,7652
EMP000416,Shaurya Bhatnagar,emp416@abc-retail.example,Marketing,Manager,112702.11,2015-01-22,GB,INACTIVE,6057
EMP000417,Vihaan Parmer,emp417@abc-retail.example,Sales,Senior Manager,42683.0,2018-07-18,DE,ACTIVE,3156
EMP000418,Radhika Tara,emp418@abc-retail.example,Operations,Director,38620.31,2018-10-21,GB,ACTIVE,7877
EMP000419,Ryan Wadhwa,emp419@abc-retail.example,Marketing,Analyst,104963.22,2018-03-17,DE,ACTIVE,2463
EMP000420,Elijah Balasubramanian,emp420@abc-retail.example,Operations,Director,85072.14,2025-05-21,GB,ACTIVE,7480
EMP000421,Mitesh Jaggi,emp421@abc-retail.example,HR,Senior Manager,167746.94,2022-04-25,US,ACTIVE,7640
EMP000422,Bachittar Dar,emp422@abc-retail.example,HR,Senior Manager,162196.82,2025-05-05,IN,INACTIVE,0665
EMP000423,Krishna Bhatti,emp423@abc-retail.example,HR,Engineer,75314.97,2022-02-23,DE,ACTIVE,4980
EMP000424,Yashasvi Walla,emp424@abc-retail.example,Operations,Analyst,96752.37,2023-01-02,DE,ACTIVE,9442
EMP000425,Abhimanyu Raghavan,emp425@abc-retail.example,Sales,Manager,111900.63,2021-10-15,SG,ACTIVE,9000
EMP000426,Tanvi Acharya,emp426@abc-retail.example,Finance,Director,90828.29,2023-11-01,GB,ACTIVE,3311
EMP000427,Watika Boase,emp427@abc-retail.example,Security,Analyst,109411.33,2025-03-02,IN,ACTIVE,8946
EMP000428,Yamini Seth,emp428@abc-retail.example,Security,Analyst,78252.27,2025-02-10,GB,ACTIVE,6936
EMP000429,Yashvi Wali,emp429@abc-retail.example,Engineering,Director,98539.92,2021-07-26,DE,ACTIVE,4151
EMP000430,Dominic Muni,emp430@abc-retail.example,Operations,Manager,38364.68,2022-11-30,IN,ACTIVE,9186
EMP000431,Tanmayi Shetty,emp431@abc-retail.example,Finance,Manager,103154.38,2021-08-16,US,ACTIVE,2692
EMP000432,Laksh Om,emp432@abc-retail.example,Marketing,Senior Manager,112180.51,2017-04-20,IN,INACTIVE,1365
EMP000433,Dipta Mahajan,emp433@abc-retail.example,Sales,Director,60394.45,2017-01-13,SG,ACTIVE,9585
EMP000434,Jalsa Koshy,emp434@abc-retail.example,Marketing,Director,160668.89,2023-11-06,IN,ACTIVE,5765
EMP000435,Nicholas Kar,emp435@abc-retail.example,Security,Manager,158823.84,2016-10-25,DE,ACTIVE,7642
EMP000436,Bhavika Sachdeva,emp436@abc-retail.example,Sales,Analyst,86719.95,2022-06-02,IN,ACTIVE,7618
EMP000437,Christopher Mand,emp437@abc-retail.example,Engineering,Director,45935.94,2022-08-01,SG,ACTIVE,2340
EMP000438,Udarsh Prabhakar,emp438@abc-retail.example,HR,Senior Manager,96998.63,2022-08-24,GB,INACTIVE,0127
EMP000439,Devika Varma,emp439@abc-retail.example,HR,Engineer,73788.99,2021-09-04,DE,ACTIVE,7189
EMP000440,Wahab Dubey,emp440@abc-retail.example,HR,Manager,82455.15,2015-08-13,IN,ACTIVE,9332
EMP000441,Lakshmi Borah,emp441@abc-retail.example,Marketing,Manager,84286.17,2018-11-28,GB,ACTIVE,6796
EMP000442,George Prakash,emp442@abc-retail.example,Finance,Engineer,60388.38,2015-10-12,DE,INACTIVE,1606
EMP000443,Daniel Chander,emp443@abc-retail.example,HR,Analyst,50028.1,2020-10-28,DE,ACTIVE,3110
EMP000444,Dayamai Mukhopadhyay,emp444@abc-retail.example,Operations,Manager,139552.28,2015-11-02,DE,ACTIVE,8163
EMP000445,Anvi Kurian,emp445@abc-retail.example,Engineering,Engineer,122019.56,2020-04-16,US,ACTIVE,2285
EMP000446,Alka Hari,emp446@abc-retail.example,Engineering,Engineer,117995.35,2019-01-10,GB,ACTIVE,7118
EMP000447,Sanya Bhavsar,emp447@abc-retail.example,Marketing,Senior Manager,59949.79,2015-12-26,GB,ACTIVE,4403
EMP000448,Diya Nagy,emp448@abc-retail.example,HR,Director,65613.82,2021-12-05,GB,ACTIVE,7408
EMP000449,Adya Baria,emp449@abc-retail.example,HR,Senior Manager,58260.39,2015-07-26,SG,INACTIVE,6448
EMP000450,Pallavi Sule,emp450@abc-retail.example,Engineering,Engineer,178698.34,2019-08-15,SG,ACTIVE,4506
EMP000451,Leela Deshpande,emp451@abc-retail.example,Sales,Manager,169175.99,2019-01-22,IN,ACTIVE,3545
EMP000452,Charita Bumb,emp452@abc-retail.example,Sales,Engineer,71134.04,2016-07-03,US,ACTIVE,2410
EMP000453,Banjeet Saran,emp453@abc-retail.example,Finance,Director,123709.84,2018-09-28,DE,ACTIVE,9062
EMP000454,Simon Jaggi,emp454@abc-retail.example,HR,Senior Manager,90191.73,2024-10-08,US,ACTIVE,6670
EMP000455,Ganga Karnik,emp455@abc-retail.example,Operations,Director,149276.33,2020-11-30,DE,ACTIVE,2512
EMP000456,Qushi Pandya,emp456@abc-retail.example,Operations,Manager,167510.67,2018-02-20,US,ACTIVE,4022
EMP000457,Krish Zachariah,emp457@abc-retail.example,Operations,Manager,117377.31,2016-04-24,SG,ACTIVE,5731
EMP000458,Ladli Verma,emp458@abc-retail.example,Marketing,Analyst,162215.15,2023-08-18,GB,INACTIVE,9665
EMP000459,Samuel Goel,emp459@abc-retail.example,Security,Manager,106191.63,2022-01-19,DE,ACTIVE,7918
EMP000460,Caleb Chaudhuri,emp460@abc-retail.example,Finance,Director,102510.53,2017-12-09,SG,ACTIVE,6659
EMP000461,Lakshit Vala,emp461@abc-retail.example,Finance,Manager,131768.86,2021-08-09,US,ACTIVE,1835
EMP000462,Shivansh Ravel,emp462@abc-retail.example,Security,Senior Manager,159539.26,2021-06-21,US,ACTIVE,8084
EMP000463,Oeshi Sankaran,emp463@abc-retail.example,HR,Engineer,93898.83,2015-12-03,GB,ACTIVE,2813
EMP000464,Bhavika Oommen,emp464@abc-retail.example,Security,Senior Manager,173885.32,2023-05-12,SG,ACTIVE,3570
EMP000465,Ubika Pathak,emp465@abc-retail.example,Sales,Senior Manager,109254.27,2024-10-16,US,ACTIVE,0890
EMP000466,Raghav Kar,emp466@abc-retail.example,Marketing,Analyst,122477.66,2025-10-12,GB,ACTIVE,2783
EMP000467,Wahab Venkataraman,emp467@abc-retail.example,Security,Engineer,119419.06,2023-04-29,GB,ACTIVE,0336
EMP000468,Kashish Gole,emp468@abc-retail.example,Finance,Manager,126226.09,2024-03-20,SG,INACTIVE,3148
EMP000469,Kai Hayer,emp469@abc-retail.example,Security,Analyst,120141.84,2017-01-28,DE,ACTIVE,9862
EMP000470,Andrew Viswanathan,emp470@abc-retail.example,Operations,Engineer,115209.49,2021-06-04,SG,ACTIVE,1456
EMP000471,Krishna Dar,emp471@abc-retail.example,Sales,Manager,148220.46,2021-12-11,GB,ACTIVE,8327
EMP000472,Yashawini Kamdar,emp472@abc-retail.example,Security,Senior Manager,105012.14,2024-07-14,SG,ACTIVE,1590
EMP000473,Aashi Karpe,emp473@abc-retail.example,Engineering,Engineer,50902.43,2019-05-22,IN,ACTIVE,7638
EMP000474,Anjali Pau,emp474@abc-retail.example,Finance,Analyst,43664.7,2015-02-25,US,INACTIVE,3028
EMP000475,Damini Basu,emp475@abc-retail.example,Sales,Analyst,113059.75,2016-06-29,SG,ACTIVE,9506
EMP000476,Ethan Palan,emp476@abc-retail.example,Security,Manager,73254.84,2023-05-23,DE,ACTIVE,0353
EMP000477,Ronith Kapoor,emp477@abc-retail.example,Sales,Manager,39152.14,2024-08-15,GB,ACTIVE,1171
EMP000478,Jackson Bora,emp478@abc-retail.example,Operations,Engineer,170171.95,2016-05-28,GB,ACTIVE,1781
EMP000479,Nidhi Nagy,emp479@abc-retail.example,HR,Analyst,46316.03,2020-07-20,US,INACTIVE,7006
EMP000480,Tanish Sangha,emp480@abc-retail.example,Operations,Manager,84411.21,2019-06-09,DE,ACTIVE,1316
EMP000481,Manya Ghosh,emp481@abc-retail.example,HR,Senior Manager,145897.21,2016-03-26,IN,ACTIVE,7570
EMP000482,Dakshesh Tara,emp482@abc-retail.example,Sales,Director,89913.53,2017-05-13,SG,ACTIVE,1841
EMP000483,Nandini Bali,emp483@abc-retail.example,Engineering,Director,115539.32,2022-02-22,SG,ACTIVE,3215
EMP000484,Falak Sidhu,emp484@abc-retail.example,Operations,Director,158999.59,2024-10-02,US,INACTIVE,5524
EMP000485,Reva Kar,emp485@abc-retail.example,Finance,Senior Manager,66553.58,2019-08-06,DE,ACTIVE,1570
EMP000486,Nicholas Lanka,emp486@abc-retail.example,Finance,Analyst,138534.22,2023-08-14,GB,ACTIVE,4285
EMP000487,Aahana Chakraborty,emp487@abc-retail.example,Sales,Manager,142470.28,2016-07-15,GB,ACTIVE,8592
EMP000488,Pahal Mander,emp488@abc-retail.example,Finance,Senior Manager,149941.75,2017-09-03,SG,ACTIVE,0229
EMP000489,Maanas Shah,emp489@abc-retail.example,Sales,Analyst,169835.2,2017-05-08,DE,ACTIVE,9507
EMP000490,Parth Walia,emp490@abc-retail.example,Engineering,Analyst,174611.94,2016-03-05,SG,ACTIVE,5442
EMP000491,Dipta Hans,emp491@abc-retail.example,Security,Manager,72633.14,2019-11-22,SG,ACTIVE,4583
EMP000492,Nachiket Sawhney,emp492@abc-retail.example,Sales,Analyst,35442.21,2024-07-19,SG,ACTIVE,3961
EMP000493,Dalaja Kade,emp493@abc-retail.example,Security,Manager,123103.67,2018-08-07,IN,ACTIVE,7435
EMP000494,Laban Kibe,emp494@abc-retail.example,Finance,Manager,138067.38,2022-05-05,GB,ACTIVE,0124
EMP000495,Fiyaz Magar,emp495@abc-retail.example,Finance,Senior Manager,133347.55,2021-10-05,US,INACTIVE,2377
EMP000496,Shaurya Bhargava,emp496@abc-retail.example,Engineering,Manager,101079.71,2016-06-15,US,ACTIVE,8529
EMP000497,Indira Dua,emp497@abc-retail.example,Marketing,Director,62170.91,2018-02-24,US,ACTIVE,0255
EMP000498,Gabriel Tata,emp498@abc-retail.example,Finance,Analyst,128618.24,2015-06-29,SG,ACTIVE,6986
EMP000499,Mugdha Subramanian,emp499@abc-retail.example,Engineering,Senior Manager,85524.59,2025-05-15,US,ACTIVE,5149
EMP000500,Bakhshi Choudhury,emp500@abc-retail.example,Marketing,Director,66454.79,2022-01-31,DE,ACTIVE,8761
EMP000501,Pushti Yohannan,emp501@abc-retail.example,Security,Director,165798.22,2021-04-13,SG,ACTIVE,8957
EMP000502,Janani Mody,emp502@abc-retail.example,Engineering,Director,115688.07,2019-06-01,DE,ACTIVE,2457
EMP000503,Pranav Chaudhry,emp503@abc-retail.example,Sales,Analyst,109834.64,2025-08-10,GB,ACTIVE,8245
EMP000504,Neel Badami,emp504@abc-retail.example,Operations,Analyst,80090.77,2017-10-17,GB,ACTIVE,0906
EMP000505,Harita Palan,emp505@abc-retail.example,Marketing,Analyst,87774.65,2020-05-10,SG,ACTIVE,7134
EMP000506,Anay Varkey,emp506@abc-retail.example,Finance,Engineer,128705.99,2025-08-09,US,ACTIVE,2700
EMP000507,Lajita Ahluwalia,emp507@abc-retail.example,Marketing,Director,48335.93,2020-11-30,DE,ACTIVE,4387
EMP000508,Watika Bali,emp508@abc-retail.example,Operations,Engineer,112093.77,2022-10-29,IN,ACTIVE,8284
EMP000509,Charles Ganesh,emp509@abc-retail.example,Engineering,Engineer,139615.93,2022-06-08,DE,ACTIVE,0747
EMP000510,Tanvi Venkatesh,emp510@abc-retail.example,Finance,Analyst,91232.55,2023-08-27,DE,ACTIVE,5509
EMP000511,Advay Kara,emp511@abc-retail.example,Operations,Manager,150939.55,2018-10-23,IN,ACTIVE,4241
EMP000512,Wridesh Bath,emp512@abc-retail.example,Operations,Engineer,64166.08,2023-08-07,IN,ACTIVE,0376
EMP000513,Hredhaan Nanda,emp513@abc-retail.example,Engineering,Senior Manager,93645.63,2019-08-20,US,ACTIVE,2133
EMP000514,Siddharth Kanda,emp514@abc-retail.example,HR,Director,50892.6,2019-11-22,IN,ACTIVE,2463
EMP000515,Nidra Rana,emp515@abc-retail.example,Finance,Senior Manager,138064.2,2021-07-12,SG,ACTIVE,5784
EMP000516,Januja Dani,emp516@abc-retail.example,Engineering,Manager,152042.44,2025-02-06,SG,ACTIVE,2729
EMP000517,Dayita Thaker,emp517@abc-retail.example,Operations,Engineer,54045.52,2022-01-24,SG,ACTIVE,6358
EMP000518,Anamika Banerjee,emp518@abc-retail.example,Sales,Director,129278.22,2016-10-17,US,ACTIVE,5921
EMP000519,Nikita Bhargava,emp519@abc-retail.example,Operations,Director,84979.19,2021-05-01,US,ACTIVE,7695
EMP000520,Nidra Mittal,emp520@abc-retail.example,Security,Manager,163253.22,2024-03-20,IN,ACTIVE,0099
EMP000521,Deepa Bal,emp521@abc-retail.example,Operations,Director,131327.97,2022-07-26,DE,ACTIVE,2489
EMP000522,Daksha Mander,emp522@abc-retail.example,Security,Director,103488.67,2025-08-09,US,INACTIVE,1452
EMP000523,Lipika Ahluwalia,emp523@abc-retail.example,Operations,Manager,44030.49,2017-01-15,US,ACTIVE,8311
EMP000524,Yashawini Rai,emp524@abc-retail.example,Engineering,Director,52538.17,2024-01-05,DE,ACTIVE,5269
EMP000525,Utkarsh Sood,emp525@abc-retail.example,HR,Analyst,163075.37,2022-04-17,DE,ACTIVE,5190
EMP000526,Anita Suri,emp526@abc-retail.example,HR,Analyst,152714.2,2020-05-31,SG,ACTIVE,3963
EMP000527,Falak Subramaniam,emp527@abc-retail.example,Security,Senior Manager,172820.62,2015-04-19,GB,ACTIVE,1805
EMP000528,Ekaja Bhatti,emp528@abc-retail.example,Engineering,Engineer,154153.25,2024-09-04,DE,ACTIVE,3833
EMP000529,Oeshi Sabharwal,emp529@abc-retail.example,HR,Senior Manager,168388.04,2016-11-03,GB,ACTIVE,9148
EMP000530,Arunima Palla,emp530@abc-retail.example,Finance,Engineer,142012.51,2023-07-10,DE,ACTIVE,4698
EMP000531,Darsh Das,emp531@abc-retail.example,HR,Manager,151196.53,2019-05-27,GB,ACTIVE,2553
EMP000532,Ansh Murthy,emp532@abc-retail.example,Engineering,Analyst,63324.28,2016-12-02,IN,ACTIVE,8021
EMP000533,Kamala Ratta,emp533@abc-retail.example,Security,Engineer,176326.78,2016-03-09,SG,ACTIVE,0662
EMP000534,Daksh Solanki,emp534@abc-retail.example,Finance,Analyst,161905.17,2016-04-02,US,ACTIVE,7717
EMP000535,Kashish Lad,emp535@abc-retail.example,Sales,Analyst,125191.76,2015-08-25,IN,ACTIVE,4152
EMP000536,Daksha Johal,emp536@abc-retail.example,Operations,Senior Manager,41160.73,2016-08-03,SG,ACTIVE,1830
EMP000537,Hiral Dugal,emp537@abc-retail.example,Operations,Director,59391.3,2016-07-25,DE,ACTIVE,7549
EMP000538,Gunbir Kunda,emp538@abc-retail.example,HR,Manager,60077.36,2017-10-20,US,ACTIVE,7061
EMP000539,Chaitanya Lata,emp539@abc-retail.example,Sales,Engineer,64901.57,2022-01-25,IN,ACTIVE,2879
EMP000540,Yoshita Khare,emp540@abc-retail.example,Marketing,Engineer,153732.55,2021-03-07,GB,ACTIVE,5565
EMP000541,Mohini Pal,emp541@abc-retail.example,Security,Analyst,134050.45,2016-01-01,IN,ACTIVE,0475
EMP000542,Oscar Sharaf,emp542@abc-retail.example,Marketing,Director,89631.95,2024-10-14,US,ACTIVE,7110
EMP000543,Ridhi Mitra,emp543@abc-retail.example,HR,Director,75088.64,2016-12-22,IN,ACTIVE,7292
EMP000544,Tamanna Wali,emp544@abc-retail.example,Security,Director,45273.79,2022-09-27,US,ACTIVE,5318
EMP000545,Anya Wali,emp545@abc-retail.example,Finance,Manager,79144.72,2024-12-15,GB,ACTIVE,1677
EMP000546,Jonathan Savant,emp546@abc-retail.example,Sales,Engineer,96890.32,2016-06-24,IN,ACTIVE,5450
EMP000547,Harini Yohannan,emp547@abc-retail.example,Sales,Senior Manager,178379.66,2015-12-26,SG,ACTIVE,0172
EMP000548,Mohini Khatri,emp548@abc-retail.example,Engineering,Engineer,72747.69,2024-06-24,GB,ACTIVE,1866
EMP000549,Bhavini Jaggi,emp549@abc-retail.example,Sales,Analyst,169105.7,2018-12-13,GB,ACTIVE,3087
EMP000550,Shravya Wable,emp550@abc-retail.example,Security,Director,89709.57,2020-12-30,SG,ACTIVE,8013
EMP000551,Vidhi Ravi,emp551@abc-retail.example,Operations,Director,62601.47,2018-07-08,US,ACTIVE,4153
EMP000552,Ishaan Dube,emp552@abc-retail.example,Marketing,Director,155375.6,2023-11-24,US,ACTIVE,2284
EMP000553,Amaira Kara,emp553@abc-retail.example,Sales,Director,122075.73,2016-02-09,SG,ACTIVE,3168
EMP000554,Jeet Srivastava,emp554@abc-retail.example,Finance,Analyst,83291.58,2018-08-20,US,ACTIVE,4293
EMP000555,Yashawini Nazareth,emp555@abc-retail.example,Security,Director,87776.44,2015-07-22,GB,ACTIVE,2932
EMP000556,Janaki Karan,emp556@abc-retail.example,Security,Senior Manager,,2018-03-20,US,ACTIVE,3133
EMP000557,Ayaan Mital,emp557@abc-retail.example,Sales,Director,64777.18,2015-01-17,SG,ACTIVE,4898
EMP000558,Gaurika Chokshi,emp558@abc-retail.example,Operations,Senior Manager,60947.98,2015-02-13,SG,ACTIVE,1287
EMP000559,Bhavika Badal,emp559@abc-retail.example,Finance,Manager,101076.05,2020-07-28,SG,ACTIVE,1952
EMP000560,Andrew Luthra,emp560@abc-retail.example,Engineering,Manager,93798.0,2023-02-12,US,ACTIVE,8413
EMP000561,Irya Khosla,emp561@abc-retail.example,Engineering,Senior Manager,90750.24,2016-05-27,GB,ACTIVE,7715
EMP000562,Dhriti Palla,emp562@abc-retail.example,Engineering,Manager,143338.95,2019-03-06,US,ACTIVE,3179
EMP000563,Brijesh Jaggi,emp563@abc-retail.example,HR,Engineer,87565.56,2018-10-22,IN,ACTIVE,6947
EMP000564,Tristan Loyal,emp564@abc-retail.example,Sales,Analyst,81152.45,2023-05-22,GB,ACTIVE,5495
EMP000565,Nakul Agate,emp565@abc-retail.example,Sales,Manager,36005.93,2025-01-29,GB,INACTIVE,2609
EMP000566,Nirja Vasa,emp566@abc-retail.example,Sales,Analyst,44750.25,2022-05-27,SG,ACTIVE,7894
EMP000567,Darpan Mammen,emp567@abc-retail.example,Marketing,Analyst,111889.3,2021-06-13,SG,ACTIVE,4306
EMP000568,Adya Pandya,emp568@abc-retail.example,Engineering,Director,94469.93,2019-10-20,DE,ACTIVE,8978
EMP000569,Meghana Chakraborty,emp569@abc-retail.example,HR,Senior Manager,157202.2,2018-05-15,SG,ACTIVE,0927
EMP000570,Brijesh Varughese,emp570@abc-retail.example,Operations,Analyst,178644.78,2022-06-26,US,ACTIVE,3966
EMP000571,Vyanjana Narang,emp571@abc-retail.example,Marketing,Analyst,84594.72,2025-10-07,US,ACTIVE,1803
EMP000572,Andrew Wagle,emp572@abc-retail.example,HR,Director,150998.95,2017-03-11,DE,ACTIVE,4798
EMP000573,Reyansh Sidhu,emp573@abc-retail.example,Engineering,Engineer,173930.07,2025-09-04,GB,ACTIVE,7898
EMP000574,Nachiket Swaminathan,emp574@abc-retail.example,Engineering,Director,171513.11,2021-05-21,GB,ACTIVE,2152
EMP000575,Tanish Dhar,emp575@abc-retail.example,Marketing,Engineer,143538.02,2015-11-16,GB,ACTIVE,3934
EMP000576,Vedika Keer,emp576@abc-retail.example,Marketing,Director,94631.0,2016-03-04,IN,ACTIVE,2846
EMP000577,Mahika Radhakrishnan,emp577@abc-retail.example,Marketing,Engineer,62186.45,2022-06-17,GB,ACTIVE,4520
EMP000578,Bhavini Mitter,emp578@abc-retail.example,Security,Director,135222.09,2018-08-24,SG,ACTIVE,5831
EMP000579,Suhani Gulati,emp579@abc-retail.example,Sales,Senior Manager,160723.35,2023-01-07,GB,ACTIVE,6600
EMP000580,Tripti Pandit,emp580@abc-retail.example,Finance,Engineer,166569.62,2017-01-07,GB,ACTIVE,3678
EMP000581,Peter Dubey,emp581@abc-retail.example,Finance,Manager,173531.81,2020-01-28,DE,ACTIVE,2035
EMP000582,Prisha Raman,emp582@abc-retail.example,Sales,Engineer,137478.36,2016-05-30,DE,ACTIVE,7808
EMP000583,Irya Swamy,emp583@abc-retail.example,Engineering,Analyst,77882.99,2020-10-12,DE,ACTIVE,4843
EMP000584,Harish Randhawa,emp584@abc-retail.example,Operations,Senior Manager,177948.04,2020-03-23,SG,ACTIVE,2480
EMP000585,Vinaya Manne,emp585@abc-retail.example,Sales,Manager,119120.91,2021-09-30,SG,ACTIVE,3719
EMP000586,Saksham Prakash,emp586@abc-retail.example,Sales,Engineer,39982.13,2020-05-10,IN,ACTIVE,1222
EMP000587,Charita Murty,emp587@abc-retail.example,HR,Engineer,70826.16,2023-05-04,SG,ACTIVE,9120
EMP000588,Triya Mahajan,emp588@abc-retail.example,Finance,Senior Manager,56085.8,2024-12-14,DE,ACTIVE,3830
EMP000589,Chakrika Tata,emp589@abc-retail.example,Operations,Manager,92947.42,2017-03-15,IN,ACTIVE,8436
EMP000590,Rajata Mane,emp590@abc-retail.example,Marketing,Analyst,61310.36,2019-07-13,DE,ACTIVE,9694
EMP000591,Wishi Naidu,emp591@abc-retail.example,Security,Senior Manager,151279.0,2019-11-19,SG,INACTIVE,7003
EMP000592,Logan Loke,emp592@abc-retail.example,Marketing,Analyst,139880.66,2021-03-07,DE,ACTIVE,0281
EMP000593,Dhruv Doctor,emp593@abc-retail.example,Engineering,Senior Manager,141013.7,2018-09-25,US,ACTIVE,8699
EMP000594,Pranit Deep,emp594@abc-retail.example,Finance,Engineer,56994.63,2016-01-16,SG,ACTIVE,5061
EMP000595,Lekha Morar,emp595@abc-retail.example,Engineering,Engineer,108810.26,2016-08-20,US,ACTIVE,6602
EMP000596,Saksham Sankar,emp596@abc-retail.example,HR,Engineer,39056.82,2018-12-11,SG,ACTIVE,1277
EMP000597,Maanav Sarma,emp597@abc-retail.example,Marketing,Analyst,109416.83,2025-11-02,IN,ACTIVE,2037
EMP000598,Jason Soman,emp598@abc-retail.example,Operations,Analyst,85670.69,2017-01-16,GB,ACTIVE,9090
EMP000599,Tejas Salvi,emp599@abc-retail.example,Engineering,Engineer,134119.78,2015-02-06,GB,ACTIVE,6828
EMP000600,Ekantika Bajaj,emp600@abc-retail.example,Operations,Director,98444.18,2025-07-30,SG,ACTIVE,5376
EMP000601,Chaman Bora,emp601@abc-retail.example,Marketing,Engineer,135422.02,2022-10-23,DE,ACTIVE,4260
EMP000602,Champak Pradhan,emp602@abc-retail.example,HR,Manager,164755.81,2016-11-15,IN,ACTIVE,0150
EMP000603,Banjeet Karnik,emp603@abc-retail.example,Marketing,Manager,163815.12,2018-10-21,GB,ACTIVE,8551
EMP000604,Kritika Tata,emp604@abc-retail.example,Sales,Engineer,78205.19,2020-06-03,IN,ACTIVE,3641
EMP000605,Falak D’Alia,emp605@abc-retail.example,Finance,Director,83194.55,2024-01-03,IN,ACTIVE,0420
EMP000606,Yuvraj Varghese,emp606@abc-retail.example,Marketing,Analyst,163196.1,2015-07-15,SG,INACTIVE,8209
EMP000607,Nakul Kanda,emp607@abc-retail.example,HR,Manager,60520.67,2024-08-16,DE,ACTIVE,1436
EMP000608,Suhani Arora,emp608@abc-retail.example,Marketing,Director,137629.11,2021-01-05,IN,ACTIVE,4301
EMP000609,Triya Ram,emp609@abc-retail.example,Security,Engineer,167879.2,2017-12-28,US,ACTIVE,1284
EMP000610,Ganga Lal,emp610@abc-retail.example,Operations,Director,159697.65,2016-06-01,GB,ACTIVE,5312
EMP000611,Kashvi Bawa,emp611@abc-retail.example,Operations,Analyst,149988.07,2020-09-28,IN,ACTIVE,8915
EMP000612,Yachana Barman,emp612@abc-retail.example,HR,Engineer,121939.12,2019-06-14,SG,ACTIVE,1344
EMP000613,Ubika Murty,emp613@abc-retail.example,Marketing,Manager,120770.5,2018-02-19,SG,ACTIVE,4573
EMP000614,Darika Viswanathan,emp614@abc-retail.example,Sales,Engineer,167421.7,2020-06-18,US,ACTIVE,7360
EMP000615,Maanas Som,emp615@abc-retail.example,Sales,Engineer,37566.93,2017-08-10,SG,ACTIVE,5950
EMP000616,Patrick Manne,emp616@abc-retail.example,Operations,Senior Manager,44876.66,2021-08-03,IN,ACTIVE,0935
EMP000617,Yadavi Dave,emp617@abc-retail.example,Sales,Engineer,126652.52,2016-10-21,GB,ACTIVE,7762
EMP000618,Girik Saraf,emp618@abc-retail.example,Security,Director,102986.81,2016-10-27,DE,ACTIVE,5617
EMP000619,Sanaya Talwar,emp619@abc-retail.example,Operations,Senior Manager,95268.24,2016-06-25,SG,ACTIVE,8218
EMP000620,Sara Padmanabhan,emp620@abc-retail.example,Finance,Manager,109351.97,2024-02-17,IN,ACTIVE,2252
EMP000621,Diya Narasimhan,emp621@abc-retail.example,HR,Manager,171754.78,2025-10-01,GB,ACTIVE,7273
EMP000622,Shivani Hayre,emp622@abc-retail.example,Finance,Manager,147077.5,2015-06-09,IN,INACTIVE,2689
EMP000623,Harita Jayaraman,emp623@abc-retail.example,Operations,Director,121861.68,2019-08-21,SG,ACTIVE,2553
EMP000624,Avni Mody,emp624@abc-retail.example,Marketing,Analyst,107452.75,2015-06-03,DE,ACTIVE,1129
EMP000625,Jagat Viswanathan,emp625@abc-retail.example,Marketing,Director,48341.1,2020-12-10,GB,ACTIVE,2695
EMP000626,Warhi Kala,emp626@abc-retail.example,Finance,Senior Manager,120193.88,2017-04-23,GB,ACTIVE,2345
EMP000627,Ikshita Mody,emp627@abc-retail.example,HR,Manager,120609.92,2019-09-22,GB,ACTIVE,3137
EMP000628,Madhavi Wali,emp628@abc-retail.example,HR,Director,141032.09,2019-07-24,DE,ACTIVE,8040
EMP000629,Ria Shetty,emp629@abc-retail.example,Finance,Director,123081.94,2022-02-01,SG,ACTIVE,1503
EMP000630,Kashish Prashad,emp630@abc-retail.example,Security,Engineer,151781.51,2016-01-13,IN,ACTIVE,1803
EMP000631,Dalaja Majumdar,emp631@abc-retail.example,Marketing,Analyst,152741.23,2017-08-15,SG,ACTIVE,5931
EMP000632,Falguni Nagi,emp632@abc-retail.example,Operations,Engineer,37263.89,2017-03-04,GB,ACTIVE,2260
EMP000633,Kavya Taneja,emp633@abc-retail.example,Operations,Manager,70886.98,2018-01-06,IN,ACTIVE,8797
EMP000634,Kashvi Balakrishnan,emp634@abc-retail.example,Marketing,Analyst,60856.65,2016-01-01,DE,ACTIVE,2887
EMP000635,Gaurav Manda,emp635@abc-retail.example,Engineering,Senior Manager,75941.11,2018-05-12,DE,ACTIVE,2293
EMP000636,Balendra Parsa,emp636@abc-retail.example,Sales,Senior Manager,130024.21,2017-10-12,SG,ACTIVE,1825
EMP000637,Omkaar Chopra,emp637@abc-retail.example,Sales,Engineer,59114.69,2017-08-07,DE,ACTIVE,1960
EMP000638,Neelima Borah,emp638@abc-retail.example,Marketing,Director,136317.79,2022-11-13,US,ACTIVE,7379
EMP000639,Ekani Radhakrishnan,emp639@abc-retail.example,Engineering,Manager,111657.87,2021-09-14,GB,INACTIVE,3260
EMP000640,Tanish Palan,emp640@abc-retail.example,Marketing,Director,107211.61,2020-05-06,US,ACTIVE,1720
EMP000641,Hemani Kibe,emp641@abc-retail.example,Marketing,Senior Manager,166414.53,2025-05-19,DE,ACTIVE,6544
EMP000642,Tanveer Jaggi,emp642@abc-retail.example,Marketing,Senior Manager,136897.65,2024-10-31,GB,ACTIVE,1940
EMP000643,Aditya Gole,emp643@abc-retail.example,Engineering,Director,77700.16,2023-11-16,DE,ACTIVE,2736
EMP000644,Chakrika Chopra,emp644@abc-retail.example,Marketing,Senior Manager,130107.09,2021-06-05,GB,INACTIVE,7340
EMP000645,Leena Choudhary,emp645@abc-retail.example,Operations,Director,48470.05,2023-01-30,IN,ACTIVE,1310
EMP000646,Udyati Walla,emp646@abc-retail.example,Security,Analyst,60942.01,2025-05-12,DE,ACTIVE,4024
EMP000647,Chakradev Atwal,emp647@abc-retail.example,Security,Analyst,120562.97,2015-07-26,IN,ACTIVE,7989
EMP000648,Laban Jayaraman,emp648@abc-retail.example,Finance,Analyst,77750.57,2016-08-29,US,ACTIVE,9650
EMP000649,Qushi Srinivasan,emp649@abc-retail.example,Engineering,Engineer,72156.99,2017-05-10,DE,ACTIVE,7934
EMP000650,Jeremiah Memon,emp650@abc-retail.example,HR,Senior Manager,157795.1,2024-04-22,DE,ACTIVE,5224
EMP000651,Aarnav Sastry,emp651@abc-retail.example,Security,Manager,56148.82,2024-12-10,SG,ACTIVE,6542
EMP000652,Aachal Wadhwa,emp652@abc-retail.example,Sales,Senior Manager,151683.94,2018-11-10,IN,ACTIVE,0593
EMP000653,Orinder Sarraf,emp653@abc-retail.example,Sales,Engineer,51433.76,2020-10-04,IN,ACTIVE,4392
EMP000654,Akshay Kaul,emp654@abc-retail.example,Operations,Engineer,45383.73,2016-10-13,IN,INACTIVE,0614
EMP000655,Oscar Grover,emp655@abc-retail.example,Operations,Analyst,92461.25,2018-03-24,GB,ACTIVE,6236
EMP000656,Siya Tak,emp656@abc-retail.example,Operations,Analyst,124652.59,2018-08-24,US,ACTIVE,5282
EMP000657,Kavya Mane,emp657@abc-retail.example,Marketing,Engineer,77889.7,2019-10-31,SG,ACTIVE,9092
EMP000658,Mahika Sahni,emp658@abc-retail.example,Marketing,Director,129507.6,2022-10-05,SG,ACTIVE,3314
EMP000659,Wishi Luthra,emp659@abc-retail.example,HR,Engineer,152356.93,2017-11-04,DE,ACTIVE,4462
EMP000660,Bhavani Gala,emp660@abc-retail.example,Sales,Analyst,61905.37,2022-08-01,DE,ACTIVE,0948
EMP000661,Yagnesh Iyer,emp661@abc-retail.example,Finance,Manager,164042.29,2017-04-08,SG,ACTIVE,6994
EMP000662,Bimala Pandit,emp662@abc-retail.example,Security,Director,107173.78,2020-01-23,SG,ACTIVE,0277
EMP000663,Wyatt Krishna,emp663@abc-retail.example,Marketing,Director,170398.78,2022-06-03,US,ACTIVE,9198
EMP000664,Pooja Patil,emp664@abc-retail.example,Marketing,Senior Manager,117982.19,2020-09-10,US,ACTIVE,1029
EMP000665,Sanya Karnik,emp665@abc-retail.example,Sales,Manager,125131.78,2017-12-24,GB,ACTIVE,9349
EMP000666,Balhaar Gaba,emp666@abc-retail.example,Security,Engineer,86780.03,2023-04-09,GB,ACTIVE,0155
EMP000667,Adweta Sarin,emp667@abc-retail.example,HR,Director,140142.97,2025-03-08,IN,ACTIVE,9682
EMP000668,Madhav Lad,emp668@abc-retail.example,HR,Engineer,67172.72,2019-08-15,IN,ACTIVE,8047
EMP000669,Saanvi Gandhi,emp669@abc-retail.example,Security,Senior Manager,80852.59,2018-05-06,US,ACTIVE,5762
EMP000670,Eesha Chaudhry,emp670@abc-retail.example,Security,Director,146316.32,2016-08-30,GB,ACTIVE,6218
EMP000671,Netra Dada,emp671@abc-retail.example,Marketing,Manager,114346.32,2025-03-27,DE,ACTIVE,3247
EMP000672,Isaac Bhat,emp672@abc-retail.example,Finance,Analyst,52248.86,2024-02-21,GB,INACTIVE,3576
EMP000673,Xalak Dugar,emp673@abc-retail.example,Marketing,Engineer,137352.3,2015-08-27,DE,ACTIVE,1014
EMP000674,Chanchal Dutt,emp674@abc-retail.example,Marketing,Engineer,122081.01,2024-06-05,GB,ACTIVE,7072
EMP000675,Maanas Tata,emp675@abc-retail.example,Finance,Manager,49130.75,2015-04-29,SG,ACTIVE,5093
EMP000676,Yoshita Kannan,emp676@abc-retail.example,Operations,Analyst,127309.12,2017-10-28,GB,ACTIVE,9140
EMP000677,Hemani Pai,emp677@abc-retail.example,Finance,Analyst,142271.08,2021-01-20,DE,ACTIVE,6934
EMP000678,Jacob Kamdar,emp678@abc-retail.example,HR,Manager,47698.73,2021-01-03,IN,ACTIVE,1134
EMP000679,Sanaya Keer,emp679@abc-retail.example,Marketing,Manager,43359.72,2019-05-10,DE,ACTIVE,4090
EMP000680,Andrew Lala,emp680@abc-retail.example,Operations,Director,39580.24,2021-05-31,IN,ACTIVE,8966
EMP000681,Daksh Sarna,emp681@abc-retail.example,Finance,Manager,66814.54,2019-07-03,IN,ACTIVE,0030
EMP000682,Forum Dhingra,emp682@abc-retail.example,Operations,Senior Manager,158501.28,2025-04-18,US,ACTIVE,2862
EMP000683,Nathaniel Edwin,emp683@abc-retail.example,HR,Director,152957.29,2025-04-11,DE,ACTIVE,9006
EMP000684,Abhiram Choudhary,emp684@abc-retail.example,Finance,Manager,43183.71,2025-07-29,US,ACTIVE,3792
EMP000685,Ekanta Parekh,emp685@abc-retail.example,Security,Manager,140288.05,2025-10-26,DE,ACTIVE,1762
EMP000686,Yug Raghavan,emp686@abc-retail.example,Sales,Manager,168874.25,2024-05-23,GB,ACTIVE,8606
EMP000687,Bhavani Mangal,emp687@abc-retail.example,Sales,Senior Manager,101843.08,2020-11-12,SG,ACTIVE,6724
EMP000688,Pranit Bath,emp688@abc-retail.example,HR,Manager,65019.66,2015-12-28,US,ACTIVE,4518
EMP000689,Oscar Chakrabarti,emp689@abc-retail.example,Sales,Manager,90183.97,2021-03-09,IN,ACTIVE,7428
EMP000690,Ekansh Rege,emp690@abc-retail.example,Marketing,Engineer,133651.22,2019-06-10,US,ACTIVE,4648
EMP000691,Neha Krishna,emp691@abc-retail.example,Engineering,Manager,167322.09,2015-10-24,SG,ACTIVE,1722
EMP000692,Waida Dhillon,emp692@abc-retail.example,Operations,Analyst,147437.83,2016-08-26,GB,ACTIVE,8082
EMP000693,Samesh Baria,emp693@abc-retail.example,Security,Director,148859.34,2017-02-09,DE,ACTIVE,3904
EMP000694,Yadavi Tailor,emp694@abc-retail.example,HR,Analyst,173614.6,2025-01-13,US,ACTIVE,7073
EMP000695,Anvi Pant,emp695@abc-retail.example,Sales,Engineer,155890.18,2022-07-07,SG,ACTIVE,7431
EMP000696,Pushti Dada,emp696@abc-retail.example,Marketing,Analyst,71936.69,2021-09-11,DE,ACTIVE,6181
EMP000697,Finn Bahl,emp697@abc-retail.example,Sales,Analyst,78291.89,2020-11-26,US,ACTIVE,6511
EMP000698,Divya Sem,emp698@abc-retail.example,HR,Director,114234.71,2023-12-02,DE,ACTIVE,8306
EMP000699,Yash Singh,emp699@abc-retail.example,Operations,Senior Manager,137409.26,2023-09-12,US,ACTIVE,1059
EMP000700,Brijesh Sura,emp700@abc-retail.example,Security,Engineer,117196.27,2019-03-19,GB,ACTIVE,6827
EMP000701,Triya Sem,emp701@abc-retail.example,Operations,Analyst,128559.18,2016-07-09,GB,INACTIVE,1557
EMP000702,Warda Nayak,emp702@abc-retail.example,Finance,Manager,94233.54,2025-10-25,IN,ACTIVE,6004
EMP000703,Sarthak Bhakta,emp703@abc-retail.example,Marketing,Senior Manager,146241.5,2015-12-25,DE,ACTIVE,4955
EMP000704,Advay Pandya,emp704@abc-retail.example,Engineering,Analyst,105614.23,2021-02-21,SG,ACTIVE,9727
EMP000705,Warda Raja,emp705@abc-retail.example,Operations,Analyst,51715.99,2017-06-15,IN,ACTIVE,9164
EMP000706,Ranbir Borde,emp706@abc-retail.example,Sales,Director,165524.06,2025-05-01,US,ACTIVE,1005
EMP000707,Tanay Khatri,emp707@abc-retail.example,Security,Senior Manager,154262.04,2022-04-10,DE,ACTIVE,5038
EMP000708,Vedant Modi,emp708@abc-retail.example,Sales,Senior Manager,125850.51,2015-09-10,US,ACTIVE,2175
EMP000709,Sneha Dora,emp709@abc-retail.example,Marketing,Senior Manager,146282.69,2023-12-31,IN,ACTIVE,2323
EMP000710,Veda Joshi,emp710@abc-retail.example,Engineering,Manager,169577.73,2023-03-24,GB,ACTIVE,5664
EMP000711,Pranav Palan,emp711@abc-retail.example,Finance,Director,78863.67,2017-07-16,SG,ACTIVE,3198
EMP000712,Nitesh Kannan,emp712@abc-retail.example,Security,Engineer,159583.73,2016-08-07,US,ACTIVE,7895
EMP000713,Jeremiah Barad,emp713@abc-retail.example,Engineering,Manager,174263.15,2015-07-17,DE,ACTIVE,7548
EMP000714,Nisha Cherian,emp714@abc-retail.example,Operations,Director,36141.19,2020-05-31,SG,INACTIVE,4442
EMP000715,Karan Chaudhry,emp715@abc-retail.example,Engineering,Engineer,147557.07,2017-12-29,US,ACTIVE,8556
EMP000716,Manya Swamy,emp716@abc-retail.example,Sales,Director,100547.16,2019-02-13,US,ACTIVE,6892
EMP000717,Devika Mandal,emp717@abc-retail.example,Security,Director,146775.77,2019-04-26,DE,ACTIVE,9783
EMP000718,Umang Banerjee,emp718@abc-retail.example,Engineering,Analyst,95088.33,2025-05-26,DE,ACTIVE,8908
EMP000719,Unni Puri,emp719@abc-retail.example,Engineering,Manager,102865.84,2019-04-04,US,ACTIVE,2752
EMP000720,Anmol Sani,emp720@abc-retail.example,Engineering,Manager,145752.81,2025-02-16,DE,ACTIVE,1687
EMP000721,Lipika Varghese,emp721@abc-retail.example,Operations,Director,86904.67,2019-08-03,DE,ACTIVE,3073
EMP000722,Upkaar Radhakrishnan,emp722@abc-retail.example,Finance,Analyst,91896.3,2019-12-08,DE,ACTIVE,5291
EMP000723,Jack Keer,emp723@abc-retail.example,HR,Manager,104023.83,2018-09-22,GB,ACTIVE,8461
EMP000724,Warda Kibe,emp724@abc-retail.example,Operations,Engineer,162908.15,2024-07-20,GB,ACTIVE,7674
EMP000725,Niharika Dey,emp725@abc-retail.example,Operations,Senior Manager,160886.71,2016-05-25,SG,ACTIVE,5132
EMP000726,Falguni Lad,emp726@abc-retail.example,Engineering,Senior Manager,112293.41,2020-03-27,DE,ACTIVE,0261
EMP000727,Yutika Chander,emp727@abc-retail.example,Engineering,Director,74619.26,2018-02-23,GB,ACTIVE,4808
EMP000728,Lipika Tak,emp728@abc-retail.example,Operations,Director,135478.35,2017-07-05,GB,ACTIVE,7172
EMP000729,Abeer Dugar,emp729@abc-retail.example,Operations,Senior Manager,51768.85,2018-11-17,DE,ACTIVE,0911
EMP000730,Rachita Raghavan,emp730@abc-retail.example,HR,Director,106371.29,2018-06-26,US,ACTIVE,2952
EMP000731,Omkaar Rana,emp731@abc-retail.example,HR,Engineer,178959.77,2019-05-22,IN,ACTIVE,2029
EMP000732,Wakeeta Sunder,emp732@abc-retail.example,Sales,Engineer,52646.54,2025-02-18,US,ACTIVE,0572
EMP000733,Ikshita Verma,emp733@abc-retail.example,Operations,Engineer,42275.16,2019-06-30,SG,ACTIVE,9068
EMP000734,Veda Bhatnagar,emp734@abc-retail.example,Finance,Senior Manager,122473.84,2016-06-14,GB,ACTIVE,7541
EMP000735,George Kata,emp735@abc-retail.example,Security,Analyst,132087.02,2023-07-24,DE,ACTIVE,9198
EMP000736,Vasana Madan,emp736@abc-retail.example,Marketing,Senior Manager,135243.48,2017-10-22,IN,ACTIVE,2258
EMP000737,Yuvraj Balakrishnan,emp737@abc-retail.example,HR,Engineer,57444.54,2015-01-25,GB,ACTIVE,4357
EMP000738,Falak Divan,emp738@abc-retail.example,Marketing,Analyst,49411.76,2023-11-14,SG,ACTIVE,8884
EMP000739,Falak Bir,emp739@abc-retail.example,Engineering,Director,46498.09,2020-04-20,SG,ACTIVE,2452
EMP000740,Nathan Bahri,emp740@abc-retail.example,HR,Analyst,165376.86,2017-11-08,US,ACTIVE,6783
EMP000741,Joshua Dixit,emp741@abc-retail.example,HR,Manager,116143.88,2018-11-07,IN,ACTIVE,1749
EMP000742,Yachana Soni,emp742@abc-retail.example,Engineering,Engineer,44191.55,2022-04-18,IN,ACTIVE,3326
EMP000743,Laban Randhawa,emp743@abc-retail.example,HR,Analyst,100304.53,2015-09-16,GB,ACTIVE,7039
EMP000744,Reva Toor,emp744@abc-retail.example,Operations,Senior Manager,70876.12,2025-05-11,DE,ACTIVE,9285
EMP000745,Robert Kannan,emp745@abc-retail.example,Finance,Manager,109385.21,2018-08-05,GB,ACTIVE,5336
EMP000746,Wridesh Bhagat,emp746@abc-retail.example,Operations,Manager,164104.58,2025-01-08,DE,ACTIVE,7330
EMP000747,Chaitaly Pai,emp747@abc-retail.example,Operations,Director,119792.27,2017-09-22,US,ACTIVE,8546
EMP000748,Vasatika Sule,emp748@abc-retail.example,Security,Senior Manager,96857.31,2018-05-16,US,INACTIVE,7480
EMP000749,Keya Agate,emp749@abc-retail.example,Operations,Manager,126347.75,2025-08-06,US,ACTIVE,5092
EMP000750,Warda Singhal,emp750@abc-retail.example,Engineering,Senior Manager,176111.88,2017-04-28,SG,ACTIVE,7907
EMP000751,Balvan Rai,emp751@abc-retail.example,Sales,Manager,66834.35,2025-09-07,US,ACTIVE,0127
EMP000752,Qadim Nadkarni,emp752@abc-retail.example,Finance,Senior Manager,68047.47,2018-10-05,SG,ACTIVE,0989
EMP000753,Warda Bir,emp753@abc-retail.example,Sales,Director,43750.93,2018-04-16,DE,ACTIVE,6701
EMP000754,Vedhika Singhal,emp754@abc-retail.example,Sales,Analyst,168372.03,2020-04-05,DE,ACTIVE,3030
EMP000755,Kala Dalal,emp755@abc-retail.example,Security,Analyst,73091.05,2025-03-07,GB,ACTIVE,5175
EMP000756,Gaurangi Dayal,emp756@abc-retail.example,Security,Analyst,166333.02,2022-04-13,GB,ACTIVE,2297
EMP000757,Eesha Karnik,emp757@abc-retail.example,Finance,Manager,130251.09,2023-07-29,SG,INACTIVE,3674
EMP000758,Rehaan Dube,emp758@abc-retail.example,Engineering,Director,74066.95,2018-09-27,DE,ACTIVE,4628
EMP000759,Diya Swaminathan,emp759@abc-retail.example,Finance,Analyst,99988.21,2025-08-14,DE,ACTIVE,9105
EMP000760,Ranbir Loke,emp760@abc-retail.example,Finance,Senior Manager,105342.79,2025-06-14,DE,ACTIVE,6418
EMP000761,Mugdha Saran,emp761@abc-retail.example,Marketing,Senior Manager,110393.14,2023-04-03,DE,INACTIVE,2063
EMP000762,Megha Nori,emp762@abc-retail.example,Security,Director,90379.81,2022-12-29,IN,ACTIVE,2803
EMP000763,Prisha Nagarajan,emp763@abc-retail.example,HR,Engineer,128773.13,2023-11-22,IN,ACTIVE,5751
EMP000764,Tanish Padmanabhan,emp764@abc-retail.example,HR,Engineer,44193.52,2024-03-11,DE,ACTIVE,4414
EMP000765,Ishita Lalla,emp765@abc-retail.example,Engineering,Manager,159469.37,2016-08-08,US,ACTIVE,4139
EMP000766,Chanakya Bal,emp766@abc-retail.example,Engineering,Senior Manager,157520.78,2019-11-17,DE,ACTIVE,6634
EMP000767,Pahal Prakash,emp767@abc-retail.example,HR,Analyst,173027.4,2017-12-16,DE,ACTIVE,7632
EMP000768,Noah Setty,emp768@abc-retail.example,Marketing,Director,157477.38,2022-12-19,DE,ACTIVE,3297
EMP000769,Charles Balakrishnan,emp769@abc-retail.example,Marketing,Analyst,35645.17,2017-03-12,IN,ACTIVE,7724
EMP000770,Dayamai Bir,emp770@abc-retail.example,HR,Director,134850.57,2020-08-27,IN,ACTIVE,7414
EMP000771,Isha Jhaveri,emp771@abc-retail.example,Sales,Senior Manager,98862.03,2018-12-12,SG,ACTIVE,1802
EMP000772,Peter Anne,emp772@abc-retail.example,Finance,Analyst,55939.87,2020-06-25,SG,ACTIVE,5502
EMP000773,Sudiksha Swamy,emp773@abc-retail.example,Finance,Director,97015.4,2017-12-19,SG,INACTIVE,3560
EMP000774,Omya Divan,emp774@abc-retail.example,Marketing,Director,108232.24,2022-09-17,DE,ACTIVE,1866
EMP000775,Tanveer Shenoy,emp775@abc-retail.example,Finance,Director,86828.12,2018-01-18,US,ACTIVE,0934
EMP000776,Lipika Madan,emp776@abc-retail.example,HR,Manager,162937.42,2022-07-20,IN,ACTIVE,3025
EMP000777,Hemal Chakraborty,emp777@abc-retail.example,HR,Manager,137944.38,2015-08-18,SG,ACTIVE,8117
EMP000778,Daksh Sachdev,emp778@abc-retail.example,Security,Director,93113.09,2020-06-11,DE,ACTIVE,8967
EMP000779,Chandresh Sen,emp779@abc-retail.example,Marketing,Senior Manager,146175.04,2019-11-05,IN,ACTIVE,1726
EMP000780,Gaurang Tara,emp780@abc-retail.example,Security,Analyst,35265.72,2017-04-01,GB,ACTIVE,5843
EMP000781,Mohammed Reddy,emp781@abc-retail.example,Marketing,Engineer,172184.46,2021-11-18,SG,ACTIVE,2185
EMP000782,Adya Balay,emp782@abc-retail.example,HR,Director,43862.87,2015-04-18,SG,ACTIVE,3169
EMP000783,Falan Parsa,emp783@abc-retail.example,Engineering,Director,40972.0,2023-06-02,IN,INACTIVE,8708
EMP000784,Maya Pandit,emp784@abc-retail.example,Operations,Senior Manager,70257.05,2023-03-06,IN,ACTIVE,6389
EMP000785,Unnati Pal,emp785@abc-retail.example,Security,Manager,124832.4,2025-12-07,DE,ACTIVE,5200
EMP000786,Deepa Mammen,emp786@abc-retail.example,Engineering,Analyst,39739.83,2017-05-08,SG,ACTIVE,0183
EMP000787,Harini Kale,emp787@abc-retail.example,Sales,Analyst,135180.28,2018-10-04,SG,ACTIVE,3264
EMP000788,Mahika Mall,emp788@abc-retail.example,Engineering,Analyst,122350.24,2024-04-04,GB,ACTIVE,2010
EMP000789,Kai Cheema,emp789@abc-retail.example,Security,Director,124571.73,2017-09-04,GB,ACTIVE,2817
EMP000790,Utkarsh Gill,emp790@abc-retail.example,Finance,Engineer,179914.6,2020-03-05,IN,ACTIVE,5340
EMP000791,Lila Cherian,emp791@abc-retail.example,Operations,Analyst,81216.38,2018-10-14,US,ACTIVE,5904
EMP000792,Dev Jaggi,emp792@abc-retail.example,HR,Director,145537.94,2018-12-24,SG,ACTIVE,7211
EMP000793,Nandini Sem,emp793@abc-retail.example,Operations,Analyst,47886.62,2025-11-23,DE,INACTIVE,0506
EMP000794,Rishi Srivastava,emp794@abc-retail.example,Finance,Analyst,177224.05,2020-11-09,DE,ACTIVE,6492
EMP000795,Shaurya Sarkar,emp795@abc-retail.example,Security,Analyst,126966.57,2022-03-29,IN,ACTIVE,3838
EMP000796,Matthew Roy,emp796@abc-retail.example,Marketing,Manager,139789.61,2020-08-08,GB,ACTIVE,8033
EMP000797,Vasudha Sekhon,emp797@abc-retail.example,Operations,Analyst,55920.58,2022-07-28,IN,ACTIVE,2589
EMP000798,Tanveer Mitra,emp798@abc-retail.example,HR,Analyst,110794.72,2016-12-17,DE,ACTIVE,6261
EMP000799,Saumya Gole,emp799@abc-retail.example,Engineering,Director,111704.2,2019-10-03,GB,ACTIVE,3832
EMP000800,Samuel Sharma,emp800@abc-retail.example,Finance,Senior Manager,64266.61,2021-10-23,IN,ACTIVE,9677
EMP000801,Quincy Arora,emp801@abc-retail.example,Engineering,Senior Manager,60230.04,2021-09-21,IN,ACTIVE,9973
EMP000802,Chandran Aggarwal,emp802@abc-retail.example,Engineering,Manager,49491.17,2022-03-27,GB,ACTIVE,6398
EMP000803,Lipika Pillay,emp803@abc-retail.example,Finance,Engineer,51399.8,2020-03-25,DE,ACTIVE,3319
EMP000804,Maanav Sarraf,emp804@abc-retail.example,Engineering,Analyst,139521.19,2016-02-29,DE,ACTIVE,6270
EMP000805,Ikshita Barad,emp805@abc-retail.example,Engineering,Director,139264.19,2023-07-25,IN,ACTIVE,9200
EMP000806,Kabir Parekh,emp806@abc-retail.example,Operations,Manager,65704.41,2015-06-09,SG,INACTIVE,6859
EMP000807,Varsha Kunda,emp807@abc-retail.example,Security,Senior Manager,71393.44,2017-09-23,IN,INACTIVE,4777
EMP000808,Faqid Radhakrishnan,emp808@abc-retail.example,HR,Engineer,153555.25,2022-09-23,US,ACTIVE,2101
EMP000809,Bishakha Sethi,emp809@abc-retail.example,Engineering,Director,36280.54,2025-07-26,DE,ACTIVE,6365
EMP000810,Anjali Saini,emp810@abc-retail.example,HR,Manager,67535.31,2018-04-27,GB,ACTIVE,2113
EMP000811,Gopal Dhar,emp811@abc-retail.example,Sales,Engineer,58550.17,2023-09-13,DE,ACTIVE,3779
EMP000812,Onveer Thakur,emp812@abc-retail.example,Sales,Senior Manager,178342.96,2018-01-08,GB,INACTIVE,6383
EMP000813,Yadavi Prashad,emp813@abc-retail.example,Security,Engineer,156629.18,2019-11-11,US,ACTIVE,3393
EMP000814,Panini Ravi,emp814@abc-retail.example,HR,Engineer,136906.68,2022-06-13,US,ACTIVE,7504
EMP000815,Charan Sha,emp815@abc-retail.example,HR,Director,159533.02,2020-06-08,DE,ACTIVE,6764
EMP000816,Chaitaly Banik,emp816@abc-retail.example,Security,Analyst,169441.97,2023-08-18,SG,ACTIVE,5231
EMP000817,Nisha Sankar,emp817@abc-retail.example,HR,Manager,137928.58,2023-05-05,SG,ACTIVE,5214
EMP000818,Vincent Garg,emp818@abc-retail.example,HR,Manager,118543.98,2023-04-12,IN,ACTIVE,7062
EMP000819,Abhimanyu Comar,emp819@abc-retail.example,HR,Engineer,171280.15,2023-06-05,SG,ACTIVE,2993
EMP000820,Sanaya Doshi,emp820@abc-retail.example,Sales,Engineer,115216.31,2020-12-16,SG,ACTIVE,6868
EMP000821,Abhimanyu Nazareth,emp821@abc-retail.example,Engineering,Analyst,160225.52,2022-05-17,GB,INACTIVE,4099
EMP000822,Gaurika Kohli,emp822@abc-retail.example,Security,Director,155829.69,2025-08-28,DE,ACTIVE,6850
EMP000823,Reva Kata,emp823@abc-retail.example,Marketing,Analyst,162383.25,2020-02-23,IN,ACTIVE,1469
EMP000824,Oscar Kota,emp824@abc-retail.example,Operations,Director,101917.82,2025-03-04,SG,ACTIVE,8394
EMP000825,Urishilla Rajagopal,emp825@abc-retail.example,Engineering,Engineer,154138.75,2015-01-04,SG,ACTIVE,0773
EMP000826,Madhavi Dhingra,emp826@abc-retail.example,Security,Senior Manager,77385.93,2025-05-24,IN,ACTIVE,8638
EMP000827,Yug Bali,emp827@abc-retail.example,Marketing,Engineer,94311.85,2019-01-17,DE,ACTIVE,6726
EMP000828,Bhavini Ramesh,emp828@abc-retail.example,Engineering,Analyst,85238.35,2023-06-19,SG,ACTIVE,4194
EMP000829,Panini Nanda,emp829@abc-retail.example,Finance,Director,66202.4,2021-11-03,SG,ACTIVE,1365
EMP000830,Sara Kulkarni,emp830@abc-retail.example,Operations,Director,97374.26,2021-06-27,DE,ACTIVE,5471
EMP000831,Kala Bhat,emp831@abc-retail.example,Security,Analyst,78198.24,2019-09-23,GB,ACTIVE,0840
EMP000832,Forum Sekhon,emp832@abc-retail.example,Sales,Senior Manager,61394.8,2015-07-12,DE,ACTIVE,0778
EMP000833,Ikbal Chatterjee,emp833@abc-retail.example,Security,Engineer,114040.39,2016-10-05,DE,ACTIVE,9282
EMP000834,Agastya Sidhu,emp834@abc-retail.example,Marketing,Analyst,118883.05,2021-11-12,SG,ACTIVE,9469
EMP000835,William Garg,emp835@abc-retail.example,HR,Engineer,104514.77,2018-06-20,DE,ACTIVE,3394
EMP000836,Dev Vohra,emp836@abc-retail.example,Engineering,Manager,164082.96,2023-10-05,GB,ACTIVE,0603
EMP000837,Girik Mital,emp837@abc-retail.example,Operations,Manager,112716.87,2023-01-01,US,ACTIVE,9018
EMP000838,Sathvik Uppal,emp838@abc-retail.example,Security,Manager,122079.0,2024-06-10,SG,ACTIVE,0667
EMP000839,Frado Prakash,emp839@abc-retail.example,Engineering,Manager,161822.82,2018-05-10,US,ACTIVE,1167
EMP000840,Tristan Puri,emp840@abc-retail.example,Marketing,Director,98110.97,2020-10-25,SG,ACTIVE,5735
EMP000841,Veer Oak,emp841@abc-retail.example,HR,Analyst,106293.22,2020-09-19,SG,ACTIVE,3722
EMP000842,Anjali Sagar,emp842@abc-retail.example,Marketing,Director,178749.73,2019-02-23,IN,INACTIVE,1663
EMP000843,Sai Soman,emp843@abc-retail.example,Marketing,Analyst,76959.35,2023-03-16,SG,ACTIVE,5398
EMP000844,Rayaan Jani,emp844@abc-retail.example,Engineering,Engineer,96526.33,2018-12-18,US,ACTIVE,7843
EMP000845,Aarush Bumb,emp845@abc-retail.example,Marketing,Analyst,162097.2,2021-11-15,DE,ACTIVE,0078
EMP000846,Ikbal Butala,emp846@abc-retail.example,Operations,Senior Manager,143624.12,2020-06-20,SG,ACTIVE,0791
EMP000847,Ishaan Kalita,emp847@abc-retail.example,Marketing,Director,50467.66,2015-06-14,GB,ACTIVE,5578
EMP000848,Kevin Krishna,emp848@abc-retail.example,HR,Analyst,37883.44,2017-04-05,IN,ACTIVE,9586
EMP000849,Ekansh Pant,emp849@abc-retail.example,Marketing,Senior Manager,179373.65,2015-11-12,US,INACTIVE,2883
EMP000850,Chasmum Sharma,emp850@abc-retail.example,Finance,Director,165334.88,2019-07-05,GB,ACTIVE,4245
EMP000851,Charan Bora,emp851@abc-retail.example,Finance,Manager,65766.03,2021-10-14,GB,ACTIVE,2502
EMP000852,Inaya Agarwal,emp852@abc-retail.example,Marketing,Manager,176156.95,2019-10-10,GB,ACTIVE,3374
EMP000853,Tanay Mital,emp853@abc-retail.example,Finance,Director,79325.61,2019-01-15,US,ACTIVE,7360
EMP000854,Ira Sastry,emp854@abc-retail.example,Operations,Director,145399.23,2025-04-08,GB,ACTIVE,9881
EMP000855,Suhani Bava,emp855@abc-retail.example,Sales,Engineer,83348.48,2020-01-01,IN,ACTIVE,8907
EMP000856,Michael Sen,emp856@abc-retail.example,Security,Engineer,166893.62,2019-02-28,US,ACTIVE,2275
EMP000857,Hemang Dalal,emp857@abc-retail.example,Finance,Analyst,172987.16,2018-11-25,IN,ACTIVE,1611
EMP000858,Harrison Basak,emp858@abc-retail.example,Operations,Manager,74081.19,2024-01-13,SG,ACTIVE,8870
EMP000859,Ishani Dutt,emp859@abc-retail.example,Operations,Director,105506.75,2020-11-18,DE,ACTIVE,6313
EMP000860,Yatan Saini,emp860@abc-retail.example,Sales,Manager,43597.31,2021-12-14,IN,ACTIVE,1781
EMP000861,Abhiram Lalla,emp861@abc-retail.example,HR,Engineer,80936.3,2023-08-16,DE,ACTIVE,1049
EMP000862,Yutika Tella,emp862@abc-retail.example,Engineering,Director,57210.88,2017-01-17,IN,ACTIVE,1993
EMP000863,Baghyawati Chakrabarti,emp863@abc-retail.example,HR,Analyst,110244.3,2017-02-03,GB,ACTIVE,6874
EMP000864,Anusha Rajagopalan,emp864@abc-retail.example,Operations,Analyst,127156.68,2018-05-01,IN,ACTIVE,3565
EMP000865,Aadi Bhat,emp865@abc-retail.example,HR,Manager,151075.6,2025-11-14,GB,ACTIVE,8253
EMP000866,Bakhshi Sood,emp866@abc-retail.example,Marketing,Manager,170979.26,2018-03-01,GB,ACTIVE,4691
EMP000867,Yashica Muni,emp867@abc-retail.example,Sales,Engineer,84875.37,2021-04-15,DE,ACTIVE,5232
EMP000868,Nikita Palla,emp868@abc-retail.example,Sales,Senior Manager,104494.58,2015-11-16,DE,ACTIVE,4969
EMP000869,Nachiket Borah,emp869@abc-retail.example,Security,Manager,107434.0,2021-04-24,SG,ACTIVE,3850
EMP000870,Baghyawati Edwin,emp870@abc-retail.example,Finance,Analyst,146524.34,2015-12-05,SG,ACTIVE,5656
EMP000871,Chatura Sane,emp871@abc-retail.example,Sales,Manager,71142.33,2025-08-13,GB,ACTIVE,3278
EMP000872,Mugdha Sem,emp872@abc-retail.example,Sales,Analyst,156312.96,2018-01-13,DE,ACTIVE,3481
EMP000873,Vasana Bhattacharyya,emp873@abc-retail.example,Engineering,Manager,177529.79,2024-08-08,US,INACTIVE,6744
EMP000874,Ansh Sem,emp874@abc-retail.example,Marketing,Engineer,157247.66,2015-12-13,SG,ACTIVE,8623
EMP000875,Ishita Sandal,emp875@abc-retail.example,Security,Engineer,166131.06,2022-05-29,DE,INACTIVE,3800
EMP000876,Balveer Bassi,emp876@abc-retail.example,Engineering,Senior Manager,131741.72,2015-07-05,GB,ACTIVE,5464
EMP000877,Noah Mand,emp877@abc-retail.example,Sales,Analyst,148209.21,2022-03-02,DE,ACTIVE,2013
EMP000878,Nihal Sathe,emp878@abc-retail.example,HR,Analyst,106801.54,2025-01-09,GB,ACTIVE,1599
EMP000879,Ubika Modi,emp879@abc-retail.example,Operations,Analyst,134637.37,2018-09-26,SG,ACTIVE,4058
EMP000880,Onveer Kohli,emp880@abc-retail.example,Engineering,Director,88875.61,2025-02-14,IN,INACTIVE,7269
EMP000881,Tristan Sandal,emp881@abc-retail.example,HR,Analyst,93215.47,2017-10-30,DE,ACTIVE,5346
EMP000882,Vihaan Lal,emp882@abc-retail.example,Security,Director,117987.95,2023-02-27,GB,ACTIVE,7572
EMP000883,Theodore Master,emp883@abc-retail.example,Security,Senior Manager,57681.36,2015-12-08,IN,ACTIVE,9283
EMP000884,Ekaja Atwal,emp884@abc-retail.example,Security,Senior Manager,164324.0,2021-03-15,GB,ACTIVE,2740
EMP000885,Edhitha Nigam,emp885@abc-retail.example,Engineering,Director,140016.78,2024-06-03,GB,ACTIVE,1952
EMP000886,Jairaj Khanna,emp886@abc-retail.example,Finance,Director,136592.39,2022-05-03,GB,ACTIVE,9927
EMP000887,Oscar Grewal,emp887@abc-retail.example,Engineering,Manager,106142.1,2016-05-18,SG,ACTIVE,7779
EMP000888,Priya Vaidya,emp888@abc-retail.example,Finance,Analyst,110649.28,2023-05-09,DE,ACTIVE,6201
EMP000889,Jai Doshi,emp889@abc-retail.example,Finance,Engineer,124345.57,2017-01-07,GB,ACTIVE,5825
EMP000890,Turvi Chanda,emp890@abc-retail.example,Engineering,Engineer,152297.78,2022-07-10,IN,ACTIVE,7582
EMP000891,Anvi Raja,emp891@abc-retail.example,HR,Director,131658.72,2020-03-07,IN,ACTIVE,7095
EMP000892,Urmi Balasubramanian,emp892@abc-retail.example,HR,Analyst,53594.75,2023-04-28,GB,ACTIVE,8514
EMP000893,Tamanna Goyal,emp893@abc-retail.example,Marketing,Manager,37619.84,2024-10-28,IN,ACTIVE,4428
EMP000894,Ekta Konda,emp894@abc-retail.example,Marketing,Senior Manager,135326.42,2020-04-23,US,INACTIVE,7798
EMP000895,Luke Sachdev,emp895@abc-retail.example,Operations,Director,148595.46,2018-07-11,IN,ACTIVE,9423
EMP000896,Arunima Hegde,emp896@abc-retail.example,Finance,Director,128505.87,2025-05-28,US,ACTIVE,2359
EMP000897,Janaki Ramesh,emp897@abc-retail.example,Operations,Senior Manager,153321.86,2022-09-10,DE,ACTIVE,4599
EMP000898,Netra Rattan,emp898@abc-retail.example,Security,Senior Manager,82696.54,2016-01-07,DE,ACTIVE,7227
EMP000899,Divya Atwal,emp899@abc-retail.example,Sales,Analyst,87239.05,2020-02-01,SG,ACTIVE,2920
EMP000900,Advay Sarraf,emp900@abc-retail.example,Marketing,Engineer,35305.29,2015-01-19,SG,INACTIVE,9101
EMP000901,Bina Ghose,emp901@abc-retail.example,Security,Analyst,123998.3,2015-03-13,SG,ACTIVE,8282
EMP000902,Gayathri Shenoy,emp902@abc-retail.example,Finance,Director,96195.47,2024-02-27,GB,ACTIVE,3796
EMP000903,Yash Sandhu,emp903@abc-retail.example,Finance,Manager,107906.29,2025-03-01,SG,ACTIVE,8138
EMP000904,Isaiah Jha,emp904@abc-retail.example,Engineering,Engineer,54362.29,2016-07-30,GB,ACTIVE,6756
EMP000905,Zilmil Peri,emp905@abc-retail.example,Security,Manager,49922.68,2019-10-05,IN,ACTIVE,6251
EMP000906,Ishani Jha,emp906@abc-retail.example,Marketing,Manager,84006.94,2018-07-02,SG,ACTIVE,0481
EMP000907,Rajeshri Hari,emp907@abc-retail.example,Sales,Manager,47880.64,2021-07-19,SG,ACTIVE,4835
EMP000908,Harish Mammen,emp908@abc-retail.example,Operations,Manager,72664.3,2023-07-17,US,ACTIVE,8353
EMP000909,Lucky Bhakta,emp909@abc-retail.example,Marketing,Senior Manager,73496.3,2023-04-20,GB,ACTIVE,6564
EMP000910,Chakradev Sengupta,emp910@abc-retail.example,Finance,Director,96606.67,2015-10-22,DE,ACTIVE,3889
EMP000911,Deepa Kapadia,emp911@abc-retail.example,Marketing,Senior Manager,41322.96,2021-03-18,US,ACTIVE,9685
EMP000912,Urmi Dara,emp912@abc-retail.example,Finance,Analyst,98077.53,2023-03-07,US,ACTIVE,4554
EMP000913,Lopa Goel,emp913@abc-retail.example,Engineering,Senior Manager,88817.07,2025-03-04,DE,ACTIVE,8320
EMP000914,Anjali Dada,emp914@abc-retail.example,Operations,Senior Manager,115192.32,2015-02-18,GB,ACTIVE,1088
EMP000915,Rishi Mani,emp915@abc-retail.example,Engineering,Senior Manager,58912.89,2020-03-01,GB,ACTIVE,3043
EMP000916,Gayathri Thakkar,emp916@abc-retail.example,Sales,Director,178507.23,2017-04-25,US,ACTIVE,3591
EMP000917,Anthony Kanda,emp917@abc-retail.example,Operations,Engineer,44489.45,2018-06-07,DE,ACTIVE,6145
EMP000918,Vasudha Som,emp918@abc-retail.example,Security,Senior Manager,172412.8,2023-03-16,US,ACTIVE,9431
EMP000919,Kritika Dua,emp919@abc-retail.example,Security,Director,115284.32,2021-08-20,IN,ACTIVE,8248
EMP000920,Pooja Deo,emp920@abc-retail.example,HR,Engineer,109422.8,2018-02-14,SG,ACTIVE,1927
EMP000921,Oliver Warrior,emp921@abc-retail.example,HR,Director,89757.68,2024-03-11,SG,ACTIVE,3443
EMP000922,Gaurav Chandra,emp922@abc-retail.example,Security,Engineer,59184.06,2015-09-21,US,ACTIVE,9324
EMP000923,Yashodhara Tailor,emp923@abc-retail.example,HR,Manager,63273.23,2022-07-17,US,INACTIVE,9299
EMP000924,Hemangini Bedi,emp924@abc-retail.example,Engineering,Engineer,57138.19,2017-05-25,DE,ACTIVE,5107
EMP000925,Falguni Varty,emp925@abc-retail.example,HR,Engineer,157021.91,2022-07-04,IN,ACTIVE,1160
EMP000926,Jeet Chaudhary,emp926@abc-retail.example,HR,Director,120929.65,2023-08-19,US,ACTIVE,7888
EMP000927,Deepa Chadha,emp927@abc-retail.example,Marketing,Engineer,145252.48,2015-09-10,GB,ACTIVE,6860
EMP000928,Warda Kaul,emp928@abc-retail.example,HR,Analyst,76519.3,2019-11-15,US,ACTIVE,2853
EMP000929,Owen Ranganathan,emp929@abc-retail.example,Operations,Director,60777.77,2016-11-21,DE,ACTIVE,8787
EMP000930,Arunima Sani,emp930@abc-retail.example,Engineering,Director,89939.22,2017-04-04,IN,ACTIVE,2598
EMP000931,Peter Doctor,emp931@abc-retail.example,Operations,Senior Manager,49216.2,2019-12-22,DE,ACTIVE,7439
EMP000932,Ekalinga Sastry,emp932@abc-retail.example,HR,Senior Manager,175349.95,2016-11-22,IN,ACTIVE,5511
EMP000933,Nihal Mallick,emp933@abc-retail.example,Sales,Senior Manager,43941.36,2017-12-17,GB,ACTIVE,8057
EMP000934,Hitesh Parsa,emp934@abc-retail.example,Marketing,Director,88632.29,2018-11-26,IN,ACTIVE,4185
EMP000935,Aahana Rau,emp935@abc-retail.example,Security,Senior Manager,125258.9,2024-09-20,US,ACTIVE,2186
EMP000936,Wazir Sandal,emp936@abc-retail.example,HR,Senior Manager,111574.57,2025-08-19,SG,ACTIVE,6667
EMP000937,Omya Wable,emp937@abc-retail.example,Engineering,Senior Manager,128586.91,2016-08-22,SG,ACTIVE,9188
EMP000938,Nicholas Jaggi,emp938@abc-retail.example,Marketing,Director,150371.04,2025-09-17,SG,ACTIVE,8916
EMP000939,Patrick Samra,emp939@abc-retail.example,Engineering,Analyst,108393.66,2024-08-31,IN,ACTIVE,6502
EMP000940,Chakradev Nazareth,emp940@abc-retail.example,Operations,Director,57310.01,2016-04-18,GB,ACTIVE,5263
EMP000941,Nathaniel Rajagopalan,emp941@abc-retail.example,Marketing,Director,89897.17,2015-03-25,US,ACTIVE,6953
EMP000942,Henry Walla,emp942@abc-retail.example,Finance,Manager,103589.16,2016-03-09,GB,ACTIVE,1328
EMP000943,Ranveer Dutta,emp943@abc-retail.example,Operations,Engineer,92278.33,2015-11-23,DE,ACTIVE,7087
EMP000944,Anirudh Acharya,emp944@abc-retail.example,Finance,Senior Manager,35713.38,2025-05-03,SG,ACTIVE,5890
EMP000945,Bhavini Parsa,emp945@abc-retail.example,Security,Senior Manager,174817.25,2021-04-16,GB,ACTIVE,7519
EMP000946,Ijaya Menon,emp946@abc-retail.example,Engineering,Director,104818.35,2015-10-10,GB,ACTIVE,0137
EMP000947,Samesh Bir,emp947@abc-retail.example,Security,Senior Manager,160827.83,2019-01-12,SG,ACTIVE,4654
EMP000948,Hiral Doshi,emp948@abc-retail.example,Sales,Director,81293.1,2025-01-06,DE,ACTIVE,6021
EMP000949,Tristan Mangal,emp949@abc-retail.example,HR,Engineer,90005.7,2019-11-26,DE,ACTIVE,4170
EMP000950,Advaith Choudhry,emp950@abc-retail.example,Operations,Analyst,82535.65,2025-07-11,GB,ACTIVE,0243
EMP000951,Jeet Ratta,emp951@abc-retail.example,Security,Director,125063.75,2021-12-03,IN,ACTIVE,9945
EMP000952,Deepa Date,emp952@abc-retail.example,Marketing,Manager,85277.77,2015-11-13,DE,ACTIVE,3428
EMP000953,Hiral Murthy,emp953@abc-retail.example,Marketing,Director,137206.38,2023-07-01,SG,ACTIVE,4139
EMP000954,Onveer Hari,emp954@abc-retail.example,Operations,Analyst,148930.24,2021-08-24,GB,ACTIVE,3363
EMP000955,Adweta Arya,emp955@abc-retail.example,Operations,Director,78174.97,2017-12-08,GB,ACTIVE,2462
EMP000956,Charvi Batta,emp956@abc-retail.example,Operations,Engineer,152638.9,2025-11-11,DE,ACTIVE,4238
EMP000957,Bhavika Dalal,emp957@abc-retail.example,Security,Analyst,84415.76,2022-04-21,DE,ACTIVE,1551
EMP000958,Jackson Kale,emp958@abc-retail.example,Security,Senior Manager,156326.55,2019-01-27,SG,ACTIVE,3079
EMP000959,Madhav Salvi,emp959@abc-retail.example,Security,Analyst,130723.18,2019-08-04,GB,ACTIVE,9500
EMP000960,Ayaan Bali,emp960@abc-retail.example,Sales,Engineer,175437.92,2022-02-28,SG,ACTIVE,6218
EMP000961,Urmi Dara,emp961@abc-retail.example,HR,Analyst,63193.54,2025-11-03,US,ACTIVE,7660
EMP000962,Owen Anne,emp962@abc-retail.example,Operations,Engineer,98995.24,2022-02-15,GB,ACTIVE,4651
EMP000963,Gaurika Reddy,emp963@abc-retail.example,Operations,Engineer,48788.83,2017-11-08,GB,ACTIVE,7208
EMP000964,Bhavini Saran,emp964@abc-retail.example,Marketing,Analyst,96736.16,2020-12-03,SG,ACTIVE,5831
EMP000965,Ucchal Karnik,emp965@abc-retail.example,HR,Engineer,40698.61,2019-06-02,US,ACTIVE,7352
EMP000966,Yatin Mander,emp966@abc-retail.example,Sales,Senior Manager,118358.68,2018-01-08,US,ACTIVE,7304
EMP000967,Reva Tandon,emp967@abc-retail.example,Engineering,Analyst,132230.09,2016-01-20,SG,ACTIVE,9269
EMP000968,Frederick Dugar,emp968@abc-retail.example,HR,Senior Manager,136955.38,2024-02-05,GB,ACTIVE,9191
EMP000969,Indrajit Prakash,emp969@abc-retail.example,Sales,Engineer,44137.37,2024-09-09,IN,ACTIVE,1786
EMP000970,Gautami Kapur,emp970@abc-retail.example,Security,Senior Manager,69594.97,2019-05-29,IN,ACTIVE,0109
EMP000971,Maanav Date,emp971@abc-retail.example,Marketing,Senior Manager,53151.42,2021-02-26,DE,ACTIVE,7014
EMP000972,David Lalla,emp972@abc-retail.example,Engineering,Manager,154486.78,2015-01-16,SG,INACTIVE,9624
EMP000973,Christopher Kadakia,emp973@abc-retail.example,Security,Senior Manager,85738.14,2023-07-26,DE,ACTIVE,7102
EMP000974,Arya Kalla,emp974@abc-retail.example,Engineering,Director,89371.1,2019-03-31,SG,ACTIVE,6851
EMP000975,Amara Dubey,emp975@abc-retail.example,Finance,Analyst,79657.83,2022-03-01,DE,ACTIVE,8447
EMP000976,Atharv Bal,emp976@abc-retail.example,Security,Analyst,150866.73,2023-12-27,GB,ACTIVE,1542
EMP000977,Vinaya Chopra,emp977@abc-retail.example,HR,Analyst,174155.13,2021-01-16,SG,ACTIVE,6365
EMP000978,Liam Wagle,emp978@abc-retail.example,Security,Manager,55594.68,2019-01-22,DE,ACTIVE,6934
EMP000979,Ucchal Golla,emp979@abc-retail.example,Marketing,Analyst,99368.1,2022-07-20,US,ACTIVE,9341
EMP000980,Tanmayi Sem,emp980@abc-retail.example,Operations,Manager,78486.55,2024-07-12,SG,ACTIVE,4196
EMP000981,Suhani Bassi,emp981@abc-retail.example,Marketing,Senior Manager,65706.46,2015-02-17,GB,ACTIVE,1101
EMP000982,Adya Chowdhury,emp982@abc-retail.example,Sales,Director,137758.48,2024-03-23,GB,ACTIVE,5601
EMP000983,Vasatika Mann,emp983@abc-retail.example,Operations,Engineer,158800.35,2024-10-26,GB,ACTIVE,3275
EMP000984,Neelima Banik,emp984@abc-retail.example,HR,Engineer,44207.71,2017-01-04,IN,ACTIVE,3055
EMP000985,Divya Nanda,emp985@abc-retail.example,HR,Director,42223.51,2025-07-15,US,INACTIVE,9082
EMP000986,Harsh Bhat,emp986@abc-retail.example,Finance,Manager,47709.33,2019-09-14,US,ACTIVE,1356
EMP000987,Damini Sood,emp987@abc-retail.example,Security,Senior Manager,101012.22,2022-04-20,US,ACTIVE,6160
EMP000988,Pranav Thaman,emp988@abc-retail.example,Security,Senior Manager,147952.66,2018-02-01,IN,ACTIVE,0814
EMP000989,Rayaan Badal,emp989@abc-retail.example,Engineering,Engineer,108478.55,2022-12-09,GB,ACTIVE,2708
EMP000990,Abhimanyu Gala,emp990@abc-retail.example,Engineering,Senior Manager,126183.59,2024-07-17,IN,ACTIVE,8340
EMP000991,Raksha Nath,emp991@abc-retail.example,Finance,Senior Manager,158963.32,2025-08-23,SG,INACTIVE,0108
EMP000992,Ekalinga Keer,emp992@abc-retail.example,HR,Engineer,106860.47,2021-12-28,SG,ACTIVE,5241
EMP000993,Aarini Acharya,emp993@abc-retail.example,Engineering,Director,161128.96,2019-01-09,US,ACTIVE,4824
EMP000994,Yuvraj Bhargava,emp994@abc-retail.example,HR,Manager,76811.58,2015-09-07,DE,ACTIVE,8005
EMP000995,Vrishti Sandal,emp995@abc-retail.example,Sales,Senior Manager,113460.1,2020-04-09,SG,INACTIVE,0956
EMP000996,Tanish Bhavsar,emp996@abc-retail.example,Finance,Engineer,140364.57,2025-06-16,SG,ACTIVE,9160
EMP000997,Warhi Mammen,emp997@abc-retail.example,Engineering,Director,82127.9,2015-03-02,IN,ACTIVE,1621
EMP000998,Xiti Aggarwal,emp998@abc-retail.example,Security,Manager,136190.32,2021-05-18,DE,INACTIVE,3393
EMP000999,Adweta Chacko,emp999@abc-retail.example,Operations,Manager,73823.82,2021-07-31,SG,INACTIVE,3439
EMP001000,Ijaya Ravel,emp1000@abc-retail.example,Finance,Analyst,163644.52,2021-04-02,SG,INACTIVE,4048
EMP001001,Osha Parikh,emp1001@abc-retail.example,Sales,Manager,120738.58,2018-07-17,US,ACTIVE,6157
EMP001002,Devansh Gala,emp1002@abc-retail.example,Sales,Engineer,94004.44,2017-11-28,US,ACTIVE,7422
EMP001003,Manan Sampath,emp1003@abc-retail.example,Security,Analyst,179292.58,2025-09-03,DE,ACTIVE,9645
EMP001004,Krishna Khalsa,emp1004@abc-retail.example,Marketing,Engineer,107010.14,2015-07-08,US,ACTIVE,7818
EMP001005,Balhaar Mishra,emp1005@abc-retail.example,Finance,Senior Manager,54406.79,2016-05-22,DE,ACTIVE,8524
EMP001006,Bhavani Nayak,emp1006@abc-retail.example,Finance,Director,171288.9,2022-07-20,IN,ACTIVE,5055
EMP001007,Pratyush Acharya,emp1007@abc-retail.example,Marketing,Senior Manager,161503.68,2022-10-17,SG,ACTIVE,7664
EMP001008,Yuvraj Bansal,emp1008@abc-retail.example,Sales,Director,130560.92,2017-09-09,US,ACTIVE,7697
EMP001009,Yagnesh Karpe,emp1009@abc-retail.example,Finance,Senior Manager,42113.93,2025-01-19,GB,INACTIVE,0500
EMP001010,Ekiya Goel,emp1010@abc-retail.example,Marketing,Engineer,85982.59,2016-09-04,US,ACTIVE,0667
EMP001011,Chandran Buch,emp1011@abc-retail.example,Finance,Director,142548.96,2015-05-23,SG,ACTIVE,9073
EMP001012,Vaishnavi Prashad,emp1012@abc-retail.example,Security,Analyst,57535.62,2022-03-28,US,ACTIVE,2357
EMP001013,Tripti Chana,emp1013@abc-retail.example,Finance,Manager,169729.84,2024-03-13,GB,ACTIVE,1612
EMP001014,Pavani Misra,emp1014@abc-retail.example,Finance,Manager,78759.23,2025-11-15,DE,ACTIVE,8838
EMP001015,Ekani Chaudry,emp1015@abc-retail.example,Sales,Engineer,97730.46,2019-01-06,DE,ACTIVE,5979
EMP001016,Jagvi Gopal,emp1016@abc-retail.example,Security,Analyst,172107.23,2022-09-21,US,ACTIVE,4582
EMP001017,Raghav Dugal,emp1017@abc-retail.example,Finance,Analyst,78450.58,2018-04-23,US,ACTIVE,2458
EMP001018,Garima Mohan,emp1018@abc-retail.example,HR,Senior Manager,73457.27,2019-01-13,US,ACTIVE,0647
EMP001019,Lopa More,emp1019@abc-retail.example,Finance,Director,76800.32,2015-06-21,GB,ACTIVE,4042
EMP001020,Reva Prabhu,emp1020@abc-retail.example,Engineering,Director,89277.35,2017-09-21,DE,ACTIVE,3034
EMP001021,Bhavani Muni,emp1021@abc-retail.example,Security,Senior Manager,127734.02,2018-08-05,SG,ACTIVE,5612
EMP001022,Ikshita Shere,emp1022@abc-retail.example,Marketing,Engineer,113064.17,2024-05-16,GB,ACTIVE,1454
EMP001023,Gautami Joshi,emp1023@abc-retail.example,HR,Director,85718.04,2022-10-22,SG,ACTIVE,7814
EMP001024,Janaki Mahal,emp1024@abc-retail.example,Security,Senior Manager,106537.95,2015-04-10,US,ACTIVE,4613
EMP001025,Vivaan Thakur,emp1025@abc-retail.example,Engineering,Analyst,50542.33,2023-07-15,GB,ACTIVE,2935
EMP001026,Alka Babu,emp1026@abc-retail.example,Security,Analyst,81048.52,2018-01-15,SG,ACTIVE,0076
EMP001027,Madhavi Trivedi,emp1027@abc-retail.example,Finance,Senior Manager,58799.3,2025-08-28,IN,ACTIVE,9088
EMP001028,Faraj Ray,emp1028@abc-retail.example,Marketing,Senior Manager,115999.43,2018-05-02,IN,ACTIVE,0782
EMP001029,Amruta Bose,emp1029@abc-retail.example,HR,Senior Manager,115874.14,2023-07-07,US,ACTIVE,6406
EMP001030,Chasmum Goda,emp1030@abc-retail.example,Operations,Analyst,178759.07,2020-05-01,GB,ACTIVE,5438
EMP001031,George Halder,emp1031@abc-retail.example,Security,Engineer,117184.3,2019-03-19,DE,ACTIVE,5466
EMP001032,Ojasvi Arora,emp1032@abc-retail.example,HR,Engineer,58050.47,2021-01-27,US,INACTIVE,2794
EMP001033,Chatura Jayaraman,emp1033@abc-retail.example,HR,Senior Manager,143580.19,2025-07-26,IN,ACTIVE,1495
EMP001034,Ethan Narain,emp1034@abc-retail.example,Sales,Engineer,106906.05,2019-02-11,GB,ACTIVE,6142
EMP001035,Waida Sangha,emp1035@abc-retail.example,Marketing,Director,67301.7,2025-11-12,GB,ACTIVE,5629
EMP001036,Alexander Rau,emp1036@abc-retail.example,Marketing,Senior Manager,61513.65,2017-07-28,DE,ACTIVE,1685
EMP001037,Vrishti Natarajan,emp1037@abc-retail.example,Operations,Analyst,132784.31,2024-04-26,US,ACTIVE,4052
EMP001038,Ekanta Gupta,emp1038@abc-retail.example,Marketing,Manager,158924.31,2016-04-24,IN,ACTIVE,7764
EMP001039,Waida Atwal,emp1039@abc-retail.example,Finance,Senior Manager,72916.67,2022-06-22,SG,ACTIVE,7061
EMP001040,Amrita Swamy,emp1040@abc-retail.example,Security,Engineer,158126.35,2022-04-10,US,ACTIVE,2869
EMP001041,Dev Mall,emp1041@abc-retail.example,Engineering,Manager,73970.25,2025-04-02,GB,ACTIVE,3968
EMP001042,Mohammed Dora,emp1042@abc-retail.example,Marketing,Director,123112.41,2022-03-14,GB,ACTIVE,5433
EMP001043,Anita Muni,emp1043@abc-retail.example,Marketing,Manager,154727.62,2020-03-22,GB,ACTIVE,2055
EMP001044,Hitesh Oak,emp1044@abc-retail.example,Operations,Senior Manager,129900.52,2021-02-07,IN,ACTIVE,2074
EMP001045,Warjas Ganguly,emp1045@abc-retail.example,Operations,Analyst,122081.33,2016-08-01,US,ACTIVE,5517
EMP001046,Farhan Kashyap,emp1046@abc-retail.example,Engineering,Manager,115691.98,2018-10-15,GB,ACTIVE,3579
EMP001047,Hemal Krishnan,emp1047@abc-retail.example,Engineering,Manager,86199.75,2022-05-08,IN,ACTIVE,2643
EMP001048,Azaan Bhandari,emp1048@abc-retail.example,HR,Senior Manager,117949.35,2017-05-05,DE,ACTIVE,0609
EMP001049,Zaitra Buch,emp1049@abc-retail.example,Marketing,Director,166086.37,2019-06-29,GB,ACTIVE,2747
EMP001050,Vedant Pathak,emp1050@abc-retail.example,HR,Director,171594.22,2019-05-11,SG,ACTIVE,1211
EMP001051,Urvi Sodhi,emp1051@abc-retail.example,Marketing,Analyst,52832.09,2023-09-28,US,INACTIVE,1267
EMP001052,Vamakshi Parekh,emp1052@abc-retail.example,Marketing,Senior Manager,154366.35,2017-12-27,US,ACTIVE,4431
EMP001053,Pallavi Sandhu,emp1053@abc-retail.example,Engineering,Analyst,147232.99,2015-12-30,DE,ACTIVE,3405
EMP001054,Gagan Sandal,emp1054@abc-retail.example,Security,Manager,129982.47,2019-05-21,IN,ACTIVE,8532
EMP001055,Siddharth Banerjee,emp1055@abc-retail.example,Engineering,Director,39168.89,2017-08-19,IN,ACTIVE,1733
EMP001056,Aayush Khosla,emp1056@abc-retail.example,Marketing,Senior Manager,48034.32,2015-08-17,US,ACTIVE,3418
EMP001057,Yauvani Brahmbhatt,emp1057@abc-retail.example,Security,Analyst,67584.38,2017-12-20,DE,INACTIVE,2504
EMP001058,Ekanta Pandya,emp1058@abc-retail.example,Engineering,Director,41237.73,2022-11-29,US,ACTIVE,8075
EMP001059,Forum Nath,emp1059@abc-retail.example,Security,Analyst,104764.64,2015-11-25,SG,ACTIVE,6375
EMP001060,Gayathri Karnik,emp1060@abc-retail.example,Engineering,Senior Manager,170792.32,2020-04-13,IN,ACTIVE,8722
EMP001061,Nilima Arya,emp1061@abc-retail.example,Security,Director,139835.85,2015-10-01,GB,ACTIVE,3009
EMP001062,Jatin Thakkar,emp1062@abc-retail.example,Engineering,Analyst,39275.24,2020-04-04,US,ACTIVE,5841
EMP001063,Pranav Sagar,emp1063@abc-retail.example,Marketing,Engineer,161604.73,2015-11-12,IN,ACTIVE,2460
EMP001064,Nitesh Kale,emp1064@abc-retail.example,Engineering,Engineer,109372.66,2020-08-16,SG,ACTIVE,6762
EMP001065,Diya Nath,emp1065@abc-retail.example,Security,Director,78394.99,2017-10-28,SG,ACTIVE,3936
EMP001066,Gaurika Iyer,emp1066@abc-retail.example,Operations,Senior Manager,83250.47,2023-02-07,IN,ACTIVE,8207
EMP001067,Vivaan Bhargava,emp1067@abc-retail.example,Security,Engineer,124980.37,2017-04-27,IN,ACTIVE,9027
EMP001068,Nitara Bakshi,emp1068@abc-retail.example,Sales,Analyst,163963.93,2021-10-09,IN,INACTIVE,1840
EMP001069,Anya Anne,emp1069@abc-retail.example,Sales,Senior Manager,168420.75,2019-11-11,GB,ACTIVE,9136
EMP001070,William Tara,emp1070@abc-retail.example,HR,Senior Manager,162650.0,2017-10-29,GB,ACTIVE,5515
EMP001071,Maya Brahmbhatt,emp1071@abc-retail.example,Finance,Director,163894.26,2015-12-25,IN,INACTIVE,0593
EMP001072,Bimala Choudhry,emp1072@abc-retail.example,HR,Engineer,117433.44,2020-09-08,GB,ACTIVE,5169
EMP001073,Yash Balay,emp1073@abc-retail.example,Marketing,Manager,48696.75,2017-09-27,DE,INACTIVE,7939
EMP001074,Nidra Verma,emp1074@abc-retail.example,Security,Engineer,105995.87,2024-05-22,GB,ACTIVE,8593
EMP001075,Pratyush Prabhu,emp1075@abc-retail.example,Security,Analyst,75961.15,2015-01-26,US,ACTIVE,4697
EMP001076,Aditya Kara,emp1076@abc-retail.example,HR,Director,156467.65,2021-05-18,US,ACTIVE,4465
EMP001077,Jason Dubey,emp1077@abc-retail.example,Security,Senior Manager,131452.0,2023-04-02,DE,ACTIVE,1707
EMP001078,Aachal Doshi,emp1078@abc-retail.example,Sales,Senior Manager,112399.03,2018-12-22,GB,ACTIVE,6842
EMP001079,Michael Karnik,emp1079@abc-retail.example,Engineering,Manager,108151.49,2021-03-15,SG,ACTIVE,7421
EMP001080,Anika Ramanathan,emp1080@abc-retail.example,Sales,Engineer,160657.16,2015-02-04,US,INACTIVE,6399
EMP001081,Harini Nagy,emp1081@abc-retail.example,HR,Analyst,168218.38,2016-06-01,IN,ACTIVE,4582
EMP001082,Nirja Varkey,emp1082@abc-retail.example,Marketing,Manager,129725.29,2020-12-29,IN,ACTIVE,4421
EMP001083,Qadim Gour,emp1083@abc-retail.example,Security,Manager,121570.57,2024-01-17,SG,ACTIVE,3797
EMP001084,Raksha Minhas,emp1084@abc-retail.example,Engineering,Director,176012.86,2020-06-27,IN,ACTIVE,7748
EMP001085,Ekbal Karpe,emp1085@abc-retail.example,Marketing,Director,109160.06,2025-07-17,US,ACTIVE,5695
EMP001086,Aarnav Char,emp1086@abc-retail.example,Engineering,Director,98351.66,2023-01-29,IN,INACTIVE,6079
EMP001087,Vasudha Dhingra,emp1087@abc-retail.example,Marketing,Senior Manager,166368.06,2018-09-25,IN,ACTIVE,5807
EMP001088,Kabir Sarin,emp1088@abc-retail.example,Marketing,Analyst,78393.31,2020-02-14,SG,ACTIVE,2547
EMP001089,Avi Balakrishnan,emp1089@abc-retail.example,Finance,Manager,51640.61,2020-05-08,GB,ACTIVE,8384
EMP001090,Ishita Mahajan,emp1090@abc-retail.example,Engineering,Director,51774.52,2019-01-14,SG,ACTIVE,4416
EMP001091,Hamsini Yadav,emp1091@abc-retail.example,Marketing,Analyst,147065.15,2020-11-30,SG,ACTIVE,0996
EMP001092,Madhav Bawa,emp1092@abc-retail.example,HR,Analyst,140233.76,2016-03-23,IN,INACTIVE,7617
EMP001093,Rishi Dass,emp1093@abc-retail.example,Marketing,Engineer,120199.79,2022-08-11,DE,ACTIVE,5238
EMP001094,Vincent Samra,emp1094@abc-retail.example,Marketing,Manager,164741.4,2025-10-19,IN,ACTIVE,0287
EMP001095,Vrinda Dugar,emp1095@abc-retail.example,Operations,Director,64382.64,2017-10-14,DE,ACTIVE,2859
EMP001096,Eshana Solanki,emp1096@abc-retail.example,Sales,Analyst,115579.42,2023-02-12,IN,ACTIVE,2892
EMP001097,Ekavir Kapur,emp1097@abc-retail.example,Marketing,Senior Manager,170414.19,2023-08-20,US,ACTIVE,9116
EMP001098,Gabriel Kannan,emp1098@abc-retail.example,HR,Senior Manager,147109.28,2022-09-23,GB,ACTIVE,6872
EMP001099,Michael Mahajan,emp1099@abc-retail.example,HR,Manager,132955.29,2019-10-04,US,ACTIVE,2118
EMP001100,Ishani Pall,emp1100@abc-retail.example,Operations,Senior Manager,66516.68,2023-09-21,DE,INACTIVE,5507
EMP001101,Pushti Modi,emp1101@abc-retail.example,Marketing,Analyst,36746.76,2022-03-14,GB,ACTIVE,9808
EMP001102,Chakrika Narang,emp1102@abc-retail.example,Security,Analyst,93975.04,2024-07-08,GB,ACTIVE,5066
EMP001103,Triya Anne,emp1103@abc-retail.example,Engineering,Senior Manager,85331.03,2024-12-18,IN,ACTIVE,7102
EMP001104,Krishna Muni,emp1104@abc-retail.example,Security,Engineer,125058.8,2021-12-17,US,ACTIVE,9234
EMP001105,Ira Kannan,emp1105@abc-retail.example,Sales,Engineer,170341.45,2017-07-16,IN,ACTIVE,6587
EMP001106,Neha Subramaniam,emp1106@abc-retail.example,Marketing,Director,70019.05,2020-05-31,DE,ACTIVE,0837
EMP001107,Warinder Das,emp1107@abc-retail.example,HR,Engineer,85733.5,2024-11-22,IN,INACTIVE,9634
EMP001108,Lopa Verma,emp1108@abc-retail.example,HR,Engineer,119697.7,2017-09-01,IN,ACTIVE,9947
EMP001109,Dayamai Patla,emp1109@abc-retail.example,HR,Senior Manager,123788.2,2022-10-29,GB,INACTIVE,8083
EMP001110,Bimala Dayal,emp1110@abc-retail.example,HR,Analyst,80307.48,2016-03-09,SG,ACTIVE,3577
EMP001111,Upkaar Bhavsar,emp1111@abc-retail.example,Sales,Manager,50551.52,2019-03-10,SG,ACTIVE,4650
EMP001112,Aishani Sani,emp1112@abc-retail.example,Finance,Manager,83817.81,2016-12-28,IN,ACTIVE,1737
EMP001113,Upkaar Chakrabarti,emp1113@abc-retail.example,Finance,Manager,162157.81,2016-09-14,IN,ACTIVE,4592
EMP001114,Pranav Ramakrishnan,emp1114@abc-retail.example,Sales,Engineer,63645.69,2024-11-29,US,ACTIVE,8414
EMP001115,Ronith Bahl,emp1115@abc-retail.example,Engineering,Engineer,115094.62,2020-03-29,US,ACTIVE,3802
EMP001116,Abhimanyu Contractor,emp1116@abc-retail.example,Operations,Director,72119.28,2016-03-08,DE,ACTIVE,7213
EMP001117,Jagdish Korpal,emp1117@abc-retail.example,Security,Analyst,101882.04,2018-06-04,GB,ACTIVE,8031
EMP001118,Yash Toor,emp1118@abc-retail.example,Security,Manager,114809.17,2022-04-15,US,ACTIVE,5368
EMP001119,Quincy Chopra,emp1119@abc-retail.example,Sales,Manager,63266.35,2016-01-26,IN,ACTIVE,4582
EMP001120,Radhika Khare,emp1120@abc-retail.example,Sales,Director,120920.23,2025-08-30,IN,ACTIVE,5478
EMP001121,Sathvik Atwal,emp1121@abc-retail.example,Finance,Senior Manager,161115.63,2024-04-26,DE,ACTIVE,3113
EMP001122,Harita Bora,emp1122@abc-retail.example,Finance,Director,113626.82,2023-04-11,SG,ACTIVE,0614
EMP001123,Aayush Palla,emp1123@abc-retail.example,Marketing,Analyst,102732.02,2015-07-18,GB,ACTIVE,3651
EMP001124,Nachiket Randhawa,emp1124@abc-retail.example,Engineering,Manager,142805.98,2025-08-25,SG,INACTIVE,9022
EMP001125,Anvi Bandi,emp1125@abc-retail.example,Security,Director,149131.25,2015-01-25,GB,ACTIVE,2090
EMP001126,Ekaja Natt,emp1126@abc-retail.example,Marketing,Analyst,82808.43,2017-10-20,US,ACTIVE,8265
EMP001127,Mason Sundaram,emp1127@abc-retail.example,Marketing,Engineer,41599.23,2022-07-08,IN,ACTIVE,0122
EMP001128,Zilmil Prasad,emp1128@abc-retail.example,Sales,Manager,47095.41,2024-10-12,DE,ACTIVE,1333
EMP001129,Hema Sarma,emp1129@abc-retail.example,Operations,Engineer,84818.64,2023-02-13,DE,ACTIVE,3912
EMP001130,Mason Kumar,emp1130@abc-retail.example,Security,Analyst,174091.22,2021-05-15,DE,INACTIVE,2787
EMP001131,Gopal Rastogi,emp1131@abc-retail.example,Operations,Analyst,108005.92,2025-11-20,IN,ACTIVE,0615
EMP001132,Ishani Rajagopalan,emp1132@abc-retail.example,Marketing,Director,102578.5,2019-01-12,US,ACTIVE,1362
EMP001133,Harshil Morar,emp1133@abc-retail.example,Marketing,Senior Manager,115175.84,2019-10-11,US,ACTIVE,5547
EMP001134,Ria Chand,emp1134@abc-retail.example,Marketing,Manager,145352.18,2020-03-06,US,ACTIVE,7410
EMP001135,Urishilla Sundaram,emp1135@abc-retail.example,Marketing,Manager,158340.96,2017-06-08,GB,ACTIVE,8402
EMP001136,Falan Munshi,emp1136@abc-retail.example,Marketing,Director,174955.62,2022-03-20,GB,ACTIVE,3195
EMP001137,Omkaar Tandon,emp1137@abc-retail.example,Finance,Manager,83379.28,2018-11-24,SG,ACTIVE,5106
EMP001138,George Agrawal,emp1138@abc-retail.example,Security,Director,159155.31,2024-04-06,SG,ACTIVE,6431
EMP001139,Anvi Dhaliwal,emp1139@abc-retail.example,Marketing,Senior Manager,164198.99,2018-06-07,US,ACTIVE,0654
EMP001140,Pushti Tailor,emp1140@abc-retail.example,Finance,Manager,75681.74,2018-10-02,SG,INACTIVE,0888
EMP001141,Vincent Contractor,emp1141@abc-retail.example,Finance,Engineer,138649.02,2020-07-04,IN,ACTIVE,4408
EMP001142,Manbir Dhillon,emp1142@abc-retail.example,Engineering,Engineer,174170.73,2022-04-08,IN,ACTIVE,7912
EMP001143,Zaitra Datta,emp1143@abc-retail.example,Marketing,Director,105161.78,2018-08-24,SG,ACTIVE,8590
EMP001144,Ira Dubey,emp1144@abc-retail.example,Operations,Senior Manager,115917.03,2019-11-15,DE,ACTIVE,4166
EMP001145,Yashica Kumer,emp1145@abc-retail.example,Marketing,Analyst,163203.21,2021-07-26,DE,ACTIVE,0250
EMP001146,Varenya Mammen,emp1146@abc-retail.example,Engineering,Manager,129983.6,2021-06-10,SG,ACTIVE,5345
EMP001147,Lucky Sampath,emp1147@abc-retail.example,Engineering,Analyst,175219.31,2022-02-14,IN,ACTIVE,4444
EMP001148,Damyanti Malhotra,emp1148@abc-retail.example,Operations,Engineer,87225.71,2017-01-26,DE,ACTIVE,0318
EMP001149,Janani Kadakia,emp1149@abc-retail.example,HR,Analyst,105375.22,2018-09-24,SG,INACTIVE,2217
EMP001150,Bahadurjit Tailor,emp1150@abc-retail.example,Engineering,Director,49673.65,2020-04-27,GB,INACTIVE,5868
EMP001151,Victor Bhattacharyya,emp1151@abc-retail.example,Finance,Analyst,75828.3,2019-05-24,US,ACTIVE,9958
EMP001152,Shivansh Banik,emp1152@abc-retail.example,Sales,Manager,175133.04,2023-07-14,SG,ACTIVE,7280
EMP001153,Leena Kari,emp1153@abc-retail.example,Security,Senior Manager,94226.61,2024-11-19,DE,ACTIVE,0617
EMP001154,Rayaan Chatterjee,emp1154@abc-retail.example,Engineering,Senior Manager,53869.42,2017-05-06,US,ACTIVE,5609
EMP001155,Falak Handa,emp1155@abc-retail.example,Security,Director,158847.85,2019-02-25,DE,ACTIVE,8715
EMP001156,Ranbir Handa,emp1156@abc-retail.example,Finance,Director,81399.41,2021-11-28,DE,ACTIVE,2309
EMP001157,Omya Mangal,emp1157@abc-retail.example,Engineering,Manager,103037.5,2018-12-15,GB,ACTIVE,4998
EMP001158,Ekapad Jaggi,emp1158@abc-retail.example,Marketing,Senior Manager,114591.05,2018-04-05,SG,ACTIVE,7442
EMP001159,Upma Dhawan,emp1159@abc-retail.example,Security,Manager,38489.2,2023-11-13,GB,ACTIVE,1774
EMP001160,Yutika Sachdev,emp1160@abc-retail.example,Sales,Director,166482.28,2015-10-20,DE,ACTIVE,6317
EMP001161,Lipika Kumer,emp1161@abc-retail.example,Sales,Director,98826.03,2015-12-08,DE,ACTIVE,9870
EMP001162,Lila Ghose,emp1162@abc-retail.example,Security,Engineer,39742.74,2022-08-03,IN,ACTIVE,1968
EMP001163,Vansha Dhillon,emp1163@abc-retail.example,Operations,Senior Manager,107147.74,2022-03-31,SG,ACTIVE,5009
EMP001164,Charvi Saini,emp1164@abc-retail.example,HR,Manager,162045.63,2015-12-24,DE,ACTIVE,3597
EMP001165,Vasatika Narayanan,emp1165@abc-retail.example,Engineering,Engineer,91626.48,2023-01-19,SG,ACTIVE,3652
EMP001166,Qadim Gera,emp1166@abc-retail.example,Security,Engineer,153036.77,2015-11-08,IN,ACTIVE,9092
EMP001167,Anthony Kanda,emp1167@abc-retail.example,Security,Manager,64485.42,2022-12-17,IN,ACTIVE,3781
EMP001168,Karan Sagar,emp1168@abc-retail.example,Engineering,Engineer,75557.39,2021-03-14,DE,ACTIVE,2956
EMP001169,Vrinda Uppal,emp1169@abc-retail.example,Finance,Senior Manager,74506.03,2021-07-19,SG,ACTIVE,5360
EMP001170,Zashil Magar,emp1170@abc-retail.example,Finance,Manager,136991.96,2018-04-03,US,INACTIVE,8576
EMP001171,Chandresh Sachdeva,emp1171@abc-retail.example,Security,Manager,37764.89,2015-04-11,GB,ACTIVE,8528
EMP001172,Alexander Soman,emp1172@abc-retail.example,Engineering,Senior Manager,79278.79,2020-12-11,SG,ACTIVE,1832
EMP001173,Anirudh Rana,emp1173@abc-retail.example,Marketing,Engineer,167005.26,2019-09-28,US,ACTIVE,8238
EMP001174,Manan Dhillon,emp1174@abc-retail.example,Sales,Engineer,164044.86,2023-06-27,US,ACTIVE,0477
EMP001175,Priya Mangal,emp1175@abc-retail.example,Operations,Director,125988.6,2024-11-17,GB,ACTIVE,4444
EMP001176,Yash Grover,emp1176@abc-retail.example,Operations,Analyst,79330.09,2017-01-14,SG,INACTIVE,9634
EMP001177,Ayush Setty,emp1177@abc-retail.example,Operations,Director,47118.31,2017-02-08,IN,ACTIVE,4414
EMP001178,Vedika Cherian,emp1178@abc-retail.example,Operations,Analyst,94107.94,2024-08-16,SG,ACTIVE,6823
EMP001179,Qasim Mitter,emp1179@abc-retail.example,Operations,Director,134765.88,2025-09-10,SG,ACTIVE,7230
EMP001180,Hredhaan Ahuja,emp1180@abc-retail.example,HR,Director,84581.36,2020-09-28,DE,ACTIVE,6198
EMP001181,Krisha Brahmbhatt,emp1181@abc-retail.example,Engineering,Manager,38139.05,2023-07-01,US,ACTIVE,4459
EMP001182,Kashvi Mitter,emp1182@abc-retail.example,Operations,Manager,38625.55,2024-02-23,DE,ACTIVE,0337
EMP001183,Ryan Pandit,emp1183@abc-retail.example,HR,Engineer,61634.37,2021-04-02,SG,ACTIVE,4859
EMP001184,Gaurav Pandya,emp1184@abc-retail.example,Marketing,Senior Manager,176134.94,2020-07-16,IN,ACTIVE,1194
EMP001185,Onveer Narain,emp1185@abc-retail.example,Engineering,Senior Manager,125402.23,2023-03-18,SG,ACTIVE,6041
EMP001186,Chandran Mandal,emp1186@abc-retail.example,Sales,Senior Manager,70472.45,2024-10-02,DE,ACTIVE,3449
EMP001187,Aarini Hari,emp1187@abc-retail.example,Operations,Manager,47288.2,2024-07-24,DE,ACTIVE,8523
EMP001188,Janani Konda,emp1188@abc-retail.example,Operations,Engineer,77414.19,2020-05-07,US,ACTIVE,7336
EMP001189,Ayush Majumdar,emp1189@abc-retail.example,Engineering,Analyst,43436.24,2016-10-04,GB,ACTIVE,9804
EMP001190,Chavvi Narasimhan,emp1190@abc-retail.example,Sales,Manager,100215.4,2017-06-15,SG,ACTIVE,3823
EMP001191,Laksh Brar,emp1191@abc-retail.example,Operations,Engineer,172450.68,2015-10-24,DE,ACTIVE,0148
EMP001192,Upadhriti Golla,emp1192@abc-retail.example,HR,Analyst,71934.86,2025-07-24,DE,ACTIVE,7253
EMP001193,Barkha Prabhu,emp1193@abc-retail.example,Marketing,Manager,91012.35,2024-03-10,DE,ACTIVE,7218
EMP001194,Jasmit Kulkarni,emp1194@abc-retail.example,Engineering,Engineer,44237.69,2022-11-13,GB,ACTIVE,1772
EMP001195,Falan Sampath,emp1195@abc-retail.example,Finance,Engineer,92508.08,2017-10-01,DE,ACTIVE,3705
EMP001196,Siddharth Garg,emp1196@abc-retail.example,Marketing,Senior Manager,112467.97,2015-07-28,US,ACTIVE,5934
EMP001197,Om Sanghvi,emp1197@abc-retail.example,Finance,Engineer,70386.76,2019-03-02,GB,INACTIVE,9994
EMP001198,Baghyawati Balasubramanian,emp1198@abc-retail.example,Operations,Engineer,41025.44,2019-04-06,DE,ACTIVE,0571
EMP001199,Chameli Panchal,emp1199@abc-retail.example,Engineering,Director,69603.79,2022-02-27,GB,ACTIVE,3528
EMP001200,Ekansh Dada,emp1200@abc-retail.example,Operations,Senior Manager,88688.8,2021-04-23,IN,ACTIVE,3611
EMP001201,Omisha Chana,emp1201@abc-retail.example,Finance,Senior Manager,96100.22,2023-11-19,US,INACTIVE,5255
EMP001202,Charles Bhargava,emp1202@abc-retail.example,Sales,Director,85902.39,2015-11-14,GB,ACTIVE,3502
EMP001203,Radha Patla,emp1203@abc-retail.example,Sales,Analyst,74981.67,2020-08-22,GB,ACTIVE,1653
EMP001204,Ayushman Mall,emp1204@abc-retail.example,Finance,Analyst,155375.65,2025-11-07,US,ACTIVE,4192
EMP001205,Abhiram Lalla,emp1205@abc-retail.example,Finance,Senior Manager,90190.16,2024-09-08,IN,ACTIVE,5895
EMP001206,William Grewal,emp1206@abc-retail.example,Operations,Director,160826.96,2023-06-30,SG,ACTIVE,4480
EMP001207,Bhavani Magar,emp1207@abc-retail.example,HR,Senior Manager,168140.01,2022-05-23,GB,ACTIVE,2709
EMP001208,Zansi Yogi,emp1208@abc-retail.example,Operations,Director,100781.73,2018-12-10,SG,INACTIVE,8929
EMP001209,Jackson Mohan,emp1209@abc-retail.example,Security,Director,36069.71,2025-05-26,IN,ACTIVE,1862
EMP001210,Neha Bera,emp1210@abc-retail.example,Engineering,Director,49872.29,2018-10-02,IN,ACTIVE,2802
EMP001211,Zilmil Naidu,emp1211@abc-retail.example,Marketing,Manager,169586.08,2025-06-09,SG,ACTIVE,0715
EMP001212,Alka Sanghvi,emp1212@abc-retail.example,Marketing,Engineer,49671.05,2019-11-28,SG,ACTIVE,0657
EMP001213,Akshay Bir,emp1213@abc-retail.example,Marketing,Senior Manager,177597.37,2020-07-15,SG,ACTIVE,0701
EMP001214,Harish Hayer,emp1214@abc-retail.example,Marketing,Senior Manager,78094.52,2019-07-27,US,ACTIVE,7682
EMP001215,Falguni Munshi,emp1215@abc-retail.example,Operations,Engineer,99527.43,2023-04-13,SG,ACTIVE,0996
EMP001216,Harini Narayan,emp1216@abc-retail.example,Engineering,Director,65472.53,2015-06-04,DE,ACTIVE,3769
EMP001217,Dev Setty,emp1217@abc-retail.example,Marketing,Senior Manager,166772.81,2016-03-03,DE,ACTIVE,2531
EMP001218,Diya Chatterjee,emp1218@abc-retail.example,Finance,Engineer,100348.02,2018-01-19,US,ACTIVE,7750
EMP001219,Suhani Oommen,emp1219@abc-retail.example,Marketing,Engineer,135919.67,2019-12-14,IN,ACTIVE,5828
EMP001220,Libni Jain,emp1220@abc-retail.example,Operations,Analyst,156715.37,2015-11-22,SG,ACTIVE,2768
EMP001221,Yash Zacharia,emp1221@abc-retail.example,HR,Manager,48137.83,2015-11-30,US,ACTIVE,3530
EMP001222,Qabil Konda,emp1222@abc-retail.example,Engineering,Director,71062.9,2021-12-21,US,ACTIVE,4686
EMP001223,Nidra Banik,emp1223@abc-retail.example,Sales,Engineer,60056.82,2024-10-02,GB,ACTIVE,4144
EMP001224,Peter Dhar,emp1224@abc-retail.example,Engineering,Analyst,144779.88,2016-03-07,DE,ACTIVE,2772
EMP001225,Darpan Varty,emp1225@abc-retail.example,HR,Director,49458.76,2022-10-01,GB,ACTIVE,3912
EMP001226,Indali Trivedi,emp1226@abc-retail.example,Marketing,Engineer,146142.02,2024-12-05,US,ACTIVE,7793
EMP001227,Andrew Subramaniam,emp1227@abc-retail.example,Engineering,Senior Manager,96810.5,2023-03-26,SG,ACTIVE,9738
EMP001228,Ekiya Sethi,emp1228@abc-retail.example,Operations,Director,85245.68,2019-07-28,IN,ACTIVE,2240
EMP001229,Lajita Pal,emp1229@abc-retail.example,Security,Manager,174877.7,2018-07-03,IN,ACTIVE,4834
EMP001230,Ekta Pandya,emp1230@abc-retail.example,Sales,Senior Manager,172574.35,2022-10-27,IN,ACTIVE,0605
EMP001231,Tristan Panchal,emp1231@abc-retail.example,Finance,Senior Manager,84377.52,2020-07-21,SG,INACTIVE,8783
EMP001232,Upkaar Viswanathan,emp1232@abc-retail.example,Sales,Director,104827.88,2020-07-28,SG,ACTIVE,1975
EMP001233,Janaki Joshi,emp1233@abc-retail.example,Sales,Manager,124789.85,2016-05-29,GB,ACTIVE,3164
EMP001234,Pavani Mody,emp1234@abc-retail.example,Operations,Director,168471.89,2019-11-21,DE,ACTIVE,3150
EMP001235,Ati Kibe,emp1235@abc-retail.example,Operations,Senior Manager,165752.07,2020-04-18,DE,ACTIVE,0813
EMP001236,Timothy Nagy,emp1236@abc-retail.example,Sales,Engineer,138517.43,2020-01-28,US,ACTIVE,5821
EMP001237,Reyansh Sura,emp1237@abc-retail.example,Security,Senior Manager,127057.56,2016-03-12,SG,ACTIVE,1755
EMP001238,Frado Saha,emp1238@abc-retail.example,Security,Engineer,45763.04,2017-07-06,US,ACTIVE,6214
EMP001239,Eiravati Wadhwa,emp1239@abc-retail.example,Security,Analyst,100119.17,2016-10-06,DE,ACTIVE,6620
EMP001240,Kamya Menon,emp1240@abc-retail.example,Operations,Engineer,58065.34,2025-11-22,US,ACTIVE,5362
EMP001241,Eshana Virk,emp1241@abc-retail.example,HR,Manager,89423.87,2024-01-03,US,INACTIVE,6596
EMP001242,Jackson Madan,emp1242@abc-retail.example,Security,Engineer,144662.76,2022-07-10,SG,ACTIVE,6213
EMP001243,Baljiwan Balay,emp1243@abc-retail.example,Sales,Director,49881.55,2020-05-29,DE,INACTIVE,6440
EMP001244,Hiral Dani,emp1244@abc-retail.example,Finance,Engineer,35484.86,2024-01-12,GB,ACTIVE,5145
EMP001245,Vincent Bhardwaj,emp1245@abc-retail.example,Security,Director,116304.84,2024-02-26,GB,INACTIVE,7086
EMP001246,Jai Babu,emp1246@abc-retail.example,Sales,Director,72355.29,2022-06-01,GB,ACTIVE,1744
EMP001247,Gunbir Modi,emp1247@abc-retail.example,Operations,Senior Manager,107093.95,2023-05-21,DE,INACTIVE,4700
EMP001248,Vyanjana Mandal,emp1248@abc-retail.example,Security,Director,87573.97,2019-10-12,GB,ACTIVE,4095
EMP001249,Oscar Memon,emp1249@abc-retail.example,Security,Analyst,121145.81,2020-09-06,SG,INACTIVE,0887
EMP001250,Quincy Chaudry,emp1250@abc-retail.example,Marketing,Analyst,82300.25,2015-08-02,DE,ACTIVE,0966
EMP001251,Naveen Shroff,emp1251@abc-retail.example,Security,Engineer,66210.41,2023-02-03,GB,ACTIVE,2680
EMP001252,Finn Sanghvi,emp1252@abc-retail.example,Sales,Manager,133399.64,2015-07-14,SG,ACTIVE,9328
EMP001253,Chakrika Sarna,emp1253@abc-retail.example,HR,Manager,48126.71,2023-06-14,SG,ACTIVE,7454
EMP001254,Tamanna Mand,emp1254@abc-retail.example,Finance,Engineer,116402.21,2019-03-31,IN,ACTIVE,6872
EMP001255,Xavier Rastogi,emp1255@abc-retail.example,Engineering,Manager,55213.91,2020-01-08,IN,ACTIVE,9688
EMP001256,Libni Sachdeva,emp1256@abc-retail.example,Sales,Senior Manager,115015.08,2023-12-17,IN,INACTIVE,8143
EMP001257,Pahal Kade,emp1257@abc-retail.example,Sales,Senior Manager,140577.69,2022-08-22,US,ACTIVE,4990
EMP001258,Pranit Kaul,emp1258@abc-retail.example,Marketing,Analyst,57606.84,2023-11-10,DE,INACTIVE,6111
EMP001259,Lakshit Trivedi,emp1259@abc-retail.example,Security,Senior Manager,40854.53,2022-07-10,IN,ACTIVE,0758
EMP001260,Michael Dube,emp1260@abc-retail.example,Sales,Manager,44153.55,2020-01-28,US,ACTIVE,2944
EMP001261,Harshil Kapoor,emp1261@abc-retail.example,HR,Analyst,158827.49,2023-05-30,SG,ACTIVE,5744
EMP001262,Yuvraj Pillay,emp1262@abc-retail.example,Finance,Senior Manager,56843.25,2017-04-11,SG,ACTIVE,4067
EMP001263,Manan Date,emp1263@abc-retail.example,Marketing,Manager,141039.99,2021-09-28,IN,ACTIVE,3463
EMP001264,Alexander Chaudhry,emp1264@abc-retail.example,Sales,Engineer,85115.86,2022-08-27,DE,ACTIVE,4611
EMP001265,Vrinda Venkatesh,emp1265@abc-retail.example,Marketing,Analyst,120103.52,2025-05-10,IN,ACTIVE,1768
EMP001266,Gopal Palan,emp1266@abc-retail.example,Sales,Analyst,148933.18,2020-04-22,SG,ACTIVE,1718
EMP001267,Ladli Nanda,emp1267@abc-retail.example,Engineering,Senior Manager,95959.2,2017-09-11,SG,INACTIVE,7107
EMP001268,Lucky Shankar,emp1268@abc-retail.example,Engineering,Senior Manager,102902.9,2016-07-24,GB,ACTIVE,5922
EMP001269,Bhavna Shan,emp1269@abc-retail.example,Engineering,Senior Manager,149433.33,2015-10-15,US,INACTIVE,7306
EMP001270,Janani Tata,emp1270@abc-retail.example,Operations,Engineer,86356.03,2023-04-09,SG,ACTIVE,1755
EMP001271,Indira Amble,emp1271@abc-retail.example,Finance,Engineer,129428.29,2016-12-13,SG,ACTIVE,5792
EMP001272,Aarna Rajagopalan,emp1272@abc-retail.example,HR,Engineer,129513.77,2024-10-30,SG,ACTIVE,0373
EMP001273,Qadim Pandya,emp1273@abc-retail.example,HR,Senior Manager,102938.65,2015-10-08,SG,ACTIVE,9219
EMP001274,Harshil Boase,emp1274@abc-retail.example,HR,Engineer,40680.54,2015-06-02,GB,ACTIVE,8848
EMP001275,Balendra Zachariah,emp1275@abc-retail.example,Finance,Director,44475.94,2024-11-27,US,ACTIVE,0359
EMP001276,Kavya Chahal,emp1276@abc-retail.example,Marketing,Senior Manager,139791.2,2022-08-07,DE,ACTIVE,7603
EMP001277,Widisha Bahri,emp1277@abc-retail.example,Marketing,Senior Manager,148595.47,2018-02-18,IN,ACTIVE,7759
EMP001278,Rajeshri Chandra,emp1278@abc-retail.example,HR,Engineer,125463.14,2017-12-20,US,ACTIVE,1244
EMP001279,Rajata Gokhale,emp1279@abc-retail.example,HR,Director,96058.97,2025-02-17,SG,ACTIVE,9291
EMP001280,Ekaraj Sawhney,emp1280@abc-retail.example,Finance,Senior Manager,65716.88,2022-01-27,DE,ACTIVE,3925
EMP001281,Zansi Bhatti,emp1281@abc-retail.example,Sales,Analyst,178004.98,2017-05-11,GB,ACTIVE,5299
EMP001282,Oliver Halder,emp1282@abc-retail.example,Security,Senior Manager,104968.7,2021-01-02,GB,INACTIVE,9735
EMP001283,Qadim Seth,emp1283@abc-retail.example,Engineering,Analyst,137976.67,2021-08-19,DE,ACTIVE,9683
EMP001284,Krish Hegde,emp1284@abc-retail.example,Marketing,Engineer,98972.61,2020-01-07,SG,ACTIVE,8059
EMP001285,Sanaya Sama,emp1285@abc-retail.example,Engineering,Director,89215.51,2017-02-20,IN,ACTIVE,6456
EMP001286,Ansh Badami,emp1286@abc-retail.example,Security,Manager,43187.13,2025-02-13,US,ACTIVE,4430
EMP001287,Anika Thaker,emp1287@abc-retail.example,Marketing,Manager,93101.01,2023-02-24,IN,ACTIVE,7290
EMP001288,Dipta Brahmbhatt,emp1288@abc-retail.example,Security,Senior Manager,47923.2,2016-09-12,US,ACTIVE,3005
EMP001289,Hema Samra,emp1289@abc-retail.example,Security,Manager,109028.78,2016-09-27,SG,ACTIVE,1521
EMP001290,Henry Cherian,emp1290@abc-retail.example,Finance,Engineer,41406.52,2023-01-12,DE,ACTIVE,5854
EMP001291,Owen Dutt,emp1291@abc-retail.example,Sales,Manager,58994.23,2019-07-31,US,ACTIVE,5188
EMP001292,Triya Lal,emp1292@abc-retail.example,HR,Director,67344.88,2018-07-20,US,ACTIVE,9326
EMP001293,Chaman Kapadia,emp1293@abc-retail.example,Finance,Analyst,161459.09,2016-03-27,IN,ACTIVE,9825
EMP001294,Ikbal Varughese,emp1294@abc-retail.example,Sales,Director,146649.32,2016-01-31,GB,ACTIVE,0985
EMP001295,Nathaniel Grover,emp1295@abc-retail.example,Operations,Director,86820.11,2021-12-27,IN,ACTIVE,4748
EMP001296,Anmol Dhar,emp1296@abc-retail.example,Operations,Director,97443.37,2021-04-14,IN,ACTIVE,1789
EMP001297,Yug Kashyap,emp1297@abc-retail.example,HR,Senior Manager,69297.15,2017-12-31,US,ACTIVE,7564
EMP001298,Sathvik Kannan,emp1298@abc-retail.example,Engineering,Analyst,79547.42,2020-10-01,SG,ACTIVE,0236
EMP001299,Liam Morar,emp1299@abc-retail.example,Operations,Manager,152751.44,2019-07-11,US,ACTIVE,8777
EMP001300,Idika Kala,emp1300@abc-retail.example,HR,Engineer,48169.8,2024-09-19,IN,ACTIVE,2008
EMP001301,Fariq Lata,emp1301@abc-retail.example,Sales,Director,137546.17,2024-08-15,US,ACTIVE,7522
EMP001302,Rehaan Cherian,emp1302@abc-retail.example,Sales,Analyst,85924.85,2020-06-25,DE,ACTIVE,7688
EMP001303,Victor Dyal,emp1303@abc-retail.example,HR,Engineer,66799.97,2023-12-24,GB,ACTIVE,5978
EMP001304,Nachiket Minhas,emp1304@abc-retail.example,Sales,Engineer,156660.09,2021-08-05,GB,ACTIVE,0470
EMP001305,Tristan Salvi,emp1305@abc-retail.example,Engineering,Engineer,141168.18,2020-10-01,SG,ACTIVE,5602
EMP001306,Alka Tiwari,emp1306@abc-retail.example,Finance,Director,91521.51,2021-07-11,US,ACTIVE,8200
EMP001307,Gaurika Sagar,emp1307@abc-retail.example,Marketing,Manager,107301.06,2017-01-07,DE,INACTIVE,7846
EMP001308,Gaurangi Sen,emp1308@abc-retail.example,Engineering,Senior Manager,177743.09,2022-12-23,US,ACTIVE,0172
EMP001309,Lakshmi Palla,emp1309@abc-retail.example,Marketing,Senior Manager,69990.54,2022-05-10,US,ACTIVE,1371
EMP001310,Gopal Gole,emp1310@abc-retail.example,Operations,Senior Manager,123030.22,2022-08-09,GB,ACTIVE,7339
EMP001311,Warda Das,emp1311@abc-retail.example,Marketing,Engineer,135402.89,2020-11-27,DE,ACTIVE,5699
EMP001312,Caleb Doctor,emp1312@abc-retail.example,Marketing,Director,125103.51,2016-04-14,US,ACTIVE,4906
EMP001313,Neelima Agate,emp1313@abc-retail.example,Sales,Senior Manager,128376.42,2025-03-26,US,ACTIVE,8513
EMP001314,Ranveer Sarma,emp1314@abc-retail.example,Marketing,Senior Manager,170662.65,2025-03-06,US,ACTIVE,6622
EMP001315,Forum Kala,emp1315@abc-retail.example,Marketing,Director,96515.46,2015-10-01,IN,ACTIVE,5561
EMP001316,Samarth Bahl,emp1316@abc-retail.example,Sales,Director,111294.48,2021-12-18,SG,ACTIVE,6939
EMP001317,Kalpit Sahota,emp1317@abc-retail.example,Operations,Director,123213.0,2019-12-23,IN,ACTIVE,7107
EMP001318,Arin Pillay,emp1318@abc-retail.example,Marketing,Director,112559.6,2019-06-05,US,ACTIVE,7646
EMP001319,Shravya Jaggi,emp1319@abc-retail.example,Sales,Manager,174597.37,2025-07-07,IN,ACTIVE,6040
EMP001320,Arin Koshy,emp1320@abc-retail.example,HR,Analyst,178854.15,2021-02-08,US,ACTIVE,9006
EMP001321,Peter Modi,emp1321@abc-retail.example,HR,Analyst,65143.84,2023-12-24,US,ACTIVE,9796
EMP001322,Reva Kuruvilla,emp1322@abc-retail.example,Marketing,Manager,81908.55,2018-06-26,GB,ACTIVE,9268
EMP001323,Ishani Kapur,emp1323@abc-retail.example,Security,Engineer,112070.95,2021-09-16,DE,ACTIVE,9461
EMP001324,Aachal Sangha,emp1324@abc-retail.example,Finance,Senior Manager,110709.33,2025-05-30,SG,ACTIVE,2343
EMP001325,Laban Dewan,emp1325@abc-retail.example,Operations,Analyst,49541.32,2021-01-19,GB,ACTIVE,8754
EMP001326,Vasatika Bhasin,emp1326@abc-retail.example,HR,Engineer,153528.54,2021-10-01,US,INACTIVE,6059
EMP001327,Jeet Dhillon,emp1327@abc-retail.example,Sales,Director,172302.16,2019-05-03,GB,ACTIVE,9836
EMP001328,Chanchal Dani,emp1328@abc-retail.example,HR,Engineer,81288.6,2019-05-31,US,ACTIVE,8665
EMP001329,Henry Prabhakar,emp1329@abc-retail.example,Engineering,Analyst,166630.79,2015-05-31,US,ACTIVE,1798
EMP001330,Nicholas Babu,emp1330@abc-retail.example,Engineering,Senior Manager,74566.21,2016-03-26,US,ACTIVE,0785
EMP001331,Damyanti Anne,emp1331@abc-retail.example,Engineering,Director,47979.83,2017-07-04,IN,ACTIVE,8624
EMP001332,Owen Bawa,emp1332@abc-retail.example,Engineering,Senior Manager,131811.27,2016-08-05,SG,INACTIVE,4973
EMP001333,Priya Sekhon,emp1333@abc-retail.example,Security,Manager,144143.11,2017-11-09,DE,ACTIVE,2904
EMP001334,Praneel Sandhu,emp1334@abc-retail.example,Sales,Director,91075.2,2015-05-25,DE,ACTIVE,3971
EMP001335,Arjun Kashyap,emp1335@abc-retail.example,Marketing,Senior Manager,67331.41,2015-12-25,SG,ACTIVE,3727
EMP001336,Daksha Sanghvi,emp1336@abc-retail.example,HR,Manager,139196.82,2018-07-10,GB,ACTIVE,0198
EMP001337,Chakradev Chahal,emp1337@abc-retail.example,Sales,Analyst,126631.19,2020-08-10,IN,ACTIVE,5092
EMP001338,Bahadurjit Rattan,emp1338@abc-retail.example,Engineering,Senior Manager,51344.76,2016-11-21,SG,ACTIVE,9731
EMP001339,Udant Sethi,emp1339@abc-retail.example,Security,Senior Manager,117153.6,2016-03-23,IN,ACTIVE,6985
EMP001340,Saumya Lad,emp1340@abc-retail.example,Finance,Analyst,165506.07,2025-09-24,SG,ACTIVE,7685
EMP001341,Devansh Konda,emp1341@abc-retail.example,Finance,Analyst,75031.98,2022-07-17,IN,ACTIVE,4072
EMP001342,Parth Bains,emp1342@abc-retail.example,Engineering,Manager,54533.92,2019-02-01,US,ACTIVE,3220
EMP001343,Ojas Bhakta,emp1343@abc-retail.example,Security,Engineer,56456.54,2021-03-19,IN,ACTIVE,8149
EMP001344,Shravya Deol,emp1344@abc-retail.example,Security,Manager,122931.26,2017-09-14,SG,ACTIVE,9841
EMP001345,Jagat Lad,emp1345@abc-retail.example,Engineering,Analyst,141968.3,2023-08-31,IN,ACTIVE,2140
EMP001346,Siddharth Murthy,emp1346@abc-retail.example,Marketing,Manager,144127.52,2023-09-27,IN,ACTIVE,2298
EMP001347,Chaaya Kamdar,emp1347@abc-retail.example,Security,Engineer,72739.36,2022-11-21,GB,ACTIVE,8170
EMP001348,Leena Rama,emp1348@abc-retail.example,Sales,Director,129085.6,2016-11-01,DE,ACTIVE,9639
EMP001349,Yatin Arora,emp1349@abc-retail.example,Security,Analyst,112139.81,2024-05-14,US,ACTIVE,8380
EMP001350,Nimrat Gupta,emp1350@abc-retail.example,Engineering,Manager,73135.24,2017-08-30,SG,ACTIVE,9540
EMP001351,Praneel Vasa,emp1351@abc-retail.example,Engineering,Director,95400.51,2025-04-14,SG,ACTIVE,0689
EMP001352,Yashvi Dyal,emp1352@abc-retail.example,Operations,Manager,118799.3,2022-10-06,IN,INACTIVE,8986
EMP001353,Fitan Varkey,emp1353@abc-retail.example,Operations,Analyst,105141.33,2024-03-30,IN,ACTIVE,1911
EMP001354,Chanchal Rajagopalan,emp1354@abc-retail.example,HR,Director,51552.27,2021-06-11,DE,ACTIVE,0141
EMP001355,Isha Om,emp1355@abc-retail.example,Security,Senior Manager,78248.33,2018-01-15,US,ACTIVE,7751
EMP001356,Pranit Agarwal,emp1356@abc-retail.example,Operations,Director,167749.89,2016-08-06,IN,ACTIVE,3542
EMP001357,Jatin Char,emp1357@abc-retail.example,Marketing,Director,51715.74,2019-01-27,GB,ACTIVE,5784
EMP001358,Lakshmi Mangal,emp1358@abc-retail.example,Sales,Manager,127995.3,2022-09-04,US,ACTIVE,2191
EMP001359,Isha Dugal,emp1359@abc-retail.example,HR,Manager,96121.83,2025-04-19,US,ACTIVE,5613
EMP001360,Ayush Krishna,emp1360@abc-retail.example,Marketing,Manager,55912.58,2018-10-24,US,INACTIVE,3054
EMP001361,Meghana Bajaj,emp1361@abc-retail.example,Security,Manager,176361.6,2022-10-15,IN,INACTIVE,0187
EMP001362,Farhan Ram,emp1362@abc-retail.example,HR,Engineer,131177.8,2018-11-26,SG,ACTIVE,3816
EMP001363,Ojas Kanda,emp1363@abc-retail.example,Finance,Director,117719.27,2017-02-07,DE,ACTIVE,0615
EMP001364,Darika Varty,emp1364@abc-retail.example,Sales,Senior Manager,54523.53,2018-02-01,GB,ACTIVE,4581
EMP001365,Vasana Palla,emp1365@abc-retail.example,Security,Senior Manager,164550.83,2017-02-09,US,ACTIVE,8503
EMP001366,Nathaniel Korpal,emp1366@abc-retail.example,Marketing,Manager,81515.62,2022-01-01,US,ACTIVE,5359
EMP001367,Sanaya Minhas,emp1367@abc-retail.example,Engineering,Senior Manager,123661.35,2021-08-06,SG,ACTIVE,6133
EMP001368,Advika Randhawa,emp1368@abc-retail.example,Marketing,Manager,56820.83,2018-11-28,DE,ACTIVE,4467
EMP001369,Hemani Trivedi,emp1369@abc-retail.example,Security,Director,57533.32,2019-03-03,SG,ACTIVE,7694
EMP001370,Yamini Korpal,emp1370@abc-retail.example,Sales,Manager,177119.71,2023-07-11,IN,ACTIVE,9388
EMP001371,Dipta Jaggi,emp1371@abc-retail.example,Sales,Manager,98265.68,2015-04-12,IN,ACTIVE,4823
EMP001372,Libni Loke,emp1372@abc-retail.example,HR,Engineer,139304.68,2024-07-07,DE,ACTIVE,1300
EMP001373,Ati Panchal,emp1373@abc-retail.example,Security,Manager,45087.56,2024-09-28,GB,ACTIVE,0721
EMP001374,Devika Mahal,emp1374@abc-retail.example,Security,Manager,148259.62,2016-03-28,DE,ACTIVE,5383
EMP001375,Naksh Johal,emp1375@abc-retail.example,Sales,Director,156427.72,2015-12-07,US,ACTIVE,6103
EMP001376,Lila Kala,emp1376@abc-retail.example,Security,Director,173330.65,2020-01-27,DE,ACTIVE,2606
EMP001377,Irya Cheema,emp1377@abc-retail.example,Sales,Director,42257.02,2021-07-22,IN,ACTIVE,7066
EMP001378,Daniel Sachar,emp1378@abc-retail.example,Finance,Engineer,68837.82,2023-08-28,US,ACTIVE,3086
EMP001379,Riya Nigam,emp1379@abc-retail.example,Sales,Director,97975.42,2015-05-31,DE,ACTIVE,1965
EMP001380,Mahika Jhaveri,emp1380@abc-retail.example,Operations,Engineer,148169.74,2024-11-07,IN,ACTIVE,9131
EMP001381,Vedhika Sami,emp1381@abc-retail.example,Marketing,Director,99674.47,2015-07-27,US,ACTIVE,2196
EMP001382,Meera Mani,emp1382@abc-retail.example,Finance,Analyst,96487.4,2021-05-30,GB,ACTIVE,6578
EMP001383,Eta Taneja,emp1383@abc-retail.example,HR,Director,46282.86,2025-09-07,DE,ACTIVE,5273
EMP001384,Meera Gala,emp1384@abc-retail.example,Marketing,Analyst,66191.57,2025-05-22,IN,ACTIVE,1543
EMP001385,Jagat Babu,emp1385@abc-retail.example,Operations,Manager,161993.74,2019-09-09,IN,ACTIVE,0595
EMP001386,Lavanya Narain,emp1386@abc-retail.example,Marketing,Director,85393.75,2020-04-23,US,ACTIVE,4861
EMP001387,Ishaan Nazareth,emp1387@abc-retail.example,Engineering,Analyst,126122.85,2023-07-23,US,INACTIVE,7905
EMP001388,Hamsini Raman,emp1388@abc-retail.example,Operations,Engineer,36617.59,2024-11-22,US,ACTIVE,1021
EMP001389,Shravya Sen,emp1389@abc-retail.example,HR,Analyst,148950.37,2019-04-28,SG,ACTIVE,5091
EMP001390,Ria Tandon,emp1390@abc-retail.example,Operations,Senior Manager,144790.9,2025-11-21,IN,ACTIVE,7280
EMP001391,Ekansh Char,emp1391@abc-retail.example,Operations,Senior Manager,73141.17,2024-01-29,US,ACTIVE,3388
EMP001392,Neelima Chadha,emp1392@abc-retail.example,Engineering,Manager,61939.13,2017-06-19,SG,ACTIVE,2434
EMP001393,Deepa Lanka,emp1393@abc-retail.example,HR,Manager,160205.1,2021-06-09,GB,ACTIVE,6139
EMP001394,Wridesh Yadav,emp1394@abc-retail.example,Finance,Director,78092.07,2015-06-21,US,ACTIVE,0491
EMP001395,Balveer Dugal,emp1395@abc-retail.example,Marketing,Senior Manager,80424.56,2023-02-05,DE,ACTIVE,6504
EMP001396,Nathan Yogi,emp1396@abc-retail.example,Sales,Manager,135233.1,2023-04-14,US,ACTIVE,1628
EMP001397,Hiral Prabhu,emp1397@abc-retail.example,Finance,Analyst,125283.57,2025-05-05,US,ACTIVE,7857
EMP001398,Saumya Chada,emp1398@abc-retail.example,HR,Analyst,146564.84,2022-01-10,IN,INACTIVE,4327
EMP001399,Ansh Raj,emp1399@abc-retail.example,Finance,Engineer,108651.09,2016-06-19,US,ACTIVE,5101
EMP001400,Fiyaz Naidu,emp1400@abc-retail.example,Security,Engineer,68878.0,2015-02-04,IN,ACTIVE,2846
EMP001401,Saksham Nigam,emp1401@abc-retail.example,Finance,Analyst,171702.32,2015-05-03,GB,ACTIVE,8887
EMP001402,Samaksh Pradhan,emp1402@abc-retail.example,Finance,Senior Manager,105965.86,2018-06-11,GB,ACTIVE,3289
EMP001403,Advaith Master,emp1403@abc-retail.example,Operations,Manager,96459.41,2018-07-19,US,ACTIVE,7877
EMP001404,Pooja Muni,emp1404@abc-retail.example,Operations,Manager,124762.26,2021-03-12,SG,ACTIVE,5543
EMP001405,Darika Chacko,emp1405@abc-retail.example,Operations,Analyst,125176.11,2016-05-26,DE,ACTIVE,4045
EMP001406,Jeevika Chand,emp1406@abc-retail.example,Sales,Senior Manager,93803.0,2019-10-22,US,ACTIVE,9776
EMP001407,Utkarsh Pandey,emp1407@abc-retail.example,Finance,Senior Manager,106271.85,2018-03-18,GB,ACTIVE,4611
EMP001408,Girindra Khatri,emp1408@abc-retail.example,HR,Analyst,155926.86,2018-12-03,US,INACTIVE,6153
EMP001409,Yashoda Gaba,emp1409@abc-retail.example,Sales,Analyst,111404.71,2019-08-06,IN,ACTIVE,8364
EMP001410,Anjali Mishra,emp1410@abc-retail.example,Marketing,Director,71825.8,2022-02-21,IN,ACTIVE,6006
EMP001411,Mekhala Nadkarni,emp1411@abc-retail.example,Engineering,Manager,148116.9,2019-10-10,SG,ACTIVE,3187
EMP001412,Vrishti Manne,emp1412@abc-retail.example,Sales,Director,155387.23,2023-04-06,SG,ACTIVE,5187
EMP001413,Megha Banik,emp1413@abc-retail.example,Sales,Analyst,109861.35,2022-07-01,IN,ACTIVE,4679
EMP001414,Kashvi Bath,emp1414@abc-retail.example,Marketing,Engineer,138259.03,2023-02-10,DE,ACTIVE,6040
EMP001415,Yuvraj Sule,emp1415@abc-retail.example,HR,Analyst,127998.08,2025-01-02,IN,ACTIVE,3268
EMP001416,Ekapad Lalla,emp1416@abc-retail.example,Marketing,Director,109529.0,2021-12-07,GB,ACTIVE,3139
EMP001417,Urvi Ghosh,emp1417@abc-retail.example,Sales,Director,170614.75,2017-07-22,DE,ACTIVE,8684
EMP001418,Urvashi Panchal,emp1418@abc-retail.example,Marketing,Director,177884.17,2023-08-10,IN,ACTIVE,9597
EMP001419,Nidra Mital,emp1419@abc-retail.example,Sales,Engineer,59993.76,2016-01-25,GB,ACTIVE,1686
EMP001420,Parth Sundaram,emp1420@abc-retail.example,Engineering,Engineer,166798.83,2017-09-17,GB,ACTIVE,4485
EMP001421,Ikbal Chatterjee,emp1421@abc-retail.example,HR,Manager,126660.63,2015-01-02,DE,ACTIVE,1454
EMP001422,Tanish Das,emp1422@abc-retail.example,Security,Analyst,158271.2,2023-03-30,IN,ACTIVE,5232
EMP001423,Harinakshi Subramaniam,emp1423@abc-retail.example,Marketing,Senior Manager,164389.27,2019-06-16,DE,INACTIVE,5783
EMP001424,Rachit Rao,emp1424@abc-retail.example,Sales,Analyst,52964.46,2021-11-05,US,ACTIVE,3931
EMP001425,Urishilla Dutta,emp1425@abc-retail.example,Engineering,Analyst,119406.08,2023-10-31,DE,ACTIVE,3508
EMP001426,Fiyaz Bava,emp1426@abc-retail.example,Marketing,Manager,120748.64,2025-07-12,GB,ACTIVE,7769
EMP001427,Samuel Sem,emp1427@abc-retail.example,Marketing,Director,143769.48,2023-10-07,DE,ACTIVE,1667
EMP001428,Sathvik Sami,emp1428@abc-retail.example,Finance,Senior Manager,155600.66,2023-09-29,DE,ACTIVE,1849
EMP001429,Hitesh Nadig,emp1429@abc-retail.example,Security,Manager,135415.61,2016-10-17,GB,ACTIVE,0119
EMP001430,Chameli Mandal,emp1430@abc-retail.example,Engineering,Director,94410.03,2015-05-25,IN,ACTIVE,1390
EMP001431,Sarthak Padmanabhan,emp1431@abc-retail.example,Marketing,Analyst,150754.78,2017-09-13,DE,ACTIVE,2361
EMP001432,Yashasvi Rajan,emp1432@abc-retail.example,Engineering,Senior Manager,90934.86,2019-10-13,IN,ACTIVE,2771
EMP001433,Sarthak Anand,emp1433@abc-retail.example,Security,Analyst,46701.45,2022-11-11,DE,ACTIVE,5997
EMP001434,Saumya Subramanian,emp1434@abc-retail.example,Engineering,Director,128602.65,2024-02-13,SG,ACTIVE,4322
EMP001435,Jatin Master,emp1435@abc-retail.example,Sales,Senior Manager,67105.76,2015-08-25,IN,ACTIVE,0508
EMP001436,Upkaar Sachar,emp1436@abc-retail.example,Sales,Analyst,35412.08,2015-01-25,SG,ACTIVE,9573
EMP001437,Pranav Prashad,emp1437@abc-retail.example,Sales,Engineer,104971.96,2019-05-13,IN,ACTIVE,4561
EMP001438,Kalpit Ramanathan,emp1438@abc-retail.example,HR,Manager,86126.2,2021-07-01,GB,ACTIVE,3640
EMP001439,Nidhi Lalla,emp1439@abc-retail.example,Security,Engineer,58515.39,2016-06-29,DE,ACTIVE,5457
EMP001440,Nakul Pingle,emp1440@abc-retail.example,Engineering,Director,164423.08,2015-04-17,IN,ACTIVE,0876
EMP001441,Aarnav Radhakrishnan,emp1441@abc-retail.example,Security,Manager,95535.57,2025-05-08,GB,INACTIVE,0607
EMP001442,Oviya Ranganathan,emp1442@abc-retail.example,HR,Manager,99136.09,2021-02-17,SG,ACTIVE,8059
EMP001443,Riya Kala,emp1443@abc-retail.example,Engineering,Manager,126401.67,2018-12-19,IN,ACTIVE,0219
EMP001444,Pallavi Kakar,emp1444@abc-retail.example,Engineering,Manager,159650.14,2018-11-11,IN,ACTIVE,8332
EMP001445,Dominic Bhandari,emp1445@abc-retail.example,Finance,Director,79837.15,2024-02-18,DE,ACTIVE,7110
EMP001446,Faras Handa,emp1446@abc-retail.example,Marketing,Manager,139550.36,2023-07-18,DE,INACTIVE,7910
EMP001447,Leela Nanda,emp1447@abc-retail.example,Security,Manager,73375.16,2017-07-25,IN,ACTIVE,7392
EMP001448,Vihaan Shetty,emp1448@abc-retail.example,Marketing,Director,172713.49,2015-11-16,DE,ACTIVE,5446
EMP001449,Anthony Basak,emp1449@abc-retail.example,Security,Senior Manager,50664.52,2020-10-23,GB,ACTIVE,2696
EMP001450,Aarush Ranganathan,emp1450@abc-retail.example,Engineering,Manager,72985.47,2018-01-03,SG,ACTIVE,5115
EMP001451,Onkar Narayan,emp1451@abc-retail.example,HR,Senior Manager,96637.79,2025-07-02,SG,ACTIVE,5630
EMP001452,Nikita Dhar,emp1452@abc-retail.example,HR,Analyst,67422.15,2024-11-21,US,ACTIVE,4651
EMP001453,Mason Chaudhary,emp1453@abc-retail.example,Operations,Senior Manager,40100.07,2020-05-10,DE,ACTIVE,1245
EMP001454,Amol Gulati,emp1454@abc-retail.example,Marketing,Manager,64472.39,2021-10-05,US,INACTIVE,6039
EMP001455,Nihal Majumdar,emp1455@abc-retail.example,Security,Senior Manager,141471.81,2024-09-02,GB,ACTIVE,6709
EMP001456,Vaishnavi Balay,emp1456@abc-retail.example,Security,Manager,35338.78,2018-05-04,DE,ACTIVE,8122
EMP001457,Manthan Balakrishnan,emp1457@abc-retail.example,HR,Manager,129554.59,2017-05-25,IN,ACTIVE,8195
EMP001458,Eiravati Palla,emp1458@abc-retail.example,Security,Senior Manager,104581.96,2016-05-31,US,ACTIVE,2916
EMP001459,Kiaan Gulati,emp1459@abc-retail.example,Operations,Senior Manager,178370.43,2022-03-28,SG,ACTIVE,2419
EMP001460,Falan Banerjee,emp1460@abc-retail.example,Operations,Engineer,154066.42,2022-06-04,GB,ACTIVE,5131
EMP001461,Bhavini Pandit,emp1461@abc-retail.example,Operations,Analyst,103853.84,2015-10-21,DE,ACTIVE,7883
EMP001462,Yasti Guha,emp1462@abc-retail.example,Operations,Engineer,57678.55,2021-03-19,US,ACTIVE,1801
EMP001463,Wazir Vig,emp1463@abc-retail.example,Finance,Director,50887.36,2017-01-16,IN,ACTIVE,2146
EMP001464,Radhika Mangat,emp1464@abc-retail.example,Marketing,Senior Manager,130262.26,2017-09-22,GB,ACTIVE,3314
EMP001465,Gaurav Padmanabhan,emp1465@abc-retail.example,Sales,Engineer,105113.95,2018-10-05,DE,ACTIVE,9484
EMP001466,Banjeet Chhabra,emp1466@abc-retail.example,HR,Engineer,53577.96,2024-05-16,GB,ACTIVE,9788
EMP001467,Janaki Varghese,emp1467@abc-retail.example,Finance,Engineer,97257.33,2017-11-22,GB,ACTIVE,0836
EMP001468,Pavani Brar,emp1468@abc-retail.example,Marketing,Engineer,96336.44,2024-01-31,IN,ACTIVE,5701
EMP001469,Lajita Karpe,emp1469@abc-retail.example,Marketing,Director,143192.14,2020-01-01,US,ACTIVE,1614
EMP001470,Janya Konda,emp1470@abc-retail.example,Sales,Analyst,163496.26,2022-12-22,US,ACTIVE,0234
EMP001471,Yashodhara Madan,emp1471@abc-retail.example,Security,Engineer,96904.86,2017-03-15,DE,ACTIVE,8846
EMP001472,Amruta Johal,emp1472@abc-retail.example,Finance,Senior Manager,110026.52,2018-12-03,DE,ACTIVE,8588
EMP001473,Maanav Comar,emp1473@abc-retail.example,HR,Director,116428.66,2019-01-02,GB,ACTIVE,8554
EMP001474,Krish Aggarwal,emp1474@abc-retail.example,Security,Analyst,151058.94,2022-05-16,SG,ACTIVE,1776
EMP001475,Ira Ramakrishnan,emp1475@abc-retail.example,Marketing,Director,130106.56,2020-09-29,SG,ACTIVE,3709
EMP001476,Theodore Bhatnagar,emp1476@abc-retail.example,HR,Manager,61995.09,2016-01-19,US,ACTIVE,5437
EMP001477,Leena Kota,emp1477@abc-retail.example,Marketing,Senior Manager,60521.81,2020-09-07,GB,ACTIVE,3832
EMP001478,Veer Gour,emp1478@abc-retail.example,Security,Director,82527.52,2023-08-03,IN,ACTIVE,4411
EMP001479,Jack Sharaf,emp1479@abc-retail.example,Security,Director,90259.52,2015-07-20,IN,ACTIVE,1284
EMP001480,Lajita Grover,emp1480@abc-retail.example,Sales,Engineer,56433.9,2015-08-28,IN,ACTIVE,5103
EMP001481,Chaaya Som,emp1481@abc-retail.example,Operations,Engineer,50114.62,2021-07-30,SG,INACTIVE,3571
EMP001482,Ishaan Sood,emp1482@abc-retail.example,Marketing,Senior Manager,135754.43,2015-06-12,DE,ACTIVE,3116
EMP001483,Gaurav Brahmbhatt,emp1483@abc-retail.example,Engineering,Engineer,88339.72,2022-10-20,DE,ACTIVE,4333
EMP001484,Vedika Issac,emp1484@abc-retail.example,Finance,Analyst,90717.01,2016-04-05,GB,ACTIVE,2529
EMP001485,Panini Ben,emp1485@abc-retail.example,HR,Director,120896.64,2020-10-22,SG,INACTIVE,4087
EMP001486,Chakradhar Nanda,emp1486@abc-retail.example,Security,Manager,134667.63,2016-03-09,DE,ACTIVE,1945
EMP001487,Faras Sinha,emp1487@abc-retail.example,HR,Engineer,56947.45,2016-05-19,US,ACTIVE,4808
EMP001488,Hardik Madan,emp1488@abc-retail.example,Engineering,Manager,126908.71,2024-02-28,US,ACTIVE,7854
EMP001489,Sara Bera,emp1489@abc-retail.example,Sales,Manager,139935.91,2019-01-11,SG,ACTIVE,5889
EMP001490,Bhanumati Keer,emp1490@abc-retail.example,Finance,Engineer,153887.58,2025-09-18,GB,ACTIVE,5199
EMP001491,Zayyan Ben,emp1491@abc-retail.example,Security,Manager,135754.19,2019-12-26,GB,INACTIVE,5298
EMP001492,Edhitha Ghose,emp1492@abc-retail.example,Sales,Senior Manager,60101.19,2024-03-24,SG,ACTIVE,9737
EMP001493,Amruta Patil,emp1493@abc-retail.example,Security,Director,125340.51,2022-05-21,IN,ACTIVE,7488
EMP001494,Lavanya Shankar,emp1494@abc-retail.example,HR,Engineer,110242.32,2022-07-18,US,ACTIVE,2020
EMP001495,Gauri Pal,emp1495@abc-retail.example,Sales,Analyst,58590.31,2019-10-15,US,ACTIVE,5152
EMP001496,Raagini Kota,emp1496@abc-retail.example,Marketing,Manager,53603.73,2018-04-22,US,ACTIVE,7084
EMP001497,Zansi Sagar,emp1497@abc-retail.example,Security,Senior Manager,53975.88,2021-02-26,US,ACTIVE,8454
EMP001498,Hritik Balasubramanian,emp1498@abc-retail.example,Marketing,Manager,134963.67,2025-11-16,DE,ACTIVE,0332
EMP001499,Laksh Kashyap,emp1499@abc-retail.example,Marketing,Senior Manager,59784.39,2017-01-21,DE,ACTIVE,9977
EMP001500,Samarth Morar,emp1500@abc-retail.example,Engineering,Director,75829.06,2023-10-13,DE,ACTIVE,4215
EMP001501,Vrinda Loke,emp1501@abc-retail.example,Finance,Manager,164292.98,2024-07-12,GB,ACTIVE,6226
EMP001502,Girindra Bassi,emp1502@abc-retail.example,Operations,Engineer,119001.52,2025-10-28,GB,ACTIVE,9634
EMP001503,Chatresh Nagy,emp1503@abc-retail.example,Finance,Engineer,115427.66,2016-04-18,SG,ACTIVE,2717
EMP001504,Zashil Madan,emp1504@abc-retail.example,Engineering,Director,109074.78,2023-04-07,IN,ACTIVE,6111
EMP001505,Parth Sankar,emp1505@abc-retail.example,Operations,Engineer,115475.48,2020-10-04,GB,ACTIVE,9382
EMP001506,Ekbal Tank,emp1506@abc-retail.example,Operations,Senior Manager,85610.8,2022-06-22,US,ACTIVE,4804
EMP001507,Xalak Ramachandran,emp1507@abc-retail.example,Sales,Engineer,90907.57,2018-10-28,SG,ACTIVE,8091
EMP001508,Chaaya Sura,emp1508@abc-retail.example,Operations,Senior Manager,97482.26,2015-09-18,IN,ACTIVE,1668
EMP001509,Ojas Sarkar,emp1509@abc-retail.example,Operations,Senior Manager,90990.81,2024-11-08,IN,ACTIVE,8209
EMP001510,Meghana Venkataraman,emp1510@abc-retail.example,Operations,Senior Manager,88054.65,2022-10-26,IN,ACTIVE,8271
EMP001511,Shaurya Basak,emp1511@abc-retail.example,Sales,Analyst,166674.56,2024-09-25,SG,ACTIVE,2658
EMP001512,Manan Tandon,emp1512@abc-retail.example,Marketing,Manager,41178.26,2016-05-13,IN,ACTIVE,7676
EMP001513,Deepa Khare,emp1513@abc-retail.example,Operations,Senior Manager,74666.66,2022-01-21,GB,ACTIVE,0545
EMP001514,Raagini Dhar,emp1514@abc-retail.example,HR,Senior Manager,41419.09,2025-05-01,US,ACTIVE,1034
EMP001515,Abeer Sibal,emp1515@abc-retail.example,Marketing,Senior Manager,64920.95,2025-01-05,SG,ACTIVE,6514
EMP001516,Ekani Dutt,emp1516@abc-retail.example,HR,Director,125632.28,2022-03-07,SG,ACTIVE,5737
EMP001517,Manbir Seshadri,emp1517@abc-retail.example,Security,Engineer,109351.04,2018-11-26,US,ACTIVE,6877
EMP001518,Amruta Nori,emp1518@abc-retail.example,HR,Analyst,172395.97,2025-03-02,US,ACTIVE,4795
EMP001519,Neelima Koshy,emp1519@abc-retail.example,Operations,Analyst,158599.51,2025-06-11,US,ACTIVE,7779
EMP001520,Diya Jha,emp1520@abc-retail.example,Engineering,Engineer,41293.41,2020-08-12,GB,ACTIVE,3036
EMP001521,Amol Yogi,emp1521@abc-retail.example,Finance,Manager,145352.89,2021-09-22,SG,ACTIVE,7722
EMP001522,Agastya Vasa,emp1522@abc-retail.example,Operations,Senior Manager,145230.25,2017-08-27,SG,INACTIVE,5381
EMP001523,Ayushman Handa,emp1523@abc-retail.example,Operations,Senior Manager,42255.73,2021-11-10,DE,ACTIVE,6509
EMP001524,Pranav Jain,emp1524@abc-retail.example,HR,Manager,170326.5,2019-12-12,GB,ACTIVE,0974
EMP001525,Netra Garg,emp1525@abc-retail.example,Engineering,Analyst,127993.88,2021-04-10,GB,ACTIVE,9550
EMP001526,Harini Soni,emp1526@abc-retail.example,Engineering,Analyst,96275.84,2024-02-25,US,ACTIVE,8489
EMP001527,Harsh Taneja,emp1527@abc-retail.example,Sales,Manager,50115.88,2019-06-05,IN,ACTIVE,2295
EMP001528,Tarak Rau,emp1528@abc-retail.example,HR,Engineer,37796.75,2021-12-20,GB,ACTIVE,4640
EMP001529,Rajeshri Vaidya,emp1529@abc-retail.example,Engineering,Engineer,128809.43,2017-12-30,GB,INACTIVE,9459
EMP001530,Oscar Balay,emp1530@abc-retail.example,Operations,Analyst,140255.46,2019-02-02,GB,ACTIVE,1893
EMP001531,Nilima Gera,emp1531@abc-retail.example,Sales,Senior Manager,77494.72,2021-11-17,GB,ACTIVE,3137
EMP001532,Ethan Murthy,emp1532@abc-retail.example,HR,Manager,71886.55,2022-10-06,US,ACTIVE,3662
EMP001533,Hemang Mishra,emp1533@abc-retail.example,Operations,Analyst,80940.93,2020-10-30,IN,ACTIVE,5324
EMP001534,Eshana Dhawan,emp1534@abc-retail.example,HR,Analyst,167523.02,2024-10-06,DE,ACTIVE,0115
EMP001535,Wakeeta Gopal,emp1535@abc-retail.example,Engineering,Director,121582.75,2017-04-07,SG,ACTIVE,5751
EMP001536,Nitara Pau,emp1536@abc-retail.example,HR,Director,178356.77,2021-02-20,DE,ACTIVE,0996
EMP001537,Unnati Patla,emp1537@abc-retail.example,Sales,Senior Manager,96565.76,2018-02-03,US,ACTIVE,6938
EMP001538,Abha Bhat,emp1538@abc-retail.example,Sales,Engineer,109888.81,2018-07-09,IN,ACTIVE,7808
EMP001539,Hardik Mall,emp1539@abc-retail.example,Security,Director,98719.72,2024-05-03,US,ACTIVE,2679
EMP001540,Indrajit Panchal,emp1540@abc-retail.example,Security,Analyst,114718.83,2020-09-19,IN,ACTIVE,7507
EMP001541,Ladli Bora,emp1541@abc-retail.example,Security,Manager,83259.27,2024-04-29,SG,ACTIVE,9167
EMP001542,Leena Suresh,emp1542@abc-retail.example,Operations,Director,52233.4,2019-09-14,DE,ACTIVE,7923
EMP001543,Rachita Malhotra,emp1543@abc-retail.example,Finance,Manager,136646.11,2020-07-11,GB,ACTIVE,3040
EMP001544,Gagan Tara,emp1544@abc-retail.example,Security,Analyst,119104.78,2015-10-15,GB,ACTIVE,1607
EMP001545,Chandani Hegde,emp1545@abc-retail.example,HR,Analyst,132738.19,2019-12-07,IN,ACTIVE,1766
EMP001546,Karan D’Alia,emp1546@abc-retail.example,Operations,Analyst,57297.3,2015-06-11,US,ACTIVE,4661
EMP001547,Bhavna Jaggi,emp1547@abc-retail.example,Marketing,Engineer,87806.74,2021-11-10,DE,ACTIVE,8992
EMP001548,Yashvi Rout,emp1548@abc-retail.example,Finance,Analyst,68464.63,2020-09-19,DE,ACTIVE,8989
EMP001549,Niharika Mander,emp1549@abc-retail.example,Marketing,Director,52239.1,2024-07-07,SG,INACTIVE,9991
EMP001550,Nachiket Goyal,emp1550@abc-retail.example,Marketing,Engineer,58113.22,2025-04-05,GB,ACTIVE,0900
EMP001551,Jairaj Konda,emp1551@abc-retail.example,Security,Senior Manager,109301.35,2016-07-22,DE,INACTIVE,3408
EMP001552,Dalbir Konda,emp1552@abc-retail.example,Engineering,Engineer,59710.16,2024-06-26,GB,ACTIVE,9657
EMP001553,Jeet Misra,emp1553@abc-retail.example,Security,Analyst,43618.24,2015-07-31,US,ACTIVE,5653
EMP001554,Abha Raj,emp1554@abc-retail.example,Marketing,Analyst,95353.21,2017-05-15,GB,ACTIVE,3456
EMP001555,Brinda Ramaswamy,emp1555@abc-retail.example,Operations,Manager,61550.31,2016-03-27,IN,ACTIVE,6048
EMP001556,Upma Hans,emp1556@abc-retail.example,Marketing,Director,160769.55,2015-10-18,SG,ACTIVE,3831
EMP001557,Yashawini Vora,emp1557@abc-retail.example,Engineering,Analyst,165565.88,2024-10-26,US,ACTIVE,5846
EMP001558,Aayush Kara,emp1558@abc-retail.example,Finance,Senior Manager,37968.58,2017-10-30,GB,ACTIVE,8763
EMP001559,Omaja Mukherjee,emp1559@abc-retail.example,Operations,Manager,79404.03,2015-08-21,GB,ACTIVE,8360
EMP001560,Ubika Sarraf,emp1560@abc-retail.example,Operations,Analyst,107019.88,2024-12-04,GB,ACTIVE,4476
EMP001561,Mitesh Kohli,emp1561@abc-retail.example,Operations,Analyst,83222.13,2022-01-24,GB,ACTIVE,9121
EMP001562,Ira Sood,emp1562@abc-retail.example,Sales,Manager,73469.91,2016-08-12,DE,ACTIVE,6414
EMP001563,Gayathri Lalla,emp1563@abc-retail.example,HR,Analyst,103861.23,2023-06-30,US,ACTIVE,4090
EMP001564,Aarnav Chaudhuri,emp1564@abc-retail.example,HR,Analyst,123796.33,2022-05-08,DE,ACTIVE,9210
EMP001565,Inaya Raja,emp1565@abc-retail.example,Marketing,Manager,74740.29,2017-06-20,GB,ACTIVE,5504
EMP001566,Kala Magar,emp1566@abc-retail.example,Finance,Analyst,179378.0,2021-03-16,IN,ACTIVE,1606
EMP001567,Hardik Sanghvi,emp1567@abc-retail.example,Engineering,Engineer,149445.72,2016-06-14,US,ACTIVE,3406
EMP001568,Nathaniel Rastogi,emp1568@abc-retail.example,Finance,Director,157210.05,2015-12-06,SG,ACTIVE,0333
EMP001569,Akshay Grover,emp1569@abc-retail.example,Engineering,Engineer,41178.81,2021-11-15,IN,ACTIVE,4807
EMP001570,Rachana Basu,emp1570@abc-retail.example,Sales,Engineer,158153.89,2023-03-27,GB,ACTIVE,0585
EMP001571,Ryan Nadig,emp1571@abc-retail.example,Engineering,Director,143183.9,2022-08-29,IN,ACTIVE,4329
EMP001572,Netra Sankar,emp1572@abc-retail.example,HR,Analyst,141223.79,2020-03-25,IN,ACTIVE,2568
EMP001573,Charan Mani,emp1573@abc-retail.example,Operations,Engineer,164230.8,2025-07-08,SG,INACTIVE,4833
EMP001574,Xiti Krish,emp1574@abc-retail.example,Sales,Senior Manager,98348.97,2021-12-15,SG,ACTIVE,9622
EMP001575,Faraj Karnik,emp1575@abc-retail.example,Security,Director,101873.75,2020-10-26,US,ACTIVE,8355
EMP001576,Zaid Badal,emp1576@abc-retail.example,Operations,Manager,62779.92,2022-02-09,IN,ACTIVE,7095
EMP001577,Yutika Kurian,emp1577@abc-retail.example,Security,Manager,44016.4,2019-10-28,IN,ACTIVE,9829
EMP001578,Widisha Parsa,emp1578@abc-retail.example,Engineering,Director,66238.73,2018-11-28,IN,ACTIVE,7628
EMP001579,Dhriti Oza,emp1579@abc-retail.example,Engineering,Director,111843.12,2015-09-03,SG,ACTIVE,4299
EMP001580,Naveen Viswanathan,emp1580@abc-retail.example,Security,Manager,150584.13,2019-07-26,GB,ACTIVE,4980
EMP001581,Eta Chadha,emp1581@abc-retail.example,Operations,Director,116138.5,2019-10-13,GB,ACTIVE,3284
EMP001582,Nicholas Sankaran,emp1582@abc-retail.example,HR,Engineer,43410.9,2015-06-25,DE,ACTIVE,2086
EMP001583,Ekalinga Naik,emp1583@abc-retail.example,HR,Engineer,116744.72,2019-04-25,SG,ACTIVE,0233
EMP001584,Keya Pradhan,emp1584@abc-retail.example,Finance,Manager,58167.95,2023-02-07,IN,ACTIVE,4642
EMP001585,Rachana Kannan,emp1585@abc-retail.example,HR,Senior Manager,125009.22,2022-11-26,SG,ACTIVE,8528
EMP001586,Chaitaly Dugar,emp1586@abc-retail.example,Engineering,Director,81155.06,2022-10-18,IN,ACTIVE,2680
EMP001587,Tara Bose,emp1587@abc-retail.example,Engineering,Director,64876.31,2021-06-19,US,ACTIVE,1118
EMP001588,Ayushman Dada,emp1588@abc-retail.example,Sales,Engineer,73788.74,2015-03-05,IN,ACTIVE,5974
EMP001589,Wakeeta Dalal,emp1589@abc-retail.example,HR,Analyst,110976.81,2022-07-17,SG,ACTIVE,2167
EMP001590,Praneel Parmer,emp1590@abc-retail.example,Marketing,Engineer,125925.78,2024-01-18,US,ACTIVE,7771
EMP001591,Robert Ravi,emp1591@abc-retail.example,Operations,Senior Manager,129002.83,2015-12-27,SG,ACTIVE,3562
EMP001592,Rayaan Prabhu,emp1592@abc-retail.example,Engineering,Analyst,79189.05,2015-10-15,IN,ACTIVE,0742
EMP001593,Timothy Nagi,emp1593@abc-retail.example,Security,Director,174380.12,2022-07-14,SG,ACTIVE,9381
EMP001594,Eta Mitra,emp1594@abc-retail.example,Marketing,Analyst,131713.54,2019-08-14,DE,INACTIVE,8984
EMP001595,Yasti Nadkarni,emp1595@abc-retail.example,HR,Director,162629.12,2017-11-28,SG,ACTIVE,8161
EMP001596,Falan Johal,emp1596@abc-retail.example,Marketing,Senior Manager,52157.38,2018-06-18,IN,ACTIVE,3046
EMP001597,Faris Virk,emp1597@abc-retail.example,Operations,Analyst,153280.12,2019-09-07,US,ACTIVE,4481
EMP001598,Yasti Trivedi,emp1598@abc-retail.example,Operations,Analyst,52771.83,2019-06-21,US,ACTIVE,1576
EMP001599,Riya Dhawan,emp1599@abc-retail.example,Finance,Director,65263.98,2023-08-23,DE,ACTIVE,6588
EMP001600,Tamanna Sahota,emp1600@abc-retail.example,Engineering,Senior Manager,175941.35,2021-02-15,GB,ACTIVE,8730
EMP001601,Balendra Chakraborty,emp1601@abc-retail.example,Marketing,Director,169690.34,2024-02-07,US,ACTIVE,8885
EMP001602,Viraj Choudhry,emp1602@abc-retail.example,Sales,Manager,129267.26,2020-11-26,GB,ACTIVE,1978
EMP001603,Tanvi Salvi,emp1603@abc-retail.example,Security,Engineer,73866.96,2015-09-16,DE,ACTIVE,1755
EMP001604,Yachana Palan,emp1604@abc-retail.example,Security,Senior Manager,77333.55,2023-07-17,SG,INACTIVE,7589
EMP001605,Manbir Lad,emp1605@abc-retail.example,Operations,Analyst,76109.49,2022-11-03,GB,ACTIVE,0882
EMP001606,Vasatika Rajan,emp1606@abc-retail.example,Engineering,Manager,165658.06,2021-08-12,IN,ACTIVE,4087
EMP001607,Nisha Chand,emp1607@abc-retail.example,Sales,Analyst,117386.35,2018-01-03,DE,ACTIVE,6484
EMP001608,Nikita Yogi,emp1608@abc-retail.example,Finance,Analyst,160706.23,2024-04-05,US,ACTIVE,5540
EMP001609,Aarav Saraf,emp1609@abc-retail.example,Sales,Senior Manager,147671.25,2015-12-24,GB,ACTIVE,4722
EMP001610,Harsh Bir,emp1610@abc-retail.example,Security,Engineer,85743.35,2022-03-14,IN,ACTIVE,6252
EMP001611,Inaya Chowdhury,emp1611@abc-retail.example,HR,Director,69755.09,2015-03-09,IN,ACTIVE,4625
EMP001612,Eshana Modi,emp1612@abc-retail.example,Operations,Manager,163368.89,2021-05-08,DE,ACTIVE,2667
EMP001613,Arin Lanka,emp1613@abc-retail.example,HR,Engineer,77002.38,2020-07-01,IN,ACTIVE,5071
EMP001614,Lopa Krishnamurthy,emp1614@abc-retail.example,Marketing,Engineer,100234.6,2016-02-11,IN,ACTIVE,6165
EMP001615,Meera Dixit,emp1615@abc-retail.example,Marketing,Senior Manager,150236.04,2024-11-13,US,ACTIVE,0377
EMP001616,Sara Tank,emp1616@abc-retail.example,Sales,Senior Manager,179742.25,2015-05-14,GB,ACTIVE,3931
EMP001617,Udant Butala,emp1617@abc-retail.example,Security,Senior Manager,76158.83,2015-09-09,GB,ACTIVE,7658
EMP001618,Wishi Dhingra,emp1618@abc-retail.example,Security,Director,97315.02,2022-04-25,SG,ACTIVE,7483
EMP001619,Charles Sarma,emp1619@abc-retail.example,Operations,Analyst,162912.42,2018-07-18,DE,ACTIVE,0745
EMP001620,Ridhi Tata,emp1620@abc-retail.example,Sales,Senior Manager,149564.74,2015-01-26,IN,ACTIVE,2852
EMP001621,Sai Hayre,emp1621@abc-retail.example,Operations,Director,38009.5,2016-08-10,GB,ACTIVE,1132
EMP001622,Ayush Saxena,emp1622@abc-retail.example,Security,Director,153217.88,2025-07-17,IN,ACTIVE,8294
EMP001623,Nidra Sinha,emp1623@abc-retail.example,Finance,Manager,136115.76,2017-06-05,US,ACTIVE,3600
EMP001624,Hemangini Sharaf,emp1624@abc-retail.example,Sales,Manager,167720.68,2024-09-10,SG,ACTIVE,7330
EMP001625,Dominic Viswanathan,emp1625@abc-retail.example,Engineering,Engineer,116521.45,2022-03-18,DE,ACTIVE,3834
EMP001626,Zehaan Natarajan,emp1626@abc-retail.example,Sales,Manager,156037.65,2023-02-20,GB,ACTIVE,7571
EMP001627,Yahvi Sachdev,emp1627@abc-retail.example,Operations,Director,118128.54,2020-05-13,IN,ACTIVE,7135
EMP001628,Mohammed Padmanabhan,emp1628@abc-retail.example,Marketing,Manager,100139.03,2023-11-25,SG,ACTIVE,5521
EMP001629,Aadi Kurian,emp1629@abc-retail.example,Finance,Director,113912.7,2023-09-01,US,ACTIVE,0777
EMP001630,Zaid Kamdar,emp1630@abc-retail.example,Marketing,Engineer,160120.49,2025-10-14,DE,ACTIVE,8487
EMP001631,Vyanjana Murthy,emp1631@abc-retail.example,Engineering,Director,171004.15,2016-11-08,DE,ACTIVE,5945
EMP001632,Zaitra Gara,emp1632@abc-retail.example,HR,Director,100864.84,2020-04-12,DE,ACTIVE,8441
EMP001633,Oeshi Sem,emp1633@abc-retail.example,Security,Director,107992.4,2016-09-08,GB,ACTIVE,9549
EMP001634,Rajata Venkataraman,emp1634@abc-retail.example,Security,Engineer,152057.34,2022-11-18,DE,ACTIVE,6777
EMP001635,Osha Sura,emp1635@abc-retail.example,Marketing,Senior Manager,70579.71,2024-07-09,SG,ACTIVE,0592
EMP001636,Jacob Kade,emp1636@abc-retail.example,HR,Manager,65444.41,2017-01-09,SG,ACTIVE,8624
EMP001637,Reva Chana,emp1637@abc-retail.example,Finance,Director,69721.67,2015-10-30,US,ACTIVE,0010
EMP001638,Aradhana Kant,emp1638@abc-retail.example,Finance,Senior Manager,41562.47,2022-06-21,US,ACTIVE,7552
EMP001639,Yashoda Garg,emp1639@abc-retail.example,Engineering,Manager,168963.87,2019-05-13,IN,ACTIVE,8658
EMP001640,Maanav Memon,emp1640@abc-retail.example,Engineering,Senior Manager,168738.5,2018-01-11,SG,ACTIVE,0835
EMP001641,Theodore Mallick,emp1641@abc-retail.example,Security,Engineer,172953.09,2020-11-16,IN,ACTIVE,3234
EMP001642,Matthew Palla,emp1642@abc-retail.example,Finance,Director,68081.25,2025-08-05,IN,ACTIVE,0793
EMP001643,Balveer Sura,emp1643@abc-retail.example,HR,Senior Manager,123020.55,2023-04-14,IN,ACTIVE,1817
EMP001644,Sara Bandi,emp1644@abc-retail.example,Finance,Engineer,94094.81,2016-10-30,SG,INACTIVE,3244
EMP001645,Xalak Jani,emp1645@abc-retail.example,Security,Director,63154.16,2024-07-24,GB,ACTIVE,5226
EMP001646,Krisha Mitter,emp1646@abc-retail.example,Operations,Senior Manager,167070.36,2025-01-25,GB,ACTIVE,8838
EMP001647,Shravya Kumar,emp1647@abc-retail.example,Finance,Manager,129564.43,2020-01-31,GB,ACTIVE,3658
EMP001648,Leena Rattan,emp1648@abc-retail.example,Sales,Senior Manager,61415.01,2017-12-03,US,INACTIVE,3567
EMP001649,Victor Rout,emp1649@abc-retail.example,HR,Manager,65257.8,2017-07-10,SG,ACTIVE,1667
EMP001650,Chaman Badal,emp1650@abc-retail.example,Marketing,Manager,91636.41,2021-01-09,DE,ACTIVE,7586
EMP001651,Panini Sahni,emp1651@abc-retail.example,Operations,Analyst,178637.15,2021-11-29,GB,ACTIVE,3989
EMP001652,Rayaan Gandhi,emp1652@abc-retail.example,Operations,Director,179545.51,2018-01-02,US,ACTIVE,6945
EMP001653,Eesha Balay,emp1653@abc-retail.example,Sales,Manager,168748.04,2020-10-18,IN,INACTIVE,4032
EMP001654,Ekaraj Sant,emp1654@abc-retail.example,Finance,Analyst,122636.98,2019-11-07,DE,ACTIVE,1625
EMP001655,Aarush D’Alia,emp1655@abc-retail.example,Sales,Engineer,80318.98,2019-10-27,SG,ACTIVE,7322
EMP001656,Forum Rattan,emp1656@abc-retail.example,Marketing,Director,72344.08,2018-05-08,DE,ACTIVE,9173
EMP001657,Osha Behl,emp1657@abc-retail.example,HR,Analyst,114486.2,2015-07-20,SG,ACTIVE,1047
EMP001658,Tristan Gulati,emp1658@abc-retail.example,Engineering,Manager,132391.71,2016-09-12,DE,ACTIVE,2385
EMP001659,Manthan Pal,emp1659@abc-retail.example,Marketing,Manager,92290.57,2015-11-23,GB,INACTIVE,6481
EMP001660,Ishaan Dora,emp1660@abc-retail.example,HR,Manager,68022.87,2016-05-06,IN,ACTIVE,1345
EMP001661,Ekalinga Warrior,emp1661@abc-retail.example,Engineering,Senior Manager,87958.36,2024-09-17,SG,ACTIVE,6205
EMP001662,Finn Dua,emp1662@abc-retail.example,Operations,Senior Manager,70561.94,2024-10-26,US,ACTIVE,6330
EMP001663,Tara Borah,emp1663@abc-retail.example,HR,Manager,167311.55,2023-12-11,SG,INACTIVE,9976
EMP001664,Samarth Trivedi,emp1664@abc-retail.example,Finance,Engineer,154424.46,2024-05-27,US,INACTIVE,4032
EMP001665,Balendra Cheema,emp1665@abc-retail.example,Engineering,Manager,60854.95,2025-05-14,IN,ACTIVE,5517
EMP001666,Alka Bajaj,emp1666@abc-retail.example,Engineering,Senior Manager,149453.85,2022-02-06,GB,ACTIVE,3417
EMP001667,Chakrika Agarwal,emp1667@abc-retail.example,HR,Engineer,44830.72,2018-02-01,DE,ACTIVE,7457
EMP001668,Ishaan Sampath,emp1668@abc-retail.example,HR,Director,124181.4,2022-12-29,SG,ACTIVE,6872
EMP001669,Dipta Das,emp1669@abc-retail.example,Security,Manager,134384.39,2018-05-30,DE,ACTIVE,4408
EMP001670,Liam Bajwa,emp1670@abc-retail.example,Operations,Engineer,136814.77,2016-04-30,GB,ACTIVE,5432
EMP001671,Chaaya Sibal,emp1671@abc-retail.example,Sales,Analyst,69819.79,2015-11-03,IN,ACTIVE,7039
EMP001672,Isha Dutta,emp1672@abc-retail.example,Finance,Manager,161709.68,2021-06-06,GB,ACTIVE,1668
EMP001673,Yug Patla,emp1673@abc-retail.example,Finance,Director,38869.47,2025-10-26,SG,ACTIVE,3222
EMP001674,Chameli Sunder,emp1674@abc-retail.example,Engineering,Manager,133017.15,2018-08-01,US,ACTIVE,1001
EMP001675,Frado Naik,emp1675@abc-retail.example,Operations,Analyst,121010.4,2019-08-15,DE,ACTIVE,8616
EMP001676,Bhavna Rao,emp1676@abc-retail.example,Engineering,Manager,50423.42,2018-05-25,GB,ACTIVE,6032
EMP001677,Kai Som,emp1677@abc-retail.example,Security,Engineer,67164.46,2018-09-13,IN,ACTIVE,7455
EMP001678,Kabir Bath,emp1678@abc-retail.example,HR,Senior Manager,37404.6,2024-04-02,DE,ACTIVE,0423
EMP001679,Max Dua,emp1679@abc-retail.example,Security,Director,62658.39,2017-01-28,GB,ACTIVE,5857
EMP001680,Vasana Misra,emp1680@abc-retail.example,Finance,Analyst,105570.9,2023-11-05,US,ACTIVE,9609
EMP001681,Bina Magar,emp1681@abc-retail.example,Security,Director,162754.78,2018-10-06,US,ACTIVE,5148
EMP001682,Damyanti Ramanathan,emp1682@abc-retail.example,Sales,Engineer,167881.44,2017-08-12,IN,ACTIVE,9141
EMP001683,Bina Gaba,emp1683@abc-retail.example,Marketing,Director,175424.67,2022-01-25,GB,ACTIVE,5999
EMP001684,Yutika Mishra,emp1684@abc-retail.example,Marketing,Senior Manager,108403.01,2025-11-13,IN,ACTIVE,9077
EMP001685,Nisha Sarkar,emp1685@abc-retail.example,Marketing,Engineer,172690.08,2020-11-26,SG,ACTIVE,7626
EMP001686,Chakradev Dada,emp1686@abc-retail.example,HR,Senior Manager,165733.43,2022-11-29,SG,INACTIVE,0241
EMP001687,Christopher Sura,emp1687@abc-retail.example,Marketing,Manager,147121.7,2022-12-13,DE,INACTIVE,2089
EMP001688,Pahal Cherian,emp1688@abc-retail.example,Engineering,Engineer,112196.39,2022-02-26,US,ACTIVE,2188
EMP001689,Anita Om,emp1689@abc-retail.example,Security,Director,100320.46,2024-02-23,DE,ACTIVE,6243
EMP001690,Darpan Naik,emp1690@abc-retail.example,Sales,Senior Manager,66420.17,2016-02-19,GB,ACTIVE,4402
EMP001691,Sanaya Parekh,emp1691@abc-retail.example,Engineering,Senior Manager,49454.05,2018-01-28,DE,INACTIVE,6245
EMP001692,Rayaan Comar,emp1692@abc-retail.example,Marketing,Manager,46723.34,2024-12-05,SG,ACTIVE,7632
EMP001693,Arya Ravi,emp1693@abc-retail.example,Sales,Manager,52384.75,2025-07-24,US,ACTIVE,3478
EMP001694,Saanvi Konda,emp1694@abc-retail.example,HR,Analyst,179354.11,2017-06-22,DE,ACTIVE,6708
EMP001695,Mitali Prashad,emp1695@abc-retail.example,Engineering,Senior Manager,103566.67,2024-11-01,SG,ACTIVE,5081
EMP001696,Lipika Garde,emp1696@abc-retail.example,Marketing,Senior Manager,72929.82,2016-05-17,US,ACTIVE,8700
EMP001697,Yachana Loyal,emp1697@abc-retail.example,Operations,Director,59304.57,2025-09-05,DE,ACTIVE,0356
EMP001698,Warhi Virk,emp1698@abc-retail.example,Operations,Senior Manager,121493.96,2023-10-06,US,ACTIVE,9827
EMP001699,Pranav Sarna,emp1699@abc-retail.example,Finance,Director,43474.52,2025-09-18,GB,ACTIVE,0498
EMP001700,Vritti Minhas,emp1700@abc-retail.example,Sales,Senior Manager,61104.89,2020-12-17,DE,ACTIVE,4309
EMP001701,Madhavi Muni,emp1701@abc-retail.example,Marketing,Director,177948.87,2016-03-09,GB,INACTIVE,5596
EMP001702,Akshay Batra,emp1702@abc-retail.example,Engineering,Senior Manager,104863.62,2017-10-04,GB,ACTIVE,2324
EMP001703,Chasmum Gola,emp1703@abc-retail.example,Engineering,Director,106398.16,2015-09-12,US,ACTIVE,6797
EMP001704,Meera Guha,emp1704@abc-retail.example,Finance,Manager,109969.85,2017-04-12,US,ACTIVE,5009
EMP001705,Faras Sami,emp1705@abc-retail.example,Security,Director,96450.69,2017-12-21,IN,ACTIVE,2666
EMP001706,Yashica Purohit,emp1706@abc-retail.example,Engineering,Engineer,115889.91,2019-09-22,DE,ACTIVE,1553
EMP001707,Leena Rout,emp1707@abc-retail.example,Operations,Senior Manager,159373.26,2017-11-05,GB,ACTIVE,5768
EMP001708,Henry Agarwal,emp1708@abc-retail.example,Operations,Director,36138.87,2020-03-20,IN,ACTIVE,9186
EMP001709,Max Chopra,emp1709@abc-retail.example,HR,Manager,151093.78,2020-11-04,GB,ACTIVE,9087
EMP001710,Tamanna Bhatti,emp1710@abc-retail.example,Sales,Analyst,97362.66,2024-09-07,US,ACTIVE,8243
EMP001711,Sneha Thakkar,emp1711@abc-retail.example,HR,Engineer,150023.09,2024-12-26,SG,ACTIVE,3565
EMP001712,Xalak Kara,emp1712@abc-retail.example,Operations,Engineer,135614.52,2022-04-22,GB,ACTIVE,9255
EMP001713,Ati Kalla,emp1713@abc-retail.example,Operations,Director,44805.92,2023-02-09,SG,INACTIVE,5219
EMP001714,Jairaj Saxena,emp1714@abc-retail.example,Security,Director,51330.15,2024-05-31,US,ACTIVE,8366
EMP001715,Raksha Saini,emp1715@abc-retail.example,Operations,Senior Manager,100960.67,2025-07-27,SG,ACTIVE,9820
EMP001716,Baghyawati Ahluwalia,emp1716@abc-retail.example,Sales,Analyst,38848.14,2019-09-08,IN,ACTIVE,8589
EMP001717,Brijesh Saha,emp1717@abc-retail.example,Engineering,Manager,118111.05,2025-08-02,IN,ACTIVE,3413
EMP001718,Vritti Char,emp1718@abc-retail.example,Finance,Senior Manager,63450.31,2016-12-31,GB,ACTIVE,7671
EMP001719,Andrew Lad,emp1719@abc-retail.example,Sales,Senior Manager,121566.76,2017-04-29,DE,ACTIVE,1969
EMP001720,Forum Dhar,emp1720@abc-retail.example,Finance,Director,37745.0,2021-03-15,SG,ACTIVE,0918
EMP001721,Kevin Shan,emp1721@abc-retail.example,Marketing,Manager,72371.45,2018-02-05,IN,ACTIVE,2419
EMP001722,Indrajit Natarajan,emp1722@abc-retail.example,Security,Director,60045.67,2017-02-26,IN,ACTIVE,4796
EMP001723,Krish Gour,emp1723@abc-retail.example,Finance,Analyst,157313.03,2019-01-03,SG,ACTIVE,7650
EMP001724,Fariq Kant,emp1724@abc-retail.example,Engineering,Senior Manager,81901.02,2020-03-10,IN,ACTIVE,4256
EMP001725,Nandini Ratti,emp1725@abc-retail.example,HR,Manager,56737.16,2025-10-30,SG,ACTIVE,2030
EMP001726,Banjeet Gade,emp1726@abc-retail.example,HR,Director,51977.12,2024-12-08,GB,ACTIVE,8799
EMP001727,Nachiket Vohra,emp1727@abc-retail.example,Engineering,Manager,134466.89,2015-07-12,SG,ACTIVE,5509
EMP001728,Samar Krishnan,emp1728@abc-retail.example,Engineering,Senior Manager,107813.96,2015-03-04,GB,ACTIVE,9371
EMP001729,Jason Kade,emp1729@abc-retail.example,Finance,Manager,178988.09,2016-05-26,IN,ACTIVE,3663
EMP001730,Saanvi Mital,emp1730@abc-retail.example,Sales,Engineer,42725.24,2024-04-24,SG,ACTIVE,2978
EMP001731,Yasti Sood,emp1731@abc-retail.example,HR,Senior Manager,73497.16,2025-07-03,GB,ACTIVE,4145
EMP001732,Lipika Krishnan,emp1732@abc-retail.example,Marketing,Analyst,97456.22,2024-09-29,GB,ACTIVE,6468
EMP001733,Xalak Ben,emp1733@abc-retail.example,Marketing,Analyst,58641.0,2018-04-06,IN,ACTIVE,0372
EMP001734,Nirja Randhawa,emp1734@abc-retail.example,Finance,Senior Manager,169733.51,2025-03-06,DE,ACTIVE,7033
EMP001735,Gaurang Sandal,emp1735@abc-retail.example,Engineering,Analyst,107930.45,2025-12-05,SG,ACTIVE,3849
EMP001736,Abdul Sarkar,emp1736@abc-retail.example,Marketing,Analyst,77182.81,2021-12-12,IN,INACTIVE,8093
EMP001737,Wridesh Wable,emp1737@abc-retail.example,Engineering,Senior Manager,126272.32,2016-08-14,GB,ACTIVE,1334
EMP001738,Frederick Banik,emp1738@abc-retail.example,HR,Director,77459.32,2016-01-21,IN,ACTIVE,6513
EMP001739,Yashoda Sharaf,emp1739@abc-retail.example,Security,Manager,116949.38,2019-08-21,GB,INACTIVE,4597
EMP001740,Ijaya Pradhan,emp1740@abc-retail.example,Operations,Director,118912.99,2024-08-03,DE,ACTIVE,9823
EMP001741,Nitesh Khosla,emp1741@abc-retail.example,Sales,Manager,118493.38,2018-08-13,GB,ACTIVE,0880
EMP001742,Yashawini Rege,emp1742@abc-retail.example,Engineering,Analyst,129355.53,2024-09-30,SG,ACTIVE,8015
EMP001743,Faras Muni,emp1743@abc-retail.example,Finance,Manager,41538.7,2016-01-13,GB,ACTIVE,4535
EMP001744,Girindra Cherian,emp1744@abc-retail.example,Marketing,Manager,55258.99,2023-10-07,SG,ACTIVE,5001
EMP001745,Anya Krishnamurthy,emp1745@abc-retail.example,Marketing,Director,106955.19,2017-07-14,SG,ACTIVE,0049
EMP001746,Ranbir Sidhu,emp1746@abc-retail.example,Marketing,Analyst,102085.5,2020-01-21,IN,ACTIVE,9848
EMP001747,Jeremiah Krishnan,emp1747@abc-retail.example,Engineering,Engineer,140620.42,2020-10-10,IN,ACTIVE,3664
EMP001748,Guneet Ray,emp1748@abc-retail.example,Security,Engineer,157495.95,2020-05-07,SG,ACTIVE,9970
EMP001749,Tanvi Pandit,emp1749@abc-retail.example,Engineering,Analyst,164180.87,2024-01-01,IN,ACTIVE,8380
EMP001750,Ekani Sridhar,emp1750@abc-retail.example,Marketing,Engineer,102178.04,2024-05-10,US,ACTIVE,6957
EMP001751,Samuel Comar,emp1751@abc-retail.example,Operations,Senior Manager,45255.58,2024-11-09,GB,INACTIVE,5561
EMP001752,Aahana Chandran,emp1752@abc-retail.example,HR,Senior Manager,114688.12,2015-11-23,IN,ACTIVE,9983
EMP001753,Xiti Devi,emp1753@abc-retail.example,Engineering,Director,113561.62,2024-12-06,IN,ACTIVE,8915
EMP001754,Brinda Comar,emp1754@abc-retail.example,Sales,Manager,65180.12,2019-01-26,SG,ACTIVE,6179
EMP001755,Owen Sundaram,emp1755@abc-retail.example,Finance,Engineer,133478.42,2018-06-04,DE,ACTIVE,5839
EMP001756,Eta Zacharia,emp1756@abc-retail.example,Security,Engineer,146683.78,2017-04-14,DE,ACTIVE,9729
EMP001757,Yagnesh Arya,emp1757@abc-retail.example,Finance,Director,83271.47,2018-03-23,IN,ACTIVE,7337
EMP001758,Luke Palan,emp1758@abc-retail.example,Marketing,Engineer,167699.79,2019-04-29,IN,ACTIVE,9164
EMP001759,Elijah Ranganathan,emp1759@abc-retail.example,Marketing,Manager,88301.93,2016-07-30,SG,ACTIVE,0332
EMP001760,Manya Srinivas,emp1760@abc-retail.example,Engineering,Engineer,163862.02,2024-02-19,GB,ACTIVE,1063
EMP001761,Yauvani Krishnamurthy,emp1761@abc-retail.example,HR,Analyst,56228.35,2024-04-13,GB,ACTIVE,0126
EMP001762,Ojas Krishnan,emp1762@abc-retail.example,HR,Director,164975.94,2024-05-21,SG,ACTIVE,1860
EMP001763,Matthew Hayre,emp1763@abc-retail.example,Engineering,Analyst,87486.81,2021-07-15,DE,ACTIVE,2189
EMP001764,Triveni Yohannan,emp1764@abc-retail.example,Operations,Director,104333.56,2017-11-25,IN,ACTIVE,5933
EMP001765,Aarnav Varkey,emp1765@abc-retail.example,Sales,Senior Manager,148624.64,2023-08-21,SG,ACTIVE,6642
EMP001766,Zansi Nath,emp1766@abc-retail.example,Operations,Engineer,60259.5,2016-03-14,DE,ACTIVE,3494
EMP001767,Chaitanya Bajwa,emp1767@abc-retail.example,Marketing,Engineer,95975.07,2022-03-24,DE,ACTIVE,4136
EMP001768,Vasudha Rajagopalan,emp1768@abc-retail.example,Security,Manager,72372.96,2017-02-15,SG,ACTIVE,7240
EMP001769,Ekalinga Sawhney,emp1769@abc-retail.example,Sales,Manager,72838.37,2015-12-09,GB,INACTIVE,5449
EMP001770,Samesh Sethi,emp1770@abc-retail.example,Security,Analyst,176852.1,2022-07-19,DE,INACTIVE,4240
EMP001771,Maanas Tandon,emp1771@abc-retail.example,Security,Senior Manager,132178.42,2019-08-03,GB,ACTIVE,1610
EMP001772,Nikita Madan,emp1772@abc-retail.example,HR,Analyst,136140.72,2020-06-09,SG,ACTIVE,8525
EMP001773,Raghav Iyengar,emp1773@abc-retail.example,HR,Engineer,55953.96,2025-11-09,DE,ACTIVE,5724
EMP001774,Lopa Mani,emp1774@abc-retail.example,Security,Engineer,150172.51,2021-03-27,DE,ACTIVE,7025
EMP001775,Yashica Brar,emp1775@abc-retail.example,Marketing,Manager,72457.67,2017-11-15,US,ACTIVE,9799
EMP001776,Ekanta Subramanian,emp1776@abc-retail.example,Marketing,Senior Manager,118259.94,2019-09-03,US,ACTIVE,7938
EMP001777,Inaya Grewal,emp1777@abc-retail.example,Marketing,Manager,90636.53,2016-02-21,US,ACTIVE,4259
EMP001778,Maanas Mangat,emp1778@abc-retail.example,HR,Analyst,137937.38,2017-02-13,IN,ACTIVE,9888
EMP001779,Vritti Jayaraman,emp1779@abc-retail.example,Operations,Director,148105.94,2015-04-26,US,ACTIVE,3347
EMP001780,Ubika Shan,emp1780@abc-retail.example,Operations,Senior Manager,54459.6,2025-09-01,SG,ACTIVE,6791
EMP001781,Nicholas Sharma,emp1781@abc-retail.example,Security,Engineer,85383.34,2015-05-01,GB,ACTIVE,5996
EMP001782,Zarna Sibal,emp1782@abc-retail.example,Operations,Engineer,51697.91,2021-05-16,DE,ACTIVE,2239
EMP001783,Nidhi Singh,emp1783@abc-retail.example,Engineering,Analyst,96273.69,2023-12-14,DE,ACTIVE,6395
EMP001784,Wishi Soman,emp1784@abc-retail.example,Sales,Senior Manager,68947.92,2024-04-27,DE,ACTIVE,7678
EMP001785,Kalpit Rajagopal,emp1785@abc-retail.example,Sales,Analyst,97830.82,2021-11-24,GB,ACTIVE,1015
EMP001786,Jason Aggarwal,emp1786@abc-retail.example,Operations,Engineer,57076.18,2024-10-23,US,ACTIVE,8818
EMP001787,Ojas Kar,emp1787@abc-retail.example,Marketing,Manager,174810.64,2022-01-05,US,ACTIVE,4507
EMP001788,Ridhi Baria,emp1788@abc-retail.example,Engineering,Senior Manager,138036.67,2021-04-26,DE,INACTIVE,9038
EMP001789,Urishilla Sarma,emp1789@abc-retail.example,Operations,Manager,104629.13,2017-11-16,IN,ACTIVE,9140
EMP001790,Mekhala Kala,emp1790@abc-retail.example,Engineering,Senior Manager,94267.45,2025-07-15,IN,ACTIVE,0319
EMP001791,Shivani Narayanan,emp1791@abc-retail.example,Operations,Analyst,174188.22,2025-01-26,IN,ACTIVE,5350
EMP001792,Tara Ghose,emp1792@abc-retail.example,Sales,Analyst,73155.07,2024-09-29,GB,INACTIVE,2738
EMP001793,Pratyush Patla,emp1793@abc-retail.example,Finance,Senior Manager,52050.33,2025-01-19,DE,ACTIVE,7955
EMP001794,Imaran Narang,emp1794@abc-retail.example,Security,Manager,99974.34,2024-01-31,DE,ACTIVE,1153
EMP001795,Onkar Pai,emp1795@abc-retail.example,Finance,Engineer,73826.25,2025-04-17,IN,ACTIVE,7889
EMP001796,Anya Devan,emp1796@abc-retail.example,Security,Analyst,56231.07,2020-03-28,US,INACTIVE,4091
EMP001797,Oviya Konda,emp1797@abc-retail.example,HR,Manager,117716.38,2017-09-20,US,ACTIVE,6508
EMP001798,Varenya Modi,emp1798@abc-retail.example,Marketing,Senior Manager,44367.06,2022-05-01,DE,ACTIVE,0937
EMP001799,Neha Deshmukh,emp1799@abc-retail.example,Finance,Manager,108321.27,2021-09-23,SG,ACTIVE,2317
EMP001800,Oviya Mangal,emp1800@abc-retail.example,Engineering,Senior Manager,132214.53,2022-08-05,GB,ACTIVE,9922
EMP001801,Dayita Sha,emp1801@abc-retail.example,Marketing,Director,142895.76,2025-06-23,SG,ACTIVE,7425
EMP001802,Qushi Nagi,emp1802@abc-retail.example,Operations,Senior Manager,159804.56,2017-01-11,US,ACTIVE,5704
EMP001803,Faras Boase,emp1803@abc-retail.example,Sales,Manager,166078.19,2018-11-22,IN,ACTIVE,2014
EMP001804,Kashish Rana,emp1804@abc-retail.example,Marketing,Engineer,106854.39,2018-09-13,GB,ACTIVE,0034
EMP001805,Quincy Kala,emp1805@abc-retail.example,Sales,Senior Manager,86641.88,2018-12-22,SG,ACTIVE,3751
EMP001806,Arin Palan,emp1806@abc-retail.example,HR,Senior Manager,56522.13,2018-09-04,SG,ACTIVE,4791
EMP001807,Gaurav Gole,emp1807@abc-retail.example,Engineering,Director,146124.5,2015-10-21,IN,ACTIVE,6578
EMP001808,David Om,emp1808@abc-retail.example,Marketing,Director,35190.87,2023-08-27,SG,ACTIVE,2880
EMP001809,Tara Chawla,emp1809@abc-retail.example,HR,Director,86266.46,2016-11-29,GB,ACTIVE,4462
EMP001810,Vihaan Gour,emp1810@abc-retail.example,Operations,Engineer,78547.35,2016-07-04,DE,ACTIVE,0375
EMP001811,Finn Bedi,emp1811@abc-retail.example,HR,Senior Manager,48155.2,2024-06-22,GB,ACTIVE,9252
EMP001812,Reyansh Vohra,emp1812@abc-retail.example,Engineering,Director,41469.9,2024-07-05,SG,ACTIVE,7468
EMP001813,Bhavya Pillai,emp1813@abc-retail.example,Marketing,Manager,64144.99,2017-08-17,US,ACTIVE,6174
EMP001814,Saanvi Bhatti,emp1814@abc-retail.example,Sales,Senior Manager,93662.71,2018-02-08,GB,ACTIVE,3784
EMP001815,Atharv Vyas,emp1815@abc-retail.example,Sales,Director,54523.83,2025-03-07,SG,ACTIVE,2693
EMP001816,Barkha Purohit,emp1816@abc-retail.example,Engineering,Manager,36697.46,2018-12-15,SG,ACTIVE,2464
EMP001817,Dominic Palla,emp1817@abc-retail.example,Marketing,Director,73017.28,2023-05-24,SG,ACTIVE,0510
EMP001818,David Nayak,emp1818@abc-retail.example,Security,Manager,68512.63,2024-04-03,SG,INACTIVE,5078
EMP001819,Aarav Handa,emp1819@abc-retail.example,Security,Analyst,120322.04,2024-05-20,DE,ACTIVE,8270
EMP001820,Kamala Rajagopal,emp1820@abc-retail.example,Engineering,Director,112528.15,2019-05-09,GB,ACTIVE,6996
EMP001821,Ekani Yogi,emp1821@abc-retail.example,Security,Manager,131226.24,2019-11-13,GB,INACTIVE,3264
EMP001822,Ishani Ramanathan,emp1822@abc-retail.example,HR,Engineer,169849.27,2020-11-09,GB,ACTIVE,1634
EMP001823,Aadhya Behl,emp1823@abc-retail.example,Security,Engineer,52716.78,2016-09-28,US,ACTIVE,0092
EMP001824,Balendra Srinivas,emp1824@abc-retail.example,Engineering,Analyst,117733.54,2022-04-01,US,ACTIVE,7291
EMP001825,Yadavi Chandra,emp1825@abc-retail.example,Finance,Senior Manager,130243.5,2023-03-25,US,INACTIVE,3800
EMP001826,Sneha Sengupta,emp1826@abc-retail.example,Finance,Manager,145675.14,2015-06-09,IN,INACTIVE,2836
EMP001827,Lucky Balasubramanian,emp1827@abc-retail.example,Finance,Senior Manager,130599.04,2016-01-24,SG,ACTIVE,7727
EMP001828,Ekaraj Kala,emp1828@abc-retail.example,Security,Analyst,67606.67,2015-02-20,GB,ACTIVE,8097
EMP001829,Imaran Nagar,emp1829@abc-retail.example,Engineering,Director,40033.53,2021-08-21,SG,ACTIVE,0339
EMP001830,Anika Baral,emp1830@abc-retail.example,Security,Manager,172102.77,2017-10-11,US,ACTIVE,8081
EMP001831,Michael Mangal,emp1831@abc-retail.example,HR,Engineer,46125.46,2020-12-03,GB,ACTIVE,9738
EMP001832,Libni Mand,emp1832@abc-retail.example,HR,Engineer,67055.46,2019-02-04,US,ACTIVE,6628
EMP001833,Rohan Kade,emp1833@abc-retail.example,Sales,Manager,134568.55,2023-03-21,GB,ACTIVE,0184
EMP001834,Timothy Bahri,emp1834@abc-retail.example,Operations,Senior Manager,132665.72,2017-02-04,IN,ACTIVE,8466
EMP001835,Ansh Apte,emp1835@abc-retail.example,Sales,Director,140224.82,2015-04-23,IN,ACTIVE,7726
EMP001836,Harinakshi Narayan,emp1836@abc-retail.example,HR,Engineer,151673.93,2020-07-25,GB,ACTIVE,3135
EMP001837,Dominic Kota,emp1837@abc-retail.example,Sales,Manager,122768.33,2023-12-11,US,ACTIVE,9915
EMP001838,Waida Gala,emp1838@abc-retail.example,Sales,Senior Manager,162135.31,2023-09-28,SG,ACTIVE,0132
EMP001839,Janya Purohit,emp1839@abc-retail.example,Security,Senior Manager,129904.5,2015-02-03,IN,ACTIVE,2690
EMP001840,Hemani Badal,emp1840@abc-retail.example,Engineering,Director,158682.4,2023-07-08,DE,ACTIVE,4046
EMP001841,Sachi Mittal,emp1841@abc-retail.example,Operations,Manager,158746.4,2017-07-21,SG,ACTIVE,1890
EMP001842,Nachiket Lanka,emp1842@abc-retail.example,Marketing,Analyst,39089.01,2025-08-12,SG,ACTIVE,4694
EMP001843,Urvi Sinha,emp1843@abc-retail.example,Finance,Director,164949.44,2022-06-21,US,ACTIVE,1295
EMP001844,Indira Nagarajan,emp1844@abc-retail.example,Security,Manager,102425.13,2021-06-27,US,ACTIVE,4165
EMP001845,Pavani Bali,emp1845@abc-retail.example,Marketing,Manager,51838.83,2021-11-09,DE,ACTIVE,8457
EMP001846,Tripti Kade,emp1846@abc-retail.example,Sales,Senior Manager,131489.81,2024-01-20,DE,INACTIVE,8619
EMP001847,Anya Karnik,emp1847@abc-retail.example,Sales,Director,92415.19,2015-03-27,SG,ACTIVE,0968
EMP001848,Upma Goswami,emp1848@abc-retail.example,Marketing,Director,124909.64,2017-04-17,GB,ACTIVE,2646
EMP001849,Girindra Hayer,emp1849@abc-retail.example,Sales,Senior Manager,164823.45,2021-10-01,US,ACTIVE,7609
EMP001850,Nirja Sengupta,emp1850@abc-retail.example,Operations,Senior Manager,40198.08,2020-01-05,US,ACTIVE,0570
EMP001851,Tristan Sarin,emp1851@abc-retail.example,Operations,Director,139445.2,2023-12-25,DE,ACTIVE,9514
EMP001852,Ishanvi Sandal,emp1852@abc-retail.example,HR,Analyst,96653.4,2017-01-31,IN,ACTIVE,1839
EMP001853,Oliver Pathak,emp1853@abc-retail.example,HR,Director,52965.49,2024-06-29,DE,ACTIVE,1726
EMP001854,Liam Bahri,emp1854@abc-retail.example,HR,Engineer,39468.62,2021-10-20,DE,ACTIVE,6327
EMP001855,Chaman Dugal,emp1855@abc-retail.example,Engineering,Manager,38855.44,2022-08-25,IN,ACTIVE,5443
EMP001856,Ekta Dara,emp1856@abc-retail.example,Engineering,Director,154789.88,2017-04-12,SG,ACTIVE,0681
EMP001857,Ayaan Luthra,emp1857@abc-retail.example,HR,Analyst,37738.27,2016-03-19,SG,ACTIVE,2235
EMP001858,Theodore Krishnan,emp1858@abc-retail.example,Finance,Engineer,114160.29,2017-09-21,US,ACTIVE,0248
EMP001859,Bachittar Issac,emp1859@abc-retail.example,Engineering,Senior Manager,80667.09,2019-04-27,GB,ACTIVE,4482
EMP001860,Rachit Ganesh,emp1860@abc-retail.example,HR,Director,44980.52,2020-01-30,US,ACTIVE,9241
EMP001861,Baghyawati Kala,emp1861@abc-retail.example,Sales,Analyst,145320.93,2018-04-05,US,ACTIVE,2866
EMP001862,Bhavika Salvi,emp1862@abc-retail.example,Sales,Analyst,92963.2,2017-08-29,US,ACTIVE,6733
EMP001863,Faraj Deshmukh,emp1863@abc-retail.example,Engineering,Manager,63209.63,2023-08-10,SG,ACTIVE,4170
EMP001864,David Sharma,emp1864@abc-retail.example,HR,Engineer,176083.43,2018-04-21,SG,ACTIVE,5294
EMP001865,Vidhi Agrawal,emp1865@abc-retail.example,Security,Manager,139348.68,2024-07-25,IN,ACTIVE,2638
EMP001866,Yashawini Dubey,emp1866@abc-retail.example,Finance,Senior Manager,48251.29,2017-09-18,GB,ACTIVE,9756
EMP001867,Liam Munshi,emp1867@abc-retail.example,HR,Engineer,123083.19,2018-05-08,GB,ACTIVE,9897
EMP001868,Atharv Johal,emp1868@abc-retail.example,Security,Engineer,114303.13,2016-03-20,GB,ACTIVE,5216
EMP001869,Pranit Solanki,emp1869@abc-retail.example,HR,Senior Manager,152674.2,2017-09-11,DE,ACTIVE,3122
EMP001870,Samuel Mander,emp1870@abc-retail.example,Engineering,Director,69397.85,2019-07-06,DE,ACTIVE,2355
EMP001871,Aadi Bhattacharyya,emp1871@abc-retail.example,Operations,Analyst,69725.61,2024-07-21,GB,ACTIVE,1436
EMP001872,Krish Mitra,emp1872@abc-retail.example,Finance,Director,36545.28,2022-01-20,GB,ACTIVE,9425
EMP001873,Azad Sinha,emp1873@abc-retail.example,Operations,Analyst,171306.88,2017-04-23,US,ACTIVE,6050
EMP001874,Ayushman Hayre,emp1874@abc-retail.example,Operations,Manager,96423.01,2022-10-28,IN,ACTIVE,1668
EMP001875,Saumya Dhar,emp1875@abc-retail.example,Engineering,Analyst,77395.9,2018-10-29,GB,ACTIVE,9144
EMP001876,Dhriti Sami,emp1876@abc-retail.example,Finance,Senior Manager,175530.63,2024-08-30,US,ACTIVE,4264
EMP001877,Oscar Palla,emp1877@abc-retail.example,Marketing,Engineer,132557.92,2016-07-01,US,ACTIVE,9323
EMP001878,Hamsini Bakshi,emp1878@abc-retail.example,Operations,Director,94464.25,2022-11-04,IN,ACTIVE,8246
EMP001879,Faras Sangha,emp1879@abc-retail.example,Marketing,Analyst,108184.34,2023-03-20,DE,ACTIVE,5760
EMP001880,Daksh Nagi,emp1880@abc-retail.example,Security,Director,148069.83,2015-10-28,US,ACTIVE,7183
EMP001881,Teerth Khalsa,emp1881@abc-retail.example,Engineering,Manager,140947.04,2016-02-03,US,ACTIVE,0527
EMP001882,Devika Chandra,emp1882@abc-retail.example,Finance,Analyst,76391.28,2021-12-15,SG,ACTIVE,4623
EMP001883,Indira Ray,emp1883@abc-retail.example,Security,Director,137271.56,2016-09-17,IN,ACTIVE,1510
EMP001884,Aadi Mane,emp1884@abc-retail.example,Security,Senior Manager,49981.19,2022-12-12,IN,INACTIVE,1494
EMP001885,George Andra,emp1885@abc-retail.example,Security,Manager,76211.46,2016-11-04,US,ACTIVE,8913
EMP001886,Isaac Gandhi,emp1886@abc-retail.example,Operations,Analyst,95149.8,2016-12-12,IN,ACTIVE,9117
EMP001887,Odika Kohli,emp1887@abc-retail.example,Marketing,Senior Manager,63244.88,2022-06-28,US,ACTIVE,1018
EMP001888,Warda Maharaj,emp1888@abc-retail.example,Operations,Engineer,98012.62,2017-06-11,SG,ACTIVE,0912
EMP001889,Indira Vohra,emp1889@abc-retail.example,Engineering,Senior Manager,62568.69,2018-01-06,SG,ACTIVE,3142
EMP001890,Guneet Suri,emp1890@abc-retail.example,Marketing,Analyst,36333.49,2025-07-23,US,ACTIVE,1424
EMP001891,Dayamai Narang,emp1891@abc-retail.example,Engineering,Manager,164645.9,2024-08-30,DE,ACTIVE,7276
EMP001892,Edhitha Basak,emp1892@abc-retail.example,Security,Manager,90133.51,2022-07-28,DE,ACTIVE,3180
EMP001893,Inaya Mahajan,emp1893@abc-retail.example,Marketing,Senior Manager,45456.65,2015-08-08,DE,ACTIVE,4307
EMP001894,Avi Setty,emp1894@abc-retail.example,Sales,Engineer,77201.28,2022-01-19,US,ACTIVE,1660
EMP001895,Varsha Walia,emp1895@abc-retail.example,Security,Director,72753.22,2019-07-02,IN,ACTIVE,8732
EMP001896,Amrita Bhatti,emp1896@abc-retail.example,Operations,Manager,173005.53,2018-01-17,DE,ACTIVE,0827
EMP001897,Ranbir Jha,emp1897@abc-retail.example,Marketing,Analyst,175699.11,2025-05-09,IN,ACTIVE,4738
EMP001898,Ekaja Kuruvilla,emp1898@abc-retail.example,Sales,Manager,36020.62,2025-05-26,US,ACTIVE,7397
EMP001899,Ladli Chakrabarti,emp1899@abc-retail.example,Sales,Engineer,93882.89,2023-04-14,IN,ACTIVE,7071
EMP001900,Ishanvi Dubey,emp1900@abc-retail.example,Security,Director,73866.88,2017-07-25,US,ACTIVE,4649
EMP001901,Hemang Kale,emp1901@abc-retail.example,Sales,Senior Manager,111003.73,2018-02-21,DE,ACTIVE,8896
EMP001902,Maanas Prashad,emp1902@abc-retail.example,Marketing,Engineer,77217.54,2025-01-17,DE,ACTIVE,0460
EMP001903,Gaurangi Aurora,emp1903@abc-retail.example,Engineering,Director,168809.96,2018-04-28,GB,ACTIVE,0030
EMP001904,Widisha Luthra,emp1904@abc-retail.example,Operations,Engineer,88045.15,2016-09-23,SG,ACTIVE,3628
EMP001905,Vansha Krish,emp1905@abc-retail.example,Engineering,Engineer,147557.59,2021-05-03,GB,ACTIVE,3772
EMP001906,Nihal Kunda,emp1906@abc-retail.example,Engineering,Engineer,153276.3,2023-03-25,IN,ACTIVE,6117
EMP001907,Aashi Pai,emp1907@abc-retail.example,Finance,Director,171871.81,2018-06-26,DE,ACTIVE,3257
EMP001908,Hemal Vora,emp1908@abc-retail.example,Marketing,Analyst,36416.47,2024-09-11,DE,ACTIVE,3025
EMP001909,Prisha Ranganathan,emp1909@abc-retail.example,Marketing,Engineer,177828.59,2016-11-23,GB,ACTIVE,2985
EMP001910,Zansi Purohit,emp1910@abc-retail.example,Finance,Engineer,131633.7,2023-08-02,IN,ACTIVE,3402
EMP001911,Udant Viswanathan,emp1911@abc-retail.example,Finance,Senior Manager,164858.45,2017-05-10,GB,ACTIVE,1976
EMP001912,Darika Suri,emp1912@abc-retail.example,Sales,Senior Manager,140033.52,2021-06-26,DE,INACTIVE,7816
EMP001913,Chatresh Garg,emp1913@abc-retail.example,Engineering,Director,124417.34,2021-03-26,GB,ACTIVE,2713
EMP001914,Ayush Pradhan,emp1914@abc-retail.example,Security,Engineer,39324.42,2021-06-05,DE,INACTIVE,8646
EMP001915,Hemani Dalal,emp1915@abc-retail.example,Operations,Director,174295.98,2022-07-07,GB,ACTIVE,4978
EMP001916,Aradhana Merchant,emp1916@abc-retail.example,Finance,Senior Manager,139908.37,2015-01-16,GB,ACTIVE,1806
EMP001917,Yatan Tara,emp1917@abc-retail.example,Sales,Engineer,139402.41,2024-04-26,IN,ACTIVE,1236
EMP001918,Adweta Dhar,emp1918@abc-retail.example,Operations,Director,151959.66,2016-12-30,SG,ACTIVE,5838
EMP001919,Kabir Parikh,emp1919@abc-retail.example,Marketing,Manager,101477.62,2019-11-04,DE,ACTIVE,8464
EMP001920,Neel Bhavsar,emp1920@abc-retail.example,Sales,Director,114643.84,2020-03-18,DE,ACTIVE,5588
EMP001921,Tanish Patil,emp1921@abc-retail.example,Marketing,Analyst,139040.05,2022-03-26,DE,INACTIVE,8100
EMP001922,Hemani Bala,emp1922@abc-retail.example,Security,Engineer,107575.13,2016-08-14,GB,ACTIVE,3266
EMP001923,Shravya Parikh,emp1923@abc-retail.example,HR,Director,175313.87,2018-11-14,SG,ACTIVE,2372
EMP001924,Anika Madan,emp1924@abc-retail.example,Engineering,Analyst,125179.16,2018-09-18,GB,ACTIVE,5284
EMP001925,Kashish Parekh,emp1925@abc-retail.example,Security,Senior Manager,91322.74,2015-02-15,IN,ACTIVE,8727
EMP001926,Tanay Kala,emp1926@abc-retail.example,Finance,Director,127780.08,2016-12-03,DE,ACTIVE,8906
EMP001927,Kiaan Majumdar,emp1927@abc-retail.example,Operations,Director,110495.16,2015-12-03,GB,ACTIVE,1655
EMP001928,Mason Handa,emp1928@abc-retail.example,Marketing,Senior Manager,83151.79,2019-12-02,SG,ACTIVE,6707
EMP001929,Chandani Shan,emp1929@abc-retail.example,Operations,Director,51158.65,2020-03-28,US,ACTIVE,1902
EMP001930,Matthew Chandran,emp1930@abc-retail.example,HR,Analyst,73387.43,2018-09-15,US,ACTIVE,4983
EMP001931,Rachana Parmar,emp1931@abc-retail.example,Marketing,Analyst,62236.53,2015-06-28,US,ACTIVE,8422
EMP001932,Urmi Agate,emp1932@abc-retail.example,Security,Director,142506.16,2017-01-02,IN,ACTIVE,5567
EMP001933,Karan Bhat,emp1933@abc-retail.example,Marketing,Engineer,42304.96,2017-09-18,GB,ACTIVE,4781
EMP001934,Chakradhar Badal,emp1934@abc-retail.example,HR,Analyst,111591.8,2018-03-14,DE,INACTIVE,5616
EMP001935,Devansh Seth,emp1935@abc-retail.example,Operations,Analyst,164042.01,2023-04-18,IN,ACTIVE,1155
EMP001936,Gopal Vaidya,emp1936@abc-retail.example,Security,Manager,144636.95,2015-08-12,GB,ACTIVE,5759
EMP001937,Anamika Halder,emp1937@abc-retail.example,Sales,Engineer,46230.58,2021-03-11,DE,ACTIVE,8251
EMP001938,Vasudha Chandran,emp1938@abc-retail.example,Operations,Director,72681.49,2024-03-28,GB,INACTIVE,7654
EMP001939,Ojasvi Pall,emp1939@abc-retail.example,Marketing,Analyst,63102.83,2019-04-14,GB,ACTIVE,1147
EMP001940,Chaman Dugar,emp1940@abc-retail.example,Sales,Director,122308.82,2019-09-26,IN,ACTIVE,8102
EMP001941,Tanish Chakrabarti,emp1941@abc-retail.example,Operations,Director,154369.83,2018-05-10,IN,ACTIVE,1792
EMP001942,Dalbir Modi,emp1942@abc-retail.example,Operations,Analyst,89229.52,2021-10-11,GB,ACTIVE,2926
EMP001943,Jagrati Edwin,emp1943@abc-retail.example,HR,Analyst,108521.22,2019-01-14,SG,ACTIVE,4310
EMP001944,Anamika Thakkar,emp1944@abc-retail.example,Operations,Engineer,89735.07,2020-01-24,US,ACTIVE,9605
EMP001945,Timothy Morar,emp1945@abc-retail.example,Sales,Senior Manager,116283.48,2023-04-01,GB,INACTIVE,4513
EMP001946,Laban Warrior,emp1946@abc-retail.example,Security,Senior Manager,74024.81,2022-01-03,US,ACTIVE,7171
EMP001947,Omisha Chaudhry,emp1947@abc-retail.example,Sales,Director,53587.07,2019-08-18,GB,ACTIVE,4494
EMP001948,Nathaniel Nadkarni,emp1948@abc-retail.example,Engineering,Engineer,143757.75,2016-08-06,DE,ACTIVE,1190
EMP001949,Tarak Parsa,emp1949@abc-retail.example,Finance,Analyst,76874.29,2020-04-20,SG,ACTIVE,4369
EMP001950,Balveer Kalita,emp1950@abc-retail.example,Finance,Senior Manager,51213.3,2015-04-26,US,ACTIVE,5246
EMP001951,Nicholas Merchant,emp1951@abc-retail.example,Finance,Director,48086.23,2015-08-24,GB,ACTIVE,8980
EMP001952,Urmi Rastogi,emp1952@abc-retail.example,Engineering,Senior Manager,63984.81,2020-01-13,DE,ACTIVE,1159
EMP001953,Omisha Borra,emp1953@abc-retail.example,HR,Director,95270.35,2023-11-01,SG,ACTIVE,5011
EMP001954,Divya Mann,emp1954@abc-retail.example,HR,Analyst,69654.49,2021-12-30,US,ACTIVE,1424
EMP001955,Hemal Bhavsar,emp1955@abc-retail.example,Finance,Senior Manager,50210.6,2022-08-28,US,ACTIVE,9040
EMP001956,Bimala Sule,emp1956@abc-retail.example,Operations,Engineer,40200.73,2025-09-04,DE,ACTIVE,7821
EMP001957,Gautam Verma,emp1957@abc-retail.example,Engineering,Analyst,57244.46,2019-10-29,DE,ACTIVE,0301
EMP001958,Maanas Keer,emp1958@abc-retail.example,Sales,Director,73848.32,2018-02-06,US,ACTIVE,2943
EMP001959,Odika Palla,emp1959@abc-retail.example,HR,Director,112558.28,2015-12-25,GB,ACTIVE,6998
EMP001960,Advik Thakkar,emp1960@abc-retail.example,Marketing,Engineer,179901.47,2025-03-06,IN,ACTIVE,0317
EMP001961,Mahika Panchal,emp1961@abc-retail.example,Engineering,Director,36746.8,2020-07-05,SG,ACTIVE,9760
EMP001962,Chandresh Narang,emp1962@abc-retail.example,Marketing,Analyst,133165.0,2015-02-28,DE,ACTIVE,6133
EMP001963,Nitara Oommen,emp1963@abc-retail.example,Finance,Manager,146130.67,2021-05-19,GB,ACTIVE,6320
EMP001964,Chatura Karpe,emp1964@abc-retail.example,Security,Manager,45383.57,2017-05-30,SG,ACTIVE,0837
EMP001965,Neelima Sastry,emp1965@abc-retail.example,Engineering,Engineer,48669.65,2016-06-09,IN,ACTIVE,7964
EMP001966,Chakrika Amble,emp1966@abc-retail.example,Operations,Analyst,142164.7,2017-07-11,US,ACTIVE,7551
EMP001967,Anika Kuruvilla,emp1967@abc-retail.example,Finance,Senior Manager,135351.98,2023-11-24,US,ACTIVE,4927
EMP001968,Hritik Sridhar,emp1968@abc-retail.example,Sales,Engineer,154269.11,2021-08-15,GB,ACTIVE,4298
EMP001969,Darsh Khurana,emp1969@abc-retail.example,Engineering,Director,77597.94,2020-08-26,DE,INACTIVE,3703
EMP001970,Advay Shah,emp1970@abc-retail.example,HR,Analyst,56108.92,2024-07-22,GB,ACTIVE,1674
EMP001971,Mekhala Nanda,emp1971@abc-retail.example,HR,Senior Manager,111148.7,2020-02-13,DE,ACTIVE,5756
EMP001972,Maya Gera,emp1972@abc-retail.example,Finance,Senior Manager,160915.51,2023-06-21,SG,ACTIVE,6228
EMP001973,Warjas Cheema,emp1973@abc-retail.example,Sales,Director,95220.36,2019-12-22,IN,ACTIVE,7758
EMP001974,William Barman,emp1974@abc-retail.example,Security,Senior Manager,146794.03,2018-12-02,SG,ACTIVE,1424
EMP001975,Charita Kurian,emp1975@abc-retail.example,Engineering,Senior Manager,134754.09,2023-09-18,GB,ACTIVE,3508
EMP001976,Ekapad Samra,emp1976@abc-retail.example,HR,Analyst,143887.25,2024-08-19,DE,ACTIVE,0084
EMP001977,Xavier Merchant,emp1977@abc-retail.example,Engineering,Analyst,69521.83,2020-07-14,DE,ACTIVE,6860
EMP001978,Owen Sane,emp1978@abc-retail.example,HR,Director,143827.96,2022-06-28,SG,ACTIVE,9645
EMP001979,Yatan Nayar,emp1979@abc-retail.example,Security,Manager,93100.91,2022-10-19,US,ACTIVE,5586
EMP001980,Anirudh Edwin,emp1980@abc-retail.example,Finance,Engineer,50398.84,2020-01-30,DE,ACTIVE,4511
EMP001981,Netra Seshadri,emp1981@abc-retail.example,Security,Manager,153841.98,2024-07-22,IN,ACTIVE,1418
EMP001982,Udant Wason,emp1982@abc-retail.example,Marketing,Analyst,94204.01,2018-10-01,DE,ACTIVE,0648
EMP001983,Harita Talwar,emp1983@abc-retail.example,Finance,Manager,92519.89,2025-07-21,SG,ACTIVE,6254
EMP001984,Krishna Banerjee,emp1984@abc-retail.example,Sales,Director,162451.4,2019-01-13,IN,ACTIVE,9482
EMP001985,Bahadurjit Shukla,emp1985@abc-retail.example,HR,Senior Manager,56719.62,2022-05-23,SG,ACTIVE,8440
EMP001986,Praneel Zachariah,emp1986@abc-retail.example,Sales,Senior Manager,140060.78,2016-05-02,US,ACTIVE,8408
EMP001987,Anjali Ganesan,emp1987@abc-retail.example,HR,Engineer,45517.66,2022-09-26,IN,ACTIVE,0519
EMP001988,Aahana Vasa,emp1988@abc-retail.example,Finance,Engineer,151617.37,2024-04-08,DE,ACTIVE,3491
EMP001989,Jackson Atwal,emp1989@abc-retail.example,Sales,Analyst,88441.51,2019-12-26,IN,ACTIVE,6367
EMP001990,Lipika Setty,emp1990@abc-retail.example,HR,Manager,83893.3,2025-05-12,US,ACTIVE,6959
EMP001991,Neha Parikh,emp1991@abc-retail.example,HR,Director,122441.78,2023-02-23,SG,ACTIVE,5901
EMP001992,Zehaan Dalal,emp1992@abc-retail.example,Engineering,Engineer,78134.97,2015-10-08,US,ACTIVE,5678
EMP001993,Nilima Lanka,emp1993@abc-retail.example,Marketing,Manager,136771.85,2021-09-07,US,ACTIVE,1105
EMP001994,Rajata Sampath,emp1994@abc-retail.example,Marketing,Engineer,155758.71,2024-12-05,GB,ACTIVE,6127
EMP001995,Ladli Sha,emp1995@abc-retail.example,Sales,Analyst,62788.25,2016-02-02,SG,ACTIVE,7735
EMP001996,Anmol Swaminathan,emp1996@abc-retail.example,Security,Engineer,70240.19,2016-02-29,SG,ACTIVE,8636
EMP001997,Ekanta Dube,emp1997@abc-retail.example,Sales,Analyst,164410.83,2015-10-07,GB,ACTIVE,4512
EMP001998,Adya Pai,emp1998@abc-retail.example,Marketing,Manager,79584.7,2020-05-17,GB,ACTIVE,9657
EMP001999,Ekiya Gour,emp1999@abc-retail.example,Engineering,Analyst,142027.92,2016-10-25,IN,ACTIVE,9906
EMP002000,Pallavi Madan,emp2000@abc-retail.example,Engineering,Manager,43325.82,2021-08-22,DE,ACTIVE,6603
