product_id,product_name,category,subcategory,brand,unit_price,cost_price,currency,active_flag
PRD000001,Electronics Product 0001,Electronics,Premium,Nova,2362.9,1244.76,INR,Y
PRD000002,Electronics Product 0002,Electronics,Standard,Zenith,1383.55,775.33,INR,Y
PRD000003,Grocery Product 0003,Grocery,Premium,Vertex,529.14,451.4,INR,Y
PRD000004,Beauty Product 0004,Beauty,Standard,Zenith,1874.95,1666.6,INR,Y
PRD000005,Home Product 0005,Home,Standard,Nova,452.5,1664.3,USD,Y
PRD000006,Grocery Product 0006,Grocery,Premium,Nova,959.44,72.59,USD,Y
PRD000007,Home Product 0007,Home,Standard,Vertex,766.45,1432.24,INR,Y
PRD000008,Electronics Product 0008,Electronics,Basic,Apex,999.17,503.65,INR,Y
PRD000009,Grocery Product 0009,Grocery,Basic,Zenith,1002.2,1766.13,GBP,Y
PRD000010,Electronics Product 0010,Electronics,Premium,Vertex,450.53,1732.67,USD,Y
PRD000011,Electronics Product 0011,Electronics,Basic,Orion,867.49,1416.21,USD,N
PRD000012,Beauty Product 0012,Beauty,Premium,Orion,2249.26,344.57,INR,Y
PRD000013,Electronics Product 0013,Electronics,Basic,Zenith,1718.71,1692.65,GBP,Y
PRD000014,Grocery Product 0014,Grocery,Standard,Nova,2372.44,1657.63,GBP,Y
PRD000015,Sports Product 0015,Sports,Premium,Vertex,1270.27,1201.41,USD,Y
PRD000016,Sports Product 0016,Sports,Standard,Zenith,322.58,758.54,USD,Y
PRD000017,Beauty Product 0017,Beauty,Basic,Vertex,1018.16,1501.2,USD,Y
PRD000018,Home Product 0018,Home,Standard,Zenith,1518.62,582.08,USD,Y
PRD000019,Sports Product 0019,Sports,Premium,Zenith,1185.6,1622.42,GBP,Y
PRD000020,Sports Product 0020,Sports,Premium,Vertex,1291.05,1140.39,USD,Y
PRD000021,Home Product 0021,Home,Basic,Vertex,565.48,360.84,INR,Y
PRD000022,Home Product 0022,Home,Standard,Zenith,2125.1,133.87,USD,N
PRD000023,Home Product 0023,Home,Basic,Orion,1238.47,441.44,GBP,Y
PRD000024,Electronics Product 0024,Electronics,Standard,Apex,443.84,1724.46,GBP,Y
PRD000025,Electronics Product 0025,Electronics,Basic,Apex,2294.09,221.08,INR,Y
PRD000026,Sports Product 0026,Sports,Basic,Zenith,1490.65,1710.22,USD,N
PRD000027,Sports Product 0027,Sports,Basic,Orion,2077.27,987.53,INR,Y
PRD000028,Fashion Product 0028,Fashion,Standard,Apex,2100.46,501.33,GBP,Y
PRD000029,Sports Product 0029,Sports,Premium,Vertex,1102.48,1285.24,INR,Y
PRD000030,Grocery Product 0030,Grocery,Standard,Zenith,206.04,274.04,USD,Y
PRD000031,Sports Product 0031,Sports,Premium,Nova,1040.1,597.59,USD,Y
PRD000032,Electronics Product 0032,Electronics,Premium,Orion,976.74,1386.32,GBP,Y
PRD000033,Beauty Product 0033,Beauty,Standard,Orion,19.71,635.11,USD,Y
PRD000034,Beauty Product 0034,Beauty,Basic,Zenith,2000.67,1616.37,USD,Y
PRD000035,Grocery Product 0035,Grocery,Standard,Orion,77.42,607.02,GBP,Y
PRD000036,Sports Product 0036,Sports,Premium,Orion,2299.26,1765.36,GBP,Y
PRD000037,Fashion Product 0037,Fashion,Basic,Zenith,1659.18,153.85,USD,Y
PRD000038,Fashion Product 0038,Fashion,Premium,Nova,654.09,591.25,USD,Y
PRD000039,Grocery Product 0039,Grocery,Standard,Vertex,1881.26,1497.97,USD,Y
PRD000040,Fashion Product 0040,Fashion,Premium,Zenith,134.95,1713.6,INR,Y
PRD000041,Sports Product 0041,Sports,Premium,Nova,2374.28,361.25,INR,N
PRD000042,Home Product 0042,Home,Premium,Apex,1186.53,208.56,INR,Y
PRD000043,Sports Product 0043,Sports,Standard,Vertex,423.63,1094.22,GBP,Y
PRD000044,Home Product 0044,Home,Standard,Nova,1448.82,1672.21,GBP,Y
PRD000045,Fashion Product 0045,Fashion,Basic,Apex,194.61,1244.03,GBP,Y
PRD000046,Electronics Product 0046,Electronics,Basic,Vertex,2126.48,1081.94,INR,N
PRD000047,Electronics Product 0047,Electronics,Standard,Zenith,1073.8,668.92,GBP,Y
PRD000048,Electronics Product 0048,Electronics,Standard,Orion,268.32,1729.54,GBP,Y
PRD000049,Sports Product 0049,Sports,Premium,Orion,444.46,940.58,GBP,Y
PRD000050,Beauty Product 0050,Beauty,Basic,Orion,1164.86,1486.85,GBP,Y
PRD000051,Grocery Product 0051,Grocery,Premium,Nova,700.93,813.09,USD,N
PRD000052,Beauty Product 0052,Beauty,Basic,Orion,844.31,891.27,USD,Y
PRD000053,Fashion Product 0053,Fashion,Premium,Vertex,1995.59,614.59,GBP,Y
PRD000054,Beauty Product 0054,Beauty,Premium,Zenith,2370.42,156.85,GBP,Y
PRD000055,Fashion Product 0055,Fashion,Basic,Apex,1728.07,1163.69,USD,Y
PRD000056,Electronics Product 0056,Electronics,Premium,Vertex,557.88,1246.14,USD,N
PRD000057,Grocery Product 0057,Grocery,Standard,Zenith,1329.65,767.63,GBP,Y
PRD000058,Grocery Product 0058,Grocery,Standard,Orion,680.94,454.77,INR,Y
PRD000059,Grocery Product 0059,Grocery,Premium,Zenith,2377.44,1243.22,INR,Y
PRD000060,Sports Product 0060,Sports,Standard,Vertex,1812.84,1757.96,GBP,N
PRD000061,Grocery Product 0061,Grocery,Premium,Apex,744.13,651.5,USD,Y
PRD000062,Sports Product 0062,Sports,Basic,Apex,689.41,1753.81,GBP,Y
PRD000063,Sports Product 0063,Sports,Premium,Orion,260.96,25.04,USD,Y
PRD000064,Fashion Product 0064,Fashion,Standard,Vertex,464.99,95.32,USD,Y
PRD000065,Electronics Product 0065,Electronics,Standard,Orion,189.84,1134.11,INR,Y
PRD000066,Home Product 0066,Home,Basic,Vertex,217.53,449.0,GBP,Y
PRD000067,Beauty Product 0067,Beauty,Basic,Zenith,568.09,942.06,USD,Y
PRD000068,Grocery Product 0068,Grocery,Basic,Orion,766.92,1118.99,GBP,Y
PRD000069,Home Product 0069,Home,Basic,Apex,665.29,148.89,INR,Y
PRD000070,Beauty Product 0070,Beauty,Premium,Apex,11.68,812.56,GBP,Y
PRD000071,Grocery Product 0071,Grocery,Premium,Apex,723.82,511.04,USD,Y
PRD000072,Sports Product 0072,Sports,Premium,Vertex,1970.63,1126.23,GBP,Y
PRD000073,Fashion Product 0073,Fashion,Premium,Zenith,565.9,270.73,USD,Y
PRD000074,Electronics Product 0074,Electronics,Premium,Apex,1982.61,1072.29,GBP,Y
PRD000075,Fashion Product 0075,Fashion,Premium,Orion,1723.25,1260.42,USD,Y
PRD000076,Beauty Product 0076,Beauty,Standard,Orion,205.7,74.63,USD,Y
PRD000077,Beauty Product 0077,Beauty,Standard,Nova,232.86,1731.55,GBP,N
PRD000078,Electronics Product 0078,Electronics,Basic,Vertex,1442.74,1374.31,INR,Y
PRD000079,Beauty Product 0079,Beauty,Basic,Orion,2290.6,329.14,GBP,Y
PRD000080,Sports Product 0080,Sports,Standard,Nova,1177.68,736.8,USD,Y
PRD000081,Home Product 0081,Home,Standard,Orion,1735.72,520.93,USD,Y
PRD000082,Electronics Product 0082,Electronics,Standard,Nova,789.72,583.92,USD,Y
PRD000083,Electronics Product 0083,Electronics,Basic,Zenith,1157.63,100.4,GBP,Y
PRD000084,Beauty Product 0084,Beauty,Standard,Orion,1901.18,368.79,GBP,Y
PRD000085,Grocery Product 0085,Grocery,Standard,Orion,307.96,1751.74,GBP,Y
PRD000086,Sports Product 0086,Sports,Premium,Vertex,1379.34,995.4,INR,Y
PRD000087,Electronics Product 0087,Electronics,Standard,Nova,1621.04,279.69,GBP,Y
PRD000088,Beauty Product 0088,Beauty,Basic,Vertex,1041.65,870.05,USD,Y
PRD000089,Fashion Product 0089,Fashion,Basic,Apex,962.05,1659.6,GBP,Y
PRD000090,Electronics Product 0090,Electronics,Standard,Orion,852.99,1418.53,USD,Y
PRD000091,Grocery Product 0091,Grocery,Basic,Vertex,2094.5,1045.12,GBP,Y
PRD000092,Home Product 0092,Home,Standard,Zenith,1213.43,600.39,GBP,Y
PRD000093,Fashion Product 0093,Fashion,Standard,Apex,2452.03,432.13,USD,Y
PRD000094,Fashion Product 0094,Fashion,Premium,Vertex,1863.04,1270.29,USD,Y
PRD000095,Sports Product 0095,Sports,Basic,Apex,1240.84,69.52,GBP,N
PRD000096,Grocery Product 0096,Grocery,Premium,Orion,253.78,1639.06,INR,Y
PRD000097,Fashion Product 0097,Fashion,Basic,Apex,191.7,1407.4,USD,Y
PRD000098,Beauty Product 0098,Beauty,Basic,Orion,1626.34,1533.62,GBP,Y
PRD000099,Fashion Product 0099,Fashion,Standard,Orion,2181.6,67.51,INR,Y
PRD000100,Sports Product 0100,Sports,Basic,Vertex,2493.58,1344.94,USD,Y
PRD000101,Sports Product 0101,Sports,Basic,Nova,1111.98,1250.12,INR,Y
PRD000102,Grocery Product 0102,Grocery,Premium,Vertex,899.37,776.94,INR,Y
PRD000103,Fashion Product 0103,Fashion,Basic,Apex,429.11,144.91,USD,N
PRD000104,Sports Product 0104,Sports,Premium,Orion,2282.51,260.18,USD,Y
PRD000105,Fashion Product 0105,Fashion,Standard,Nova,2247.78,839.06,USD,Y
PRD000106,Home Product 0106,Home,Premium,Orion,2363.36,1777.81,USD,Y
PRD000107,Sports Product 0107,Sports,Standard,Orion,2114.03,360.99,USD,Y
PRD000108,Electronics Product 0108,Electronics,Premium,Orion,1431.95,1035.94,GBP,Y
PRD000109,Electronics Product 0109,Electronics,Basic,Orion,689.83,1019.97,GBP,Y
PRD000110,Beauty Product 0110,Beauty,Basic,Orion,2082.93,1625.57,INR,N
PRD000111,Grocery Product 0111,Grocery,Premium,Apex,1554.12,1220.94,GBP,Y
PRD000112,Sports Product 0112,Sports,Premium,Nova,775.79,795.16,GBP,Y
PRD000113,Sports Product 0113,Sports,Premium,Nova,2274.52,590.11,USD,Y
PRD000114,Home Product 0114,Home,Premium,Zenith,2191.77,660.45,GBP,Y
PRD000115,Home Product 0115,Home,Standard,Orion,2418.62,533.37,USD,Y
PRD000116,Fashion Product 0116,Fashion,Premium,Apex,1886.61,408.43,GBP,Y
PRD000117,Beauty Product 0117,Beauty,Standard,Nova,1977.75,28.01,GBP,Y
PRD000118,Fashion Product 0118,Fashion,Standard,Vertex,1463.48,1480.88,USD,Y
PRD000119,Sports Product 0119,Sports,Premium,Orion,67.44,1591.97,GBP,Y
PRD000120,Beauty Product 0120,Beauty,Premium,Nova,1590.33,837.29,GBP,Y
PRD000121,Sports Product 0121,Sports,Standard,Nova,353.74,1703.43,USD,Y
PRD000122,Electronics Product 0122,Electronics,Premium,Apex,2218.71,246.79,USD,Y
PRD000123,Sports Product 0123,Sports,Basic,Zenith,1050.72,1336.86,INR,Y
PRD000124,Sports Product 0124,Sports,Premium,Orion,1541.05,1690.48,USD,Y
PRD000125,Sports Product 0125,Sports,Standard,Apex,1111.24,1711.15,USD,Y
PRD000126,Sports Product 0126,Sports,Standard,Zenith,2254.73,1161.75,INR,Y
PRD000127,Grocery Product 0127,Grocery,Premium,Nova,2372.78,1484.07,INR,Y
PRD000128,Sports Product 0128,Sports,Basic,Zenith,2427.88,93.89,USD,Y
PRD000129,Home Product 0129,Home,Basic,Apex,176.18,1377.99,INR,N
PRD000130,Home Product 0130,Home,Premium,Vertex,1937.05,1420.19,GBP,Y
PRD000131,Grocery Product 0131,Grocery,Premium,Apex,1352.84,1437.93,INR,Y
PRD000132,Home Product 0132,Home,Premium,Vertex,1976.01,430.56,USD,Y
PRD000133,Home Product 0133,Home,Standard,Nova,321.26,759.47,INR,Y
PRD000134,Fashion Product 0134,Fashion,Standard,Vertex,1285.53,198.97,GBP,Y
PRD000135,Beauty Product 0135,Beauty,Premium,Zenith,757.57,1159.08,INR,Y
PRD000136,Fashion Product 0136,Fashion,Standard,Orion,1716.81,884.01,USD,Y
PRD000137,Electronics Product 0137,Electronics,Standard,Zenith,375.09,229.77,GBP,N
PRD000138,Beauty Product 0138,Beauty,Basic,Vertex,955.36,1076.51,USD,Y
PRD000139,Beauty Product 0139,Beauty,Basic,Orion,252.45,1264.1,GBP,Y
PRD000140,Sports Product 0140,Sports,Premium,Orion,1131.63,413.6,USD,Y
PRD000141,Fashion Product 0141,Fashion,Standard,Nova,784.81,564.6,USD,Y
PRD000142,Home Product 0142,Home,Basic,Orion,172.5,1497.69,INR,Y
PRD000143,Electronics Product 0143,Electronics,Basic,Vertex,2030.36,1002.8,GBP,Y
PRD000144,Beauty Product 0144,Beauty,Standard,Nova,1029.97,1572.87,USD,Y
PRD000145,Grocery Product 0145,Grocery,Basic,Vertex,882.36,1041.52,INR,Y
PRD000146,Sports Product 0146,Sports,Standard,Apex,2118.95,632.15,GBP,Y
PRD000147,Electronics Product 0147,Electronics,Standard,Zenith,569.27,774.12,GBP,N
PRD000148,Beauty Product 0148,Beauty,Basic,Zenith,70.5,1672.56,GBP,Y
PRD000149,Electronics Product 0149,Electronics,Premium,Vertex,1758.23,558.25,USD,Y
PRD000150,Electronics Product 0150,Electronics,Premium,Apex,1417.97,723.21,INR,Y
PRD000151,Electronics Product 0151,Electronics,Basic,Zenith,541.76,757.44,USD,Y
PRD000152,Grocery Product 0152,Grocery,Standard,Vertex,1943.2,1022.97,INR,Y
PRD000153,Home Product 0153,Home,Premium,Zenith,129.16,149.6,USD,Y
PRD000154,Fashion Product 0154,Fashion,Basic,Orion,1038.39,390.38,GBP,Y
PRD000155,Grocery Product 0155,Grocery,Standard,Nova,711.7,1222.24,USD,Y
PRD000156,Sports Product 0156,Sports,Standard,Nova,555.19,1772.05,INR,Y
PRD000157,Home Product 0157,Home,Standard,Apex,1919.54,1376.2,USD,Y
PRD000158,Electronics Product 0158,Electronics,Premium,Orion,1868.8,318.72,USD,Y
PRD000159,Sports Product 0159,Sports,Premium,Zenith,1399.02,1203.48,USD,Y
PRD000160,Fashion Product 0160,Fashion,Basic,Nova,1093.37,829.18,INR,Y
PRD000161,Beauty Product 0161,Beauty,Standard,Zenith,1014.04,1153.33,USD,Y
PRD000162,Fashion Product 0162,Fashion,Premium,Vertex,433.82,1705.86,USD,Y
PRD000163,Electronics Product 0163,Electronics,Standard,Nova,612.07,1061.2,GBP,Y
PRD000164,Fashion Product 0164,Fashion,Standard,Vertex,557.82,1403.07,INR,Y
PRD000165,Sports Product 0165,Sports,Premium,Zenith,1277.33,1630.94,USD,Y
PRD000166,Sports Product 0166,Sports,Basic,Apex,594.49,266.16,INR,Y
PRD000167,Beauty Product 0167,Beauty,Premium,Nova,446.98,1391.81,USD,Y
PRD000168,Beauty Product 0168,Beauty,Basic,Orion,1704.43,1588.04,GBP,N
PRD000169,Grocery Product 0169,Grocery,Basic,Vertex,381.64,125.71,USD,Y
PRD000170,Grocery Product 0170,Grocery,Basic,Nova,883.1,136.32,USD,Y
PRD000171,Electronics Product 0171,Electronics,Premium,Vertex,2080.08,140.89,INR,N
PRD000172,Beauty Product 0172,Beauty,Basic,Orion,1159.47,999.11,GBP,Y
PRD000173,Fashion Product 0173,Fashion,Basic,Apex,807.21,857.71,INR,Y
PRD000174,Fashion Product 0174,Fashion,Premium,Vertex,2456.05,154.54,GBP,Y
PRD000175,Electronics Product 0175,Electronics,Premium,Orion,2477.51,944.75,GBP,Y
PRD000176,Grocery Product 0176,Grocery,Standard,Vertex,971.6,1394.71,GBP,N
PRD000177,Electronics Product 0177,Electronics,Basic,Vertex,169.45,172.83,GBP,Y
PRD000178,Grocery Product 0178,Grocery,Standard,Zenith,2183.83,602.05,GBP,Y
PRD000179,Grocery Product 0179,Grocery,Standard,Orion,326.73,1276.77,INR,Y
PRD000180,Beauty Product 0180,Beauty,Standard,Vertex,2033.9,1207.2,GBP,Y
PRD000181,Electronics Product 0181,Electronics,Basic,Orion,1273.68,35.76,USD,Y
PRD000182,Home Product 0182,Home,Standard,Orion,484.05,1799.96,INR,Y
PRD000183,Grocery Product 0183,Grocery,Premium,Zenith,1928.33,1503.71,GBP,Y
PRD000184,Sports Product 0184,Sports,Standard,Zenith,331.97,679.97,INR,Y
PRD000185,Sports Product 0185,Sports,Basic,Apex,1804.35,81.52,USD,Y
PRD000186,Fashion Product 0186,Fashion,Basic,Vertex,1882.22,1411.49,INR,Y
PRD000187,Home Product 0187,Home,Standard,Orion,2260.42,351.65,GBP,N
PRD000188,Fashion Product 0188,Fashion,Standard,Vertex,1946.42,906.72,USD,Y
PRD000189,Home Product 0189,Home,Basic,Apex,2183.14,96.77,USD,Y
PRD000190,Beauty Product 0190,Beauty,Premium,Zenith,2128.66,515.26,INR,Y
PRD000191,Fashion Product 0191,Fashion,Basic,Apex,2078.46,167.81,INR,Y
PRD000192,Grocery Product 0192,Grocery,Premium,Orion,137.88,905.11,INR,Y
PRD000193,Electronics Product 0193,Electronics,Standard,Apex,75.33,1675.69,GBP,Y
PRD000194,Home Product 0194,Home,Premium,Nova,720.76,1494.08,GBP,Y
PRD000195,Sports Product 0195,Sports,Standard,Orion,1540.29,1630.83,INR,Y
PRD000196,Home Product 0196,Home,Premium,Zenith,2350.86,1097.16,USD,Y
PRD000197,Grocery Product 0197,Grocery,Premium,Vertex,309.01,431.48,GBP,N
PRD000198,Fashion Product 0198,Fashion,Premium,Nova,2092.54,901.19,GBP,Y
PRD000199,Sports Product 0199,Sports,Basic,Zenith,608.64,261.01,USD,Y
PRD000200,Beauty Product 0200,Beauty,Standard,Apex,1428.81,339.6,GBP,Y
PRD000201,Beauty Product 0201,Beauty,Standard,Nova,2383.74,980.72,GBP,Y
PRD000202,Electronics Product 0202,Electronics,Standard,Orion,113.62,698.23,USD,Y
PRD000203,Sports Product 0203,Sports,Premium,Vertex,1972.36,622.61,GBP,Y
PRD000204,Beauty Product 0204,Beauty,Basic,Vertex,337.86,636.08,USD,Y
PRD000205,Sports Product 0205,Sports,Standard,Orion,1581.18,1461.26,INR,Y
PRD000206,Electronics Product 0206,Electronics,Standard,Apex,114.3,361.45,INR,Y
PRD000207,Grocery Product 0207,Grocery,Basic,Orion,2472.86,978.83,USD,Y
PRD000208,Sports Product 0208,Sports,Premium,Vertex,895.65,1406.17,GBP,Y
PRD000209,Grocery Product 0209,Grocery,Premium,Vertex,1095.19,721.84,USD,Y
PRD000210,Grocery Product 0210,Grocery,Premium,Orion,1731.71,663.12,GBP,Y
PRD000211,Electronics Product 0211,Electronics,Basic,Orion,201.92,1085.61,INR,Y
PRD000212,Grocery Product 0212,Grocery,Standard,Nova,204.77,1190.67,USD,Y
PRD000213,Beauty Product 0213,Beauty,Basic,Orion,420.78,800.7,USD,Y
PRD000214,Sports Product 0214,Sports,Standard,Zenith,2495.39,496.38,INR,Y
PRD000215,Sports Product 0215,Sports,Basic,Orion,911.46,1442.57,GBP,Y
PRD000216,Electronics Product 0216,Electronics,Premium,Zenith,1696.83,790.4,INR,Y
PRD000217,Home Product 0217,Home,Basic,Vertex,908.57,1709.19,INR,N
PRD000218,Home Product 0218,Home,Basic,Orion,2372.31,671.51,INR,N
PRD000219,Home Product 0219,Home,Basic,Vertex,998.09,1170.26,INR,Y
PRD000220,Electronics Product 0220,Electronics,Basic,Apex,1250.11,698.42,GBP,Y
PRD000221,Grocery Product 0221,Grocery,Standard,Orion,540.35,1102.54,GBP,Y
PRD000222,Home Product 0222,Home,Premium,Apex,2132.8,815.32,GBP,Y
PRD000223,Electronics Product 0223,Electronics,Basic,Vertex,1671.26,1278.04,GBP,Y
PRD000224,Grocery Product 0224,Grocery,Standard,Apex,1780.96,1669.4,GBP,Y
PRD000225,Grocery Product 0225,Grocery,Basic,Apex,307.8,364.16,INR,Y
PRD000226,Fashion Product 0226,Fashion,Premium,Vertex,1387.28,665.93,GBP,Y
PRD000227,Beauty Product 0227,Beauty,Premium,Nova,776.68,1799.27,GBP,Y
PRD000228,Beauty Product 0228,Beauty,Standard,Orion,2059.23,135.53,USD,Y
PRD000229,Fashion Product 0229,Fashion,Standard,Zenith,864.56,1580.69,GBP,N
PRD000230,Home Product 0230,Home,Premium,Orion,1259.65,1563.18,INR,Y
PRD000231,Home Product 0231,Home,Standard,Apex,409.11,1682.72,INR,Y
PRD000232,Beauty Product 0232,Beauty,Standard,Nova,630.26,1144.2,GBP,Y
PRD000233,Home Product 0233,Home,Basic,Vertex,1538.0,170.89,GBP,Y
PRD000234,Beauty Product 0234,Beauty,Basic,Apex,432.15,1125.19,GBP,Y
PRD000235,Beauty Product 0235,Beauty,Premium,Nova,207.65,1707.54,GBP,Y
PRD000236,Sports Product 0236,Sports,Premium,Zenith,1044.38,1151.27,USD,Y
PRD000237,Grocery Product 0237,Grocery,Basic,Vertex,1209.95,1449.02,GBP,Y
PRD000238,Grocery Product 0238,Grocery,Standard,Nova,1723.09,287.07,USD,Y
PRD000239,Fashion Product 0239,Fashion,Premium,Vertex,1518.62,564.71,GBP,Y
PRD000240,Sports Product 0240,Sports,Standard,Orion,331.26,668.86,GBP,Y
PRD000241,Grocery Product 0241,Grocery,Premium,Orion,310.69,810.92,INR,Y
PRD000242,Electronics Product 0242,Electronics,Standard,Orion,2161.09,754.39,INR,Y
PRD000243,Beauty Product 0243,Beauty,Basic,Vertex,478.64,289.34,GBP,Y
PRD000244,Fashion Product 0244,Fashion,Standard,Orion,62.82,1701.58,GBP,Y
PRD000245,Home Product 0245,Home,Premium,Zenith,885.47,93.82,USD,N
PRD000246,Sports Product 0246,Sports,Basic,Orion,717.94,17.69,INR,Y
PRD000247,Home Product 0247,Home,Standard,Vertex,1910.82,660.59,USD,Y
PRD000248,Beauty Product 0248,Beauty,Basic,Apex,909.5,521.62,USD,Y
PRD000249,Fashion Product 0249,Fashion,Basic,Vertex,2064.15,1122.97,GBP,Y
PRD000250,Home Product 0250,Home,Premium,Orion,936.13,1776.26,GBP,Y
PRD000251,Home Product 0251,Home,Premium,Zenith,1275.26,901.64,INR,Y
PRD000252,Home Product 0252,Home,Basic,Vertex,2010.89,936.24,INR,N
PRD000253,Beauty Product 0253,Beauty,Premium,Vertex,2328.76,575.4,USD,N
PRD000254,Sports Product 0254,Sports,Standard,Zenith,844.25,1491.44,GBP,Y
PRD000255,Sports Product 0255,Sports,Basic,Vertex,1189.86,32.9,USD,Y
PRD000256,Fashion Product 0256,Fashion,Basic,Vertex,1992.9,1306.41,GBP,Y
PRD000257,Beauty Product 0257,Beauty,Standard,Vertex,2417.84,1409.88,GBP,N
PRD000258,Home Product 0258,Home,Basic,Nova,1460.89,309.41,GBP,N
PRD000259,Fashion Product 0259,Fashion,Premium,Apex,83.77,1706.92,INR,Y
PRD000260,Electronics Product 0260,Electronics,Standard,Vertex,1049.86,745.09,INR,Y
PRD000261,Beauty Product 0261,Beauty,Basic,Orion,2182.68,1325.3,INR,Y
PRD000262,Beauty Product 0262,Beauty,Premium,Zenith,816.0,1193.02,GBP,Y
PRD000263,Grocery Product 0263,Grocery,Premium,Orion,2280.75,618.16,USD,Y
PRD000264,Beauty Product 0264,Beauty,Standard,Apex,2393.56,504.37,USD,Y
PRD000265,Grocery Product 0265,Grocery,Standard,Apex,1727.15,881.74,USD,Y
PRD000266,Beauty Product 0266,Beauty,Basic,Vertex,723.03,1033.54,GBP,Y
PRD000267,Fashion Product 0267,Fashion,Standard,Apex,729.68,519.87,GBP,Y
PRD000268,Grocery Product 0268,Grocery,Standard,Vertex,1869.61,387.53,GBP,Y
PRD000269,Beauty Product 0269,Beauty,Basic,Vertex,347.5,1109.37,GBP,Y
PRD000270,Home Product 0270,Home,Premium,Zenith,568.05,421.41,INR,Y
PRD000271,Grocery Product 0271,Grocery,Basic,Orion,255.86,1388.07,INR,Y
PRD000272,Home Product 0272,Home,Standard,Orion,1196.23,361.42,USD,Y
PRD000273,Grocery Product 0273,Grocery,Basic,Nova,2270.3,163.76,GBP,Y
PRD000274,Beauty Product 0274,Beauty,Basic,Nova,2283.51,317.59,INR,Y
PRD000275,Fashion Product 0275,Fashion,Standard,Apex,2341.84,1731.95,USD,Y
PRD000276,Electronics Product 0276,Electronics,Standard,Zenith,1508.94,1671.43,USD,Y
PRD000277,Fashion Product 0277,Fashion,Basic,Zenith,1313.17,1601.0,INR,Y
PRD000278,Fashion Product 0278,Fashion,Standard,Apex,2022.99,597.24,GBP,Y
PRD000279,Sports Product 0279,Sports,Standard,Apex,40.14,608.79,USD,N
PRD000280,Sports Product 0280,Sports,Premium,Apex,1529.33,1150.79,USD,Y
PRD000281,Beauty Product 0281,Beauty,Standard,Nova,1005.08,174.41,INR,Y
PRD000282,Grocery Product 0282,Grocery,Premium,Nova,655.66,426.23,USD,Y
PRD000283,Grocery Product 0283,Grocery,Basic,Zenith,33.53,1177.67,GBP,Y
PRD000284,Electronics Product 0284,Electronics,Basic,Nova,1166.16,290.01,GBP,Y
PRD000285,Sports Product 0285,Sports,Standard,Nova,1598.58,1693.32,USD,N
PRD000286,Home Product 0286,Home,Premium,Apex,1198.06,820.6,GBP,Y
PRD000287,Fashion Product 0287,Fashion,Basic,Zenith,2282.43,1363.96,GBP,Y
PRD000288,Home Product 0288,Home,Basic,Zenith,2183.47,150.12,USD,Y
PRD000289,Sports Product 0289,Sports,Standard,Nova,2293.53,204.64,GBP,Y
PRD000290,Home Product 0290,Home,Basic,Zenith,378.88,592.63,GBP,Y
PRD000291,Electronics Product 0291,Electronics,Basic,Apex,1793.71,881.42,GBP,Y
PRD000292,Electronics Product 0292,Electronics,Standard,Apex,1285.55,823.87,INR,Y
PRD000293,Fashion Product 0293,Fashion,Basic,Vertex,1809.58,714.52,INR,Y
PRD000294,Beauty Product 0294,Beauty,Premium,Nova,1062.12,1261.59,GBP,Y
PRD000295,Electronics Product 0295,Electronics,Standard,Nova,721.29,326.43,INR,Y
PRD000296,Grocery Product 0296,Grocery,Standard,Orion,2174.7,1632.46,USD,Y
PRD000297,Sports Product 0297,Sports,Basic,Zenith,336.81,1548.93,INR,Y
PRD000298,Beauty Product 0298,Beauty,Standard,Zenith,322.73,1761.77,INR,Y
PRD000299,Grocery Product 0299,Grocery,Standard,Zenith,1063.2,684.56,INR,Y
PRD000300,Fashion Product 0300,Fashion,Standard,Apex,692.75,1687.53,GBP,Y
PRD000301,Electronics Product 0301,Electronics,Basic,Orion,1539.23,1685.42,INR,Y
PRD000302,Home Product 0302,Home,Premium,Nova,1486.89,805.25,GBP,Y
PRD000303,Home Product 0303,Home,Basic,Nova,1008.65,424.11,INR,Y
PRD000304,Home Product 0304,Home,Basic,Vertex,589.23,1649.77,GBP,Y
PRD000305,Beauty Product 0305,Beauty,Basic,Vertex,596.08,1577.64,GBP,Y
PRD000306,Home Product 0306,Home,Standard,Vertex,691.51,1003.42,GBP,Y
PRD000307,Sports Product 0307,Sports,Basic,Orion,1391.85,87.25,USD,Y
PRD000308,Beauty Product 0308,Beauty,Standard,Orion,1023.61,541.9,INR,Y
PRD000309,Fashion Product 0309,Fashion,Premium,Apex,755.34,1274.52,USD,Y
PRD000310,Beauty Product 0310,Beauty,Standard,Orion,1395.43,243.96,INR,Y
PRD000311,Home Product 0311,Home,Standard,Nova,2305.95,1525.3,INR,Y
PRD000312,Sports Product 0312,Sports,Premium,Nova,674.81,1213.59,GBP,Y
PRD000313,Electronics Product 0313,Electronics,Premium,Zenith,1812.14,1007.25,USD,Y
PRD000314,Grocery Product 0314,Grocery,Standard,Nova,533.46,344.47,GBP,Y
PRD000315,Sports Product 0315,Sports,Standard,Apex,1740.59,1267.67,USD,Y
PRD000316,Beauty Product 0316,Beauty,Standard,Vertex,954.75,961.97,USD,Y
PRD000317,Grocery Product 0317,Grocery,Standard,Zenith,2207.62,840.41,GBP,Y
PRD000318,Grocery Product 0318,Grocery,Premium,Vertex,785.74,85.15,INR,Y
PRD000319,Electronics Product 0319,Electronics,Standard,Zenith,2337.22,1043.72,USD,Y
PRD000320,Home Product 0320,Home,Premium,Vertex,578.9,1026.91,INR,Y
PRD000321,Beauty Product 0321,Beauty,Basic,Vertex,647.03,1479.4,GBP,Y
PRD000322,Fashion Product 0322,Fashion,Premium,Vertex,427.32,1297.4,USD,Y
PRD000323,Beauty Product 0323,Beauty,Basic,Nova,1312.24,1510.81,INR,Y
PRD000324,Electronics Product 0324,Electronics,Standard,Apex,2107.15,418.89,GBP,Y
PRD000325,Electronics Product 0325,Electronics,Premium,Zenith,1142.74,111.63,GBP,N
PRD000326,Fashion Product 0326,Fashion,Basic,Orion,44.25,959.39,USD,Y
PRD000327,Electronics Product 0327,Electronics,Basic,Vertex,1341.67,518.18,GBP,Y
PRD000328,Home Product 0328,Home,Premium,Nova,1313.34,436.02,GBP,Y
PRD000329,Grocery Product 0329,Grocery,Standard,Vertex,1988.37,145.0,USD,Y
PRD000330,Beauty Product 0330,Beauty,Premium,Apex,753.44,1491.03,INR,Y
PRD000331,Electronics Product 0331,Electronics,Standard,Orion,946.04,858.38,GBP,Y
PRD000332,Sports Product 0332,Sports,Premium,Nova,1252.15,782.74,USD,N
PRD000333,Electronics Product 0333,Electronics,Basic,Nova,578.27,1622.59,GBP,N
PRD000334,Fashion Product 0334,Fashion,Standard,Nova,2310.78,1232.92,USD,Y
PRD000335,Beauty Product 0335,Beauty,Basic,Nova,452.49,1531.22,INR,Y
PRD000336,Beauty Product 0336,Beauty,Premium,Orion,2322.54,540.8,GBP,Y
PRD000337,Beauty Product 0337,Beauty,Standard,Zenith,832.67,1360.83,INR,Y
PRD000338,Beauty Product 0338,Beauty,Basic,Vertex,138.97,788.45,INR,Y
PRD000339,Beauty Product 0339,Beauty,Basic,Zenith,994.77,1393.08,INR,Y
PRD000340,Fashion Product 0340,Fashion,Standard,Apex,892.75,1694.23,USD,Y
PRD000341,Sports Product 0341,Sports,Basic,Orion,218.81,1114.65,INR,Y
PRD000342,Electronics Product 0342,Electronics,Standard,Apex,953.1,1411.65,INR,Y
PRD000343,Grocery Product 0343,Grocery,Standard,Nova,233.34,1697.5,USD,Y
PRD000344,Grocery Product 0344,Grocery,Premium,Apex,222.81,777.47,GBP,Y
PRD000345,Beauty Product 0345,Beauty,Standard,Nova,70.52,638.98,INR,N
PRD000346,Beauty Product 0346,Beauty,Standard,Orion,35.79,746.62,INR,Y
PRD000347,Home Product 0347,Home,Basic,Zenith,428.11,687.18,INR,Y
PRD000348,Grocery Product 0348,Grocery,Standard,Orion,369.11,303.47,USD,Y
PRD000349,Grocery Product 0349,Grocery,Standard,Nova,906.01,1699.77,GBP,Y
PRD000350,Beauty Product 0350,Beauty,Basic,Apex,1147.36,246.47,INR,Y
PRD000351,Grocery Product 0351,Grocery,Basic,Orion,2011.17,595.19,USD,Y
PRD000352,Sports Product 0352,Sports,Basic,Apex,754.59,1086.97,GBP,Y
PRD000353,Fashion Product 0353,Fashion,Standard,Apex,2411.61,1743.8,USD,Y
PRD000354,Beauty Product 0354,Beauty,Premium,Vertex,943.26,1470.24,USD,Y
PRD000355,Electronics Product 0355,Electronics,Basic,Apex,1482.61,983.5,GBP,Y
PRD000356,Electronics Product 0356,Electronics,Basic,Orion,2357.72,379.74,USD,Y
PRD000357,Fashion Product 0357,Fashion,Basic,Orion,352.25,547.19,USD,Y
PRD000358,Sports Product 0358,Sports,Standard,Orion,189.54,1783.29,USD,N
PRD000359,Fashion Product 0359,Fashion,Basic,Zenith,2309.12,1565.73,USD,Y
PRD000360,Electronics Product 0360,Electronics,Standard,Zenith,1486.58,1646.18,INR,Y
PRD000361,Sports Product 0361,Sports,Basic,Vertex,420.01,1103.98,GBP,Y
PRD000362,Grocery Product 0362,Grocery,Standard,Nova,31.32,467.95,GBP,Y
PRD000363,Beauty Product 0363,Beauty,Basic,Zenith,556.47,675.29,USD,N
PRD000364,Sports Product 0364,Sports,Basic,Apex,865.69,47.14,INR,Y
PRD000365,Fashion Product 0365,Fashion,Premium,Nova,2079.14,1315.08,USD,Y
PRD000366,Grocery Product 0366,Grocery,Standard,Apex,1305.18,628.9,INR,Y
PRD000367,Sports Product 0367,Sports,Basic,Orion,800.68,542.57,GBP,Y
PRD000368,Electronics Product 0368,Electronics,Standard,Nova,1694.46,298.34,GBP,Y
PRD000369,Beauty Product 0369,Beauty,Premium,Zenith,404.54,1009.05,USD,Y
PRD000370,Fashion Product 0370,Fashion,Basic,Apex,470.04,1184.18,USD,Y
PRD000371,Sports Product 0371,Sports,Basic,Apex,1126.69,774.91,INR,Y
PRD000372,Home Product 0372,Home,Standard,Nova,1445.48,1439.71,GBP,Y
PRD000373,Grocery Product 0373,Grocery,Standard,Apex,1146.59,474.45,USD,Y
PRD000374,Sports Product 0374,Sports,Standard,Zenith,974.65,708.4,INR,Y
PRD000375,Grocery Product 0375,Grocery,Standard,Zenith,435.46,1213.44,USD,N
PRD000376,Beauty Product 0376,Beauty,Premium,Apex,786.4,431.72,INR,Y
PRD000377,Grocery Product 0377,Grocery,Basic,Apex,1279.51,754.58,INR,N
PRD000378,Fashion Product 0378,Fashion,Standard,Apex,1219.24,968.67,GBP,Y
PRD000379,Beauty Product 0379,Beauty,Premium,Orion,725.64,339.22,USD,N
PRD000380,Electronics Product 0380,Electronics,Standard,Nova,1214.1,353.65,USD,Y
PRD000381,Beauty Product 0381,Beauty,Basic,Orion,1025.79,886.63,GBP,Y
PRD000382,Fashion Product 0382,Fashion,Premium,Nova,1415.67,1433.2,INR,Y
PRD000383,Electronics Product 0383,Electronics,Standard,Apex,1346.33,305.27,USD,N
PRD000384,Sports Product 0384,Sports,Standard,Zenith,1279.46,1032.17,USD,Y
PRD000385,Grocery Product 0385,Grocery,Basic,Nova,1901.21,796.14,INR,Y
PRD000386,Electronics Product 0386,Electronics,Basic,Apex,747.78,1798.76,USD,Y
PRD000387,Grocery Product 0387,Grocery,Premium,Orion,2163.9,213.94,INR,Y
PRD000388,Sports Product 0388,Sports,Basic,Vertex,2153.32,1099.64,USD,Y
PRD000389,Beauty Product 0389,Beauty,Premium,Apex,2034.76,1450.38,GBP,Y
PRD000390,Beauty Product 0390,Beauty,Standard,Zenith,1349.23,584.61,GBP,Y
PRD000391,Grocery Product 0391,Grocery,Basic,Vertex,2381.23,927.4,GBP,Y
PRD000392,Home Product 0392,Home,Standard,Nova,2481.25,1561.08,INR,Y
PRD000393,Home Product 0393,Home,Premium,Vertex,2072.06,1371.37,GBP,Y
PRD000394,Fashion Product 0394,Fashion,Premium,Zenith,1582.84,1131.18,USD,Y
PRD000395,Electronics Product 0395,Electronics,Basic,Nova,1010.11,1350.39,GBP,Y
PRD000396,Fashion Product 0396,Fashion,Standard,Vertex,1456.98,1564.43,GBP,Y
PRD000397,Sports Product 0397,Sports,Standard,Vertex,2126.02,1432.83,USD,Y
PRD000398,Fashion Product 0398,Fashion,Premium,Orion,675.0,1491.53,USD,Y
PRD000399,Beauty Product 0399,Beauty,Premium,Zenith,2131.79,1419.58,GBP,Y
PRD000400,Electronics Product 0400,Electronics,Premium,Orion,45.62,1673.19,INR,Y
PRD000401,Fashion Product 0401,Fashion,Premium,Orion,509.78,1240.4,INR,Y
PRD000402,Home Product 0402,Home,Standard,Nova,1638.2,452.95,USD,Y
PRD000403,Electronics Product 0403,Electronics,Standard,Vertex,1816.34,1360.15,USD,Y
PRD000404,Sports Product 0404,Sports,Premium,Nova,537.49,143.06,GBP,Y
PRD000405,Beauty Product 0405,Beauty,Basic,Orion,28.17,1252.99,INR,Y
PRD000406,Sports Product 0406,Sports,Premium,Orion,181.72,691.38,GBP,Y
PRD000407,Electronics Product 0407,Electronics,Standard,Vertex,2203.07,249.42,INR,Y
PRD000408,Electronics Product 0408,Electronics,Basic,Zenith,26.14,1171.09,USD,Y
PRD000409,Sports Product 0409,Sports,Premium,Apex,2300.14,1110.09,USD,Y
PRD000410,Electronics Product 0410,Electronics,Premium,Apex,1882.35,1062.46,USD,Y
PRD000411,Fashion Product 0411,Fashion,Standard,Apex,623.23,1161.38,INR,Y
PRD000412,Beauty Product 0412,Beauty,Basic,Zenith,715.88,1694.48,INR,Y
PRD000413,Home Product 0413,Home,Basic,Zenith,1276.26,1346.88,USD,Y
PRD000414,Home Product 0414,Home,Standard,Orion,286.3,900.75,GBP,Y
PRD000415,Beauty Product 0415,Beauty,Premium,Vertex,2335.14,240.17,GBP,Y
PRD000416,Grocery Product 0416,Grocery,Basic,Apex,1908.0,1718.15,INR,Y
PRD000417,Beauty Product 0417,Beauty,Premium,Nova,659.15,74.57,INR,Y
PRD000418,Beauty Product 0418,Beauty,Standard,Zenith,1918.94,764.16,USD,Y
PRD000419,Sports Product 0419,Sports,Basic,Zenith,1542.04,501.61,USD,Y
PRD000420,Beauty Product 0420,Beauty,Premium,Apex,1343.29,705.14,GBP,Y
PRD000421,Grocery Product 0421,Grocery,Basic,Orion,1826.25,1524.1,INR,Y
PRD000422,Electronics Product 0422,Electronics,Standard,Nova,1136.16,1097.07,USD,Y
PRD000423,Electronics Product 0423,Electronics,Premium,Apex,1755.24,297.41,USD,Y
PRD000424,Beauty Product 0424,Beauty,Basic,Vertex,421.57,231.09,USD,Y
PRD000425,Electronics Product 0425,Electronics,Standard,Orion,683.59,117.78,GBP,N
PRD000426,Sports Product 0426,Sports,Premium,Orion,1140.72,650.14,USD,N
PRD000427,Home Product 0427,Home,Standard,Apex,641.51,187.92,GBP,Y
PRD000428,Home Product 0428,Home,Basic,Zenith,11.41,1546.06,INR,Y
PRD000429,Electronics Product 0429,Electronics,Standard,Vertex,960.53,272.7,INR,Y
PRD000430,Sports Product 0430,Sports,Basic,Orion,565.17,449.13,GBP,Y
PRD000431,Grocery Product 0431,Grocery,Premium,Zenith,935.16,905.17,INR,Y
PRD000432,Home Product 0432,Home,Basic,Nova,2385.43,126.86,USD,Y
PRD000433,Grocery Product 0433,Grocery,Standard,Nova,1384.96,17.32,INR,Y
PRD000434,Beauty Product 0434,Beauty,Standard,Zenith,610.25,664.79,USD,Y
PRD000435,Sports Product 0435,Sports,Basic,Apex,380.66,1678.52,INR,Y
PRD000436,Beauty Product 0436,Beauty,Standard,Nova,2377.72,5.63,GBP,Y
PRD000437,Sports Product 0437,Sports,Basic,Vertex,264.35,955.08,INR,Y
PRD000438,Fashion Product 0438,Fashion,Premium,Apex,1780.57,170.17,INR,Y
PRD000439,Fashion Product 0439,Fashion,Basic,Vertex,1148.85,1346.98,GBP,Y
PRD000440,Beauty Product 0440,Beauty,Premium,Orion,191.7,1023.37,USD,Y
PRD000441,Home Product 0441,Home,Standard,Vertex,2128.03,1667.1,USD,Y
PRD000442,Grocery Product 0442,Grocery,Standard,Vertex,587.86,1698.57,INR,N
PRD000443,Electronics Product 0443,Electronics,Premium,Nova,415.12,840.5,USD,Y
PRD000444,Beauty Product 0444,Beauty,Standard,Apex,1132.53,835.63,INR,Y
PRD000445,Home Product 0445,Home,Basic,Vertex,2066.83,1255.29,INR,Y
PRD000446,Grocery Product 0446,Grocery,Premium,Nova,1779.34,1743.21,USD,Y
PRD000447,Electronics Product 0447,Electronics,Basic,Vertex,654.12,1783.25,INR,Y
PRD000448,Fashion Product 0448,Fashion,Basic,Zenith,628.38,833.29,INR,Y
PRD000449,Electronics Product 0449,Electronics,Premium,Apex,331.13,1483.14,USD,Y
PRD000450,Beauty Product 0450,Beauty,Basic,Vertex,2293.98,137.75,INR,Y
PRD000451,Sports Product 0451,Sports,Standard,Apex,234.49,1525.55,USD,Y
PRD000452,Electronics Product 0452,Electronics,Standard,Nova,424.13,1034.27,GBP,Y
PRD000453,Fashion Product 0453,Fashion,Premium,Orion,1709.62,313.53,INR,Y
PRD000454,Grocery Product 0454,Grocery,Standard,Orion,2209.14,65.27,GBP,N
PRD000455,Home Product 0455,Home,Basic,Vertex,1249.73,1589.35,USD,Y
PRD000456,Electronics Product 0456,Electronics,Standard,Orion,347.4,361.43,GBP,Y
PRD000457,Sports Product 0457,Sports,Basic,Nova,2473.56,1408.1,USD,Y
PRD000458,Beauty Product 0458,Beauty,Standard,Vertex,2282.13,905.8,USD,Y
PRD000459,Home Product 0459,Home,Premium,Vertex,1494.81,55.66,USD,Y
PRD000460,Fashion Product 0460,Fashion,Basic,Vertex,1918.27,1799.29,INR,Y
PRD000461,Home Product 0461,Home,Basic,Apex,669.98,1469.86,GBP,Y
PRD000462,Home Product 0462,Home,Basic,Orion,890.24,1511.08,INR,Y
PRD000463,Home Product 0463,Home,Basic,Vertex,2016.49,1256.63,GBP,Y
PRD000464,Sports Product 0464,Sports,Basic,Vertex,2369.16,1015.8,GBP,Y
PRD000465,Fashion Product 0465,Fashion,Basic,Vertex,443.01,71.22,INR,Y
PRD000466,Beauty Product 0466,Beauty,Premium,Nova,1318.49,4.23,GBP,Y
PRD000467,Home Product 0467,Home,Standard,Apex,2297.36,1520.18,USD,Y
PRD000468,Electronics Product 0468,Electronics,Premium,Zenith,1763.22,257.55,INR,Y
PRD000469,Grocery Product 0469,Grocery,Premium,Vertex,1762.82,1192.86,GBP,Y
PRD000470,Grocery Product 0470,Grocery,Standard,Vertex,345.45,286.03,USD,Y
PRD000471,Sports Product 0471,Sports,Standard,Apex,1769.42,1012.87,GBP,Y
PRD000472,Home Product 0472,Home,Basic,Zenith,2037.06,682.96,GBP,Y
PRD000473,Home Product 0473,Home,Premium,Nova,2372.23,1707.81,USD,N
PRD000474,Electronics Product 0474,Electronics,Premium,Zenith,798.95,1456.43,GBP,Y
PRD000475,Sports Product 0475,Sports,Basic,Nova,2342.04,255.74,GBP,Y
PRD000476,Home Product 0476,Home,Standard,Vertex,423.88,1593.92,INR,Y
PRD000477,Fashion Product 0477,Fashion,Premium,Vertex,528.16,1248.64,USD,Y
PRD000478,Electronics Product 0478,Electronics,Basic,Nova,125.13,790.48,USD,Y
PRD000479,Fashion Product 0479,Fashion,Standard,Orion,881.32,677.5,USD,N
PRD000480,Sports Product 0480,Sports,Basic,Apex,410.83,135.46,INR,Y
PRD000481,Electronics Product 0481,Electronics,Standard,Vertex,2379.4,136.34,INR,Y
PRD000482,Home Product 0482,Home,Basic,Nova,1369.88,1616.93,INR,Y
PRD000483,Beauty Product 0483,Beauty,Basic,Orion,1762.74,778.09,GBP,Y
PRD000484,Beauty Product 0484,Beauty,Standard,Apex,138.62,597.98,INR,Y
PRD000485,Sports Product 0485,Sports,Basic,Zenith,666.84,508.9,INR,Y
PRD000486,Electronics Product 0486,Electronics,Standard,Zenith,1376.41,885.23,INR,Y
PRD000487,Electronics Product 0487,Electronics,Standard,Nova,739.9,1192.65,GBP,Y
PRD000488,Home Product 0488,Home,Premium,Nova,521.35,1149.83,INR,Y
PRD000489,Electronics Product 0489,Electronics,Standard,Orion,1180.01,1611.09,USD,Y
PRD000490,Sports Product 0490,Sports,Basic,Orion,466.28,1594.23,USD,Y
PRD000491,Fashion Product 0491,Fashion,Premium,Vertex,1102.15,476.33,USD,N
PRD000492,Electronics Product 0492,Electronics,Premium,Nova,218.84,620.79,GBP,Y
PRD000493,Beauty Product 0493,Beauty,Premium,Zenith,157.15,698.63,GBP,Y
PRD000494,Beauty Product 0494,Beauty,Basic,Orion,1433.92,426.45,USD,Y
PRD000495,Fashion Product 0495,Fashion,Basic,Nova,1257.74,1621.12,GBP,N
PRD000496,Home Product 0496,Home,Premium,Orion,436.33,1771.91,INR,Y
PRD000497,Home Product 0497,Home,Premium,Orion,200.53,1230.58,INR,Y
PRD000498,Beauty Product 0498,Beauty,Standard,Vertex,2277.46,1645.77,INR,Y
PRD000499,Fashion Product 0499,Fashion,Basic,Orion,1382.38,1542.35,GBP,Y
PRD000500,Electronics Product 0500,Electronics,Basic,Zenith,1471.0,1407.69,INR,Y
PRD000501,Home Product 0501,Home,Premium,Zenith,1471.9,1365.8,INR,Y
PRD000502,Beauty Product 0502,Beauty,Premium,Vertex,2169.35,1584.6,USD,Y
PRD000503,Fashion Product 0503,Fashion,Basic,Orion,1432.2,853.06,INR,Y
PRD000504,Fashion Product 0504,Fashion,Premium,Zenith,1523.59,1249.51,INR,Y
PRD000505,Grocery Product 0505,Grocery,Basic,Apex,127.98,856.97,USD,Y
PRD000506,Electronics Product 0506,Electronics,Standard,Vertex,780.82,1517.6,GBP,Y
PRD000507,Home Product 0507,Home,Premium,Vertex,2435.68,799.27,USD,Y
PRD000508,Sports Product 0508,Sports,Standard,Zenith,1615.66,340.72,INR,Y
PRD000509,Sports Product 0509,Sports,Standard,Zenith,2168.64,1478.37,GBP,Y
PRD000510,Electronics Product 0510,Electronics,Standard,Zenith,1011.45,1405.59,GBP,N
PRD000511,Electronics Product 0511,Electronics,Premium,Apex,2188.58,363.71,INR,Y
PRD000512,Electronics Product 0512,Electronics,Standard,Nova,2295.49,1269.23,USD,Y
PRD000513,Fashion Product 0513,Fashion,Basic,Orion,1590.35,225.6,INR,Y
PRD000514,Grocery Product 0514,Grocery,Standard,Zenith,1118.03,1729.06,USD,N
PRD000515,Beauty Product 0515,Beauty,Standard,Vertex,412.97,1610.4,GBP,Y
PRD000516,Grocery Product 0516,Grocery,Premium,Orion,128.88,1537.32,INR,Y
PRD000517,Sports Product 0517,Sports,Premium,Apex,676.36,738.88,INR,Y
PRD000518,Fashion Product 0518,Fashion,Premium,Apex,1504.85,18.21,USD,N
PRD000519,Grocery Product 0519,Grocery,Basic,Vertex,1062.4,679.53,USD,Y
PRD000520,Grocery Product 0520,Grocery,Premium,Orion,758.85,938.59,GBP,Y
PRD000521,Beauty Product 0521,Beauty,Premium,Nova,1281.23,1193.25,USD,Y
PRD000522,Sports Product 0522,Sports,Basic,Zenith,710.28,1232.89,USD,Y
PRD000523,Grocery Product 0523,Grocery,Standard,Vertex,2154.42,472.28,GBP,Y
PRD000524,Home Product 0524,Home,Premium,Zenith,1914.86,1619.74,GBP,Y
PRD000525,Sports Product 0525,Sports,Standard,Apex,1804.6,1180.75,USD,Y
PRD000526,Fashion Product 0526,Fashion,Standard,Orion,1843.15,1050.69,GBP,Y
PRD000527,Grocery Product 0527,Grocery,Basic,Apex,1717.36,1150.05,USD,Y
PRD000528,Beauty Product 0528,Beauty,Standard,Apex,2102.39,1578.06,INR,Y
PRD000529,Electronics Product 0529,Electronics,Standard,Apex,1853.59,1306.16,GBP,Y
PRD000530,Sports Product 0530,Sports,Standard,Nova,559.52,404.32,USD,Y
PRD000531,Grocery Product 0531,Grocery,Standard,Vertex,1466.0,836.38,INR,Y
PRD000532,Electronics Product 0532,Electronics,Basic,Zenith,1452.88,1118.32,USD,Y
PRD000533,Beauty Product 0533,Beauty,Premium,Orion,1326.95,745.35,INR,Y
PRD000534,Home Product 0534,Home,Standard,Orion,2468.04,1607.44,USD,Y
PRD000535,Grocery Product 0535,Grocery,Basic,Apex,1948.46,879.18,GBP,Y
PRD000536,Grocery Product 0536,Grocery,Basic,Nova,16.76,494.53,INR,N
PRD000537,Home Product 0537,Home,Standard,Nova,327.87,782.38,USD,Y
PRD000538,Fashion Product 0538,Fashion,Standard,Orion,16.65,962.21,GBP,Y
PRD000539,Electronics Product 0539,Electronics,Standard,Zenith,480.49,1219.12,GBP,Y
PRD000540,Home Product 0540,Home,Basic,Vertex,783.67,187.57,GBP,N
PRD000541,Grocery Product 0541,Grocery,Premium,Nova,2060.49,538.87,USD,Y
PRD000542,Sports Product 0542,Sports,Basic,Zenith,1312.67,782.3,GBP,Y
PRD000543,Grocery Product 0543,Grocery,Standard,Vertex,1876.54,299.3,USD,Y
PRD000544,Home Product 0544,Home,Premium,Apex,531.92,42.38,GBP,Y
PRD000545,Electronics Product 0545,Electronics,Standard,Nova,941.11,1153.66,GBP,N
PRD000546,Electronics Product 0546,Electronics,Basic,Nova,1656.61,1177.46,INR,Y
PRD000547,Sports Product 0547,Sports,Premium,Orion,1113.56,225.1,USD,Y
PRD000548,Sports Product 0548,Sports,Premium,Apex,1739.5,1135.67,USD,Y
PRD000549,Sports Product 0549,Sports,Premium,Zenith,678.59,1091.32,INR,Y
PRD000550,Electronics Product 0550,Electronics,Basic,Zenith,298.75,207.88,INR,Y
PRD000551,Home Product 0551,Home,Basic,Apex,1946.01,1497.2,INR,Y
PRD000552,Sports Product 0552,Sports,Standard,Vertex,405.13,988.01,INR,Y
PRD000553,Grocery Product 0553,Grocery,Premium,Nova,36.81,162.94,INR,N
PRD000554,Sports Product 0554,Sports,Standard,Apex,2373.87,1403.81,INR,Y
PRD000555,Grocery Product 0555,Grocery,Basic,Apex,1144.59,1759.19,USD,Y
PRD000556,Electronics Product 0556,Electronics,Premium,Apex,2185.98,1534.49,USD,Y
PRD000557,Fashion Product 0557,Fashion,Basic,Nova,242.02,1365.49,INR,Y
PRD000558,Home Product 0558,Home,Basic,Apex,825.01,1610.47,GBP,Y
PRD000559,Sports Product 0559,Sports,Premium,Vertex,2038.34,331.62,USD,Y
PRD000560,Fashion Product 0560,Fashion,Standard,Orion,1726.31,862.41,USD,Y
PRD000561,Electronics Product 0561,Electronics,Premium,Nova,2454.02,1520.3,INR,Y
PRD000562,Beauty Product 0562,Beauty,Standard,Zenith,1697.59,328.73,USD,Y
PRD000563,Beauty Product 0563,Beauty,Premium,Apex,1210.28,880.16,USD,Y
PRD000564,Electronics Product 0564,Electronics,Premium,Vertex,1639.16,25.21,GBP,Y
PRD000565,Sports Product 0565,Sports,Basic,Zenith,563.84,1720.5,USD,Y
PRD000566,Beauty Product 0566,Beauty,Basic,Zenith,242.63,1192.1,INR,Y
PRD000567,Grocery Product 0567,Grocery,Basic,Orion,375.89,1488.11,GBP,Y
PRD000568,Electronics Product 0568,Electronics,Basic,Apex,1266.39,846.31,USD,Y
PRD000569,Electronics Product 0569,Electronics,Standard,Vertex,606.03,1746.35,INR,Y
PRD000570,Home Product 0570,Home,Basic,Orion,1011.18,425.29,USD,Y
PRD000571,Beauty Product 0571,Beauty,Standard,Nova,2142.19,806.38,INR,Y
PRD000572,Sports Product 0572,Sports,Basic,Nova,261.1,743.97,GBP,Y
PRD000573,Electronics Product 0573,Electronics,Premium,Zenith,2408.11,1148.66,GBP,Y
PRD000574,Home Product 0574,Home,Basic,Orion,2376.14,655.93,INR,Y
PRD000575,Fashion Product 0575,Fashion,Standard,Zenith,1919.7,1081.11,GBP,Y
PRD000576,Sports Product 0576,Sports,Standard,Nova,248.11,1187.06,INR,Y
PRD000577,Grocery Product 0577,Grocery,Basic,Vertex,1371.49,674.88,INR,Y
PRD000578,Home Product 0578,Home,Standard,Apex,2055.49,1337.29,USD,Y
PRD000579,Grocery Product 0579,Grocery,Basic,Apex,472.92,1674.6,USD,Y
PRD000580,Fashion Product 0580,Fashion,Premium,Vertex,273.88,747.8,GBP,N
PRD000581,Electronics Product 0581,Electronics,Standard,Orion,1647.85,1721.27,INR,Y
PRD000582,Electronics Product 0582,Electronics,Basic,Nova,1385.3,780.76,GBP,Y
PRD000583,Beauty Product 0583,Beauty,Premium,Zenith,438.26,1467.99,INR,Y
PRD000584,Sports Product 0584,Sports,Basic,Zenith,2207.33,908.89,USD,Y
PRD000585,Beauty Product 0585,Beauty,Basic,Apex,687.62,1734.58,USD,Y
PRD000586,Home Product 0586,Home,Premium,Orion,1508.3,1595.93,GBP,Y
PRD000587,Sports Product 0587,Sports,Basic,Vertex,1781.13,1684.12,GBP,Y
PRD000588,Home Product 0588,Home,Premium,Zenith,1787.39,1236.84,GBP,Y
PRD000589,Sports Product 0589,Sports,Basic,Apex,1262.21,1250.68,USD,Y
PRD000590,Grocery Product 0590,Grocery,Basic,Orion,1459.1,1696.98,GBP,Y
PRD000591,Sports Product 0591,Sports,Basic,Zenith,718.39,1525.6,INR,Y
PRD000592,Electronics Product 0592,Electronics,Premium,Orion,367.59,1207.45,INR,Y
PRD000593,Home Product 0593,Home,Standard,Vertex,370.34,114.47,USD,Y
PRD000594,Beauty Product 0594,Beauty,Premium,Vertex,2036.0,187.16,GBP,Y
PRD000595,Home Product 0595,Home,Basic,Zenith,975.27,921.13,GBP,Y
PRD000596,Sports Product 0596,Sports,Basic,Nova,2316.58,699.44,GBP,Y
PRD000597,Beauty Product 0597,Beauty,Premium,Nova,1860.46,367.95,USD,Y
PRD000598,Sports Product 0598,Sports,Basic,Vertex,1888.99,985.27,GBP,Y
PRD000599,Sports Product 0599,Sports,Premium,Vertex,1124.79,1770.27,INR,Y
PRD000600,Home Product 0600,Home,Basic,Zenith,302.79,76.02,USD,Y
PRD000601,Grocery Product 0601,Grocery,Premium,Apex,1462.05,461.26,USD,Y
PRD000602,Sports Product 0602,Sports,Premium,Nova,388.49,582.77,INR,N
PRD000603,Sports Product 0603,Sports,Standard,Orion,1975.82,991.64,INR,Y
PRD000604,Beauty Product 0604,Beauty,Premium,Apex,1303.91,1415.91,INR,Y
PRD000605,Beauty Product 0605,Beauty,Basic,Orion,234.4,400.49,INR,Y
PRD000606,Grocery Product 0606,Grocery,Standard,Vertex,550.02,1355.52,GBP,Y
PRD000607,Beauty Product 0607,Beauty,Basic,Nova,291.23,624.78,INR,N
PRD000608,Beauty Product 0608,Beauty,Premium,Nova,1707.97,579.72,INR,Y
PRD000609,Grocery Product 0609,Grocery,Basic,Vertex,66.64,931.81,USD,Y
PRD000610,Beauty Product 0610,Beauty,Standard,Orion,114.41,1617.21,INR,Y
PRD000611,Beauty Product 0611,Beauty,Premium,Nova,422.65,1721.43,GBP,Y
PRD000612,Electronics Product 0612,Electronics,Basic,Nova,530.9,1134.24,INR,Y
PRD000613,Electronics Product 0613,Electronics,Premium,Zenith,2072.73,1581.91,GBP,Y
PRD000614,Sports Product 0614,Sports,Premium,Apex,64.26,1291.21,INR,Y
PRD000615,Electronics Product 0615,Electronics,Premium,Apex,1986.57,1005.88,GBP,Y
PRD000616,Grocery Product 0616,Grocery,Standard,Orion,1130.56,729.79,USD,Y
PRD000617,Fashion Product 0617,Fashion,Basic,Nova,1339.41,1155.64,GBP,Y
PRD000618,Sports Product 0618,Sports,Basic,Nova,1753.7,133.44,GBP,Y
PRD000619,Grocery Product 0619,Grocery,Basic,Vertex,1518.38,508.89,USD,Y
PRD000620,Fashion Product 0620,Fashion,Basic,Nova,1187.6,961.64,INR,Y
PRD000621,Beauty Product 0621,Beauty,Standard,Apex,748.65,1596.9,GBP,Y
PRD000622,Electronics Product 0622,Electronics,Basic,Zenith,357.73,78.07,GBP,N
PRD000623,Fashion Product 0623,Fashion,Basic,Zenith,2367.71,550.53,GBP,Y
PRD000624,Home Product 0624,Home,Standard,Zenith,360.43,333.63,GBP,Y
PRD000625,Home Product 0625,Home,Premium,Apex,1679.09,1022.42,INR,Y
PRD000626,Fashion Product 0626,Fashion,Basic,Zenith,187.5,1210.02,USD,Y
PRD000627,Home Product 0627,Home,Basic,Zenith,1220.54,597.54,INR,Y
PRD000628,Electronics Product 0628,Electronics,Standard,Zenith,179.17,350.72,USD,Y
PRD000629,Grocery Product 0629,Grocery,Basic,Vertex,1735.18,276.85,GBP,Y
PRD000630,Grocery Product 0630,Grocery,Standard,Apex,17.06,445.38,INR,Y
PRD000631,Grocery Product 0631,Grocery,Standard,Apex,1700.55,598.82,USD,Y
PRD000632,Fashion Product 0632,Fashion,Standard,Vertex,1219.99,198.57,GBP,N
PRD000633,Electronics Product 0633,Electronics,Standard,Apex,2228.79,355.99,GBP,Y
PRD000634,Sports Product 0634,Sports,Premium,Nova,2124.72,1138.03,GBP,N
PRD000635,Fashion Product 0635,Fashion,Basic,Apex,2266.23,994.21,GBP,Y
PRD000636,Fashion Product 0636,Fashion,Basic,Apex,917.72,404.28,GBP,Y
PRD000637,Home Product 0637,Home,Standard,Zenith,1278.48,716.02,GBP,Y
PRD000638,Sports Product 0638,Sports,Premium,Zenith,1711.98,1363.7,INR,Y
PRD000639,Home Product 0639,Home,Premium,Zenith,2372.04,1187.97,INR,Y
PRD000640,Grocery Product 0640,Grocery,Premium,Apex,1904.87,419.45,USD,Y
PRD000641,Home Product 0641,Home,Premium,Apex,1297.12,1425.25,USD,Y
PRD000642,Fashion Product 0642,Fashion,Premium,Nova,2451.57,585.36,GBP,Y
PRD000643,Sports Product 0643,Sports,Standard,Vertex,1448.69,1027.58,USD,Y
PRD000644,Grocery Product 0644,Grocery,Basic,Nova,1294.07,679.26,INR,Y
PRD000645,Fashion Product 0645,Fashion,Standard,Vertex,1219.72,869.35,GBP,Y
PRD000646,Beauty Product 0646,Beauty,Premium,Orion,418.19,141.53,GBP,Y
PRD000647,Home Product 0647,Home,Premium,Apex,397.61,1084.83,INR,Y
PRD000648,Fashion Product 0648,Fashion,Standard,Nova,1206.38,863.43,INR,N
PRD000649,Home Product 0649,Home,Basic,Orion,61.0,80.53,GBP,N
PRD000650,Home Product 0650,Home,Premium,Zenith,102.78,1031.37,INR,Y
PRD000651,Grocery Product 0651,Grocery,Premium,Zenith,2395.8,1080.05,GBP,Y
PRD000652,Sports Product 0652,Sports,Basic,Vertex,2368.4,392.22,GBP,Y
PRD000653,Fashion Product 0653,Fashion,Premium,Apex,2076.76,1082.71,GBP,Y
PRD000654,Beauty Product 0654,Beauty,Basic,Zenith,664.98,1304.36,USD,Y
PRD000655,Beauty Product 0655,Beauty,Basic,Nova,578.39,695.68,INR,Y
PRD000656,Home Product 0656,Home,Basic,Zenith,1712.5,1488.25,GBP,Y
PRD000657,Home Product 0657,Home,Standard,Zenith,1501.54,1580.32,GBP,Y
PRD000658,Electronics Product 0658,Electronics,Premium,Orion,1650.18,1623.87,GBP,Y
PRD000659,Sports Product 0659,Sports,Basic,Orion,1307.5,668.57,INR,Y
PRD000660,Fashion Product 0660,Fashion,Premium,Orion,1974.94,688.08,GBP,N
PRD000661,Electronics Product 0661,Electronics,Standard,Apex,640.02,1379.25,INR,Y
PRD000662,Beauty Product 0662,Beauty,Basic,Orion,648.22,12.83,GBP,Y
PRD000663,Beauty Product 0663,Beauty,Basic,Nova,1301.81,676.93,INR,Y
PRD000664,Fashion Product 0664,Fashion,Standard,Nova,391.17,1173.88,USD,Y
PRD000665,Beauty Product 0665,Beauty,Standard,Zenith,917.28,498.18,GBP,Y
PRD000666,Home Product 0666,Home,Standard,Zenith,1960.55,869.99,USD,Y
PRD000667,Beauty Product 0667,Beauty,Standard,Vertex,2471.33,1041.04,GBP,Y
PRD000668,Sports Product 0668,Sports,Premium,Nova,1870.8,805.53,GBP,Y
PRD000669,Electronics Product 0669,Electronics,Premium,Zenith,1004.4,611.17,GBP,N
PRD000670,Sports Product 0670,Sports,Basic,Nova,406.04,1736.33,INR,Y
PRD000671,Home Product 0671,Home,Standard,Zenith,1091.27,118.15,INR,Y
PRD000672,Electronics Product 0672,Electronics,Basic,Nova,1812.61,1675.44,USD,N
PRD000673,Sports Product 0673,Sports,Basic,Vertex,1780.46,1076.66,INR,Y
PRD000674,Fashion Product 0674,Fashion,Premium,Apex,2127.17,1675.57,GBP,Y
PRD000675,Home Product 0675,Home,Premium,Zenith,1278.82,1258.11,GBP,Y
PRD000676,Sports Product 0676,Sports,Premium,Vertex,601.95,3.52,INR,Y
PRD000677,Grocery Product 0677,Grocery,Standard,Vertex,1675.81,731.6,INR,Y
PRD000678,Electronics Product 0678,Electronics,Basic,Nova,2298.35,990.62,GBP,Y
PRD000679,Beauty Product 0679,Beauty,Standard,Vertex,2408.4,499.88,GBP,Y
PRD000680,Fashion Product 0680,Fashion,Standard,Zenith,16.61,317.54,GBP,Y
PRD000681,Beauty Product 0681,Beauty,Premium,Zenith,739.16,1704.79,GBP,Y
PRD000682,Beauty Product 0682,Beauty,Basic,Vertex,1737.01,1739.0,GBP,Y
PRD000683,Home Product 0683,Home,Standard,Orion,1705.58,1614.05,INR,Y
PRD000684,Electronics Product 0684,Electronics,Standard,Nova,959.77,1420.21,INR,Y
PRD000685,Grocery Product 0685,Grocery,Standard,Vertex,1293.68,20.47,USD,Y
PRD000686,Grocery Product 0686,Grocery,Premium,Orion,1685.88,1478.47,INR,Y
PRD000687,Home Product 0687,Home,Standard,Vertex,887.08,1610.09,USD,Y
PRD000688,Sports Product 0688,Sports,Basic,Apex,1250.0,361.8,GBP,Y
PRD000689,Grocery Product 0689,Grocery,Premium,Apex,510.9,451.7,GBP,Y
PRD000690,Home Product 0690,Home,Premium,Nova,2300.87,1217.43,GBP,Y
PRD000691,Beauty Product 0691,Beauty,Premium,Zenith,2395.19,1526.88,USD,N
PRD000692,Grocery Product 0692,Grocery,Standard,Zenith,2172.58,884.98,GBP,Y
PRD000693,Fashion Product 0693,Fashion,Premium,Zenith,324.97,947.75,USD,Y
PRD000694,Beauty Product 0694,Beauty,Premium,Zenith,871.49,1549.14,INR,Y
PRD000695,Electronics Product 0695,Electronics,Basic,Zenith,1152.88,1241.51,INR,Y
PRD000696,Fashion Product 0696,Fashion,Basic,Nova,816.96,1104.16,USD,Y
PRD000697,Beauty Product 0697,Beauty,Standard,Apex,677.17,1725.47,USD,Y
PRD000698,Home Product 0698,Home,Standard,Orion,530.28,1262.18,USD,Y
PRD000699,Fashion Product 0699,Fashion,Standard,Orion,453.82,238.66,GBP,Y
PRD000700,Electronics Product 0700,Electronics,Basic,Vertex,2011.2,1000.95,USD,Y
PRD000701,Home Product 0701,Home,Basic,Apex,1185.1,20.51,USD,Y
PRD000702,Home Product 0702,Home,Basic,Zenith,1337.29,570.36,USD,Y
PRD000703,Grocery Product 0703,Grocery,Basic,Zenith,124.03,180.86,INR,Y
PRD000704,Home Product 0704,Home,Standard,Orion,2098.23,176.05,GBP,Y
PRD000705,Grocery Product 0705,Grocery,Standard,Vertex,1403.07,1677.52,USD,Y
PRD000706,Electronics Product 0706,Electronics,Standard,Nova,880.97,1224.22,GBP,Y
PRD000707,Beauty Product 0707,Beauty,Basic,Zenith,440.47,1405.22,USD,Y
PRD000708,Sports Product 0708,Sports,Basic,Orion,1937.99,806.13,INR,Y
PRD000709,Beauty Product 0709,Beauty,Standard,Orion,1581.12,263.29,INR,Y
PRD000710,Fashion Product 0710,Fashion,Basic,Zenith,1431.24,1528.47,INR,Y
PRD000711,Home Product 0711,Home,Standard,Apex,787.14,1176.46,GBP,Y
PRD000712,Beauty Product 0712,Beauty,Basic,Orion,681.76,802.48,USD,N
PRD000713,Beauty Product 0713,Beauty,Standard,Orion,422.46,1538.02,INR,Y
PRD000714,Sports Product 0714,Sports,Standard,Nova,530.38,716.49,INR,Y
PRD000715,Fashion Product 0715,Fashion,Basic,Nova,70.78,716.43,INR,Y
PRD000716,Grocery Product 0716,Grocery,Basic,Apex,215.36,1677.07,USD,Y
PRD000717,Home Product 0717,Home,Premium,Vertex,1110.69,230.16,GBP,Y
PRD000718,Electronics Product 0718,Electronics,Premium,Vertex,2151.62,587.39,USD,Y
PRD000719,Beauty Product 0719,Beauty,Standard,Zenith,1114.89,1745.27,GBP,Y
PRD000720,Home Product 0720,Home,Basic,Zenith,1144.08,1348.79,GBP,Y
PRD000721,Beauty Product 0721,Beauty,Basic,Zenith,777.61,626.86,GBP,Y
PRD000722,Electronics Product 0722,Electronics,Standard,Vertex,917.63,469.87,USD,Y
PRD000723,Electronics Product 0723,Electronics,Basic,Apex,862.99,846.15,INR,Y
PRD000724,Fashion Product 0724,Fashion,Standard,Nova,1915.84,1436.94,GBP,Y
PRD000725,Electronics Product 0725,Electronics,Basic,Vertex,475.48,1588.25,USD,Y
PRD000726,Home Product 0726,Home,Premium,Orion,2071.93,399.4,INR,Y
PRD000727,Sports Product 0727,Sports,Premium,Zenith,1912.52,1638.19,GBP,Y
PRD000728,Grocery Product 0728,Grocery,Basic,Zenith,2022.98,744.99,INR,Y
PRD000729,Home Product 0729,Home,Standard,Nova,1594.05,1113.06,USD,N
PRD000730,Fashion Product 0730,Fashion,Premium,Vertex,53.39,92.19,GBP,Y
PRD000731,Home Product 0731,Home,Premium,Vertex,676.64,1288.21,GBP,Y
PRD000732,Home Product 0732,Home,Premium,Apex,41.74,393.29,USD,Y
PRD000733,Fashion Product 0733,Fashion,Standard,Orion,1743.85,60.03,INR,Y
PRD000734,Electronics Product 0734,Electronics,Standard,Orion,183.1,847.85,INR,Y
PRD000735,Fashion Product 0735,Fashion,Premium,Nova,2436.62,1287.28,USD,Y
PRD000736,Home Product 0736,Home,Basic,Nova,501.95,1324.38,INR,Y
PRD000737,Sports Product 0737,Sports,Premium,Orion,975.86,1730.3,USD,Y
PRD000738,Sports Product 0738,Sports,Basic,Nova,1863.09,990.6,INR,Y
PRD000739,Fashion Product 0739,Fashion,Basic,Vertex,500.82,1597.87,GBP,Y
PRD000740,Electronics Product 0740,Electronics,Premium,Orion,814.66,303.75,USD,N
PRD000741,Electronics Product 0741,Electronics,Standard,Apex,27.28,78.46,GBP,Y
PRD000742,Sports Product 0742,Sports,Basic,Apex,931.64,163.8,INR,Y
PRD000743,Electronics Product 0743,Electronics,Basic,Zenith,849.36,1745.46,GBP,Y
PRD000744,Electronics Product 0744,Electronics,Standard,Apex,1754.81,1425.26,INR,Y
PRD000745,Home Product 0745,Home,Standard,Zenith,1972.46,1362.79,USD,Y
PRD000746,Electronics Product 0746,Electronics,Basic,Orion,898.63,245.11,INR,Y
PRD000747,Sports Product 0747,Sports,Standard,Zenith,740.31,1255.58,INR,N
PRD000748,Home Product 0748,Home,Basic,Vertex,812.58,844.71,GBP,Y
PRD000749,Home Product 0749,Home,Premium,Zenith,391.79,534.32,USD,Y
PRD000750,Grocery Product 0750,Grocery,Standard,Nova,1940.92,912.21,GBP,Y
PRD000751,Electronics Product 0751,Electronics,Basic,Vertex,1941.16,432.1,GBP,Y
PRD000752,Sports Product 0752,Sports,Basic,Orion,478.72,1230.75,GBP,Y
PRD000753,Beauty Product 0753,Beauty,Standard,Vertex,1027.46,581.68,INR,Y
PRD000754,Sports Product 0754,Sports,Premium,Nova,2088.81,236.2,INR,Y
PRD000755,Electronics Product 0755,Electronics,Standard,Apex,251.39,1029.11,USD,Y
PRD000756,Beauty Product 0756,Beauty,Basic,Zenith,643.57,661.34,GBP,Y
PRD000757,Electronics Product 0757,Electronics,Premium,Orion,2321.37,1498.24,USD,Y
PRD000758,Grocery Product 0758,Grocery,Basic,Orion,2055.96,1430.27,INR,N
PRD000759,Grocery Product 0759,Grocery,Basic,Nova,1837.08,1502.52,INR,Y
PRD000760,Beauty Product 0760,Beauty,Premium,Nova,1814.3,958.39,INR,Y
PRD000761,Beauty Product 0761,Beauty,Basic,Apex,1427.22,1705.66,GBP,Y
PRD000762,Fashion Product 0762,Fashion,Basic,Nova,1916.88,1039.08,GBP,Y
PRD000763,Sports Product 0763,Sports,Basic,Orion,2207.65,302.76,INR,Y
PRD000764,Fashion Product 0764,Fashion,Basic,Vertex,1645.54,962.42,GBP,Y
PRD000765,Grocery Product 0765,Grocery,Standard,Zenith,2478.7,586.4,USD,Y
PRD000766,Sports Product 0766,Sports,Standard,Vertex,1522.99,1014.97,INR,Y
PRD000767,Beauty Product 0767,Beauty,Basic,Vertex,903.22,815.97,USD,Y
PRD000768,Sports Product 0768,Sports,Premium,Vertex,1491.43,933.14,USD,Y
PRD000769,Grocery Product 0769,Grocery,Premium,Apex,2140.02,42.0,GBP,Y
PRD000770,Beauty Product 0770,Beauty,Basic,Zenith,1428.82,1030.19,INR,Y
PRD000771,Fashion Product 0771,Fashion,Standard,Apex,350.33,662.65,GBP,Y
PRD000772,Home Product 0772,Home,Standard,Vertex,234.3,721.44,INR,Y
PRD000773,Sports Product 0773,Sports,Standard,Orion,436.39,1486.79,GBP,N
PRD000774,Electronics Product 0774,Electronics,Basic,Vertex,98.24,1455.59,USD,Y
PRD000775,Electronics Product 0775,Electronics,Standard,Vertex,2200.08,783.45,INR,Y
PRD000776,Sports Product 0776,Sports,Basic,Zenith,2321.99,1142.1,GBP,Y
PRD000777,Electronics Product 0777,Electronics,Standard,Zenith,107.75,973.25,INR,Y
PRD000778,Beauty Product 0778,Beauty,Basic,Apex,387.23,1213.52,USD,Y
PRD000779,Beauty Product 0779,Beauty,Basic,Zenith,229.76,779.19,USD,Y
PRD000780,Home Product 0780,Home,Standard,Nova,1192.26,1342.33,GBP,Y
PRD000781,Grocery Product 0781,Grocery,Premium,Orion,1257.05,1393.56,INR,Y
PRD000782,Fashion Product 0782,Fashion,Basic,Apex,1222.21,1175.09,INR,Y
PRD000783,Beauty Product 0783,Beauty,Basic,Zenith,619.38,131.74,USD,Y
PRD000784,Sports Product 0784,Sports,Basic,Nova,285.76,746.21,USD,Y
PRD000785,Home Product 0785,Home,Standard,Vertex,1486.72,46.5,USD,Y
PRD000786,Grocery Product 0786,Grocery,Basic,Orion,1559.84,794.51,INR,Y
PRD000787,Sports Product 0787,Sports,Standard,Apex,1895.55,1535.42,INR,Y
PRD000788,Home Product 0788,Home,Basic,Apex,2172.54,1476.78,INR,Y
PRD000789,Sports Product 0789,Sports,Premium,Vertex,1127.9,43.88,INR,Y
PRD000790,Home Product 0790,Home,Premium,Zenith,1310.55,467.81,USD,N
PRD000791,Sports Product 0791,Sports,Premium,Nova,944.63,1631.15,GBP,Y
PRD000792,Grocery Product 0792,Grocery,Premium,Nova,713.61,1421.17,GBP,Y
PRD000793,Electronics Product 0793,Electronics,Standard,Nova,171.16,1189.69,GBP,Y
PRD000794,Electronics Product 0794,Electronics,Premium,Vertex,2169.19,1169.99,INR,Y
PRD000795,Beauty Product 0795,Beauty,Basic,Nova,2260.16,873.94,GBP,Y
PRD000796,Electronics Product 0796,Electronics,Premium,Apex,1254.12,826.0,GBP,Y
PRD000797,Electronics Product 0797,Electronics,Premium,Zenith,765.79,883.41,GBP,Y
PRD000798,Electronics Product 0798,Electronics,Standard,Vertex,891.67,546.28,GBP,Y
PRD000799,Electronics Product 0799,Electronics,Basic,Vertex,2197.3,1603.05,INR,Y
PRD000800,Grocery Product 0800,Grocery,Premium,Apex,857.76,708.95,INR,Y
PRD000801,Sports Product 0801,Sports,Standard,Zenith,2401.71,1103.57,GBP,Y
PRD000802,Fashion Product 0802,Fashion,Premium,Zenith,386.11,1747.06,GBP,Y
PRD000803,Fashion Product 0803,Fashion,Basic,Apex,520.86,252.02,GBP,Y
PRD000804,Home Product 0804,Home,Standard,Zenith,2274.36,775.83,INR,N
PRD000805,Home Product 0805,Home,Standard,Nova,1395.56,1707.64,INR,Y
PRD000806,Grocery Product 0806,Grocery,Premium,Nova,1914.76,1584.6,USD,Y
PRD000807,Grocery Product 0807,Grocery,Standard,Vertex,384.13,340.72,INR,Y
PRD000808,Electronics Product 0808,Electronics,Basic,Zenith,670.82,1021.98,INR,N
PRD000809,Home Product 0809,Home,Premium,Nova,901.36,1239.59,USD,Y
PRD000810,Beauty Product 0810,Beauty,Basic,Orion,1781.49,675.01,USD,Y
PRD000811,Fashion Product 0811,Fashion,Premium,Apex,487.18,60.92,INR,Y
PRD000812,Fashion Product 0812,Fashion,Premium,Apex,1895.65,121.85,USD,N
PRD000813,Fashion Product 0813,Fashion,Basic,Vertex,2167.6,1597.99,USD,Y
PRD000814,Electronics Product 0814,Electronics,Basic,Orion,1801.9,711.29,GBP,N
PRD000815,Beauty Product 0815,Beauty,Basic,Zenith,1605.28,1268.29,INR,Y
PRD000816,Electronics Product 0816,Electronics,Standard,Orion,2068.39,79.22,INR,Y
PRD000817,Beauty Product 0817,Beauty,Standard,Nova,1396.46,930.48,GBP,Y
PRD000818,Home Product 0818,Home,Standard,Orion,998.11,550.28,USD,Y
PRD000819,Home Product 0819,Home,Standard,Vertex,1534.77,101.02,GBP,Y
PRD000820,Fashion Product 0820,Fashion,Basic,Orion,230.65,902.68,INR,N
PRD000821,Sports Product 0821,Sports,Basic,Apex,985.7,584.26,INR,Y
PRD000822,Fashion Product 0822,Fashion,Basic,Apex,2206.96,165.05,USD,Y
PRD000823,Sports Product 0823,Sports,Basic,Nova,232.52,1272.09,GBP,Y
PRD000824,Electronics Product 0824,Electronics,Basic,Orion,1818.55,1755.42,GBP,Y
PRD000825,Fashion Product 0825,Fashion,Basic,Orion,114.55,310.08,USD,N
PRD000826,Sports Product 0826,Sports,Premium,Apex,2172.7,324.42,GBP,Y
PRD000827,Fashion Product 0827,Fashion,Standard,Vertex,1826.75,1729.86,USD,Y
PRD000828,Electronics Product 0828,Electronics,Premium,Apex,13.81,1378.42,INR,Y
PRD000829,Fashion Product 0829,Fashion,Standard,Zenith,2019.6,1095.55,USD,Y
PRD000830,Home Product 0830,Home,Basic,Orion,1137.08,797.05,GBP,N
PRD000831,Electronics Product 0831,Electronics,Premium,Zenith,698.89,1132.66,INR,Y
PRD000832,Home Product 0832,Home,Premium,Nova,1634.93,68.99,INR,N
PRD000833,Beauty Product 0833,Beauty,Standard,Vertex,2301.36,91.11,USD,Y
PRD000834,Home Product 0834,Home,Basic,Vertex,1529.67,1245.65,GBP,N
PRD000835,Beauty Product 0835,Beauty,Premium,Orion,1874.59,650.26,INR,Y
PRD000836,Grocery Product 0836,Grocery,Standard,Vertex,2244.34,1477.02,USD,Y
PRD000837,Electronics Product 0837,Electronics,Standard,Orion,340.69,1251.23,USD,Y
PRD000838,Beauty Product 0838,Beauty,Standard,Zenith,528.56,378.66,INR,Y
PRD000839,Beauty Product 0839,Beauty,Basic,Zenith,2468.04,872.14,GBP,N
PRD000840,Sports Product 0840,Sports,Standard,Orion,1524.07,571.73,GBP,N
PRD000841,Beauty Product 0841,Beauty,Standard,Apex,1537.65,895.03,GBP,Y
PRD000842,Fashion Product 0842,Fashion,Premium,Zenith,585.64,525.01,INR,Y
PRD000843,Electronics Product 0843,Electronics,Premium,Orion,1565.52,214.91,INR,N
PRD000844,Fashion Product 0844,Fashion,Standard,Nova,837.81,1010.07,GBP,Y
PRD000845,Electronics Product 0845,Electronics,Basic,Apex,1726.59,460.19,INR,Y
PRD000846,Grocery Product 0846,Grocery,Basic,Zenith,813.19,14.02,GBP,Y
PRD000847,Grocery Product 0847,Grocery,Standard,Zenith,1541.9,55.32,INR,Y
PRD000848,Grocery Product 0848,Grocery,Standard,Orion,2290.83,1435.67,GBP,Y
PRD000849,Fashion Product 0849,Fashion,Premium,Orion,2230.69,967.93,USD,Y
PRD000850,Fashion Product 0850,Fashion,Basic,Nova,2088.59,540.92,GBP,Y
PRD000851,Beauty Product 0851,Beauty,Basic,Nova,524.61,1234.83,USD,Y
PRD000852,Home Product 0852,Home,Standard,Nova,851.19,677.31,GBP,Y
PRD000853,Beauty Product 0853,Beauty,Basic,Orion,472.51,212.97,USD,Y
PRD000854,Sports Product 0854,Sports,Premium,Vertex,1037.6,896.21,INR,Y
PRD000855,Fashion Product 0855,Fashion,Standard,Apex,1315.13,317.5,USD,Y
PRD000856,Home Product 0856,Home,Premium,Orion,1267.46,1438.85,GBP,Y
PRD000857,Home Product 0857,Home,Standard,Orion,1832.44,943.96,USD,Y
PRD000858,Electronics Product 0858,Electronics,Basic,Apex,516.94,68.68,USD,Y
PRD000859,Electronics Product 0859,Electronics,Premium,Vertex,2331.18,1237.63,GBP,Y
PRD000860,Grocery Product 0860,Grocery,Standard,Nova,262.24,1379.83,GBP,Y
PRD000861,Electronics Product 0861,Electronics,Basic,Vertex,1598.93,380.09,INR,Y
PRD000862,Grocery Product 0862,Grocery,Standard,Zenith,801.28,795.68,INR,Y
PRD000863,Home Product 0863,Home,Premium,Vertex,290.58,1725.06,GBP,Y
PRD000864,Electronics Product 0864,Electronics,Premium,Zenith,879.04,575.32,INR,Y
PRD000865,Beauty Product 0865,Beauty,Premium,Apex,182.75,1105.03,USD,Y
PRD000866,Fashion Product 0866,Fashion,Premium,Apex,77.34,1626.22,INR,Y
PRD000867,Fashion Product 0867,Fashion,Premium,Nova,1069.03,324.63,GBP,N
PRD000868,Sports Product 0868,Sports,Basic,Orion,1542.71,564.46,INR,Y
PRD000869,Electronics Product 0869,Electronics,Standard,Zenith,333.83,1463.69,GBP,Y
PRD000870,Electronics Product 0870,Electronics,Standard,Vertex,1712.77,1279.26,USD,Y
PRD000871,Home Product 0871,Home,Premium,Apex,2153.44,1111.64,USD,Y
PRD000872,Home Product 0872,Home,Basic,Vertex,1973.0,1588.68,USD,Y
PRD000873,Electronics Product 0873,Electronics,Premium,Orion,286.65,863.14,INR,Y
PRD000874,Grocery Product 0874,Grocery,Basic,Zenith,322.85,187.97,GBP,Y
PRD000875,Grocery Product 0875,Grocery,Basic,Nova,1982.12,960.34,USD,N
PRD000876,Fashion Product 0876,Fashion,Premium,Zenith,613.01,288.76,USD,Y
PRD000877,Electronics Product 0877,Electronics,Standard,Apex,2035.72,1064.97,USD,N
PRD000878,Grocery Product 0878,Grocery,Basic,Apex,436.85,1206.28,GBP,N
PRD000879,Fashion Product 0879,Fashion,Premium,Zenith,1492.21,587.7,INR,Y
PRD000880,Home Product 0880,Home,Standard,Orion,178.67,198.41,GBP,Y
PRD000881,Grocery Product 0881,Grocery,Standard,Nova,230.88,1471.21,GBP,Y
PRD000882,Home Product 0882,Home,Basic,Apex,1135.17,526.83,GBP,N
PRD000883,Fashion Product 0883,Fashion,Premium,Apex,1705.38,571.93,GBP,Y
PRD000884,Fashion Product 0884,Fashion,Basic,Vertex,2475.77,1050.16,GBP,Y
PRD000885,Fashion Product 0885,Fashion,Premium,Vertex,160.71,1622.23,INR,Y
PRD000886,Sports Product 0886,Sports,Basic,Vertex,278.7,510.13,INR,Y
PRD000887,Fashion Product 0887,Fashion,Basic,Zenith,988.7,574.67,USD,Y
PRD000888,Fashion Product 0888,Fashion,Standard,Zenith,531.98,314.62,INR,Y
PRD000889,Beauty Product 0889,Beauty,Standard,Vertex,2100.71,280.22,GBP,Y
PRD000890,Home Product 0890,Home,Premium,Nova,1622.73,261.76,USD,Y
PRD000891,Home Product 0891,Home,Premium,Apex,1607.4,750.29,USD,N
PRD000892,Fashion Product 0892,Fashion,Basic,Apex,1138.71,765.15,USD,Y
PRD000893,Grocery Product 0893,Grocery,Premium,Apex,1064.81,16.35,USD,Y
PRD000894,Sports Product 0894,Sports,Basic,Vertex,1030.04,984.46,USD,Y
PRD000895,Electronics Product 0895,Electronics,Basic,Orion,1763.68,206.36,USD,Y
PRD000896,Home Product 0896,Home,Basic,Zenith,2459.03,1770.65,USD,Y
PRD000897,Beauty Product 0897,Beauty,Premium,Zenith,2225.34,161.94,USD,Y
PRD000898,Sports Product 0898,Sports,Basic,Zenith,1996.26,564.56,INR,Y
PRD000899,Beauty Product 0899,Beauty,Premium,Orion,1137.82,1631.18,GBP,Y
PRD000900,Fashion Product 0900,Fashion,Standard,Vertex,726.58,66.48,GBP,Y
PRD000901,Sports Product 0901,Sports,Basic,Vertex,158.24,853.27,INR,N
PRD000902,Electronics Product 0902,Electronics,Basic,Vertex,2023.19,1124.9,USD,Y
PRD000903,Electronics Product 0903,Electronics,Premium,Zenith,196.77,1411.42,USD,Y
PRD000904,Beauty Product 0904,Beauty,Standard,Vertex,2145.36,28.52,INR,N
PRD000905,Home Product 0905,Home,Basic,Apex,1649.59,667.47,INR,Y
PRD000906,Sports Product 0906,Sports,Premium,Orion,456.12,950.72,INR,Y
PRD000907,Electronics Product 0907,Electronics,Premium,Zenith,2335.18,280.01,USD,Y
PRD000908,Fashion Product 0908,Fashion,Premium,Orion,1816.37,303.61,GBP,Y
PRD000909,Electronics Product 0909,Electronics,Basic,Vertex,1889.93,211.44,INR,Y
PRD000910,Fashion Product 0910,Fashion,Standard,Vertex,1193.28,1707.01,GBP,Y
PRD000911,Fashion Product 0911,Fashion,Basic,Orion,1189.1,263.83,USD,Y
PRD000912,Grocery Product 0912,Grocery,Standard,Orion,1697.84,1731.29,GBP,Y
PRD000913,Electronics Product 0913,Electronics,Basic,Vertex,2390.68,778.92,GBP,Y
PRD000914,Grocery Product 0914,Grocery,Standard,Vertex,2006.78,461.85,GBP,Y
PRD000915,Fashion Product 0915,Fashion,Basic,Apex,1837.11,1060.94,INR,Y
PRD000916,Grocery Product 0916,Grocery,Basic,Apex,786.61,22.01,INR,Y
PRD000917,Electronics Product 0917,Electronics,Standard,Nova,1315.53,1234.84,USD,Y
PRD000918,Sports Product 0918,Sports,Standard,Vertex,486.73,45.59,INR,Y
PRD000919,Beauty Product 0919,Beauty,Basic,Apex,2376.47,1149.63,GBP,Y
PRD000920,Electronics Product 0920,Electronics,Basic,Apex,943.02,1375.65,GBP,N
PRD000921,Home Product 0921,Home,Premium,Apex,637.07,842.12,INR,Y
PRD000922,Grocery Product 0922,Grocery,Standard,Vertex,647.05,1405.97,USD,Y
PRD000923,Fashion Product 0923,Fashion,Standard,Vertex,2489.92,467.05,USD,Y
PRD000924,Fashion Product 0924,Fashion,Premium,Orion,2448.66,363.6,USD,Y
PRD000925,Sports Product 0925,Sports,Standard,Nova,363.96,1384.37,INR,N
PRD000926,Sports Product 0926,Sports,Premium,Orion,1789.92,188.61,INR,Y
PRD000927,Beauty Product 0927,Beauty,Basic,Vertex,1944.21,36.72,USD,Y
PRD000928,Sports Product 0928,Sports,Basic,Nova,2332.57,1197.3,USD,Y
PRD000929,Sports Product 0929,Sports,Standard,Orion,1438.73,929.14,USD,Y
PRD000930,Fashion Product 0930,Fashion,Standard,Nova,1352.62,8.94,GBP,Y
PRD000931,Electronics Product 0931,Electronics,Basic,Zenith,2337.93,647.98,GBP,Y
PRD000932,Fashion Product 0932,Fashion,Premium,Nova,916.56,1536.46,USD,Y
PRD000933,Fashion Product 0933,Fashion,Standard,Apex,445.66,73.68,USD,Y
PRD000934,Grocery Product 0934,Grocery,Basic,Orion,2241.67,1136.22,USD,Y
PRD000935,Electronics Product 0935,Electronics,Basic,Orion,1839.63,254.48,INR,Y
PRD000936,Sports Product 0936,Sports,Basic,Apex,1225.64,116.2,GBP,Y
PRD000937,Fashion Product 0937,Fashion,Basic,Orion,2416.6,32.5,USD,Y
PRD000938,Grocery Product 0938,Grocery,Basic,Nova,1016.74,383.39,GBP,Y
PRD000939,Fashion Product 0939,Fashion,Basic,Zenith,376.64,1044.08,INR,Y
PRD000940,Sports Product 0940,Sports,Premium,Orion,1636.31,849.78,GBP,Y
PRD000941,Home Product 0941,Home,Basic,Apex,40.84,1139.89,USD,Y
PRD000942,Fashion Product 0942,Fashion,Basic,Apex,2089.2,117.93,INR,Y
PRD000943,Fashion Product 0943,Fashion,Basic,Zenith,555.33,1448.6,USD,Y
PRD000944,Sports Product 0944,Sports,Basic,Orion,813.97,1756.61,GBP,Y
PRD000945,Home Product 0945,Home,Standard,Apex,1911.75,1068.77,USD,Y
PRD000946,Electronics Product 0946,Electronics,Standard,Apex,1895.09,304.99,USD,Y
PRD000947,Home Product 0947,Home,Standard,Apex,2314.56,76.14,INR,N
PRD000948,Fashion Product 0948,Fashion,Premium,Nova,2199.67,148.06,INR,Y
PRD000949,Electronics Product 0949,Electronics,Basic,Zenith,2217.85,750.95,USD,Y
PRD000950,Home Product 0950,Home,Premium,Vertex,1310.1,743.42,INR,N
PRD000951,Sports Product 0951,Sports,Premium,Zenith,454.1,901.3,INR,Y
PRD000952,Grocery Product 0952,Grocery,Standard,Nova,1396.49,347.85,GBP,Y
PRD000953,Beauty Product 0953,Beauty,Standard,Zenith,1271.31,837.2,GBP,Y
PRD000954,Grocery Product 0954,Grocery,Premium,Apex,286.13,271.14,USD,Y
PRD000955,Home Product 0955,Home,Premium,Nova,139.8,657.45,INR,Y
PRD000956,Grocery Product 0956,Grocery,Standard,Zenith,2013.86,1365.86,INR,Y
PRD000957,Sports Product 0957,Sports,Premium,Zenith,443.84,1414.53,USD,Y
PRD000958,Electronics Product 0958,Electronics,Premium,Apex,1804.9,1068.09,USD,Y
PRD000959,Home Product 0959,Home,Basic,Vertex,579.01,200.91,INR,Y
PRD000960,Home Product 0960,Home,Basic,Orion,2175.37,677.83,INR,Y
PRD000961,Fashion Product 0961,Fashion,Basic,Orion,140.58,786.25,INR,N
PRD000962,Fashion Product 0962,Fashion,Premium,Orion,936.85,825.56,INR,Y
PRD000963,Grocery Product 0963,Grocery,Premium,Vertex,322.39,1246.9,INR,Y
PRD000964,Home Product 0964,Home,Premium,Orion,1149.15,310.65,USD,Y
PRD000965,Grocery Product 0965,Grocery,Basic,Apex,1974.92,1149.48,GBP,Y
PRD000966,Beauty Product 0966,Beauty,Basic,Apex,220.75,1542.98,USD,Y
PRD000967,Beauty Product 0967,Beauty,Standard,Orion,701.53,1314.84,GBP,Y
PRD000968,Home Product 0968,Home,Standard,Orion,1450.77,1605.61,GBP,Y
PRD000969,Beauty Product 0969,Beauty,Premium,Orion,2450.56,74.99,USD,Y
PRD000970,Electronics Product 0970,Electronics,Standard,Zenith,988.83,1458.06,GBP,Y
PRD000971,Fashion Product 0971,Fashion,Standard,Apex,212.31,1356.28,GBP,Y
PRD000972,Home Product 0972,Home,Premium,Vertex,743.0,1166.81,INR,Y
PRD000973,Fashion Product 0973,Fashion,Basic,Vertex,408.7,828.33,GBP,N
PRD000974,Electronics Product 0974,Electronics,Standard,Orion,1930.73,1573.94,USD,Y
PRD000975,Grocery Product 0975,Grocery,Basic,Orion,1761.24,5.45,GBP,Y
PRD000976,Fashion Product 0976,Fashion,Basic,Vertex,1329.65,535.97,USD,N
PRD000977,Beauty Product 0977,Beauty,Basic,Apex,1970.29,148.48,USD,Y
PRD000978,Beauty Product 0978,Beauty,Basic,Vertex,2220.5,202.41,USD,Y
PRD000979,Beauty Product 0979,Beauty,Premium,Vertex,919.25,1167.77,GBP,Y
PRD000980,Beauty Product 0980,Beauty,Basic,Apex,350.32,604.87,GBP,Y
PRD000981,Sports Product 0981,Sports,Standard,Zenith,2178.47,1266.01,GBP,Y
PRD000982,Grocery Product 0982,Grocery,Standard,Vertex,1261.4,763.0,INR,Y
PRD000983,Grocery Product 0983,Grocery,Standard,Orion,1218.14,949.45,INR,Y
PRD000984,Sports Product 0984,Sports,Basic,Zenith,2249.13,815.21,USD,Y
PRD000985,Home Product 0985,Home,Standard,Nova,205.03,1616.61,USD,Y
PRD000986,Electronics Product 0986,Electronics,Premium,Vertex,284.5,268.87,INR,Y
PRD000987,Beauty Product 0987,Beauty,Basic,Nova,736.46,1745.33,GBP,Y
PRD000988,Fashion Product 0988,Fashion,Standard,Orion,1112.43,1161.5,USD,Y
PRD000989,Electronics Product 0989,Electronics,Premium,Apex,2088.19,936.76,USD,Y
PRD000990,Beauty Product 0990,Beauty,Standard,Vertex,1217.94,1199.54,GBP,Y
PRD000991,Fashion Product 0991,Fashion,Standard,Vertex,1420.29,1617.21,USD,Y
PRD000992,Grocery Product 0992,Grocery,Premium,Orion,932.9,520.8,INR,Y
PRD000993,Grocery Product 0993,Grocery,Standard,Orion,2390.75,1114.68,INR,Y
PRD000994,Grocery Product 0994,Grocery,Premium,Apex,2099.13,1248.07,GBP,Y
PRD000995,Home Product 0995,Home,Premium,Nova,107.67,571.98,INR,Y
PRD000996,Grocery Product 0996,Grocery,Standard,Apex,516.86,1273.72,GBP,Y
PRD000997,Grocery Product 0997,Grocery,Premium,Vertex,1123.83,1755.91,GBP,Y
PRD000998,Electronics Product 0998,Electronics,Premium,Orion,2328.02,1384.03,USD,Y
PRD000999,Home Product 0999,Home,Premium,Zenith,2439.12,598.31,GBP,Y
PRD001000,Fashion Product 1000,Fashion,Standard,Zenith,1668.88,1439.84,GBP,Y
PRD001001,Grocery Product 1001,Grocery,Basic,Nova,1830.44,1620.61,INR,Y
PRD001002,Electronics Product 1002,Electronics,Standard,Nova,1007.07,1514.06,USD,Y
PRD001003,Electronics Product 1003,Electronics,Standard,Nova,1522.34,353.68,GBP,Y
PRD001004,Grocery Product 1004,Grocery,Premium,Nova,213.56,1529.46,GBP,Y
PRD001005,Beauty Product 1005,Beauty,Standard,Apex,1228.71,1086.9,GBP,Y
PRD001006,Sports Product 1006,Sports,Standard,Orion,374.13,1537.29,USD,Y
PRD001007,Grocery Product 1007,Grocery,Premium,Vertex,865.58,556.63,USD,Y
PRD001008,Electronics Product 1008,Electronics,Premium,Orion,1855.11,749.85,USD,Y
PRD001009,Home Product 1009,Home,Basic,Orion,1822.87,747.31,GBP,N
PRD001010,Electronics Product 1010,Electronics,Premium,Apex,761.56,1779.12,GBP,Y
PRD001011,Electronics Product 1011,Electronics,Basic,Orion,225.68,738.8,USD,Y
PRD001012,Home Product 1012,Home,Basic,Orion,1777.07,1360.17,INR,Y
PRD001013,Home Product 1013,Home,Standard,Vertex,1386.9,78.89,USD,N
PRD001014,Grocery Product 1014,Grocery,Standard,Zenith,1850.94,406.46,INR,Y
PRD001015,Grocery Product 1015,Grocery,Standard,Orion,314.82,1199.65,USD,Y
PRD001016,Home Product 1016,Home,Standard,Apex,75.96,1377.2,USD,Y
PRD001017,Beauty Product 1017,Beauty,Basic,Vertex,1454.76,1019.34,USD,Y
PRD001018,Sports Product 1018,Sports,Premium,Vertex,1283.75,1036.75,USD,Y
PRD001019,Beauty Product 1019,Beauty,Premium,Apex,802.6,1581.34,INR,Y
PRD001020,Home Product 1020,Home,Premium,Vertex,906.1,1146.34,USD,Y
PRD001021,Grocery Product 1021,Grocery,Standard,Zenith,1599.17,141.06,INR,Y
PRD001022,Electronics Product 1022,Electronics,Basic,Apex,1361.56,1570.78,GBP,Y
PRD001023,Grocery Product 1023,Grocery,Basic,Vertex,244.1,1045.34,INR,Y
PRD001024,Home Product 1024,Home,Basic,Vertex,935.67,874.36,USD,Y
PRD001025,Electronics Product 1025,Electronics,Premium,Apex,1260.94,1497.34,GBP,N
PRD001026,Sports Product 1026,Sports,Basic,Zenith,1782.81,1264.97,INR,Y
PRD001027,Fashion Product 1027,Fashion,Premium,Nova,2048.02,1662.37,USD,Y
PRD001028,Grocery Product 1028,Grocery,Basic,Vertex,351.84,797.16,GBP,Y
PRD001029,Grocery Product 1029,Grocery,Premium,Vertex,76.76,1466.79,INR,Y
PRD001030,Sports Product 1030,Sports,Premium,Apex,772.03,380.08,INR,Y
PRD001031,Sports Product 1031,Sports,Premium,Nova,51.92,873.21,USD,Y
PRD001032,Home Product 1032,Home,Premium,Nova,1983.67,925.72,INR,Y
PRD001033,Electronics Product 1033,Electronics,Standard,Nova,170.29,1202.65,INR,Y
PRD001034,Beauty Product 1034,Beauty,Premium,Zenith,2253.43,335.05,USD,Y
PRD001035,Electronics Product 1035,Electronics,Premium,Vertex,2372.24,628.06,INR,Y
PRD001036,Sports Product 1036,Sports,Basic,Apex,1264.75,125.8,GBP,Y
PRD001037,Beauty Product 1037,Beauty,Premium,Apex,2410.84,311.68,GBP,Y
PRD001038,Sports Product 1038,Sports,Premium,Apex,2301.59,1532.78,USD,Y
PRD001039,Sports Product 1039,Sports,Basic,Apex,1101.97,1724.07,INR,Y
PRD001040,Fashion Product 1040,Fashion,Standard,Apex,1288.06,735.42,USD,Y
PRD001041,Fashion Product 1041,Fashion,Premium,Zenith,344.1,1372.81,GBP,Y
PRD001042,Beauty Product 1042,Beauty,Basic,Nova,210.21,890.2,USD,Y
PRD001043,Fashion Product 1043,Fashion,Basic,Vertex,1719.18,1514.44,INR,Y
PRD001044,Fashion Product 1044,Fashion,Standard,Orion,476.02,128.09,USD,Y
PRD001045,Home Product 1045,Home,Premium,Orion,1681.88,715.28,GBP,Y
PRD001046,Electronics Product 1046,Electronics,Premium,Orion,1004.56,1064.23,INR,Y
PRD001047,Electronics Product 1047,Electronics,Standard,Apex,849.89,1072.14,USD,Y
PRD001048,Home Product 1048,Home,Standard,Orion,699.9,1285.15,GBP,N
PRD001049,Grocery Product 1049,Grocery,Basic,Orion,893.46,1201.02,USD,Y
PRD001050,Beauty Product 1050,Beauty,Standard,Apex,1921.16,197.14,USD,Y
PRD001051,Fashion Product 1051,Fashion,Premium,Apex,79.16,1328.82,INR,Y
PRD001052,Sports Product 1052,Sports,Premium,Apex,959.67,1223.53,INR,Y
PRD001053,Beauty Product 1053,Beauty,Basic,Nova,1901.63,1190.96,GBP,Y
PRD001054,Fashion Product 1054,Fashion,Premium,Vertex,1656.92,883.98,USD,Y
PRD001055,Grocery Product 1055,Grocery,Basic,Zenith,49.09,1375.84,USD,Y
PRD001056,Fashion Product 1056,Fashion,Standard,Vertex,2132.92,798.27,INR,Y
PRD001057,Home Product 1057,Home,Basic,Vertex,2212.33,297.97,USD,Y
PRD001058,Grocery Product 1058,Grocery,Basic,Orion,1221.2,199.56,GBP,Y
PRD001059,Sports Product 1059,Sports,Basic,Zenith,1432.66,858.21,INR,Y
PRD001060,Electronics Product 1060,Electronics,Standard,Vertex,1239.25,1747.65,GBP,Y
PRD001061,Grocery Product 1061,Grocery,Standard,Nova,75.23,84.08,USD,Y
PRD001062,Sports Product 1062,Sports,Basic,Nova,1914.16,1126.4,USD,Y
PRD001063,Fashion Product 1063,Fashion,Standard,Vertex,1032.76,104.44,INR,Y
PRD001064,Home Product 1064,Home,Basic,Vertex,1483.37,1638.97,INR,Y
PRD001065,Electronics Product 1065,Electronics,Standard,Apex,54.18,589.03,USD,Y
PRD001066,Beauty Product 1066,Beauty,Basic,Orion,670.21,1253.64,GBP,Y
PRD001067,Grocery Product 1067,Grocery,Standard,Zenith,978.8,1031.85,USD,Y
PRD001068,Sports Product 1068,Sports,Basic,Apex,843.24,906.48,GBP,Y
PRD001069,Home Product 1069,Home,Basic,Vertex,911.52,786.48,USD,Y
PRD001070,Beauty Product 1070,Beauty,Premium,Vertex,666.56,537.28,GBP,Y
PRD001071,Home Product 1071,Home,Basic,Nova,1795.68,1042.01,GBP,Y
PRD001072,Grocery Product 1072,Grocery,Premium,Zenith,2003.96,857.06,INR,Y
PRD001073,Electronics Product 1073,Electronics,Basic,Vertex,1264.08,541.94,GBP,Y
PRD001074,Grocery Product 1074,Grocery,Premium,Orion,1008.74,1126.06,USD,Y
PRD001075,Home Product 1075,Home,Premium,Zenith,2157.46,1039.59,INR,Y
PRD001076,Grocery Product 1076,Grocery,Basic,Zenith,2023.29,1535.44,USD,N
PRD001077,Sports Product 1077,Sports,Basic,Nova,1308.06,657.6,INR,Y
PRD001078,Home Product 1078,Home,Basic,Vertex,2111.08,740.24,INR,Y
PRD001079,Fashion Product 1079,Fashion,Standard,Vertex,1616.88,463.83,GBP,Y
PRD001080,Fashion Product 1080,Fashion,Premium,Nova,379.16,52.78,USD,Y
PRD001081,Fashion Product 1081,Fashion,Basic,Orion,1057.94,1630.46,INR,Y
PRD001082,Grocery Product 1082,Grocery,Premium,Nova,649.7,1446.96,GBP,Y
PRD001083,Home Product 1083,Home,Basic,Nova,2409.65,876.06,INR,Y
PRD001084,Electronics Product 1084,Electronics,Standard,Zenith,748.46,117.26,USD,Y
PRD001085,Sports Product 1085,Sports,Basic,Nova,995.25,1512.14,INR,Y
PRD001086,Electronics Product 1086,Electronics,Basic,Zenith,2332.67,940.96,GBP,Y
PRD001087,Grocery Product 1087,Grocery,Standard,Nova,599.0,222.73,USD,Y
PRD001088,Beauty Product 1088,Beauty,Basic,Orion,2015.57,1339.89,USD,Y
PRD001089,Home Product 1089,Home,Premium,Apex,539.2,496.36,USD,Y
PRD001090,Beauty Product 1090,Beauty,Premium,Orion,1336.01,1260.21,INR,Y
PRD001091,Beauty Product 1091,Beauty,Standard,Orion,1708.43,1734.08,INR,Y
PRD001092,Fashion Product 1092,Fashion,Basic,Vertex,2054.31,40.87,GBP,Y
PRD001093,Sports Product 1093,Sports,Basic,Nova,1728.25,1420.48,INR,Y
PRD001094,Beauty Product 1094,Beauty,Standard,Vertex,1599.18,1262.01,GBP,Y
PRD001095,Beauty Product 1095,Beauty,Premium,Orion,974.24,1637.89,USD,Y
PRD001096,Grocery Product 1096,Grocery,Premium,Apex,747.07,1547.37,INR,Y
PRD001097,Sports Product 1097,Sports,Standard,Orion,1974.35,495.44,INR,Y
PRD001098,Fashion Product 1098,Fashion,Basic,Orion,2316.61,600.9,USD,Y
PRD001099,Home Product 1099,Home,Basic,Vertex,1268.3,635.29,GBP,Y
PRD001100,Sports Product 1100,Sports,Standard,Orion,1739.55,1372.27,GBP,Y
PRD001101,Sports Product 1101,Sports,Standard,Apex,12.67,362.54,USD,Y
PRD001102,Beauty Product 1102,Beauty,Premium,Nova,398.77,930.91,GBP,Y
PRD001103,Beauty Product 1103,Beauty,Basic,Orion,1982.64,576.96,USD,Y
PRD001104,Grocery Product 1104,Grocery,Premium,Zenith,2067.79,1439.75,INR,Y
PRD001105,Fashion Product 1105,Fashion,Standard,Apex,986.77,681.04,GBP,Y
PRD001106,Electronics Product 1106,Electronics,Premium,Zenith,1619.53,1129.05,INR,Y
PRD001107,Home Product 1107,Home,Standard,Apex,129.21,1113.55,GBP,Y
PRD001108,Home Product 1108,Home,Premium,Vertex,429.46,1022.34,INR,Y
PRD001109,Fashion Product 1109,Fashion,Standard,Orion,300.69,1285.27,INR,Y
PRD001110,Grocery Product 1110,Grocery,Basic,Orion,958.27,778.06,INR,N
PRD001111,Home Product 1111,Home,Standard,Apex,1048.74,737.12,INR,Y
PRD001112,Grocery Product 1112,Grocery,Standard,Apex,1546.11,1633.47,USD,N
PRD001113,Sports Product 1113,Sports,Basic,Orion,218.92,845.58,USD,Y
PRD001114,Sports Product 1114,Sports,Premium,Orion,1772.59,1325.78,USD,Y
PRD001115,Electronics Product 1115,Electronics,Basic,Nova,135.02,1676.12,USD,Y
PRD001116,Beauty Product 1116,Beauty,Basic,Zenith,1775.37,1458.31,INR,Y
PRD001117,Beauty Product 1117,Beauty,Basic,Orion,759.76,712.27,USD,Y
PRD001118,Beauty Product 1118,Beauty,Premium,Zenith,452.53,308.25,USD,Y
PRD001119,Fashion Product 1119,Fashion,Premium,Nova,796.71,956.17,INR,Y
PRD001120,Electronics Product 1120,Electronics,Standard,Nova,2446.4,900.08,USD,Y
PRD001121,Fashion Product 1121,Fashion,Standard,Vertex,1534.26,1371.53,USD,Y
PRD001122,Grocery Product 1122,Grocery,Standard,Apex,792.28,1790.23,INR,Y
PRD001123,Sports Product 1123,Sports,Basic,Orion,137.79,270.07,INR,Y
PRD001124,Electronics Product 1124,Electronics,Standard,Vertex,413.07,842.44,INR,Y
PRD001125,Electronics Product 1125,Electronics,Standard,Vertex,2472.1,1010.86,USD,Y
PRD001126,Electronics Product 1126,Electronics,Basic,Apex,313.52,171.16,USD,Y
PRD001127,Home Product 1127,Home,Basic,Zenith,2057.32,1015.16,GBP,N
PRD001128,Home Product 1128,Home,Basic,Nova,1317.41,1028.71,USD,Y
PRD001129,Home Product 1129,Home,Standard,Nova,2218.98,49.65,GBP,Y
PRD001130,Fashion Product 1130,Fashion,Standard,Zenith,2323.23,193.61,USD,Y
PRD001131,Electronics Product 1131,Electronics,Premium,Orion,2077.59,1188.19,USD,Y
PRD001132,Beauty Product 1132,Beauty,Basic,Nova,826.92,81.79,GBP,Y
PRD001133,Grocery Product 1133,Grocery,Basic,Zenith,327.65,1554.31,GBP,Y
PRD001134,Grocery Product 1134,Grocery,Premium,Nova,1370.15,1085.32,INR,Y
PRD001135,Grocery Product 1135,Grocery,Premium,Apex,2412.8,1558.33,INR,Y
PRD001136,Home Product 1136,Home,Premium,Orion,1949.83,515.03,GBP,Y
PRD001137,Electronics Product 1137,Electronics,Standard,Orion,2003.75,1325.39,USD,N
PRD001138,Home Product 1138,Home,Standard,Nova,2080.97,924.24,USD,Y
PRD001139,Fashion Product 1139,Fashion,Standard,Vertex,1409.83,763.26,USD,Y
PRD001140,Beauty Product 1140,Beauty,Premium,Orion,1578.56,170.03,GBP,Y
PRD001141,Fashion Product 1141,Fashion,Basic,Apex,1620.79,1285.4,USD,Y
PRD001142,Sports Product 1142,Sports,Basic,Zenith,214.51,844.39,INR,Y
PRD001143,Grocery Product 1143,Grocery,Premium,Apex,1712.36,542.83,INR,Y
PRD001144,Fashion Product 1144,Fashion,Standard,Zenith,124.08,140.53,INR,Y
PRD001145,Electronics Product 1145,Electronics,Basic,Orion,1035.48,837.99,GBP,N
PRD001146,Grocery Product 1146,Grocery,Standard,Vertex,1465.99,1384.26,INR,Y
PRD001147,Sports Product 1147,Sports,Basic,Orion,452.98,330.43,USD,Y
PRD001148,Electronics Product 1148,Electronics,Standard,Vertex,788.3,1304.2,GBP,Y
PRD001149,Beauty Product 1149,Beauty,Standard,Vertex,2416.97,1568.81,INR,Y
PRD001150,Home Product 1150,Home,Premium,Zenith,652.0,1213.12,USD,Y
PRD001151,Electronics Product 1151,Electronics,Premium,Orion,296.11,311.61,USD,Y
PRD001152,Sports Product 1152,Sports,Standard,Zenith,1816.15,547.13,GBP,Y
PRD001153,Sports Product 1153,Sports,Basic,Orion,2012.58,160.48,INR,Y
PRD001154,Home Product 1154,Home,Premium,Nova,1741.6,341.23,INR,Y
PRD001155,Fashion Product 1155,Fashion,Basic,Apex,1626.1,786.11,GBP,Y
PRD001156,Home Product 1156,Home,Premium,Vertex,1925.45,269.25,USD,Y
PRD001157,Electronics Product 1157,Electronics,Premium,Apex,1848.26,803.14,USD,Y
PRD001158,Electronics Product 1158,Electronics,Standard,Zenith,610.36,532.81,USD,Y
PRD001159,Grocery Product 1159,Grocery,Premium,Nova,1577.87,1284.43,USD,Y
PRD001160,Sports Product 1160,Sports,Basic,Zenith,1829.04,1798.25,INR,Y
PRD001161,Fashion Product 1161,Fashion,Standard,Zenith,1479.64,1101.86,GBP,Y
PRD001162,Home Product 1162,Home,Basic,Nova,1323.13,761.34,USD,Y
PRD001163,Electronics Product 1163,Electronics,Standard,Orion,2223.41,213.14,GBP,Y
PRD001164,Fashion Product 1164,Fashion,Basic,Orion,56.91,520.56,INR,Y
PRD001165,Grocery Product 1165,Grocery,Standard,Apex,1271.55,1059.02,GBP,Y
PRD001166,Beauty Product 1166,Beauty,Basic,Orion,332.24,530.23,GBP,Y
PRD001167,Fashion Product 1167,Fashion,Basic,Vertex,1990.95,1440.16,INR,N
PRD001168,Home Product 1168,Home,Standard,Nova,1669.31,234.99,INR,Y
PRD001169,Beauty Product 1169,Beauty,Standard,Nova,1984.74,1697.67,USD,Y
PRD001170,Home Product 1170,Home,Premium,Zenith,122.39,35.58,USD,Y
PRD001171,Sports Product 1171,Sports,Premium,Apex,2070.73,1610.34,INR,Y
PRD001172,Grocery Product 1172,Grocery,Standard,Nova,1545.82,219.88,INR,Y
PRD001173,Grocery Product 1173,Grocery,Standard,Vertex,1924.59,1386.86,GBP,Y
PRD001174,Home Product 1174,Home,Basic,Zenith,1512.7,190.14,INR,Y
PRD001175,Fashion Product 1175,Fashion,Premium,Nova,1955.22,1098.55,INR,Y
PRD001176,Electronics Product 1176,Electronics,Basic,Nova,421.78,215.15,INR,Y
PRD001177,Home Product 1177,Home,Basic,Vertex,1771.87,1372.25,USD,Y
PRD001178,Home Product 1178,Home,Basic,Vertex,839.85,250.58,INR,Y
PRD001179,Fashion Product 1179,Fashion,Premium,Apex,2087.86,854.17,USD,Y
PRD001180,Home Product 1180,Home,Premium,Vertex,934.23,1359.46,USD,Y
PRD001181,Home Product 1181,Home,Basic,Orion,1969.1,250.98,USD,Y
PRD001182,Fashion Product 1182,Fashion,Standard,Zenith,1987.55,653.11,INR,Y
PRD001183,Home Product 1183,Home,Premium,Zenith,2359.39,155.35,USD,Y
PRD001184,Home Product 1184,Home,Standard,Nova,986.2,69.66,GBP,Y
PRD001185,Beauty Product 1185,Beauty,Premium,Zenith,2431.79,756.49,GBP,Y
PRD001186,Grocery Product 1186,Grocery,Basic,Vertex,2273.53,17.2,USD,Y
PRD001187,Beauty Product 1187,Beauty,Premium,Orion,1118.24,371.63,GBP,N
PRD001188,Beauty Product 1188,Beauty,Basic,Orion,1745.19,1598.15,GBP,Y
PRD001189,Home Product 1189,Home,Standard,Nova,97.24,604.08,GBP,Y
PRD001190,Beauty Product 1190,Beauty,Basic,Vertex,538.27,922.47,USD,Y
PRD001191,Grocery Product 1191,Grocery,Basic,Apex,63.44,1602.9,GBP,N
PRD001192,Grocery Product 1192,Grocery,Premium,Vertex,1817.64,1776.56,INR,Y
PRD001193,Grocery Product 1193,Grocery,Standard,Zenith,889.41,88.78,GBP,Y
PRD001194,Fashion Product 1194,Fashion,Standard,Zenith,1843.46,817.31,INR,N
PRD001195,Beauty Product 1195,Beauty,Basic,Zenith,2112.02,423.21,USD,Y
PRD001196,Sports Product 1196,Sports,Basic,Zenith,1682.72,1286.69,GBP,Y
PRD001197,Electronics Product 1197,Electronics,Standard,Zenith,1458.01,1481.65,USD,Y
PRD001198,Electronics Product 1198,Electronics,Premium,Orion,2071.95,150.26,INR,Y
PRD001199,Home Product 1199,Home,Standard,Apex,1118.18,666.62,GBP,Y
PRD001200,Beauty Product 1200,Beauty,Basic,Zenith,1948.17,1570.01,GBP,Y
PRD001201,Sports Product 1201,Sports,Standard,Orion,1724.1,1706.23,GBP,Y
PRD001202,Home Product 1202,Home,Premium,Zenith,322.17,1280.94,INR,Y
PRD001203,Beauty Product 1203,Beauty,Premium,Apex,1141.3,61.6,INR,Y
PRD001204,Grocery Product 1204,Grocery,Premium,Zenith,2131.53,201.27,USD,N
PRD001205,Grocery Product 1205,Grocery,Premium,Zenith,387.49,670.53,USD,Y
PRD001206,Grocery Product 1206,Grocery,Standard,Nova,1979.05,258.43,GBP,Y
PRD001207,Electronics Product 1207,Electronics,Standard,Vertex,542.88,1474.97,USD,Y
PRD001208,Electronics Product 1208,Electronics,Basic,Vertex,173.57,83.29,USD,N
PRD001209,Grocery Product 1209,Grocery,Basic,Orion,2251.22,1407.08,USD,N
PRD001210,Home Product 1210,Home,Premium,Zenith,1592.97,1371.74,GBP,Y
PRD001211,Home Product 1211,Home,Basic,Vertex,227.84,1125.71,GBP,Y
PRD001212,Fashion Product 1212,Fashion,Premium,Orion,850.8,85.34,GBP,Y
PRD001213,Sports Product 1213,Sports,Standard,Nova,2165.55,1273.85,GBP,Y
PRD001214,Beauty Product 1214,Beauty,Basic,Nova,1611.57,156.02,GBP,Y
PRD001215,Beauty Product 1215,Beauty,Premium,Zenith,1306.78,1351.75,GBP,Y
PRD001216,Electronics Product 1216,Electronics,Basic,Zenith,453.46,37.1,INR,Y
PRD001217,Sports Product 1217,Sports,Basic,Orion,216.2,961.78,USD,Y
PRD001218,Beauty Product 1218,Beauty,Premium,Orion,2155.63,44.8,USD,Y
PRD001219,Fashion Product 1219,Fashion,Premium,Zenith,796.87,465.15,INR,Y
PRD001220,Beauty Product 1220,Beauty,Premium,Vertex,364.37,462.23,INR,Y
PRD001221,Grocery Product 1221,Grocery,Standard,Apex,151.99,1730.14,INR,Y
PRD001222,Sports Product 1222,Sports,Premium,Vertex,977.9,578.11,USD,Y
PRD001223,Grocery Product 1223,Grocery,Standard,Nova,134.44,433.6,GBP,N
PRD001224,Home Product 1224,Home,Standard,Zenith,1882.21,694.93,INR,Y
PRD001225,Electronics Product 1225,Electronics,Standard,Orion,1385.04,120.63,INR,Y
PRD001226,Sports Product 1226,Sports,Premium,Nova,676.55,1734.36,GBP,Y
PRD001227,Home Product 1227,Home,Basic,Apex,765.01,733.92,INR,Y
PRD001228,Home Product 1228,Home,Premium,Vertex,1353.4,305.23,INR,Y
PRD001229,Fashion Product 1229,Fashion,Basic,Orion,109.27,1463.32,GBP,Y
PRD001230,Sports Product 1230,Sports,Premium,Nova,155.14,1659.49,USD,N
PRD001231,Grocery Product 1231,Grocery,Basic,Orion,2498.11,1516.86,INR,N
PRD001232,Beauty Product 1232,Beauty,Standard,Nova,407.73,962.76,INR,Y
PRD001233,Electronics Product 1233,Electronics,Standard,Nova,2077.09,1305.96,USD,Y
PRD001234,Home Product 1234,Home,Basic,Zenith,2393.76,574.99,GBP,Y
PRD001235,Sports Product 1235,Sports,Standard,Orion,686.17,1193.11,USD,Y
PRD001236,Home Product 1236,Home,Standard,Zenith,824.5,1645.49,INR,Y
PRD001237,Beauty Product 1237,Beauty,Standard,Nova,2254.11,1211.85,USD,Y
PRD001238,Sports Product 1238,Sports,Basic,Orion,1907.35,970.02,GBP,Y
PRD001239,Beauty Product 1239,Beauty,Premium,Orion,1682.25,637.33,USD,N
PRD001240,Grocery Product 1240,Grocery,Standard,Apex,2098.67,1461.93,INR,Y
PRD001241,Fashion Product 1241,Fashion,Standard,Apex,1114.22,401.07,INR,Y
PRD001242,Sports Product 1242,Sports,Basic,Vertex,482.82,1469.86,GBP,Y
PRD001243,Sports Product 1243,Sports,Premium,Apex,2450.4,1741.23,INR,Y
PRD001244,Fashion Product 1244,Fashion,Basic,Zenith,526.67,355.37,GBP,Y
PRD001245,Electronics Product 1245,Electronics,Standard,Zenith,1253.31,309.35,INR,N
PRD001246,Sports Product 1246,Sports,Basic,Zenith,1415.02,120.45,INR,Y
PRD001247,Home Product 1247,Home,Standard,Zenith,2139.42,1586.16,GBP,Y
PRD001248,Home Product 1248,Home,Basic,Nova,2479.92,1248.3,GBP,N
PRD001249,Grocery Product 1249,Grocery,Basic,Zenith,2208.34,6.51,USD,Y
PRD001250,Grocery Product 1250,Grocery,Standard,Orion,688.72,1225.27,USD,Y
PRD001251,Grocery Product 1251,Grocery,Basic,Nova,2210.09,406.51,USD,Y
PRD001252,Beauty Product 1252,Beauty,Standard,Vertex,17.87,352.71,INR,N
PRD001253,Electronics Product 1253,Electronics,Basic,Apex,2445.35,764.61,INR,Y
PRD001254,Home Product 1254,Home,Premium,Vertex,780.46,1127.91,INR,Y
PRD001255,Fashion Product 1255,Fashion,Standard,Nova,1483.36,1128.46,USD,Y
PRD001256,Home Product 1256,Home,Premium,Orion,599.71,615.42,INR,Y
PRD001257,Beauty Product 1257,Beauty,Premium,Nova,1940.49,1116.36,INR,Y
PRD001258,Beauty Product 1258,Beauty,Premium,Nova,2436.44,1650.34,USD,Y
PRD001259,Sports Product 1259,Sports,Premium,Apex,159.7,1444.89,INR,Y
PRD001260,Beauty Product 1260,Beauty,Basic,Orion,169.15,1220.58,GBP,Y
PRD001261,Grocery Product 1261,Grocery,Standard,Orion,244.1,1354.28,INR,N
PRD001262,Sports Product 1262,Sports,Basic,Nova,1136.26,837.18,USD,N
PRD001263,Beauty Product 1263,Beauty,Premium,Vertex,1629.05,1217.37,INR,Y
PRD001264,Beauty Product 1264,Beauty,Standard,Zenith,485.24,187.53,GBP,Y
PRD001265,Beauty Product 1265,Beauty,Premium,Zenith,319.32,917.49,USD,Y
PRD001266,Fashion Product 1266,Fashion,Basic,Zenith,1114.34,439.95,INR,Y
PRD001267,Home Product 1267,Home,Standard,Zenith,1092.44,1727.66,USD,Y
PRD001268,Beauty Product 1268,Beauty,Basic,Apex,372.79,557.69,USD,Y
PRD001269,Grocery Product 1269,Grocery,Premium,Zenith,1468.17,1221.91,INR,Y
PRD001270,Beauty Product 1270,Beauty,Basic,Nova,1058.04,354.15,INR,Y
PRD001271,Electronics Product 1271,Electronics,Standard,Apex,1671.31,1251.52,USD,N
PRD001272,Sports Product 1272,Sports,Standard,Zenith,1417.41,606.18,USD,Y
PRD001273,Grocery Product 1273,Grocery,Premium,Nova,1138.48,1421.18,INR,Y
PRD001274,Home Product 1274,Home,Premium,Apex,1734.59,841.37,INR,Y
PRD001275,Fashion Product 1275,Fashion,Basic,Vertex,2019.14,678.51,USD,Y
PRD001276,Electronics Product 1276,Electronics,Standard,Nova,188.96,56.94,INR,Y
PRD001277,Grocery Product 1277,Grocery,Standard,Apex,1580.18,1643.14,USD,Y
PRD001278,Electronics Product 1278,Electronics,Premium,Apex,713.83,396.44,USD,Y
PRD001279,Grocery Product 1279,Grocery,Basic,Apex,450.46,41.62,USD,Y
PRD001280,Electronics Product 1280,Electronics,Basic,Apex,950.41,1417.98,INR,Y
PRD001281,Home Product 1281,Home,Standard,Orion,604.17,1457.65,GBP,Y
PRD001282,Beauty Product 1282,Beauty,Basic,Orion,2196.58,120.48,INR,Y
PRD001283,Home Product 1283,Home,Premium,Zenith,948.6,675.54,GBP,Y
PRD001284,Sports Product 1284,Sports,Premium,Nova,1908.89,1058.42,GBP,Y
PRD001285,Home Product 1285,Home,Standard,Apex,137.88,1432.71,INR,Y
PRD001286,Beauty Product 1286,Beauty,Standard,Apex,1819.61,1413.04,GBP,N
PRD001287,Electronics Product 1287,Electronics,Premium,Zenith,973.35,1588.71,GBP,Y
PRD001288,Fashion Product 1288,Fashion,Basic,Orion,451.6,1283.34,GBP,Y
PRD001289,Sports Product 1289,Sports,Standard,Orion,674.5,723.5,GBP,Y
PRD001290,Home Product 1290,Home,Premium,Apex,1132.94,424.19,INR,Y
PRD001291,Fashion Product 1291,Fashion,Standard,Zenith,397.24,1516.85,USD,Y
PRD001292,Electronics Product 1292,Electronics,Premium,Nova,741.14,935.32,INR,N
PRD001293,Electronics Product 1293,Electronics,Standard,Zenith,1554.71,768.71,USD,Y
PRD001294,Fashion Product 1294,Fashion,Standard,Orion,795.97,690.12,INR,Y
PRD001295,Home Product 1295,Home,Standard,Nova,900.94,151.11,GBP,Y
PRD001296,Beauty Product 1296,Beauty,Basic,Nova,1965.75,1668.11,INR,Y
PRD001297,Electronics Product 1297,Electronics,Standard,Nova,1367.34,602.76,GBP,Y
PRD001298,Grocery Product 1298,Grocery,Standard,Vertex,480.65,1088.45,INR,Y
PRD001299,Grocery Product 1299,Grocery,Premium,Vertex,708.2,625.9,USD,Y
PRD001300,Beauty Product 1300,Beauty,Basic,Nova,1182.65,924.23,INR,Y
PRD001301,Home Product 1301,Home,Premium,Apex,1188.72,929.94,GBP,Y
PRD001302,Sports Product 1302,Sports,Standard,Vertex,1980.83,565.6,INR,Y
PRD001303,Sports Product 1303,Sports,Standard,Apex,1099.51,1535.74,INR,Y
PRD001304,Home Product 1304,Home,Basic,Apex,767.4,1328.84,USD,Y
PRD001305,Grocery Product 1305,Grocery,Premium,Orion,1067.17,1355.47,GBP,Y
PRD001306,Grocery Product 1306,Grocery,Standard,Zenith,62.98,1414.29,INR,Y
PRD001307,Grocery Product 1307,Grocery,Basic,Zenith,2284.81,1034.26,USD,Y
PRD001308,Home Product 1308,Home,Standard,Nova,1338.55,341.44,INR,Y
PRD001309,Beauty Product 1309,Beauty,Standard,Vertex,237.64,190.45,GBP,Y
PRD001310,Electronics Product 1310,Electronics,Basic,Zenith,1224.09,338.49,INR,Y
PRD001311,Grocery Product 1311,Grocery,Premium,Apex,731.31,945.34,USD,Y
PRD001312,Grocery Product 1312,Grocery,Basic,Nova,433.71,1547.89,USD,Y
PRD001313,Home Product 1313,Home,Premium,Apex,1343.45,862.42,INR,Y
PRD001314,Home Product 1314,Home,Premium,Apex,777.84,1472.76,GBP,Y
PRD001315,Home Product 1315,Home,Basic,Zenith,2348.19,1058.72,GBP,Y
PRD001316,Grocery Product 1316,Grocery,Premium,Nova,2477.76,803.98,USD,N
PRD001317,Home Product 1317,Home,Basic,Vertex,2276.2,1582.99,USD,Y
PRD001318,Beauty Product 1318,Beauty,Premium,Nova,723.34,1586.15,USD,Y
PRD001319,Sports Product 1319,Sports,Basic,Vertex,980.77,1482.7,INR,Y
PRD001320,Home Product 1320,Home,Premium,Zenith,1834.44,825.72,GBP,Y
PRD001321,Sports Product 1321,Sports,Basic,Nova,986.91,1702.4,INR,Y
PRD001322,Grocery Product 1322,Grocery,Basic,Zenith,733.26,1649.58,GBP,Y
PRD001323,Fashion Product 1323,Fashion,Standard,Zenith,307.47,665.61,INR,Y
PRD001324,Grocery Product 1324,Grocery,Standard,Orion,416.27,375.65,INR,Y
PRD001325,Electronics Product 1325,Electronics,Premium,Orion,955.98,1343.49,INR,Y
PRD001326,Electronics Product 1326,Electronics,Premium,Vertex,291.13,1651.1,USD,Y
PRD001327,Fashion Product 1327,Fashion,Standard,Nova,210.96,1183.67,GBP,Y
PRD001328,Home Product 1328,Home,Standard,Vertex,2104.7,309.55,INR,N
PRD001329,Electronics Product 1329,Electronics,Premium,Vertex,314.76,1335.38,INR,Y
PRD001330,Sports Product 1330,Sports,Premium,Vertex,387.97,646.48,INR,Y
PRD001331,Sports Product 1331,Sports,Basic,Apex,1107.94,88.82,GBP,Y
PRD001332,Sports Product 1332,Sports,Basic,Nova,979.59,557.06,INR,N
PRD001333,Electronics Product 1333,Electronics,Premium,Orion,1918.95,1672.09,USD,Y
PRD001334,Home Product 1334,Home,Premium,Nova,1057.1,1780.76,USD,Y
PRD001335,Sports Product 1335,Sports,Basic,Nova,555.32,1588.47,GBP,Y
PRD001336,Sports Product 1336,Sports,Premium,Nova,1042.12,196.51,USD,Y
PRD001337,Beauty Product 1337,Beauty,Basic,Apex,1563.56,1681.99,USD,Y
PRD001338,Electronics Product 1338,Electronics,Premium,Apex,269.18,584.09,INR,Y
PRD001339,Sports Product 1339,Sports,Standard,Nova,976.02,827.42,INR,Y
PRD001340,Sports Product 1340,Sports,Basic,Vertex,114.63,1594.17,USD,Y
PRD001341,Beauty Product 1341,Beauty,Standard,Nova,1782.77,1424.89,GBP,Y
PRD001342,Grocery Product 1342,Grocery,Premium,Zenith,814.26,1136.68,USD,Y
PRD001343,Grocery Product 1343,Grocery,Premium,Vertex,2445.16,1200.47,INR,Y
PRD001344,Electronics Product 1344,Electronics,Basic,Zenith,1125.03,921.31,GBP,Y
PRD001345,Beauty Product 1345,Beauty,Basic,Nova,585.35,1110.58,INR,Y
PRD001346,Home Product 1346,Home,Basic,Orion,1894.33,1116.72,INR,Y
PRD001347,Grocery Product 1347,Grocery,Standard,Vertex,509.02,678.22,GBP,Y
PRD001348,Home Product 1348,Home,Basic,Zenith,2471.44,800.38,USD,Y
PRD001349,Grocery Product 1349,Grocery,Standard,Nova,1304.58,1759.69,GBP,Y
PRD001350,Electronics Product 1350,Electronics,Premium,Vertex,860.11,372.85,INR,Y
PRD001351,Sports Product 1351,Sports,Basic,Apex,1522.12,688.53,USD,Y
PRD001352,Fashion Product 1352,Fashion,Basic,Nova,166.22,886.48,INR,Y
PRD001353,Sports Product 1353,Sports,Premium,Apex,318.27,315.1,GBP,Y
PRD001354,Home Product 1354,Home,Basic,Nova,1068.47,842.33,INR,Y
PRD001355,Home Product 1355,Home,Standard,Apex,1516.6,547.67,GBP,Y
PRD001356,Sports Product 1356,Sports,Premium,Vertex,2156.75,867.66,USD,Y
PRD001357,Fashion Product 1357,Fashion,Premium,Orion,1106.23,911.01,GBP,Y
PRD001358,Home Product 1358,Home,Standard,Nova,1906.01,771.03,INR,Y
PRD001359,Beauty Product 1359,Beauty,Basic,Apex,1384.37,318.73,USD,Y
PRD001360,Grocery Product 1360,Grocery,Standard,Vertex,940.99,1092.03,INR,Y
PRD001361,Home Product 1361,Home,Basic,Orion,493.31,1649.29,INR,Y
PRD001362,Beauty Product 1362,Beauty,Basic,Vertex,1231.18,1666.47,USD,Y
PRD001363,Fashion Product 1363,Fashion,Standard,Vertex,1604.42,1060.19,USD,Y
PRD001364,Electronics Product 1364,Electronics,Standard,Zenith,410.09,1374.02,USD,Y
PRD001365,Beauty Product 1365,Beauty,Basic,Orion,1589.27,664.62,INR,Y
PRD001366,Fashion Product 1366,Fashion,Basic,Apex,609.67,65.01,USD,Y
PRD001367,Sports Product 1367,Sports,Basic,Apex,657.02,821.48,GBP,Y
PRD001368,Grocery Product 1368,Grocery,Premium,Zenith,1447.96,1193.7,INR,Y
PRD001369,Electronics Product 1369,Electronics,Premium,Orion,997.18,1056.33,INR,Y
PRD001370,Home Product 1370,Home,Standard,Apex,2075.23,457.41,USD,Y
PRD001371,Beauty Product 1371,Beauty,Basic,Orion,1467.27,1321.88,GBP,Y
PRD001372,Electronics Product 1372,Electronics,Basic,Zenith,1942.84,621.87,INR,Y
PRD001373,Sports Product 1373,Sports,Premium,Orion,1749.03,14.54,INR,Y
PRD001374,Electronics Product 1374,Electronics,Premium,Nova,1935.49,753.86,USD,Y
PRD001375,Sports Product 1375,Sports,Standard,Apex,445.12,337.96,INR,Y
PRD001376,Fashion Product 1376,Fashion,Premium,Zenith,2371.47,812.84,INR,Y
PRD001377,Home Product 1377,Home,Premium,Apex,2023.9,347.82,USD,Y
PRD001378,Sports Product 1378,Sports,Basic,Nova,2171.56,301.53,USD,Y
PRD001379,Fashion Product 1379,Fashion,Premium,Vertex,165.33,56.31,INR,Y
PRD001380,Fashion Product 1380,Fashion,Basic,Nova,28.72,481.15,INR,N
PRD001381,Electronics Product 1381,Electronics,Premium,Apex,1308.22,16.05,GBP,Y
PRD001382,Grocery Product 1382,Grocery,Standard,Orion,1893.49,1089.06,USD,Y
PRD001383,Sports Product 1383,Sports,Standard,Vertex,2043.03,1693.96,GBP,Y
PRD001384,Fashion Product 1384,Fashion,Basic,Nova,2438.39,1571.92,INR,Y
PRD001385,Fashion Product 1385,Fashion,Basic,Orion,1814.42,1598.68,INR,Y
PRD001386,Beauty Product 1386,Beauty,Premium,Zenith,702.27,1259.58,INR,Y
PRD001387,Fashion Product 1387,Fashion,Basic,Orion,1289.71,1189.43,INR,Y
PRD001388,Electronics Product 1388,Electronics,Basic,Vertex,2184.22,1745.37,GBP,Y
PRD001389,Sports Product 1389,Sports,Standard,Apex,1518.87,722.1,GBP,Y
PRD001390,Grocery Product 1390,Grocery,Standard,Orion,2467.24,1543.21,INR,Y
PRD001391,Grocery Product 1391,Grocery,Basic,Apex,1781.3,1566.14,GBP,Y
PRD001392,Electronics Product 1392,Electronics,Premium,Orion,1993.07,544.52,GBP,Y
PRD001393,Fashion Product 1393,Fashion,Premium,Orion,2387.85,869.46,GBP,Y
PRD001394,Home Product 1394,Home,Premium,Apex,1884.37,1188.56,INR,Y
PRD001395,Fashion Product 1395,Fashion,Basic,Nova,404.79,1672.35,USD,Y
PRD001396,Home Product 1396,Home,Basic,Vertex,1666.5,1712.85,GBP,Y
PRD001397,Sports Product 1397,Sports,Premium,Zenith,1585.7,887.05,GBP,Y
PRD001398,Home Product 1398,Home,Basic,Zenith,166.34,619.78,GBP,Y
PRD001399,Sports Product 1399,Sports,Basic,Zenith,2415.79,788.22,INR,Y
PRD001400,Grocery Product 1400,Grocery,Premium,Vertex,223.76,163.18,GBP,N
PRD001401,Home Product 1401,Home,Basic,Nova,1434.23,231.97,USD,Y
PRD001402,Beauty Product 1402,Beauty,Basic,Nova,780.44,1063.34,INR,Y
PRD001403,Fashion Product 1403,Fashion,Standard,Vertex,1994.81,1681.26,INR,Y
PRD001404,Sports Product 1404,Sports,Basic,Zenith,559.24,713.38,GBP,Y
PRD001405,Grocery Product 1405,Grocery,Premium,Vertex,2093.86,901.2,USD,Y
PRD001406,Beauty Product 1406,Beauty,Standard,Apex,1868.91,1528.88,GBP,Y
PRD001407,Beauty Product 1407,Beauty,Standard,Vertex,1258.43,1240.41,USD,N
PRD001408,Fashion Product 1408,Fashion,Basic,Apex,1240.09,1268.34,USD,Y
PRD001409,Grocery Product 1409,Grocery,Premium,Apex,2120.93,1682.18,INR,Y
PRD001410,Home Product 1410,Home,Standard,Orion,751.26,1467.58,INR,Y
PRD001411,Beauty Product 1411,Beauty,Standard,Vertex,1058.98,853.74,USD,Y
PRD001412,Fashion Product 1412,Fashion,Premium,Zenith,1818.25,510.41,INR,Y
PRD001413,Fashion Product 1413,Fashion,Premium,Apex,811.93,1424.93,INR,Y
PRD001414,Fashion Product 1414,Fashion,Basic,Apex,1445.01,797.07,USD,Y
PRD001415,Home Product 1415,Home,Premium,Apex,2011.87,354.59,GBP,Y
PRD001416,Grocery Product 1416,Grocery,Basic,Zenith,259.36,1414.54,INR,Y
PRD001417,Fashion Product 1417,Fashion,Basic,Apex,2315.33,175.6,USD,Y
PRD001418,Electronics Product 1418,Electronics,Premium,Zenith,1626.99,1069.33,INR,Y
PRD001419,Home Product 1419,Home,Premium,Nova,605.93,881.06,GBP,N
PRD001420,Home Product 1420,Home,Basic,Orion,1940.75,1784.12,GBP,Y
PRD001421,Fashion Product 1421,Fashion,Basic,Orion,691.66,1176.79,USD,Y
PRD001422,Electronics Product 1422,Electronics,Premium,Nova,309.52,1155.61,GBP,Y
PRD001423,Electronics Product 1423,Electronics,Basic,Zenith,2468.44,864.66,GBP,Y
PRD001424,Beauty Product 1424,Beauty,Premium,Orion,1213.06,1161.34,USD,Y
PRD001425,Beauty Product 1425,Beauty,Premium,Nova,816.45,1285.64,GBP,Y
PRD001426,Fashion Product 1426,Fashion,Basic,Nova,987.52,1471.98,GBP,Y
PRD001427,Electronics Product 1427,Electronics,Basic,Zenith,1349.76,1474.43,GBP,Y
PRD001428,Home Product 1428,Home,Basic,Nova,455.76,1079.59,INR,Y
PRD001429,Beauty Product 1429,Beauty,Standard,Vertex,312.0,234.48,INR,Y
PRD001430,Electronics Product 1430,Electronics,Basic,Vertex,2129.37,65.9,INR,Y
PRD001431,Grocery Product 1431,Grocery,Standard,Zenith,433.15,1758.85,GBP,Y
PRD001432,Home Product 1432,Home,Standard,Nova,2365.81,936.44,USD,Y
PRD001433,Fashion Product 1433,Fashion,Premium,Zenith,1228.65,565.35,USD,N
PRD001434,Beauty Product 1434,Beauty,Basic,Apex,1721.39,1193.72,INR,Y
PRD001435,Electronics Product 1435,Electronics,Premium,Apex,752.77,1499.23,INR,N
PRD001436,Beauty Product 1436,Beauty,Premium,Zenith,900.87,233.9,GBP,Y
PRD001437,Electronics Product 1437,Electronics,Basic,Vertex,655.38,1170.63,INR,Y
PRD001438,Fashion Product 1438,Fashion,Premium,Vertex,1692.93,1692.54,INR,Y
PRD001439,Home Product 1439,Home,Premium,Vertex,2488.42,1255.15,INR,Y
PRD001440,Beauty Product 1440,Beauty,Basic,Zenith,1514.34,757.18,INR,Y
PRD001441,Fashion Product 1441,Fashion,Standard,Nova,2410.22,447.75,USD,Y
PRD001442,Beauty Product 1442,Beauty,Premium,Zenith,1019.92,594.86,INR,Y
PRD001443,Grocery Product 1443,Grocery,Standard,Apex,2172.79,408.7,INR,Y
PRD001444,Fashion Product 1444,Fashion,Premium,Orion,2379.7,1409.57,INR,Y
PRD001445,Beauty Product 1445,Beauty,Basic,Vertex,1474.12,1452.82,INR,Y
PRD001446,Grocery Product 1446,Grocery,Basic,Zenith,2164.17,994.12,GBP,Y
PRD001447,Electronics Product 1447,Electronics,Premium,Vertex,2366.54,703.05,USD,Y
PRD001448,Beauty Product 1448,Beauty,Basic,Orion,1194.77,232.25,INR,Y
PRD001449,Sports Product 1449,Sports,Premium,Apex,360.96,1022.91,USD,Y
PRD001450,Sports Product 1450,Sports,Basic,Vertex,1770.22,450.65,GBP,Y
PRD001451,Sports Product 1451,Sports,Standard,Apex,1100.21,639.14,USD,Y
PRD001452,Grocery Product 1452,Grocery,Standard,Orion,1303.88,1294.08,INR,Y
PRD001453,Sports Product 1453,Sports,Premium,Vertex,1019.25,564.99,INR,Y
PRD001454,Electronics Product 1454,Electronics,Basic,Apex,2362.44,299.71,INR,Y
PRD001455,Sports Product 1455,Sports,Standard,Zenith,2324.32,1455.6,INR,Y
PRD001456,Sports Product 1456,Sports,Basic,Apex,1201.74,928.48,GBP,Y
PRD001457,Sports Product 1457,Sports,Premium,Orion,39.68,344.76,GBP,Y
PRD001458,Sports Product 1458,Sports,Standard,Zenith,1875.42,441.87,GBP,Y
PRD001459,Sports Product 1459,Sports,Basic,Nova,1520.4,1736.47,GBP,Y
PRD001460,Home Product 1460,Home,Premium,Nova,920.79,242.57,USD,Y
PRD001461,Fashion Product 1461,Fashion,Standard,Orion,430.36,1745.6,USD,Y
PRD001462,Beauty Product 1462,Beauty,Premium,Vertex,751.45,530.5,INR,Y
PRD001463,Sports Product 1463,Sports,Basic,Zenith,987.09,1661.73,GBP,Y
PRD001464,Electronics Product 1464,Electronics,Standard,Zenith,2121.64,106.32,INR,N
PRD001465,Fashion Product 1465,Fashion,Standard,Vertex,887.96,12.26,GBP,Y
PRD001466,Fashion Product 1466,Fashion,Standard,Nova,257.84,887.21,INR,Y
PRD001467,Beauty Product 1467,Beauty,Premium,Orion,313.99,878.88,INR,Y
PRD001468,Home Product 1468,Home,Standard,Orion,938.9,658.0,INR,Y
PRD001469,Grocery Product 1469,Grocery,Premium,Orion,1642.42,792.52,INR,Y
PRD001470,Sports Product 1470,Sports,Standard,Nova,901.3,1567.31,INR,Y
PRD001471,Home Product 1471,Home,Standard,Nova,338.53,759.64,USD,Y
PRD001472,Home Product 1472,Home,Basic,Apex,2371.2,1727.58,USD,Y
PRD001473,Fashion Product 1473,Fashion,Standard,Zenith,1241.44,1228.08,INR,Y
PRD001474,Fashion Product 1474,Fashion,Basic,Orion,332.89,1723.95,INR,Y
PRD001475,Home Product 1475,Home,Standard,Zenith,39.05,1232.93,INR,Y
PRD001476,Fashion Product 1476,Fashion,Basic,Nova,1088.65,523.17,USD,Y
PRD001477,Fashion Product 1477,Fashion,Premium,Zenith,385.48,921.7,INR,Y
PRD001478,Electronics Product 1478,Electronics,Standard,Apex,1667.49,774.2,USD,Y
PRD001479,Sports Product 1479,Sports,Basic,Zenith,1529.7,342.04,GBP,Y
PRD001480,Home Product 1480,Home,Premium,Apex,1006.2,495.13,INR,Y
PRD001481,Fashion Product 1481,Fashion,Premium,Zenith,503.11,1556.24,USD,Y
PRD001482,Beauty Product 1482,Beauty,Standard,Apex,558.33,768.66,INR,Y
PRD001483,Fashion Product 1483,Fashion,Basic,Nova,764.2,486.84,USD,Y
PRD001484,Sports Product 1484,Sports,Standard,Apex,803.0,88.46,INR,Y
PRD001485,Electronics Product 1485,Electronics,Basic,Vertex,533.88,851.29,GBP,Y
PRD001486,Fashion Product 1486,Fashion,Premium,Vertex,2371.08,656.36,USD,Y
PRD001487,Electronics Product 1487,Electronics,Basic,Nova,1708.99,1387.52,INR,Y
PRD001488,Grocery Product 1488,Grocery,Basic,Vertex,1858.62,1061.27,GBP,Y
PRD001489,Home Product 1489,Home,Basic,Vertex,529.03,693.14,INR,Y
PRD001490,Sports Product 1490,Sports,Basic,Zenith,305.28,1057.05,GBP,Y
PRD001491,Home Product 1491,Home,Basic,Orion,2314.12,137.56,GBP,N
PRD001492,Grocery Product 1492,Grocery,Standard,Orion,2474.16,365.99,GBP,Y
PRD001493,Electronics Product 1493,Electronics,Premium,Apex,1048.44,1281.75,GBP,Y
PRD001494,Grocery Product 1494,Grocery,Standard,Nova,2277.57,124.67,USD,Y
PRD001495,Beauty Product 1495,Beauty,Premium,Apex,1499.89,1254.98,INR,Y
PRD001496,Electronics Product 1496,Electronics,Basic,Nova,1987.0,1249.76,GBP,Y
PRD001497,Fashion Product 1497,Fashion,Basic,Zenith,2176.29,1748.85,INR,Y
PRD001498,Beauty Product 1498,Beauty,Standard,Zenith,1949.53,723.33,USD,Y
PRD001499,Home Product 1499,Home,Premium,Apex,1431.89,1067.03,INR,Y
PRD001500,Fashion Product 1500,Fashion,Basic,Zenith,650.79,1534.9,USD,Y
PRD001501,Beauty Product 1501,Beauty,Premium,Apex,563.7,961.82,USD,Y
PRD001502,Sports Product 1502,Sports,Premium,Vertex,2318.48,488.97,INR,Y
PRD001503,Home Product 1503,Home,Basic,Nova,8.49,627.39,GBP,Y
PRD001504,Grocery Product 1504,Grocery,Premium,Zenith,663.78,243.1,GBP,Y
PRD001505,Grocery Product 1505,Grocery,Premium,Nova,2060.71,397.05,USD,Y
PRD001506,Grocery Product 1506,Grocery,Premium,Zenith,1645.01,1562.76,GBP,Y
PRD001507,Sports Product 1507,Sports,Basic,Orion,2364.41,465.45,GBP,N
PRD001508,Beauty Product 1508,Beauty,Premium,Orion,555.49,486.02,GBP,Y
PRD001509,Home Product 1509,Home,Standard,Apex,1825.88,782.72,INR,Y
PRD001510,Electronics Product 1510,Electronics,Standard,Apex,1151.18,1468.63,INR,Y
PRD001511,Beauty Product 1511,Beauty,Standard,Apex,1620.67,40.82,INR,Y
PRD001512,Fashion Product 1512,Fashion,Basic,Zenith,473.68,260.91,USD,Y
PRD001513,Fashion Product 1513,Fashion,Basic,Orion,255.08,949.62,GBP,Y
PRD001514,Beauty Product 1514,Beauty,Premium,Orion,963.06,200.73,INR,Y
PRD001515,Home Product 1515,Home,Premium,Nova,672.8,1689.66,GBP,Y
PRD001516,Electronics Product 1516,Electronics,Premium,Zenith,1841.65,611.09,GBP,Y
PRD001517,Home Product 1517,Home,Premium,Orion,1900.38,1606.63,INR,Y
PRD001518,Grocery Product 1518,Grocery,Standard,Apex,613.3,979.72,USD,Y
PRD001519,Electronics Product 1519,Electronics,Premium,Nova,261.52,536.24,GBP,Y
PRD001520,Home Product 1520,Home,Premium,Apex,64.88,770.56,INR,Y
PRD001521,Sports Product 1521,Sports,Standard,Apex,2304.62,1232.9,GBP,Y
PRD001522,Fashion Product 1522,Fashion,Premium,Nova,565.18,1721.77,USD,Y
PRD001523,Electronics Product 1523,Electronics,Basic,Vertex,300.29,1662.21,INR,Y
PRD001524,Beauty Product 1524,Beauty,Premium,Apex,1074.43,604.71,INR,Y
PRD001525,Home Product 1525,Home,Basic,Vertex,1563.77,518.75,INR,Y
PRD001526,Fashion Product 1526,Fashion,Basic,Vertex,2332.54,1459.86,GBP,Y
PRD001527,Electronics Product 1527,Electronics,Premium,Apex,804.04,704.91,GBP,Y
PRD001528,Electronics Product 1528,Electronics,Premium,Zenith,1071.5,1308.89,INR,Y
PRD001529,Grocery Product 1529,Grocery,Premium,Apex,1920.0,636.64,USD,Y
PRD001530,Fashion Product 1530,Fashion,Basic,Orion,1506.35,1146.98,INR,Y
PRD001531,Fashion Product 1531,Fashion,Standard,Zenith,1245.27,962.19,GBP,Y
PRD001532,Home Product 1532,Home,Standard,Nova,1454.51,761.05,GBP,Y
PRD001533,Sports Product 1533,Sports,Premium,Apex,907.47,368.29,INR,Y
PRD001534,Beauty Product 1534,Beauty,Standard,Apex,2302.66,110.06,USD,Y
PRD001535,Home Product 1535,Home,Standard,Orion,364.63,1536.4,USD,Y
PRD001536,Home Product 1536,Home,Premium,Nova,1868.75,213.67,GBP,Y
PRD001537,Fashion Product 1537,Fashion,Basic,Nova,1741.83,766.2,INR,Y
PRD001538,Sports Product 1538,Sports,Basic,Nova,1194.68,1070.28,INR,Y
PRD001539,Home Product 1539,Home,Standard,Apex,202.09,141.49,GBP,Y
PRD001540,Home Product 1540,Home,Premium,Orion,1860.18,1347.35,GBP,Y
PRD001541,Fashion Product 1541,Fashion,Standard,Vertex,1112.71,1161.79,INR,Y
PRD001542,Electronics Product 1542,Electronics,Premium,Nova,2203.49,60.72,INR,Y
PRD001543,Home Product 1543,Home,Premium,Orion,2082.54,1224.79,USD,Y
PRD001544,Sports Product 1544,Sports,Standard,Zenith,1257.17,1277.71,USD,Y
PRD001545,Grocery Product 1545,Grocery,Premium,Zenith,947.01,1712.08,GBP,Y
PRD001546,Fashion Product 1546,Fashion,Basic,Nova,551.17,333.1,GBP,Y
PRD001547,Beauty Product 1547,Beauty,Premium,Orion,1196.15,1175.9,USD,Y
PRD001548,Home Product 1548,Home,Premium,Vertex,1618.38,352.93,INR,Y
PRD001549,Electronics Product 1549,Electronics,Standard,Zenith,1948.1,605.84,INR,Y
PRD001550,Home Product 1550,Home,Basic,Nova,167.97,1076.01,USD,Y
PRD001551,Beauty Product 1551,Beauty,Premium,Nova,604.64,155.82,GBP,N
PRD001552,Electronics Product 1552,Electronics,Basic,Orion,118.97,568.3,USD,Y
PRD001553,Grocery Product 1553,Grocery,Standard,Orion,1253.04,568.11,USD,Y
PRD001554,Home Product 1554,Home,Basic,Nova,831.64,1614.03,GBP,Y
PRD001555,Beauty Product 1555,Beauty,Premium,Nova,1470.0,689.65,GBP,Y
PRD001556,Grocery Product 1556,Grocery,Premium,Apex,1707.52,144.52,GBP,Y
PRD001557,Sports Product 1557,Sports,Premium,Apex,2019.65,1178.63,GBP,Y
PRD001558,Beauty Product 1558,Beauty,Basic,Zenith,1630.23,1674.62,USD,Y
PRD001559,Home Product 1559,Home,Standard,Vertex,903.99,1541.15,USD,Y
PRD001560,Sports Product 1560,Sports,Basic,Orion,601.58,1794.63,GBP,Y
PRD001561,Home Product 1561,Home,Basic,Orion,248.03,29.85,USD,Y
PRD001562,Electronics Product 1562,Electronics,Standard,Nova,1139.75,307.98,USD,Y
PRD001563,Electronics Product 1563,Electronics,Standard,Zenith,911.5,163.34,INR,Y
PRD001564,Grocery Product 1564,Grocery,Standard,Vertex,1909.05,797.36,INR,Y
PRD001565,Beauty Product 1565,Beauty,Standard,Nova,911.86,518.07,USD,N
PRD001566,Sports Product 1566,Sports,Premium,Orion,920.0,1521.17,USD,Y
PRD001567,Electronics Product 1567,Electronics,Basic,Orion,1267.33,475.3,GBP,Y
PRD001568,Beauty Product 1568,Beauty,Basic,Nova,1853.9,442.94,GBP,Y
PRD001569,Home Product 1569,Home,Premium,Vertex,942.68,1027.53,INR,Y
PRD001570,Fashion Product 1570,Fashion,Standard,Nova,875.6,844.87,GBP,Y
PRD001571,Electronics Product 1571,Electronics,Premium,Apex,1830.79,1651.68,USD,Y
PRD001572,Home Product 1572,Home,Standard,Vertex,165.86,618.34,GBP,Y
PRD001573,Home Product 1573,Home,Basic,Orion,290.24,819.88,GBP,Y
PRD001574,Fashion Product 1574,Fashion,Premium,Apex,803.87,59.29,GBP,Y
PRD001575,Electronics Product 1575,Electronics,Standard,Orion,2446.51,386.52,INR,Y
PRD001576,Sports Product 1576,Sports,Standard,Vertex,633.92,319.46,INR,Y
PRD001577,Grocery Product 1577,Grocery,Standard,Nova,749.35,1282.84,USD,Y
PRD001578,Home Product 1578,Home,Basic,Vertex,464.28,99.57,USD,Y
PRD001579,Grocery Product 1579,Grocery,Premium,Apex,876.44,756.12,USD,Y
PRD001580,Sports Product 1580,Sports,Premium,Orion,889.96,1248.14,USD,Y
PRD001581,Beauty Product 1581,Beauty,Basic,Apex,199.13,1203.33,GBP,Y
PRD001582,Grocery Product 1582,Grocery,Basic,Vertex,40.4,1614.01,INR,Y
PRD001583,Grocery Product 1583,Grocery,Premium,Orion,660.69,1300.95,USD,Y
PRD001584,Sports Product 1584,Sports,Standard,Zenith,248.13,395.87,INR,Y
PRD001585,Sports Product 1585,Sports,Basic,Apex,1504.35,391.4,INR,Y
PRD001586,Sports Product 1586,Sports,Basic,Nova,928.79,656.74,USD,Y
PRD001587,Beauty Product 1587,Beauty,Premium,Orion,1624.03,822.43,USD,Y
PRD001588,Grocery Product 1588,Grocery,Basic,Orion,1310.31,1377.85,INR,Y
PRD001589,Fashion Product 1589,Fashion,Standard,Vertex,446.35,1072.02,GBP,Y
PRD001590,Fashion Product 1590,Fashion,Standard,Orion,1587.1,1264.66,INR,Y
PRD001591,Electronics Product 1591,Electronics,Premium,Nova,1542.57,742.07,USD,N
PRD001592,Beauty Product 1592,Beauty,Premium,Orion,1260.89,1451.15,GBP,Y
PRD001593,Fashion Product 1593,Fashion,Premium,Apex,1943.32,994.2,INR,Y
PRD001594,Fashion Product 1594,Fashion,Premium,Vertex,2419.2,1645.51,USD,Y
PRD001595,Electronics Product 1595,Electronics,Standard,Apex,1271.36,483.89,GBP,Y
PRD001596,Grocery Product 1596,Grocery,Standard,Apex,15.37,1636.58,INR,Y
PRD001597,Electronics Product 1597,Electronics,Premium,Vertex,2102.72,935.58,GBP,N
PRD001598,Grocery Product 1598,Grocery,Standard,Apex,2398.11,1787.11,INR,Y
PRD001599,Fashion Product 1599,Fashion,Premium,Zenith,1612.86,1491.9,GBP,Y
PRD001600,Home Product 1600,Home,Basic,Orion,2443.5,315.17,USD,Y
PRD001601,Home Product 1601,Home,Standard,Apex,253.45,1442.71,GBP,Y
PRD001602,Sports Product 1602,Sports,Basic,Orion,2108.36,1130.29,USD,Y
PRD001603,Home Product 1603,Home,Standard,Apex,237.67,49.08,INR,N
PRD001604,Home Product 1604,Home,Premium,Zenith,1770.4,1657.31,INR,N
PRD001605,Fashion Product 1605,Fashion,Premium,Apex,2458.62,1143.13,USD,Y
PRD001606,Home Product 1606,Home,Basic,Apex,745.82,965.14,INR,Y
PRD001607,Grocery Product 1607,Grocery,Basic,Nova,691.04,1683.15,GBP,Y
PRD001608,Sports Product 1608,Sports,Basic,Nova,281.77,1669.18,INR,Y
PRD001609,Home Product 1609,Home,Standard,Vertex,2237.04,169.72,USD,Y
PRD001610,Home Product 1610,Home,Standard,Nova,1230.14,42.46,INR,Y
PRD001611,Sports Product 1611,Sports,Premium,Apex,1719.9,677.33,USD,Y
PRD001612,Home Product 1612,Home,Premium,Vertex,30.3,324.08,GBP,N
PRD001613,Electronics Product 1613,Electronics,Premium,Vertex,2484.38,872.59,GBP,N
PRD001614,Beauty Product 1614,Beauty,Premium,Apex,1306.76,460.34,INR,Y
PRD001615,Beauty Product 1615,Beauty,Premium,Zenith,62.48,922.61,INR,Y
PRD001616,Grocery Product 1616,Grocery,Premium,Apex,78.6,252.0,INR,Y
PRD001617,Grocery Product 1617,Grocery,Standard,Orion,502.1,168.27,GBP,Y
PRD001618,Sports Product 1618,Sports,Standard,Orion,1864.26,893.96,GBP,Y
PRD001619,Home Product 1619,Home,Standard,Apex,498.7,1523.33,GBP,Y
PRD001620,Fashion Product 1620,Fashion,Premium,Zenith,1983.92,1058.88,INR,Y
PRD001621,Sports Product 1621,Sports,Standard,Orion,2207.73,764.46,GBP,Y
PRD001622,Grocery Product 1622,Grocery,Basic,Nova,1520.2,774.48,GBP,Y
PRD001623,Grocery Product 1623,Grocery,Basic,Nova,1126.26,1601.34,GBP,Y
PRD001624,Beauty Product 1624,Beauty,Standard,Vertex,1511.69,1579.42,GBP,Y
PRD001625,Fashion Product 1625,Fashion,Premium,Nova,453.86,582.86,INR,Y
PRD001626,Home Product 1626,Home,Premium,Apex,1644.1,671.42,USD,Y
PRD001627,Electronics Product 1627,Electronics,Standard,Nova,1793.42,387.15,GBP,Y
PRD001628,Home Product 1628,Home,Basic,Nova,967.05,1084.44,GBP,Y
PRD001629,Electronics Product 1629,Electronics,Basic,Vertex,1792.08,1703.45,GBP,Y
PRD001630,Beauty Product 1630,Beauty,Basic,Orion,1706.92,785.06,USD,Y
PRD001631,Home Product 1631,Home,Premium,Orion,1249.13,1782.5,USD,Y
PRD001632,Electronics Product 1632,Electronics,Standard,Apex,1505.57,1065.33,INR,N
PRD001633,Electronics Product 1633,Electronics,Standard,Nova,1610.95,1541.42,INR,Y
PRD001634,Grocery Product 1634,Grocery,Premium,Orion,97.34,961.64,GBP,Y
PRD001635,Grocery Product 1635,Grocery,Basic,Nova,178.29,173.93,USD,Y
PRD001636,Grocery Product 1636,Grocery,Standard,Vertex,1003.86,1002.94,USD,Y
PRD001637,Beauty Product 1637,Beauty,Premium,Orion,749.62,1771.19,USD,Y
PRD001638,Grocery Product 1638,Grocery,Basic,Nova,78.07,88.96,INR,Y
PRD001639,Electronics Product 1639,Electronics,Standard,Orion,569.72,161.17,GBP,Y
PRD001640,Beauty Product 1640,Beauty,Premium,Nova,652.92,1413.54,INR,Y
PRD001641,Grocery Product 1641,Grocery,Premium,Vertex,826.68,1104.11,USD,Y
PRD001642,Sports Product 1642,Sports,Premium,Apex,1460.72,218.46,USD,Y
PRD001643,Beauty Product 1643,Beauty,Standard,Orion,1672.25,940.61,INR,N
PRD001644,Fashion Product 1644,Fashion,Basic,Orion,2440.99,581.47,GBP,Y
PRD001645,Home Product 1645,Home,Premium,Vertex,1916.67,1281.35,USD,Y
PRD001646,Home Product 1646,Home,Basic,Apex,1738.94,138.03,USD,Y
PRD001647,Home Product 1647,Home,Premium,Apex,1173.04,694.95,USD,Y
PRD001648,Grocery Product 1648,Grocery,Premium,Zenith,1905.2,926.53,USD,Y
PRD001649,Sports Product 1649,Sports,Standard,Apex,2120.28,192.87,INR,Y
PRD001650,Grocery Product 1650,Grocery,Standard,Orion,2170.31,925.69,USD,Y
PRD001651,Electronics Product 1651,Electronics,Standard,Orion,414.67,554.94,GBP,Y
PRD001652,Home Product 1652,Home,Standard,Nova,1863.84,435.29,USD,Y
PRD001653,Grocery Product 1653,Grocery,Premium,Orion,1656.4,816.4,USD,Y
PRD001654,Beauty Product 1654,Beauty,Premium,Vertex,1081.53,273.66,GBP,Y
PRD001655,Beauty Product 1655,Beauty,Standard,Nova,1106.14,667.5,INR,Y
PRD001656,Sports Product 1656,Sports,Standard,Apex,738.54,726.64,GBP,Y
PRD001657,Beauty Product 1657,Beauty,Basic,Orion,1298.95,199.2,INR,Y
PRD001658,Electronics Product 1658,Electronics,Premium,Nova,137.58,67.13,USD,Y
PRD001659,Electronics Product 1659,Electronics,Basic,Nova,692.27,1589.03,GBP,Y
PRD001660,Fashion Product 1660,Fashion,Standard,Nova,553.62,1483.85,GBP,Y
PRD001661,Fashion Product 1661,Fashion,Premium,Apex,1965.39,627.7,USD,N
PRD001662,Grocery Product 1662,Grocery,Basic,Nova,240.14,907.32,GBP,N
PRD001663,Fashion Product 1663,Fashion,Basic,Vertex,2132.15,1239.22,INR,Y
PRD001664,Sports Product 1664,Sports,Premium,Apex,472.42,1620.06,INR,Y
PRD001665,Sports Product 1665,Sports,Standard,Orion,838.47,321.99,USD,Y
PRD001666,Home Product 1666,Home,Basic,Nova,1487.04,1745.27,GBP,Y
PRD001667,Fashion Product 1667,Fashion,Premium,Orion,277.92,1474.61,GBP,Y
PRD001668,Home Product 1668,Home,Basic,Zenith,422.43,266.41,INR,Y
PRD001669,Grocery Product 1669,Grocery,Basic,Vertex,1134.28,1323.46,GBP,Y
PRD001670,Sports Product 1670,Sports,Standard,Vertex,913.9,27.37,USD,Y
PRD001671,Sports Product 1671,Sports,Standard,Zenith,1937.44,1542.95,GBP,Y
PRD001672,Electronics Product 1672,Electronics,Standard,Zenith,1821.9,40.25,USD,Y
PRD001673,Sports Product 1673,Sports,Premium,Vertex,1247.09,442.13,GBP,Y
PRD001674,Grocery Product 1674,Grocery,Premium,Nova,488.64,1718.8,GBP,Y
PRD001675,Grocery Product 1675,Grocery,Basic,Zenith,2248.56,810.34,GBP,Y
PRD001676,Grocery Product 1676,Grocery,Basic,Vertex,2220.55,705.67,USD,Y
PRD001677,Grocery Product 1677,Grocery,Premium,Nova,1450.89,1264.2,GBP,Y
PRD001678,Fashion Product 1678,Fashion,Standard,Zenith,2420.54,1426.84,USD,Y
PRD001679,Electronics Product 1679,Electronics,Standard,Apex,1168.46,272.96,USD,N
PRD001680,Beauty Product 1680,Beauty,Basic,Apex,762.6,521.0,USD,Y
PRD001681,Fashion Product 1681,Fashion,Premium,Apex,711.13,1068.75,INR,Y
PRD001682,Grocery Product 1682,Grocery,Premium,Orion,883.88,1501.9,INR,Y
PRD001683,Home Product 1683,Home,Standard,Vertex,1964.23,905.08,GBP,Y
PRD001684,Electronics Product 1684,Electronics,Basic,Vertex,360.9,1320.3,USD,N
PRD001685,Electronics Product 1685,Electronics,Standard,Apex,85.18,1679.48,INR,Y
PRD001686,Fashion Product 1686,Fashion,Standard,Nova,2233.12,1656.59,GBP,Y
PRD001687,Home Product 1687,Home,Basic,Orion,1698.91,582.5,GBP,Y
PRD001688,Sports Product 1688,Sports,Premium,Vertex,343.55,999.05,USD,Y
PRD001689,Electronics Product 1689,Electronics,Standard,Zenith,2318.16,831.69,INR,Y
PRD001690,Fashion Product 1690,Fashion,Premium,Apex,1318.8,1250.36,GBP,Y
PRD001691,Fashion Product 1691,Fashion,Standard,Orion,1169.05,1730.72,USD,Y
PRD001692,Beauty Product 1692,Beauty,Premium,Orion,225.63,255.63,USD,Y
PRD001693,Beauty Product 1693,Beauty,Basic,Vertex,322.55,979.26,GBP,Y
PRD001694,Electronics Product 1694,Electronics,Standard,Apex,1010.34,13.7,GBP,Y
PRD001695,Electronics Product 1695,Electronics,Premium,Nova,679.09,1775.15,INR,Y
PRD001696,Beauty Product 1696,Beauty,Premium,Vertex,1415.78,1244.0,INR,Y
PRD001697,Sports Product 1697,Sports,Basic,Zenith,1849.71,98.28,INR,Y
PRD001698,Home Product 1698,Home,Basic,Orion,345.32,1611.41,GBP,Y
PRD001699,Grocery Product 1699,Grocery,Basic,Vertex,1799.26,1685.95,USD,N
PRD001700,Sports Product 1700,Sports,Premium,Nova,172.52,277.98,INR,Y
PRD001701,Electronics Product 1701,Electronics,Premium,Apex,263.5,47.31,GBP,Y
PRD001702,Fashion Product 1702,Fashion,Premium,Nova,753.31,872.24,INR,Y
PRD001703,Beauty Product 1703,Beauty,Standard,Zenith,1704.89,1547.19,GBP,Y
PRD001704,Fashion Product 1704,Fashion,Premium,Nova,466.1,1473.93,GBP,Y
PRD001705,Home Product 1705,Home,Basic,Zenith,504.88,866.4,USD,Y
PRD001706,Beauty Product 1706,Beauty,Standard,Vertex,1670.91,705.97,GBP,Y
PRD001707,Fashion Product 1707,Fashion,Standard,Orion,374.68,512.31,INR,N
PRD001708,Fashion Product 1708,Fashion,Premium,Zenith,760.39,1162.26,GBP,N
PRD001709,Fashion Product 1709,Fashion,Premium,Vertex,2407.18,843.83,GBP,Y
PRD001710,Grocery Product 1710,Grocery,Premium,Apex,897.58,1540.94,GBP,Y
PRD001711,Grocery Product 1711,Grocery,Basic,Zenith,979.61,115.79,GBP,Y
PRD001712,Grocery Product 1712,Grocery,Basic,Zenith,851.53,1288.18,INR,Y
PRD001713,Sports Product 1713,Sports,Standard,Orion,175.18,1511.27,USD,Y
PRD001714,Fashion Product 1714,Fashion,Basic,Apex,1442.22,1669.56,GBP,Y
PRD001715,Grocery Product 1715,Grocery,Premium,Vertex,1474.19,1046.56,GBP,N
PRD001716,Fashion Product 1716,Fashion,Premium,Nova,78.66,1319.98,INR,Y
PRD001717,Sports Product 1717,Sports,Premium,Orion,2335.91,859.11,INR,Y
PRD001718,Electronics Product 1718,Electronics,Premium,Orion,1890.76,757.84,INR,Y
PRD001719,Beauty Product 1719,Beauty,Standard,Nova,98.36,1350.63,USD,Y
PRD001720,Beauty Product 1720,Beauty,Basic,Nova,2309.26,580.12,GBP,Y
PRD001721,Fashion Product 1721,Fashion,Premium,Zenith,1393.39,354.71,USD,Y
PRD001722,Sports Product 1722,Sports,Standard,Apex,506.98,294.27,GBP,Y
PRD001723,Electronics Product 1723,Electronics,Basic,Nova,1574.64,1204.58,INR,Y
PRD001724,Home Product 1724,Home,Premium,Vertex,1937.09,1024.23,INR,Y
PRD001725,Home Product 1725,Home,Basic,Zenith,1242.96,1498.83,GBP,Y
PRD001726,Beauty Product 1726,Beauty,Standard,Vertex,1548.1,1006.98,INR,Y
PRD001727,Fashion Product 1727,Fashion,Standard,Orion,2185.57,1025.77,INR,Y
PRD001728,Grocery Product 1728,Grocery,Premium,Nova,1249.29,95.51,GBP,Y
PRD001729,Electronics Product 1729,Electronics,Premium,Vertex,2306.07,454.73,GBP,Y
PRD001730,Electronics Product 1730,Electronics,Premium,Vertex,191.57,1036.91,GBP,N
PRD001731,Beauty Product 1731,Beauty,Standard,Orion,1548.52,984.06,INR,N
PRD001732,Fashion Product 1732,Fashion,Standard,Nova,85.53,760.27,INR,Y
PRD001733,Electronics Product 1733,Electronics,Premium,Apex,1369.98,1321.77,GBP,Y
PRD001734,Home Product 1734,Home,Standard,Nova,2015.13,1016.25,GBP,Y
PRD001735,Grocery Product 1735,Grocery,Premium,Orion,1497.38,1103.54,INR,Y
PRD001736,Fashion Product 1736,Fashion,Premium,Vertex,1809.71,190.0,USD,Y
PRD001737,Home Product 1737,Home,Basic,Vertex,1081.63,548.24,INR,Y
PRD001738,Electronics Product 1738,Electronics,Premium,Apex,1337.79,1548.95,GBP,Y
PRD001739,Beauty Product 1739,Beauty,Standard,Nova,970.88,680.88,INR,Y
PRD001740,Sports Product 1740,Sports,Standard,Zenith,348.74,790.0,GBP,Y
PRD001741,Grocery Product 1741,Grocery,Premium,Vertex,1094.13,107.09,INR,Y
PRD001742,Beauty Product 1742,Beauty,Premium,Apex,1035.6,1355.37,GBP,N
PRD001743,Electronics Product 1743,Electronics,Premium,Apex,2032.49,140.67,INR,Y
PRD001744,Home Product 1744,Home,Standard,Nova,788.74,1085.54,INR,Y
PRD001745,Home Product 1745,Home,Basic,Orion,1199.36,222.91,INR,Y
PRD001746,Grocery Product 1746,Grocery,Basic,Apex,1239.85,1324.19,USD,Y
PRD001747,Fashion Product 1747,Fashion,Basic,Vertex,2353.86,1405.03,USD,Y
PRD001748,Beauty Product 1748,Beauty,Standard,Vertex,1745.94,907.69,INR,Y
PRD001749,Fashion Product 1749,Fashion,Basic,Zenith,1218.09,143.97,INR,Y
PRD001750,Home Product 1750,Home,Standard,Zenith,530.87,672.18,INR,Y
PRD001751,Home Product 1751,Home,Basic,Orion,1626.52,818.41,INR,Y
PRD001752,Fashion Product 1752,Fashion,Premium,Vertex,698.53,693.37,INR,Y
PRD001753,Grocery Product 1753,Grocery,Basic,Orion,1240.92,1553.4,USD,Y
PRD001754,Electronics Product 1754,Electronics,Premium,Apex,951.42,1188.89,GBP,Y
PRD001755,Sports Product 1755,Sports,Standard,Nova,1356.17,628.0,INR,N
PRD001756,Grocery Product 1756,Grocery,Standard,Zenith,545.28,52.14,GBP,N
PRD001757,Fashion Product 1757,Fashion,Standard,Nova,2019.45,997.27,GBP,Y
PRD001758,Beauty Product 1758,Beauty,Standard,Orion,1433.64,1024.24,GBP,Y
PRD001759,Home Product 1759,Home,Standard,Orion,1865.36,1664.62,INR,Y
PRD001760,Grocery Product 1760,Grocery,Basic,Vertex,218.41,452.13,GBP,Y
PRD001761,Grocery Product 1761,Grocery,Basic,Orion,101.32,495.86,USD,Y
PRD001762,Sports Product 1762,Sports,Basic,Nova,315.14,1024.49,USD,Y
PRD001763,Home Product 1763,Home,Standard,Orion,48.08,18.94,INR,Y
PRD001764,Fashion Product 1764,Fashion,Basic,Zenith,548.52,108.28,INR,Y
PRD001765,Beauty Product 1765,Beauty,Basic,Vertex,2383.47,794.47,USD,Y
PRD001766,Grocery Product 1766,Grocery,Standard,Apex,572.41,316.57,GBP,Y
PRD001767,Home Product 1767,Home,Premium,Nova,464.72,913.57,USD,N
PRD001768,Grocery Product 1768,Grocery,Premium,Zenith,1794.81,112.28,GBP,Y
PRD001769,Grocery Product 1769,Grocery,Premium,Vertex,1353.4,83.39,INR,Y
PRD001770,Electronics Product 1770,Electronics,Premium,Zenith,1112.31,921.33,INR,Y
PRD001771,Grocery Product 1771,Grocery,Basic,Vertex,2073.7,1226.79,INR,Y
PRD001772,Grocery Product 1772,Grocery,Premium,Nova,819.72,1419.33,USD,Y
PRD001773,Sports Product 1773,Sports,Standard,Orion,2356.49,531.43,INR,Y
PRD001774,Grocery Product 1774,Grocery,Premium,Vertex,2326.12,1641.64,INR,Y
PRD001775,Beauty Product 1775,Beauty,Premium,Vertex,1279.44,1406.23,GBP,N
PRD001776,Sports Product 1776,Sports,Standard,Apex,950.21,1050.09,GBP,Y
PRD001777,Fashion Product 1777,Fashion,Basic,Nova,2388.17,1725.65,INR,N
PRD001778,Beauty Product 1778,Beauty,Basic,Zenith,1836.21,971.52,INR,Y
PRD001779,Electronics Product 1779,Electronics,Basic,Orion,1649.7,938.04,USD,Y
PRD001780,Home Product 1780,Home,Basic,Vertex,2278.12,593.65,USD,Y
PRD001781,Fashion Product 1781,Fashion,Standard,Nova,1734.22,802.68,USD,Y
PRD001782,Electronics Product 1782,Electronics,Standard,Zenith,1266.58,1646.6,GBP,Y
PRD001783,Beauty Product 1783,Beauty,Premium,Orion,1966.83,415.88,INR,Y
PRD001784,Home Product 1784,Home,Standard,Zenith,1666.43,1091.17,USD,Y
PRD001785,Grocery Product 1785,Grocery,Premium,Nova,1024.21,910.53,INR,N
PRD001786,Fashion Product 1786,Fashion,Basic,Apex,2250.18,1577.9,INR,Y
PRD001787,Electronics Product 1787,Electronics,Standard,Vertex,1914.95,1281.35,USD,Y
PRD001788,Home Product 1788,Home,Premium,Orion,64.71,302.98,INR,Y
PRD001789,Beauty Product 1789,Beauty,Basic,Orion,2261.13,639.8,USD,Y
PRD001790,Home Product 1790,Home,Basic,Vertex,301.98,1615.68,USD,N
PRD001791,Beauty Product 1791,Beauty,Basic,Nova,2485.36,84.29,GBP,Y
PRD001792,Fashion Product 1792,Fashion,Standard,Orion,1853.04,785.94,USD,Y
PRD001793,Sports Product 1793,Sports,Premium,Zenith,2291.27,1686.11,INR,Y
PRD001794,Electronics Product 1794,Electronics,Basic,Zenith,927.84,1169.98,USD,Y
PRD001795,Fashion Product 1795,Fashion,Premium,Zenith,1807.72,504.9,INR,Y
PRD001796,Grocery Product 1796,Grocery,Standard,Vertex,125.48,933.27,GBP,N
PRD001797,Beauty Product 1797,Beauty,Standard,Vertex,810.39,575.49,INR,Y
PRD001798,Electronics Product 1798,Electronics,Basic,Apex,1079.19,503.03,GBP,Y
PRD001799,Electronics Product 1799,Electronics,Standard,Vertex,418.15,520.25,USD,Y
PRD001800,Home Product 1800,Home,Premium,Vertex,2348.32,469.19,GBP,Y
PRD001801,Home Product 1801,Home,Basic,Vertex,356.8,374.7,GBP,Y
PRD001802,Electronics Product 1802,Electronics,Basic,Nova,2399.84,973.07,INR,Y
PRD001803,Fashion Product 1803,Fashion,Premium,Vertex,511.84,1695.43,GBP,Y
PRD001804,Sports Product 1804,Sports,Standard,Zenith,319.82,818.57,INR,Y
PRD001805,Fashion Product 1805,Fashion,Standard,Orion,661.33,1556.51,USD,Y
PRD001806,Grocery Product 1806,Grocery,Premium,Apex,1819.77,590.83,GBP,Y
PRD001807,Grocery Product 1807,Grocery,Standard,Zenith,1681.84,136.14,GBP,Y
PRD001808,Electronics Product 1808,Electronics,Standard,Nova,2331.26,1430.17,USD,Y
PRD001809,Beauty Product 1809,Beauty,Basic,Nova,2373.21,1130.23,INR,Y
PRD001810,Beauty Product 1810,Beauty,Standard,Apex,1685.0,479.72,INR,Y
PRD001811,Home Product 1811,Home,Basic,Orion,710.09,359.84,INR,Y
PRD001812,Sports Product 1812,Sports,Basic,Apex,12.98,123.87,GBP,N
PRD001813,Home Product 1813,Home,Basic,Apex,101.84,1239.3,GBP,Y
PRD001814,Sports Product 1814,Sports,Basic,Apex,1596.1,873.17,GBP,Y
PRD001815,Grocery Product 1815,Grocery,Premium,Vertex,1671.6,883.93,GBP,Y
PRD001816,Beauty Product 1816,Beauty,Standard,Zenith,1204.99,176.47,INR,Y
PRD001817,Fashion Product 1817,Fashion,Standard,Vertex,622.25,766.48,INR,Y
PRD001818,Grocery Product 1818,Grocery,Basic,Nova,872.21,718.37,INR,Y
PRD001819,Fashion Product 1819,Fashion,Basic,Orion,1719.62,55.05,USD,Y
PRD001820,Home Product 1820,Home,Standard,Nova,1407.83,583.78,GBP,Y
PRD001821,Fashion Product 1821,Fashion,Standard,Orion,1065.87,471.48,INR,Y
PRD001822,Fashion Product 1822,Fashion,Basic,Apex,852.9,1473.89,USD,Y
PRD001823,Fashion Product 1823,Fashion,Premium,Zenith,2189.68,966.22,GBP,Y
PRD001824,Beauty Product 1824,Beauty,Basic,Vertex,327.39,972.96,GBP,Y
PRD001825,Fashion Product 1825,Fashion,Premium,Vertex,2281.01,1381.02,GBP,Y
PRD001826,Sports Product 1826,Sports,Premium,Zenith,530.11,965.24,INR,Y
PRD001827,Fashion Product 1827,Fashion,Basic,Apex,729.02,293.04,USD,Y
PRD001828,Fashion Product 1828,Fashion,Premium,Zenith,1834.67,1692.2,INR,Y
PRD001829,Beauty Product 1829,Beauty,Premium,Zenith,997.85,874.37,INR,Y
PRD001830,Grocery Product 1830,Grocery,Premium,Apex,1580.73,1239.46,INR,Y
PRD001831,Sports Product 1831,Sports,Premium,Orion,1639.91,238.75,GBP,Y
PRD001832,Electronics Product 1832,Electronics,Premium,Nova,1263.75,1267.17,GBP,Y
PRD001833,Electronics Product 1833,Electronics,Premium,Zenith,1514.16,275.87,GBP,N
PRD001834,Fashion Product 1834,Fashion,Premium,Zenith,2148.96,1413.23,USD,Y
PRD001835,Sports Product 1835,Sports,Premium,Vertex,688.75,367.19,USD,N
PRD001836,Fashion Product 1836,Fashion,Standard,Vertex,1076.69,402.39,USD,Y
PRD001837,Grocery Product 1837,Grocery,Standard,Vertex,2269.63,961.17,INR,Y
PRD001838,Electronics Product 1838,Electronics,Standard,Orion,2378.89,1373.57,GBP,Y
PRD001839,Fashion Product 1839,Fashion,Premium,Zenith,2438.1,717.04,INR,Y
PRD001840,Grocery Product 1840,Grocery,Standard,Zenith,276.83,561.17,INR,Y
PRD001841,Electronics Product 1841,Electronics,Basic,Apex,523.17,1695.94,GBP,Y
PRD001842,Electronics Product 1842,Electronics,Premium,Orion,1543.14,853.91,GBP,N
PRD001843,Home Product 1843,Home,Premium,Orion,633.8,562.68,USD,Y
PRD001844,Electronics Product 1844,Electronics,Standard,Zenith,1498.83,1568.96,USD,Y
PRD001845,Beauty Product 1845,Beauty,Standard,Zenith,1252.04,1727.18,INR,Y
PRD001846,Fashion Product 1846,Fashion,Basic,Orion,1288.51,1546.0,GBP,Y
PRD001847,Electronics Product 1847,Electronics,Standard,Nova,942.34,1363.13,INR,Y
PRD001848,Sports Product 1848,Sports,Premium,Apex,497.43,1565.94,INR,Y
PRD001849,Fashion Product 1849,Fashion,Standard,Apex,1567.28,945.69,INR,Y
PRD001850,Fashion Product 1850,Fashion,Standard,Nova,745.39,785.56,USD,Y
PRD001851,Beauty Product 1851,Beauty,Standard,Zenith,2224.42,1016.17,INR,Y
PRD001852,Grocery Product 1852,Grocery,Basic,Apex,2008.02,1713.74,USD,Y
PRD001853,Beauty Product 1853,Beauty,Standard,Orion,1159.89,1685.36,GBP,Y
PRD001854,Home Product 1854,Home,Basic,Orion,29.5,751.1,INR,Y
PRD001855,Electronics Product 1855,Electronics,Premium,Vertex,1755.15,361.08,INR,Y
PRD001856,Fashion Product 1856,Fashion,Standard,Nova,157.46,845.24,INR,Y
PRD001857,Grocery Product 1857,Grocery,Basic,Zenith,2208.94,622.89,INR,Y
PRD001858,Grocery Product 1858,Grocery,Standard,Orion,1463.25,552.43,GBP,Y
PRD001859,Grocery Product 1859,Grocery,Basic,Zenith,1605.79,367.05,GBP,Y
PRD001860,Electronics Product 1860,Electronics,Basic,Apex,703.56,475.5,INR,Y
PRD001861,Beauty Product 1861,Beauty,Basic,Orion,828.75,1390.25,GBP,N
PRD001862,Grocery Product 1862,Grocery,Basic,Zenith,1672.9,853.71,INR,Y
PRD001863,Home Product 1863,Home,Premium,Nova,2324.22,1108.02,INR,Y
PRD001864,Fashion Product 1864,Fashion,Premium,Vertex,199.08,1745.81,INR,Y
PRD001865,Fashion Product 1865,Fashion,Standard,Orion,821.09,902.17,INR,Y
PRD001866,Beauty Product 1866,Beauty,Standard,Orion,1935.93,1272.12,USD,Y
PRD001867,Beauty Product 1867,Beauty,Standard,Zenith,200.11,1090.87,INR,Y
PRD001868,Sports Product 1868,Sports,Standard,Apex,2100.49,1010.19,USD,Y
PRD001869,Sports Product 1869,Sports,Premium,Zenith,2249.91,1174.81,INR,Y
PRD001870,Grocery Product 1870,Grocery,Standard,Vertex,1822.59,387.16,GBP,Y
PRD001871,Fashion Product 1871,Fashion,Standard,Apex,2333.32,1791.8,INR,Y
PRD001872,Grocery Product 1872,Grocery,Basic,Apex,19.01,560.77,INR,Y
PRD001873,Grocery Product 1873,Grocery,Basic,Nova,1518.9,63.25,USD,Y
PRD001874,Fashion Product 1874,Fashion,Premium,Vertex,689.06,105.84,GBP,Y
PRD001875,Sports Product 1875,Sports,Standard,Zenith,1582.44,884.07,USD,Y
PRD001876,Electronics Product 1876,Electronics,Premium,Vertex,76.95,1609.99,INR,Y
PRD001877,Home Product 1877,Home,Premium,Orion,2085.99,217.61,USD,Y
PRD001878,Grocery Product 1878,Grocery,Premium,Zenith,697.31,1535.08,GBP,N
PRD001879,Sports Product 1879,Sports,Premium,Vertex,2094.0,1527.27,USD,Y
PRD001880,Beauty Product 1880,Beauty,Basic,Vertex,1293.27,1693.16,USD,Y
PRD001881,Sports Product 1881,Sports,Basic,Nova,167.06,1485.61,GBP,Y
PRD001882,Sports Product 1882,Sports,Standard,Nova,435.6,82.98,GBP,Y
PRD001883,Sports Product 1883,Sports,Basic,Orion,436.56,1345.05,INR,Y
PRD001884,Grocery Product 1884,Grocery,Basic,Vertex,298.7,840.86,GBP,Y
PRD001885,Beauty Product 1885,Beauty,Standard,Nova,295.07,165.74,GBP,Y
PRD001886,Home Product 1886,Home,Standard,Zenith,1568.43,39.13,INR,Y
PRD001887,Home Product 1887,Home,Basic,Vertex,1153.57,1579.33,INR,Y
PRD001888,Sports Product 1888,Sports,Basic,Apex,1869.78,1329.38,USD,Y
PRD001889,Fashion Product 1889,Fashion,Basic,Vertex,449.12,255.35,USD,Y
PRD001890,Home Product 1890,Home,Premium,Vertex,2209.5,321.27,USD,Y
PRD001891,Sports Product 1891,Sports,Standard,Vertex,235.57,641.21,USD,Y
PRD001892,Sports Product 1892,Sports,Basic,Orion,2074.6,1237.61,INR,Y
PRD001893,Beauty Product 1893,Beauty,Standard,Apex,1347.18,381.56,GBP,Y
PRD001894,Grocery Product 1894,Grocery,Basic,Vertex,522.58,1260.28,GBP,Y
PRD001895,Sports Product 1895,Sports,Standard,Nova,1285.61,381.67,INR,Y
PRD001896,Grocery Product 1896,Grocery,Premium,Nova,1294.99,1137.11,USD,Y
PRD001897,Fashion Product 1897,Fashion,Basic,Vertex,933.85,682.1,GBP,Y
PRD001898,Grocery Product 1898,Grocery,Basic,Nova,1575.53,1565.18,INR,Y
PRD001899,Fashion Product 1899,Fashion,Standard,Vertex,845.0,1625.65,INR,Y
PRD001900,Grocery Product 1900,Grocery,Premium,Orion,1369.21,1354.43,USD,N
PRD001901,Fashion Product 1901,Fashion,Basic,Zenith,1737.77,1316.53,USD,Y
PRD001902,Grocery Product 1902,Grocery,Basic,Vertex,1504.35,870.16,USD,Y
PRD001903,Electronics Product 1903,Electronics,Premium,Zenith,274.1,768.33,USD,N
PRD001904,Fashion Product 1904,Fashion,Basic,Nova,414.24,301.99,USD,N
PRD001905,Sports Product 1905,Sports,Basic,Apex,2378.98,1023.67,INR,Y
PRD001906,Sports Product 1906,Sports,Standard,Nova,2425.96,558.76,INR,Y
PRD001907,Fashion Product 1907,Fashion,Standard,Apex,1154.17,1186.52,INR,Y
PRD001908,Grocery Product 1908,Grocery,Standard,Nova,465.56,1544.4,USD,Y
PRD001909,Sports Product 1909,Sports,Premium,Apex,1713.36,1522.67,USD,Y
PRD001910,Fashion Product 1910,Fashion,Premium,Vertex,254.28,991.04,USD,Y
PRD001911,Fashion Product 1911,Fashion,Basic,Orion,2079.21,1272.08,INR,Y
PRD001912,Home Product 1912,Home,Standard,Apex,1002.71,590.82,USD,Y
PRD001913,Beauty Product 1913,Beauty,Standard,Zenith,183.78,880.49,GBP,N
PRD001914,Electronics Product 1914,Electronics,Premium,Zenith,449.51,425.58,USD,Y
PRD001915,Beauty Product 1915,Beauty,Premium,Zenith,1499.93,718.53,INR,Y
PRD001916,Home Product 1916,Home,Standard,Apex,115.4,545.58,INR,Y
PRD001917,Fashion Product 1917,Fashion,Basic,Apex,1067.15,515.08,USD,Y
PRD001918,Electronics Product 1918,Electronics,Standard,Orion,452.9,718.59,GBP,Y
PRD001919,Fashion Product 1919,Fashion,Premium,Vertex,1716.73,185.22,USD,Y
PRD001920,Home Product 1920,Home,Standard,Apex,1438.83,693.03,USD,Y
PRD001921,Fashion Product 1921,Fashion,Basic,Orion,1059.03,100.96,USD,Y
PRD001922,Sports Product 1922,Sports,Basic,Nova,1511.07,1444.95,USD,Y
PRD001923,Grocery Product 1923,Grocery,Standard,Vertex,2111.2,1749.27,INR,Y
PRD001924,Fashion Product 1924,Fashion,Basic,Orion,2176.43,146.78,INR,Y
PRD001925,Sports Product 1925,Sports,Basic,Vertex,498.04,1463.66,GBP,Y
PRD001926,Fashion Product 1926,Fashion,Premium,Orion,707.88,221.43,USD,Y
PRD001927,Grocery Product 1927,Grocery,Premium,Zenith,1717.54,456.43,USD,Y
PRD001928,Electronics Product 1928,Electronics,Basic,Vertex,450.93,644.32,INR,Y
PRD001929,Grocery Product 1929,Grocery,Standard,Nova,1491.47,644.97,INR,Y
PRD001930,Sports Product 1930,Sports,Standard,Apex,442.21,964.37,INR,Y
PRD001931,Sports Product 1931,Sports,Standard,Orion,2232.33,623.66,USD,N
PRD001932,Home Product 1932,Home,Basic,Zenith,1424.83,76.03,USD,Y
PRD001933,Electronics Product 1933,Electronics,Premium,Zenith,2442.22,1149.15,INR,Y
PRD001934,Beauty Product 1934,Beauty,Basic,Nova,847.74,1147.22,USD,Y
PRD001935,Fashion Product 1935,Fashion,Premium,Apex,2376.15,464.57,GBP,Y
PRD001936,Fashion Product 1936,Fashion,Premium,Apex,1429.38,1790.87,GBP,Y
PRD001937,Beauty Product 1937,Beauty,Premium,Nova,938.72,852.83,USD,Y
PRD001938,Sports Product 1938,Sports,Basic,Apex,695.75,1209.58,GBP,Y
PRD001939,Home Product 1939,Home,Basic,Vertex,685.34,734.71,INR,Y
PRD001940,Sports Product 1940,Sports,Premium,Vertex,671.3,1079.55,GBP,Y
PRD001941,Electronics Product 1941,Electronics,Premium,Apex,50.09,586.32,INR,N
PRD001942,Grocery Product 1942,Grocery,Basic,Zenith,2068.3,1059.48,GBP,N
PRD001943,Grocery Product 1943,Grocery,Basic,Orion,1191.63,1005.11,USD,Y
PRD001944,Grocery Product 1944,Grocery,Standard,Orion,383.69,1538.28,USD,Y
PRD001945,Beauty Product 1945,Beauty,Basic,Apex,1684.1,462.48,INR,N
PRD001946,Electronics Product 1946,Electronics,Basic,Orion,1405.51,623.5,INR,Y
PRD001947,Grocery Product 1947,Grocery,Standard,Vertex,1878.39,814.34,USD,Y
PRD001948,Home Product 1948,Home,Basic,Zenith,421.0,634.87,USD,Y
PRD001949,Electronics Product 1949,Electronics,Standard,Zenith,1861.41,1781.46,USD,Y
PRD001950,Home Product 1950,Home,Standard,Zenith,2372.3,224.92,USD,Y
PRD001951,Home Product 1951,Home,Premium,Zenith,726.93,1557.21,GBP,Y
PRD001952,Beauty Product 1952,Beauty,Standard,Vertex,1879.45,754.47,GBP,Y
PRD001953,Grocery Product 1953,Grocery,Standard,Nova,1662.27,1237.26,GBP,Y
PRD001954,Beauty Product 1954,Beauty,Basic,Zenith,983.47,1546.72,USD,Y
PRD001955,Grocery Product 1955,Grocery,Standard,Apex,2310.16,322.2,USD,Y
PRD001956,Beauty Product 1956,Beauty,Standard,Orion,1642.2,1230.98,INR,Y
PRD001957,Beauty Product 1957,Beauty,Basic,Orion,2435.75,740.3,GBP,Y
PRD001958,Beauty Product 1958,Beauty,Premium,Apex,1526.22,907.54,INR,N
PRD001959,Beauty Product 1959,Beauty,Basic,Orion,2364.0,587.06,INR,Y
PRD001960,Beauty Product 1960,Beauty,Basic,Orion,1712.49,1713.47,INR,N
PRD001961,Sports Product 1961,Sports,Standard,Zenith,1280.78,349.88,INR,Y
PRD001962,Grocery Product 1962,Grocery,Basic,Apex,442.15,1687.04,INR,Y
PRD001963,Home Product 1963,Home,Standard,Nova,2236.64,374.99,USD,Y
PRD001964,Home Product 1964,Home,Basic,Zenith,1111.91,437.66,INR,Y
PRD001965,Beauty Product 1965,Beauty,Basic,Nova,2010.2,1508.66,INR,Y
PRD001966,Fashion Product 1966,Fashion,Basic,Nova,22.17,61.08,GBP,Y
PRD001967,Beauty Product 1967,Beauty,Standard,Orion,180.56,752.51,USD,Y
PRD001968,Electronics Product 1968,Electronics,Basic,Zenith,1619.49,962.9,INR,Y
PRD001969,Fashion Product 1969,Fashion,Basic,Nova,735.94,718.92,GBP,Y
PRD001970,Grocery Product 1970,Grocery,Standard,Zenith,1575.02,793.76,INR,Y
PRD001971,Home Product 1971,Home,Standard,Zenith,1885.18,203.88,INR,Y
PRD001972,Fashion Product 1972,Fashion,Basic,Vertex,359.17,439.79,USD,Y
PRD001973,Grocery Product 1973,Grocery,Premium,Vertex,1606.88,136.1,GBP,Y
PRD001974,Home Product 1974,Home,Standard,Vertex,741.75,802.08,USD,Y
PRD001975,Beauty Product 1975,Beauty,Standard,Zenith,94.18,254.62,GBP,Y
PRD001976,Electronics Product 1976,Electronics,Premium,Vertex,1411.03,1285.7,USD,Y
PRD001977,Beauty Product 1977,Beauty,Basic,Vertex,1190.84,793.43,USD,Y
PRD001978,Sports Product 1978,Sports,Basic,Apex,370.58,528.32,USD,Y
PRD001979,Sports Product 1979,Sports,Premium,Nova,2128.04,1051.06,INR,N
PRD001980,Electronics Product 1980,Electronics,Standard,Vertex,1804.24,1342.59,GBP,Y
PRD001981,Fashion Product 1981,Fashion,Basic,Apex,2431.15,1160.0,GBP,Y
PRD001982,Grocery Product 1982,Grocery,Basic,Vertex,948.06,1667.17,GBP,Y
PRD001983,Beauty Product 1983,Beauty,Standard,Apex,1212.58,685.63,GBP,Y
PRD001984,Grocery Product 1984,Grocery,Premium,Vertex,520.04,272.71,GBP,Y
PRD001985,Sports Product 1985,Sports,Premium,Vertex,1249.48,1026.23,GBP,Y
PRD001986,Sports Product 1986,Sports,Basic,Apex,1854.74,656.32,INR,Y
PRD001987,Sports Product 1987,Sports,Premium,Vertex,1271.0,490.84,GBP,Y
PRD001988,Electronics Product 1988,Electronics,Premium,Orion,1418.92,448.61,USD,Y
PRD001989,Sports Product 1989,Sports,Basic,Apex,574.71,1292.13,INR,Y
PRD001990,Beauty Product 1990,Beauty,Standard,Zenith,697.3,1338.37,GBP,Y
PRD001991,Home Product 1991,Home,Basic,Vertex,156.86,411.97,GBP,N
PRD001992,Fashion Product 1992,Fashion,Standard,Nova,1344.65,1407.2,USD,Y
PRD001993,Home Product 1993,Home,Standard,Nova,1107.54,858.44,INR,Y
PRD001994,Beauty Product 1994,Beauty,Premium,Zenith,1220.64,1026.08,GBP,Y
PRD001995,Electronics Product 1995,Electronics,Basic,Orion,1944.6,353.05,GBP,N
PRD001996,Fashion Product 1996,Fashion,Premium,Vertex,1887.63,1083.63,USD,Y
PRD001997,Grocery Product 1997,Grocery,Basic,Orion,1287.93,1712.73,USD,Y
PRD001998,Beauty Product 1998,Beauty,Premium,Vertex,691.84,1011.59,USD,Y
PRD001999,Electronics Product 1999,Electronics,Premium,Orion,21.26,1608.38,GBP,Y
PRD002000,Fashion Product 2000,Fashion,Premium,Apex,168.57,779.33,USD,Y
