order_id,customer_id,order_date,product_id,quantity,unit_price,status
1,1071,2026-08-21,P016,2,22.26,COMPLETED
2,1140,2026-08-05,P006,2,341.58,RETURNED
3,1056,2026-08-14,P015,1,24.60,RETURNED
4,1184,2026-08-20,P042,1,285.01,RETURNED
5,1072,2026-08-14,P001,4,230.11,COMPLETED
6,1040,2026-08-23,P014,7,176.72,COMPLETED
7,1092,2026-08-04,P023,2,196.16,RETURNED
8,1138,2026-08-09,P008,1,367.57,CANCELLED
9,1159,2026-08-03,P024,5,416.41,RETURNED
10,1059,2026-08-07,P050,2,32.45,COMPLETED
11,1098,2026-08-03,P018,4,434.58,CANCELLED
12,1091,2026-08-21,P014,6,89.70,COMPLETED
13,1044,2026-08-23,P035,2,308.47,COMPLETED
14,1164,2026-08-06,P045,8,195.93,RETURNED
15,1199,2026-08-08,P004,6,423.00,COMPLETED
16,1103,2026-08-27,P018,1,404.47,COMPLETED
17,1128,2026-08-07,P026,6,114.19,CANCELLED
18,1191,2026-08-05,P036,5,78.42,RETURNED
19,1103,2026-08-09,P024,7,449.93,COMPLETED
20,1013,2026-08-05,P008,8,54.55,COMPLETED
21,1109,2026-08-21,P039,3,398.12,COMPLETED
22,1120,2026-08-13,P034,7,301.99,COMPLETED
23,1030,2026-08-18,P044,1,343.34,RETURNED
24,1088,2026-08-25,P008,5,386.61,COMPLETED
25,1185,2026-08-14,P047,3,232.32,COMPLETED
26,1028,2026-08-17,P041,3,258.76,COMPLETED
27,1196,2026-08-27,P011,4,84.89,RETURNED
28,1126,2026-08-25,P002,1,303.48,COMPLETED
29,1062,2026-08-12,P037,5,127.33,COMPLETED
30,1195,2026-08-03,P035,8,409.85,COMPLETED
31,1043,2026-08-05,P017,8,473.96,RETURNED
32,1139,2026-08-20,P049,7,482.54,COMPLETED
33,1172,2026-08-23,P042,5,205.51,COMPLETED
34,1058,2026-08-15,P005,8,69.29,COMPLETED
35,1002,2026-08-01,P005,4,298.34,COMPLETED
36,1085,2026-08-08,P005,2,453.66,RETURNED
37,1055,2026-08-08,P035,5,337.80,COMPLETED
38,1122,2026-08-24,P027,8,129.07,COMPLETED
39,1091,2026-08-04,P028,2,332.90,CANCELLED
40,1166,2026-08-15,P007,1,339.95,COMPLETED
41,1028,2026-08-13,P016,6,402.29,COMPLETED
42,1047,2026-08-07,P018,8,78.69,CANCELLED
43,1141,2026-08-08,P007,2,227.13,COMPLETED
44,1193,2026-08-21,P016,1,484.81,COMPLETED
45,1103,2026-08-14,P004,8,245.87,COMPLETED
46,1068,2026-08-13,P030,1,492.80,COMPLETED
47,1076,2026-08-14,P014,8,85.85,COMPLETED
48,1015,2026-08-19,P004,1,376.51,RETURNED
49,1131,2026-08-16,P006,3,37.87,COMPLETED
50,1061,2026-08-03,P026,2,340.85,COMPLETED
51,1011,2026-08-19,P040,4,293.67,COMPLETED
52,1053,2026-08-14,P043,6,468.01,COMPLETED
53,1172,2026-08-08,P042,5,203.94,COMPLETED
54,1019,2026-08-15,P001,6,465.22,CANCELLED
55,1055,2026-08-20,P033,2,45.90,COMPLETED
56,1063,2026-08-05,P024,6,441.62,COMPLETED
57,1181,2026-08-06,P020,8,418.54,RETURNED
58,1142,2026-08-26,P020,1,337.25,COMPLETED
59,1028,2026-08-05,P048,5,66.56,RETURNED
60,1054,2026-08-05,P046,5,148.06,COMPLETED
61,1065,2026-08-07,P004,5,257.65,COMPLETED
62,1012,2026-08-21,P001,7,416.38,COMPLETED
63,1068,2026-08-25,P011,3,322.19,CANCELLED
64,1029,2026-08-18,P005,7,284.84,COMPLETED
65,1150,2026-08-18,P036,1,418.95,COMPLETED
66,1094,2026-08-14,P003,3,30.50,COMPLETED
67,1091,2026-08-07,P050,4,336.80,RETURNED
68,1061,2026-08-14,P011,3,463.62,COMPLETED
69,1086,2026-08-14,P027,1,97.89,COMPLETED
70,1028,2026-08-09,P025,3,395.81,COMPLETED
71,1118,2026-08-16,P023,4,107.79,COMPLETED
72,1169,2026-08-27,P013,4,119.23,CANCELLED
73,1198,2026-08-11,P018,5,433.53,COMPLETED
74,1138,2026-08-21,P022,7,342.96,COMPLETED
75,1068,2026-08-04,P003,5,97.50,COMPLETED
76,1081,2026-08-20,P028,7,179.39,RETURNED
77,1148,2026-08-17,P013,2,198.75,COMPLETED
78,1138,2026-08-02,P044,7,10.83,COMPLETED
79,1171,2026-08-12,P022,7,44.29,RETURNED
80,1077,2026-08-11,P033,2,362.68,COMPLETED
81,1179,2026-08-22,P019,7,169.83,RETURNED
82,1098,2026-08-05,P044,4,216.02,COMPLETED
83,1001,2026-08-20,P020,5,208.98,COMPLETED
84,1156,2026-08-07,P042,7,395.02,COMPLETED
85,1055,2026-08-15,P033,8,226.66,CANCELLED
86,1073,2026-08-26,P033,3,332.84,RETURNED
87,1193,2026-08-11,P016,2,411.03,COMPLETED
88,1012,2026-08-08,P016,4,82.20,CANCELLED
89,1162,2026-08-20,P037,2,233.15,COMPLETED
90,1063,2026-08-23,P010,7,252.24,COMPLETED
91,1057,2026-08-25,P012,2,391.43,RETURNED
92,1032,2026-08-15,P030,1,283.13,COMPLETED
93,1144,2026-08-26,P039,8,337.11,COMPLETED
94,1185,2026-08-25,P033,8,310.20,CANCELLED
95,1191,2026-08-27,P031,8,449.63,CANCELLED
96,1071,2026-08-09,P050,4,421.53,RETURNED
97,1020,2026-08-16,P046,4,144.55,COMPLETED
98,1139,2026-08-08,P006,5,174.57,COMPLETED
99,1040,2026-08-05,P046,4,197.69,COMPLETED
100,,2026-08-03,P030,7,209.72,CANCELLED
101,1100,2026-08-02,P050,4,418.12,RETURNED
102,1196,2026-08-23,P037,1,429.80,CANCELLED
103,1077,2026-08-16,P049,1,471.94,CANCELLED
104,1189,2026-08-27,P035,7,273.73,RETURNED
105,1112,2026-08-08,P032,8,117.52,COMPLETED
106,1104,2026-08-13,P047,6,337.75,COMPLETED
107,1160,2026-08-27,P035,8,460.58,COMPLETED
108,1110,2026-08-13,P009,1,51.13,CANCELLED
109,1084,2026-08-06,P014,1,137.48,CANCELLED
110,1098,2026-08-11,P018,6,383.00,CANCELLED
111,1192,2026-08-09,P035,2,240.45,COMPLETED
112,1200,2026-08-12,P042,4,328.57,COMPLETED
113,1052,2026-08-25,P002,1,475.31,RETURNED
114,1172,2026-08-05,P008,4,71.85,RETURNED
115,1197,2026-08-07,P024,8,352.74,COMPLETED
116,1042,2026-08-20,P020,2,391.12,COMPLETED
117,1148,2026-08-19,P044,1,465.15,CANCELLED
118,1177,2026-08-13,P041,4,47.24,COMPLETED
119,1154,2026-08-04,P008,5,426.64,RETURNED
120,1110,2026-08-26,P043,1,180.13,COMPLETED
121,1108,2026-08-03,P032,6,16.20,COMPLETED
122,1118,2026-08-14,P046,6,321.44,COMPLETED
123,1167,2026-08-14,P018,3,369.56,RETURNED
124,1188,2026-08-26,P038,8,237.79,COMPLETED
125,1023,2026-08-11,P018,4,417.06,CANCELLED
126,1172,2026-08-08,P025,8,289.23,COMPLETED
127,1047,2026-08-01,P032,8,426.97,COMPLETED
128,1153,2026-08-12,P045,5,176.77,COMPLETED
129,1049,2026-08-18,P006,1,263.15,COMPLETED
130,1195,2026-08-24,P016,7,249.40,CANCELLED
131,1005,2026-08-21,P006,8,229.61,COMPLETED
132,1079,2026-08-08,P043,7,348.98,RETURNED
133,1089,2026-08-12,P028,8,281.20,RETURNED
134,1070,2026-08-11,P020,6,354.40,COMPLETED
135,1081,2026-08-08,P008,2,363.43,RETURNED
136,1190,2026-08-25,P031,3,103.86,COMPLETED
137,1050,2026-08-24,P019,5,490.45,COMPLETED
138,1182,2026-08-12,P035,3,158.11,COMPLETED
139,1142,2026-08-09,P019,1,487.40,COMPLETED
140,1004,2026-08-21,P037,8,60.27,COMPLETED
141,1048,2026-08-16,P004,8,225.83,COMPLETED
142,1103,2026-08-16,P032,2,412.84,COMPLETED
143,1145,2026-08-19,P020,1,84.35,COMPLETED
144,1107,2026-08-08,P039,2,283.46,RETURNED
145,1098,2026-08-26,P029,4,390.09,CANCELLED
146,1159,2026-08-10,P004,7,159.64,RETURNED
147,1054,2026-08-24,P041,2,474.32,COMPLETED
148,1045,2026-08-09,P036,2,86.96,COMPLETED
149,1177,2026-08-06,P039,1,210.17,CANCELLED
150,1181,2026-08-10,P019,1,123.42,CANCELLED
151,1161,2026-08-03,P038,4,462.72,COMPLETED
152,1166,2026-08-14,P010,2,276.84,COMPLETED
153,1043,2026-08-27,P020,3,44.99,RETURNED
154,1120,2026-08-24,P045,5,225.19,COMPLETED
155,1129,2026-08-23,P035,7,471.91,CANCELLED
156,1111,2026-08-15,P048,2,303.04,COMPLETED
157,1059,2026-08-20,P044,5,22.67,RETURNED
158,1173,2026-08-19,P018,1,499.79,RETURNED
159,1167,2026-08-02,P029,3,240.55,COMPLETED
160,1126,2026-08-06,P006,7,321.04,CANCELLED
161,1172,2026-08-12,P007,7,173.32,COMPLETED
162,1074,2026-08-11,P043,7,349.90,CANCELLED
163,1081,2026-08-27,P017,1,232.86,COMPLETED
164,1001,2026-08-04,P043,7,433.81,RETURNED
165,1133,2026-08-15,P024,7,36.56,RETURNED
166,1195,2026-08-25,P004,8,316.45,COMPLETED
167,1113,2026-08-09,P045,3,464.56,CANCELLED
168,1156,2026-08-04,P016,1,486.84,COMPLETED
169,1024,2026-08-10,P015,1,280.60,COMPLETED
170,1040,2026-08-15,P032,2,327.38,COMPLETED
171,1124,2026-08-17,P031,5,213.59,COMPLETED
172,1154,2026-08-15,P033,3,197.96,COMPLETED
173,1107,2026-08-03,P022,5,388.61,RETURNED
174,1077,2026-08-09,P038,1,148.59,RETURNED
175,1115,2026-08-22,P035,8,433.98,CANCELLED
176,1140,2026-08-12,P025,6,280.44,CANCELLED
177,1062,2026-08-11,P037,4,490.58,CANCELLED
178,1191,2026-08-08,P031,7,31.39,CANCELLED
179,1010,2026-08-13,P009,3,252.71,RETURNED
180,1113,2026-08-19,P007,6,436.15,RETURNED
181,1105,2026-08-15,P042,1,364.00,COMPLETED
182,1068,2026-08-03,P022,8,392.95,RETURNED
183,1085,2026-08-23,P044,7,328.42,RETURNED
184,1195,2026-08-13,P032,6,317.13,RETURNED
185,1176,2026-08-02,P019,2,125.04,COMPLETED
186,1026,2026-08-24,P049,2,222.65,COMPLETED
187,1008,2026-08-15,P003,3,350.06,COMPLETED
188,1096,2026-08-26,P028,1,153.75,COMPLETED
189,1047,2026-08-08,P011,7,287.30,COMPLETED
190,1062,2026-08-03,P032,7,313.66,RETURNED
191,1066,2026-08-05,P030,4,235.96,COMPLETED
192,1120,2026-08-22,P019,1,450.47,RETURNED
193,1089,2026-08-06,P038,2,226.45,COMPLETED
194,1117,2026-08-21,P020,7,348.25,COMPLETED
195,1098,2026-08-13,P037,8,62.26,COMPLETED
196,1076,2026-08-19,P002,5,496.42,CANCELLED
197,1176,2026-08-09,P050,1,287.31,COMPLETED
198,1074,2026-08-20,P050,8,418.09,COMPLETED
199,1049,2026-08-20,P040,6,117.31,COMPLETED
200,1161,2026-08-22,P042,0,317.84,COMPLETED
201,1094,2026-08-10,P047,8,26.35,COMPLETED
202,1107,2026-08-03,P012,5,170.09,COMPLETED
203,1070,2026-08-05,P011,6,270.12,COMPLETED
204,1076,2026-08-27,P048,8,484.02,COMPLETED
205,1020,2026-08-26,P010,2,239.48,COMPLETED
206,1143,2026-08-22,P024,7,483.96,COMPLETED
207,1138,2026-08-26,P008,7,16.82,CANCELLED
208,1164,2026-08-12,P024,5,296.43,COMPLETED
209,1159,2026-08-22,P036,4,241.02,COMPLETED
210,1163,2026-08-20,P030,4,327.35,COMPLETED
211,1012,2026-08-21,P003,7,67.17,COMPLETED
212,1138,2026-08-16,P009,2,57.62,CANCELLED
213,1191,2026-08-15,P045,6,338.54,RETURNED
214,1168,2026-08-14,P007,3,443.85,CANCELLED
215,1072,2026-08-20,P003,7,470.14,COMPLETED
216,1061,2026-08-07,P024,8,227.90,COMPLETED
217,1166,2026-08-22,P023,6,276.79,COMPLETED
218,1032,2026-08-13,P030,5,103.01,COMPLETED
219,1153,2026-08-22,P002,4,324.44,COMPLETED
220,1033,2026-08-26,P037,6,129.35,COMPLETED
221,1060,2026-08-03,P022,4,297.33,COMPLETED
222,1038,2026-08-26,P009,1,145.86,RETURNED
223,1007,2026-08-09,P009,3,63.86,COMPLETED
224,1005,2026-08-12,P012,4,298.54,COMPLETED
225,1135,2026-08-02,P008,3,373.44,COMPLETED
226,1132,2026-08-16,P038,8,391.23,COMPLETED
227,1012,2026-08-15,P047,4,473.25,RETURNED
228,1008,2026-08-10,P004,8,325.24,CANCELLED
229,1126,2026-08-13,P046,7,346.19,CANCELLED
230,1038,2026-08-03,P005,2,167.83,COMPLETED
231,1153,2026-08-09,P034,6,196.64,COMPLETED
232,1180,2026-08-15,P008,7,58.60,RETURNED
233,1059,2026-08-24,P027,4,220.73,COMPLETED
234,1187,2026-08-27,P007,8,205.38,COMPLETED
235,1096,2026-08-14,P010,6,335.90,CANCELLED
236,1024,2026-08-03,P028,2,417.57,COMPLETED
237,1143,2026-08-24,P004,6,407.77,RETURNED
238,1106,2026-08-18,P023,6,338.31,CANCELLED
239,1154,2026-08-24,P020,1,484.52,COMPLETED
240,1124,2026-08-04,P015,4,85.82,COMPLETED
241,1072,2026-08-12,P037,6,66.29,COMPLETED
242,1197,2026-08-26,P040,7,424.13,RETURNED
243,1169,2026-08-22,P045,1,308.41,COMPLETED
244,1196,2026-08-01,P020,3,143.90,COMPLETED
245,1037,2026-08-12,P037,1,98.89,CANCELLED
246,1008,2026-08-03,P006,3,373.07,RETURNED
247,1088,2026-08-07,P011,7,215.72,COMPLETED
248,1146,2026-08-10,P039,6,390.65,COMPLETED
249,1159,2026-08-02,P004,3,87.13,COMPLETED
250,1125,2026-08-09,P039,8,334.35,CANCELLED
251,1132,2026-08-14,P008,5,115.63,COMPLETED
252,1174,2026-08-14,P038,2,148.79,CANCELLED
253,1102,2026-08-17,P039,5,32.25,COMPLETED
254,1055,2026-08-01,P050,4,157.70,COMPLETED
255,1031,2026-08-25,P001,5,151.83,CANCELLED
256,1098,2026-08-24,P035,7,96.09,COMPLETED
257,1190,2026-08-17,P003,6,45.32,CANCELLED
258,1081,2026-08-01,P037,8,461.37,CANCELLED
259,1107,2026-08-19,P019,7,357.65,COMPLETED
260,1044,2026-08-13,P040,1,483.44,CANCELLED
261,1028,2026-08-27,P016,6,53.18,CANCELLED
262,1102,2026-08-19,P020,7,266.74,COMPLETED
263,1020,2026-08-08,P033,6,391.77,COMPLETED
264,1090,2026-08-17,P023,4,453.90,COMPLETED
265,1051,2026-08-08,P012,2,81.76,RETURNED
266,1198,2026-08-05,P041,2,96.80,CANCELLED
267,1145,2026-08-15,P042,8,343.76,RETURNED
268,1018,2026-08-11,P031,6,83.97,CANCELLED
269,1152,2026-08-21,P004,5,400.20,COMPLETED
270,1116,2026-08-17,P003,2,162.10,COMPLETED
271,1024,2026-08-12,P040,5,47.60,RETURNED
272,1142,2026-08-17,P048,7,236.73,COMPLETED
273,1122,2026-08-15,P033,4,167.55,COMPLETED
274,1088,2026-08-02,P046,8,60.72,COMPLETED
275,1182,2026-08-17,P029,3,29.18,CANCELLED
276,1073,2026-08-17,P025,3,188.31,CANCELLED
277,1014,2026-08-25,P041,6,342.66,COMPLETED
278,1174,2026-08-03,P025,6,56.31,COMPLETED
279,1150,2026-08-09,P043,3,173.35,COMPLETED
280,1179,2026-08-12,P043,5,484.17,CANCELLED
281,1097,2026-08-05,P042,2,161.70,COMPLETED
282,1190,2026-08-27,P044,3,338.36,RETURNED
283,1005,2026-08-03,P024,7,259.16,COMPLETED
284,1197,2026-08-06,P032,4,177.45,COMPLETED
285,1076,2026-08-08,P007,3,85.92,RETURNED
286,1197,2026-08-25,P040,1,334.35,COMPLETED
287,1047,2026-08-20,P045,7,85.58,RETURNED
288,1012,2026-08-26,P027,3,363.38,COMPLETED
289,1157,2026-08-22,P019,4,485.10,CANCELLED
290,1121,2026-08-08,P013,4,161.64,COMPLETED
291,1073,2026-08-22,P050,8,236.22,CANCELLED
292,1052,2026-08-17,P039,7,483.47,COMPLETED
293,1096,2026-08-09,P036,1,324.18,COMPLETED
294,1196,2026-08-23,P011,2,149.68,COMPLETED
295,1024,2026-08-15,P015,3,417.21,CANCELLED
296,1102,2026-08-12,P033,1,213.30,COMPLETED
297,1096,2026-08-08,P015,7,497.32,COMPLETED
298,1167,2026-08-11,P022,2,421.20,COMPLETED
299,1121,2026-08-05,P045,1,150.57,COMPLETED
300,1002,2026-08-25,P006,8,-10.00,COMPLETED
301,1141,2026-08-09,P047,4,419.13,RETURNED
302,1074,2026-08-17,P016,7,64.48,COMPLETED
303,1164,2026-08-04,P040,1,126.84,CANCELLED
304,1128,2026-08-03,P039,2,419.98,RETURNED
305,1075,2026-08-01,P028,4,362.09,COMPLETED
306,1107,2026-08-20,P012,6,127.88,COMPLETED
307,1135,2026-08-17,P035,6,43.16,RETURNED
308,1121,2026-08-26,P003,1,201.32,CANCELLED
309,1092,2026-08-12,P005,5,376.19,COMPLETED
310,1189,2026-08-08,P049,2,388.04,COMPLETED
311,1087,2026-08-05,P042,1,182.63,COMPLETED
312,1123,2026-08-27,P041,8,490.60,COMPLETED
313,1199,2026-08-26,P030,3,40.92,COMPLETED
314,1052,2026-08-10,P003,4,31.47,COMPLETED
315,1140,2026-08-10,P031,7,494.67,COMPLETED
316,1200,2026-08-02,P004,4,150.19,COMPLETED
317,1112,2026-08-09,P026,2,401.68,CANCELLED
318,1128,2026-08-13,P045,6,487.12,CANCELLED
319,1187,2026-08-12,P028,5,402.56,COMPLETED
320,1083,2026-08-14,P007,3,277.28,COMPLETED
321,1155,2026-08-11,P046,5,160.18,CANCELLED
322,1011,2026-08-06,P047,8,182.26,COMPLETED
323,1015,2026-08-20,P005,7,144.53,CANCELLED
324,1037,2026-08-12,P039,3,476.87,CANCELLED
325,1200,2026-08-02,P042,3,42.94,COMPLETED
326,1009,2026-08-12,P039,7,475.24,COMPLETED
327,1096,2026-08-22,P029,8,474.92,COMPLETED
328,1102,2026-08-19,P021,3,269.44,COMPLETED
329,1048,2026-08-08,P032,2,22.70,RETURNED
330,1067,2026-08-13,P046,2,138.27,CANCELLED
331,1126,2026-08-07,P013,5,350.05,COMPLETED
332,1183,2026-08-05,P029,2,231.50,COMPLETED
333,1182,2026-08-26,P005,6,337.24,RETURNED
334,1041,2026-08-18,P046,5,446.75,COMPLETED
335,1032,2026-08-26,P013,6,259.29,COMPLETED
336,1142,2026-08-08,P037,8,22.88,COMPLETED
337,1023,2026-08-15,P005,3,309.85,COMPLETED
338,1197,2026-08-13,P027,8,267.59,RETURNED
339,1165,2026-08-03,P005,3,486.47,CANCELLED
340,1200,2026-08-15,P036,6,72.88,RETURNED
341,1015,2026-08-06,P008,3,221.98,RETURNED
342,1083,2026-08-05,P046,5,90.68,COMPLETED
343,1065,2026-08-12,P013,5,424.51,RETURNED
344,1158,2026-08-09,P035,3,316.26,COMPLETED
345,1149,2026-08-17,P010,3,299.99,COMPLETED
346,1145,2026-08-22,P003,6,422.84,COMPLETED
347,1198,2026-08-03,P037,1,474.79,COMPLETED
348,1107,2026-08-21,P040,4,385.81,COMPLETED
349,1078,2026-08-16,P031,5,324.53,COMPLETED
350,1019,2026-08-26,P045,7,155.74,COMPLETED
351,1119,2026-08-06,P014,8,213.65,COMPLETED
352,1184,2026-08-20,P021,3,163.17,COMPLETED
353,1132,2026-08-13,P036,3,382.73,COMPLETED
354,1069,2026-08-11,P029,4,238.57,COMPLETED
355,1099,2026-08-05,P040,2,34.80,CANCELLED
356,1148,2026-08-08,P047,3,408.60,COMPLETED
357,1132,2026-08-07,P030,3,254.15,CANCELLED
358,1101,2026-08-10,P033,8,21.36,CANCELLED
359,1013,2026-08-08,P004,4,295.84,COMPLETED
360,1003,2026-08-16,P007,8,150.02,CANCELLED
361,1196,2026-08-05,P026,5,366.48,COMPLETED
362,1144,2026-08-02,P013,7,35.07,COMPLETED
363,1130,2026-08-18,P029,5,46.03,RETURNED
364,1025,2026-08-09,P026,2,73.05,COMPLETED
365,1094,2026-08-26,P049,6,283.34,COMPLETED
366,1012,2026-08-07,P003,7,255.04,COMPLETED
367,1133,2026-08-23,P030,6,403.94,COMPLETED
368,1157,2026-08-20,P021,3,170.70,COMPLETED
369,1130,2026-08-13,P033,5,300.93,RETURNED
370,1005,2026-08-16,P024,5,242.70,COMPLETED
371,1150,2026-08-22,P020,2,490.15,COMPLETED
372,1168,2026-08-20,P050,8,140.11,RETURNED
373,1150,2026-08-19,P031,4,363.49,COMPLETED
374,1175,2026-08-17,P016,7,82.41,COMPLETED
375,1113,2026-08-19,P021,2,103.48,CANCELLED
376,1106,2026-08-05,P033,7,348.35,RETURNED
377,1133,2026-08-16,P014,1,355.83,RETURNED
378,1081,2026-08-11,P012,8,267.48,CANCELLED
379,1174,2026-08-18,P050,6,277.67,COMPLETED
380,1064,2026-08-20,P018,8,104.21,RETURNED
381,1077,2026-08-10,P050,4,471.33,COMPLETED
382,1126,2026-08-23,P021,4,348.22,CANCELLED
383,1147,2026-08-12,P044,5,151.02,RETURNED
384,1198,2026-08-13,P010,7,411.00,COMPLETED
385,1021,2026-08-02,P023,5,478.10,CANCELLED
386,1055,2026-08-21,P013,5,376.20,RETURNED
387,1158,2026-08-09,P048,5,77.26,RETURNED
388,1136,2026-08-08,P015,4,34.88,COMPLETED
389,1184,2026-08-02,P031,2,212.52,COMPLETED
390,1141,2026-08-22,P011,3,12.54,CANCELLED
391,1052,2026-08-21,P049,8,243.95,COMPLETED
392,1197,2026-08-11,P006,5,326.49,RETURNED
393,1045,2026-08-08,P027,1,457.48,COMPLETED
394,1048,2026-08-02,P048,7,396.10,COMPLETED
395,1155,2026-08-02,P007,1,156.21,COMPLETED
396,1140,2026-08-10,P034,8,494.66,CANCELLED
397,1029,2026-08-05,P022,8,143.69,COMPLETED
398,1184,2026-08-24,P012,8,327.66,COMPLETED
399,1146,2026-08-24,P044,6,397.48,COMPLETED
400,1132,2026-08-06,P021,7,415.23, completed 
401,1036,2026-08-13,P031,2,100.54,COMPLETED
402,1061,2026-08-08,P029,1,137.78,COMPLETED
403,1147,2026-08-11,P001,5,295.41,COMPLETED
404,1016,2026-08-21,P043,6,349.46,COMPLETED
405,1176,2026-08-15,P033,5,88.26,COMPLETED
406,1076,2026-08-23,P024,2,322.97,RETURNED
407,1123,2026-08-08,P010,4,479.11,CANCELLED
408,1141,2026-08-24,P031,6,213.76,RETURNED
409,1175,2026-08-26,P049,4,383.31,RETURNED
410,1136,2026-08-26,P046,2,267.50,COMPLETED
411,1141,2026-08-03,P033,2,40.26,COMPLETED
412,1134,2026-08-19,P029,3,90.62,COMPLETED
413,1126,2026-08-22,P006,4,361.29,RETURNED
414,1132,2026-08-15,P027,1,232.18,CANCELLED
415,1173,2026-08-19,P020,1,283.81,COMPLETED
416,1191,2026-08-13,P014,5,410.06,RETURNED
417,1180,2026-08-03,P005,1,217.61,RETURNED
418,1121,2026-08-02,P003,2,493.21,COMPLETED
419,1197,2026-08-14,P042,3,386.80,CANCELLED
420,1097,2026-08-12,P025,7,229.78,COMPLETED
421,1090,2026-08-22,P008,3,330.23,COMPLETED
422,1187,2026-08-18,P015,7,269.13,COMPLETED
423,1119,2026-08-25,P044,1,489.46,RETURNED
424,1064,2026-08-14,P030,7,413.45,COMPLETED
425,1186,2026-08-05,P049,5,102.36,COMPLETED
426,1005,2026-08-02,P016,7,311.31,COMPLETED
427,1115,2026-08-03,P039,2,301.03,COMPLETED
428,1060,2026-08-08,P035,1,207.11,COMPLETED
429,1075,2026-08-25,P015,1,78.67,RETURNED
430,1037,2026-08-11,P043,6,126.08,RETURNED
431,1016,2026-08-08,P036,7,157.25,RETURNED
432,1110,2026-08-24,P036,3,316.74,CANCELLED
433,1172,2026-08-02,P025,6,471.38,RETURNED
434,1077,2026-08-11,P025,7,210.05,COMPLETED
435,1058,2026-08-25,P020,8,128.07,COMPLETED
436,1144,2026-08-26,P027,8,458.22,CANCELLED
437,1066,2026-08-18,P014,3,200.33,COMPLETED
438,1095,2026-08-21,P006,2,461.89,RETURNED
439,1097,2026-08-24,P044,4,35.25,RETURNED
440,1049,2026-08-20,P049,1,438.07,RETURNED
441,1086,2026-08-24,P020,4,244.90,COMPLETED
442,1031,2026-08-07,P048,4,481.42,CANCELLED
443,1062,2026-08-08,P036,4,204.35,COMPLETED
444,1137,2026-08-25,P042,5,196.52,COMPLETED
445,1128,2026-08-10,P030,5,186.23,COMPLETED
446,1082,2026-08-26,P014,8,383.20,COMPLETED
447,1057,2026-08-11,P048,7,32.40,COMPLETED
448,1150,2026-08-01,P038,5,281.12,CANCELLED
449,1059,2026-08-10,P025,3,106.13,RETURNED
450,1168,2026-08-27,P044,4,254.66,COMPLETED
451,1165,2026-08-09,P048,8,483.59,CANCELLED
452,1091,2026-08-15,P011,3,369.06,COMPLETED
453,1139,2026-08-24,P042,8,100.18,COMPLETED
454,1020,2026-08-17,P043,1,421.14,COMPLETED
455,1162,2026-08-25,P015,1,212.07,COMPLETED
456,1130,2026-08-23,P030,3,14.48,COMPLETED
457,1005,2026-08-02,P001,8,333.05,RETURNED
458,1136,2026-08-18,P047,7,15.81,COMPLETED
459,1179,2026-08-18,P044,5,18.40,CANCELLED
460,1025,2026-08-26,P034,3,62.44,COMPLETED
461,1065,2026-08-08,P023,4,313.69,COMPLETED
462,1104,2026-08-26,P030,7,48.72,RETURNED
463,1021,2026-08-08,P042,4,156.99,COMPLETED
464,1142,2026-08-03,P031,7,195.84,COMPLETED
465,1022,2026-08-21,P032,1,354.39,CANCELLED
466,1025,2026-08-21,P034,6,287.27,COMPLETED
467,1178,2026-08-08,P037,4,451.62,CANCELLED
468,1176,2026-08-09,P018,1,462.84,RETURNED
469,1081,2026-08-19,P002,1,97.88,COMPLETED
470,1183,2026-08-19,P026,3,378.60,COMPLETED
471,1146,2026-08-10,P025,3,286.34,RETURNED
472,1036,2026-08-11,P045,7,380.25,COMPLETED
473,1112,2026-08-17,P015,6,36.31,COMPLETED
474,1084,2026-08-11,P002,7,484.77,COMPLETED
475,1092,2026-08-26,P036,8,250.40,CANCELLED
476,1170,2026-08-14,P025,3,343.05,COMPLETED
477,1183,2026-08-25,P005,5,401.05,COMPLETED
478,1163,2026-08-09,P010,3,196.20,CANCELLED
479,1002,2026-08-11,P020,6,62.21,CANCELLED
480,1023,2026-08-12,P012,5,60.09,CANCELLED
481,1023,2026-08-15,P023,7,60.61,RETURNED
482,1004,2026-08-03,P019,6,433.22,CANCELLED
483,1144,2026-08-13,P016,2,365.17,RETURNED
484,1044,2026-08-17,P009,3,345.80,COMPLETED
485,1017,2026-08-10,P011,5,251.63,CANCELLED
486,1020,2026-08-09,P024,7,156.88,COMPLETED
487,1051,2026-08-08,P030,8,300.97,COMPLETED
488,1102,2026-08-05,P022,5,13.32,RETURNED
489,1111,2026-08-13,P042,6,225.71,RETURNED
490,1178,2026-08-05,P013,5,167.13,CANCELLED
491,1082,2026-08-11,P019,3,482.64,CANCELLED
492,1072,2026-08-19,P026,4,169.68,COMPLETED
493,1140,2026-08-04,P012,4,300.19,RETURNED
494,1054,2026-08-01,P029,8,472.06,COMPLETED
495,1105,2026-08-27,P044,2,411.29,CANCELLED
496,1169,2026-08-05,P010,5,128.59,CANCELLED
497,1154,2026-08-26,P031,7,46.24,RETURNED
498,1093,2026-08-13,P045,7,276.39,RETURNED
499,1064,2026-08-20,P043,2,63.59,COMPLETED
499,1064,2026-08-20,P043,2,63.59,COMPLETED
501,1111,2026-08-25,P007,6,483.20,COMPLETED
502,1192,2026-08-04,P034,5,118.78,RETURNED
503,1101,2026-08-19,P030,4,228.43,RETURNED
504,1007,2026-08-23,P031,3,179.03,COMPLETED
505,1022,2026-08-10,P008,7,461.07,COMPLETED
506,1053,2026-08-12,P034,5,178.10,CANCELLED
507,1185,2026-08-12,P045,8,57.84,CANCELLED
508,1182,2026-08-11,P008,2,157.13,COMPLETED
509,1043,2026-08-11,P048,2,341.80,COMPLETED
510,1085,2026-08-17,P036,3,280.44,CANCELLED
511,1162,2026-08-15,P012,4,400.90,COMPLETED
512,1189,2026-08-21,P040,7,203.84,COMPLETED
513,1181,2026-08-15,P014,7,200.53,COMPLETED
514,1138,2026-08-09,P012,2,292.90,COMPLETED
515,1068,2026-08-11,P043,4,234.20,CANCELLED
516,1157,2026-08-17,P026,6,302.52,RETURNED
517,1118,2026-08-04,P040,6,182.47,COMPLETED
518,1152,2026-08-27,P006,5,460.15,COMPLETED
519,1030,2026-08-11,P012,2,126.90,COMPLETED
520,1108,2026-08-23,P039,3,260.30,COMPLETED
521,1125,2026-08-19,P041,7,217.29,RETURNED
522,1126,2026-08-23,P019,3,281.91,COMPLETED
523,1159,2026-08-06,P004,6,422.57,COMPLETED
524,1099,2026-08-01,P036,8,76.90,RETURNED
525,1126,2026-08-21,P027,8,210.48,CANCELLED
526,1008,2026-08-16,P049,3,50.51,COMPLETED
527,1138,2026-08-10,P019,1,144.68,COMPLETED
528,1198,2026-08-25,P050,8,287.17,CANCELLED
529,1069,2026-08-18,P050,2,290.63,RETURNED
530,1194,2026-08-27,P003,6,275.60,CANCELLED
531,1027,2026-08-18,P048,4,494.99,COMPLETED
532,1090,2026-08-10,P006,1,230.37,CANCELLED
533,1189,2026-08-04,P038,4,112.84,COMPLETED
534,1036,2026-08-23,P014,7,91.33,COMPLETED
535,1137,2026-08-26,P018,1,289.34,RETURNED
536,1181,2026-08-18,P019,3,168.59,COMPLETED
537,1132,2026-08-19,P044,5,476.67,COMPLETED
538,1071,2026-08-05,P042,7,460.20,COMPLETED
539,1183,2026-08-23,P021,3,132.34,COMPLETED
540,1148,2026-08-25,P041,7,249.83,COMPLETED
541,1020,2026-08-21,P041,7,193.83,COMPLETED
542,1095,2026-08-13,P030,5,350.40,CANCELLED
543,1188,2026-08-11,P006,1,435.76,CANCELLED
544,1137,2026-08-21,P026,6,426.55,COMPLETED
545,1083,2026-08-14,P019,4,252.41,COMPLETED
546,1125,2026-08-18,P022,3,287.41,COMPLETED
547,1118,2026-08-02,P002,2,316.83,COMPLETED
548,1110,2026-08-06,P013,8,233.69,COMPLETED
549,1071,2026-08-21,P006,5,87.90,COMPLETED
550,1167,2026-08-09,P011,2,192.20,COMPLETED
551,1194,2026-08-13,P015,5,365.73,CANCELLED
552,1001,2026-08-21,P014,2,354.81,CANCELLED
553,1133,2026-08-03,P044,3,300.90,CANCELLED
554,1031,2026-08-01,P028,1,350.84,COMPLETED
555,1023,2026-08-16,P047,2,122.18,COMPLETED
556,1077,2026-08-04,P009,6,190.11,CANCELLED
557,1174,2026-08-25,P010,3,324.37,COMPLETED
558,1043,2026-08-17,P029,1,309.06,COMPLETED
559,1039,2026-08-24,P027,4,317.76,RETURNED
560,1023,2026-08-22,P007,8,431.38,COMPLETED
561,1099,2026-08-25,P023,2,298.89,CANCELLED
562,1166,2026-08-11,P006,3,131.42,COMPLETED
563,1177,2026-08-18,P002,5,391.70,COMPLETED
564,1076,2026-08-07,P042,4,376.44,COMPLETED
565,1029,2026-08-26,P016,4,252.49,CANCELLED
566,1004,2026-08-21,P024,2,268.86,COMPLETED
567,1146,2026-08-05,P027,7,431.80,COMPLETED
568,1198,2026-08-18,P005,3,383.74,COMPLETED
569,1056,2026-08-19,P003,2,16.76,COMPLETED
570,1161,2026-08-26,P046,7,258.24,RETURNED
571,1103,2026-08-25,P006,7,217.55,RETURNED
572,1080,2026-08-18,P006,3,145.96,RETURNED
573,1101,2026-08-07,P038,3,272.83,COMPLETED
574,1062,2026-08-10,P004,7,367.68,COMPLETED
575,1157,2026-08-03,P039,7,66.83,COMPLETED
576,1182,2026-08-10,P009,3,68.53,COMPLETED
577,1134,2026-08-06,P034,8,476.98,COMPLETED
578,1200,2026-08-06,P018,6,72.20,COMPLETED
579,1110,2026-08-25,P018,1,174.16,RETURNED
580,1148,2026-08-03,P041,5,359.04,COMPLETED
581,1015,2026-08-16,P032,8,260.28,RETURNED
582,1198,2026-08-06,P007,6,87.08,RETURNED
583,1131,2026-08-22,P001,2,121.92,COMPLETED
584,1094,2026-08-01,P025,4,32.53,COMPLETED
585,1183,2026-08-06,P048,1,280.90,CANCELLED
586,1185,2026-08-08,P021,6,131.65,COMPLETED
587,1031,2026-08-27,P033,2,290.05,COMPLETED
588,1012,2026-08-06,P026,4,404.13,COMPLETED
589,1080,2026-08-15,P021,5,389.03,COMPLETED
590,1052,2026-08-18,P019,8,13.90,RETURNED
591,1063,2026-08-26,P030,5,372.39,COMPLETED
592,1199,2026-08-19,P013,8,498.92,RETURNED
593,1105,2026-08-25,P002,4,83.78,COMPLETED
594,1178,2026-08-18,P001,6,321.61,COMPLETED
595,1187,2026-08-01,P020,7,426.01,COMPLETED
596,1016,2026-08-07,P010,4,215.71,COMPLETED
597,1134,2026-08-03,P027,1,461.42,COMPLETED
598,1130,2026-08-15,P009,2,294.58,CANCELLED
599,1034,2026-08-03,P016,1,223.14,COMPLETED
600,1101,2026-08-09,P045,6,463.76,COMPLETED
601,1020,2026-08-11,P013,8,143.26,COMPLETED
602,1043,2026-08-25,P029,2,86.15,CANCELLED
603,1092,2026-08-11,P050,7,69.16,COMPLETED
604,1031,2026-08-15,P006,5,237.04,COMPLETED
605,1179,2026-08-26,P039,5,414.93,COMPLETED
606,1183,2026-08-07,P016,6,82.68,COMPLETED
607,1067,2026-08-13,P012,1,341.82,COMPLETED
608,1141,2026-08-13,P016,8,282.42,COMPLETED
609,1036,2026-08-15,P008,2,403.91,COMPLETED
610,1103,2026-08-02,P024,4,74.05,COMPLETED
611,1020,2026-08-19,P002,5,459.54,COMPLETED
612,1024,2026-08-07,P022,8,406.56,COMPLETED
613,1147,2026-08-02,P028,8,34.81,CANCELLED
614,1110,2026-08-16,P012,1,197.54,COMPLETED
615,1115,2026-08-07,P010,3,144.74,COMPLETED
616,1128,2026-08-20,P027,4,327.17,RETURNED
617,1099,2026-08-16,P009,1,52.98,CANCELLED
618,1140,2026-08-07,P002,4,319.07,CANCELLED
619,1125,2026-08-26,P023,6,245.05,RETURNED
620,1047,2026-08-17,P002,6,200.31,COMPLETED
621,1200,2026-08-20,P018,4,24.36,COMPLETED
622,1197,2026-08-26,P038,8,269.42,COMPLETED
623,1062,2026-08-06,P018,2,131.45,RETURNED
624,1057,2026-08-27,P037,1,384.38,CANCELLED
625,1152,2026-08-12,P021,3,96.29,COMPLETED
626,1091,2026-08-19,P037,1,354.69,RETURNED
627,1127,2026-08-05,P035,4,419.98,COMPLETED
628,1015,2026-08-06,P015,8,28.60,RETURNED
629,1001,2026-08-08,P022,1,267.96,RETURNED
630,1046,2026-08-07,P021,3,176.97,COMPLETED
631,1037,2026-08-01,P050,3,297.44,COMPLETED
632,1096,2026-08-17,P046,6,480.67,CANCELLED
633,1083,2026-08-19,P009,2,174.91,COMPLETED
634,1125,2026-08-24,P042,7,398.00,COMPLETED
635,1151,2026-08-06,P012,6,119.39,CANCELLED
636,1187,2026-08-10,P001,5,72.40,RETURNED
637,1082,2026-08-13,P040,1,99.22,COMPLETED
638,1037,2026-08-21,P022,2,468.98,COMPLETED
639,1043,2026-08-08,P041,6,491.37,COMPLETED
640,1068,2026-08-27,P014,6,228.85,COMPLETED
641,1028,2026-08-23,P047,2,181.74,COMPLETED
642,1108,2026-08-02,P011,7,224.73,CANCELLED
643,1097,2026-08-16,P007,7,182.10,CANCELLED
644,1019,2026-08-26,P003,4,89.70,COMPLETED
645,1027,2026-08-01,P005,6,137.95,COMPLETED
646,1020,2026-08-06,P036,7,88.84,COMPLETED
647,1111,2026-08-11,P042,8,355.21,COMPLETED
648,1026,2026-08-20,P022,7,86.98,COMPLETED
649,1185,2026-08-07,P047,7,351.63,RETURNED
650,1025,2026-08-09,P004,5,155.73,CANCELLED
651,1093,2026-08-19,P001,8,85.26,CANCELLED
652,1161,2026-08-03,P039,5,413.71,CANCELLED
653,1044,2026-08-07,P041,2,22.61,COMPLETED
654,1079,2026-08-03,P026,8,423.45,CANCELLED
655,1140,2026-08-16,P025,5,54.66,COMPLETED
656,1115,2026-08-12,P003,7,191.01,COMPLETED
657,1069,2026-08-15,P037,8,139.07,COMPLETED
658,1089,2026-08-05,P035,2,52.00,CANCELLED
659,1100,2026-08-25,P034,4,281.26,CANCELLED
660,1061,2026-08-18,P031,8,290.63,COMPLETED
661,1183,2026-08-03,P003,7,452.36,RETURNED
662,1194,2026-08-19,P029,3,68.94,COMPLETED
663,1033,2026-08-06,P003,4,406.15,CANCELLED
664,1161,2026-08-03,P010,7,108.94,RETURNED
665,1018,2026-08-09,P006,6,456.29,CANCELLED
666,1071,2026-08-18,P034,7,280.51,CANCELLED
667,1039,2026-08-01,P010,7,65.13,RETURNED
668,1145,2026-08-19,P050,2,463.21,COMPLETED
669,1089,2026-08-26,P027,5,435.06,COMPLETED
670,1122,2026-08-13,P003,8,290.29,COMPLETED
671,1156,2026-08-09,P044,7,80.49,CANCELLED
672,1085,2026-08-02,P045,7,445.89,COMPLETED
673,1096,2026-08-02,P002,8,461.21,COMPLETED
674,1126,2026-08-27,P045,5,162.37,COMPLETED
675,1191,2026-08-08,P029,3,157.24,COMPLETED
676,1023,2026-08-09,P013,7,306.44,CANCELLED
677,1195,2026-08-07,P034,7,373.06,COMPLETED
678,1041,2026-08-27,P005,1,262.48,COMPLETED
679,1135,2026-08-23,P037,7,76.47,COMPLETED
680,1052,2026-08-06,P004,4,438.84,COMPLETED
681,1093,2026-08-02,P046,8,34.77,COMPLETED
682,1130,2026-08-09,P026,6,413.52,COMPLETED
683,1126,2026-08-22,P039,1,128.55,CANCELLED
684,1090,2026-08-06,P023,8,297.57,COMPLETED
685,1177,2026-08-27,P006,5,376.99,COMPLETED
686,1147,2026-08-01,P050,7,34.33,COMPLETED
687,1069,2026-08-08,P042,4,342.07,CANCELLED
688,1197,2026-08-17,P044,1,433.67,COMPLETED
689,1154,2026-08-16,P001,3,327.21,COMPLETED
690,1182,2026-08-09,P042,5,359.24,COMPLETED
691,1118,2026-08-14,P017,7,427.28,COMPLETED
692,1160,2026-08-15,P026,5,341.83,RETURNED
693,1170,2026-08-04,P024,1,260.64,RETURNED
694,1028,2026-08-21,P031,5,156.25,COMPLETED
695,1071,2026-08-11,P017,5,323.89,COMPLETED
696,1062,2026-08-07,P004,3,263.47,RETURNED
697,1185,2026-08-13,P002,6,343.57,CANCELLED
698,1104,2026-08-10,P025,5,454.39,COMPLETED
699,1183,2026-08-19,P015,4,178.15,RETURNED
700,1172,2026-08-21,P023,8,454.20,RETURNED
701,1143,2026-08-10,P012,3,421.91,COMPLETED
702,1067,2026-08-04,P047,8,72.69,RETURNED
703,1086,2026-08-25,P042,3,473.99,COMPLETED
704,1079,2026-08-08,P027,6,119.43,COMPLETED
705,1119,2026-08-12,P008,5,296.93,CANCELLED
706,1050,2026-08-02,P033,2,241.39,COMPLETED
707,1106,2026-08-22,P004,7,269.62,COMPLETED
708,1146,2026-08-05,P030,4,177.91,COMPLETED
709,1125,2026-08-11,P022,3,391.68,COMPLETED
710,1071,2026-08-11,P014,1,12.31,COMPLETED
711,1196,2026-08-19,P050,3,249.89,COMPLETED
712,1104,2026-08-05,P028,7,320.41,CANCELLED
713,1052,2026-08-13,P047,1,28.49,COMPLETED
714,1136,2026-08-01,P013,6,380.86,COMPLETED
715,1064,2026-08-22,P015,1,317.08,COMPLETED
716,1129,2026-08-10,P038,3,60.33,COMPLETED
717,1077,2026-08-06,P019,2,413.68,CANCELLED
718,1176,2026-08-24,P009,6,222.50,COMPLETED
719,1043,2026-08-16,P026,6,377.56,COMPLETED
720,1034,2026-08-08,P014,4,366.31,COMPLETED
721,1183,2026-08-19,P042,3,70.35,COMPLETED
722,1160,2026-08-13,P004,5,387.91,RETURNED
723,1006,2026-08-02,P004,2,330.25,COMPLETED
724,1141,2026-08-14,P017,8,196.32,CANCELLED
725,1176,2026-08-23,P041,3,110.69,COMPLETED
726,1170,2026-08-10,P034,7,334.22,COMPLETED
727,1027,2026-08-20,P033,3,215.22,RETURNED
728,1028,2026-08-04,P032,5,65.87,COMPLETED
729,1134,2026-08-20,P013,4,391.20,COMPLETED
730,1011,2026-08-23,P036,7,154.72,CANCELLED
731,1001,2026-08-07,P001,8,172.00,COMPLETED
732,1024,2026-08-04,P050,8,83.08,RETURNED
733,1165,2026-08-03,P015,2,453.34,CANCELLED
734,1026,2026-08-10,P012,5,237.50,COMPLETED
735,1081,2026-08-10,P028,6,402.78,COMPLETED
736,1036,2026-08-04,P043,1,14.74,COMPLETED
737,1160,2026-08-11,P018,6,448.32,COMPLETED
738,1103,2026-08-12,P026,6,99.61,CANCELLED
739,1123,2026-08-09,P027,7,348.05,COMPLETED
740,1016,2026-08-04,P011,3,351.12,COMPLETED
741,1174,2026-08-14,P029,8,403.11,COMPLETED
742,1157,2026-08-20,P002,7,391.79,COMPLETED
743,1106,2026-08-16,P029,8,65.34,COMPLETED
744,1004,2026-08-03,P046,5,330.94,RETURNED
745,1172,2026-08-25,P022,4,489.17,RETURNED
746,1187,2026-08-17,P016,2,222.10,CANCELLED
747,1143,2026-08-12,P040,7,82.84,COMPLETED
748,1121,2026-08-01,P032,3,257.73,COMPLETED
749,1085,2026-08-03,P018,8,167.11,COMPLETED
750,1097,2026-08-17,P026,4,279.74,COMPLETED
751,1147,2026-08-03,P029,8,227.65,COMPLETED
752,1128,2026-08-16,P048,8,164.87,COMPLETED
753,1143,2026-08-04,P036,7,212.05,COMPLETED
754,1159,2026-08-27,P041,2,397.97,COMPLETED
755,1117,2026-08-17,P022,4,330.75,COMPLETED
756,1117,2026-08-27,P022,1,410.13,RETURNED
757,1094,2026-08-25,P046,8,361.16,CANCELLED
758,1057,2026-08-04,P001,2,382.07,COMPLETED
759,1096,2026-08-12,P045,5,278.37,COMPLETED
760,1184,2026-08-02,P048,3,251.29,CANCELLED
761,1049,2026-08-04,P008,5,309.32,CANCELLED
762,1049,2026-08-07,P046,8,414.03,COMPLETED
763,1163,2026-08-04,P044,7,32.79,RETURNED
764,1151,2026-08-04,P033,8,234.12,COMPLETED
765,1013,2026-08-16,P036,1,269.88,CANCELLED
766,1200,2026-08-27,P012,8,462.94,RETURNED
767,1169,2026-08-06,P039,3,60.74,RETURNED
768,1156,2026-08-11,P045,7,215.15,COMPLETED
769,1076,2026-08-09,P029,7,482.16,COMPLETED
770,1192,2026-08-05,P033,7,305.24,COMPLETED
771,1142,2026-08-27,P041,6,358.82,COMPLETED
772,1075,2026-08-07,P044,4,315.84,COMPLETED
773,1167,2026-08-22,P012,3,490.85,RETURNED
774,1195,2026-08-18,P023,6,358.07,RETURNED
775,1137,2026-08-16,P019,7,340.38,CANCELLED
776,1007,2026-08-26,P025,1,266.14,COMPLETED
777,1193,2026-08-02,P011,1,107.95,COMPLETED
778,1016,2026-08-22,P045,5,81.75,COMPLETED
779,1116,2026-08-07,P007,1,185.75,RETURNED
780,1144,2026-08-22,P025,4,373.78,COMPLETED
781,1013,2026-08-17,P025,5,349.54,CANCELLED
782,1014,2026-08-14,P001,6,483.26,COMPLETED
783,1163,2026-08-07,P046,8,416.69,COMPLETED
784,1050,2026-08-25,P019,4,390.31,CANCELLED
785,1045,2026-08-06,P048,2,101.62,RETURNED
786,1072,2026-08-04,P036,7,29.91,COMPLETED
787,1066,2026-08-05,P001,3,296.15,COMPLETED
788,1083,2026-08-15,P039,3,29.57,COMPLETED
789,1147,2026-08-25,P036,5,250.37,COMPLETED
790,1048,2026-08-03,P034,6,267.44,COMPLETED
791,1138,2026-08-26,P026,3,213.81,COMPLETED
792,1170,2026-08-12,P022,4,442.86,COMPLETED
793,1193,2026-08-12,P040,5,117.04,RETURNED
794,1089,2026-08-16,P029,1,66.21,COMPLETED
795,1175,2026-08-21,P021,4,479.86,CANCELLED
796,1139,2026-08-26,P047,2,199.08,COMPLETED
797,1131,2026-08-01,P029,6,262.01,CANCELLED
798,1050,2026-08-02,P021,5,450.16,RETURNED
799,1198,2026-08-03,P035,2,92.02,RETURNED
800,1162,2026-08-01,P050,2,113.28,COMPLETED
801,1053,2026-08-22,P035,7,419.48,CANCELLED
802,1040,2026-08-21,P002,2,375.98,CANCELLED
803,1019,2026-08-23,P004,6,28.56,COMPLETED
804,1148,2026-08-26,P015,5,283.46,COMPLETED
805,1104,2026-08-14,P028,7,231.05,COMPLETED
806,1137,2026-08-01,P001,7,339.92,RETURNED
807,1019,2026-08-03,P023,1,353.43,RETURNED
808,1078,2026-08-04,P039,5,395.58,COMPLETED
809,1170,2026-08-10,P002,8,196.89,CANCELLED
810,1101,2026-08-06,P035,4,76.83,COMPLETED
811,1187,2026-08-21,P042,3,156.05,COMPLETED
812,1002,2026-08-01,P037,3,70.39,RETURNED
813,1192,2026-08-13,P048,2,159.30,COMPLETED
814,1132,2026-08-07,P010,7,453.76,COMPLETED
815,1065,2026-08-06,P013,4,312.27,COMPLETED
816,1141,2026-08-06,P030,1,427.18,RETURNED
817,1065,2026-08-03,P007,5,339.13,COMPLETED
818,1092,2026-08-24,P009,8,476.25,COMPLETED
819,1050,2026-08-04,P021,5,313.56,CANCELLED
820,1079,2026-08-15,P045,6,312.01,RETURNED
821,1110,2026-08-05,P011,6,405.77,COMPLETED
822,1183,2026-08-11,P048,4,394.97,CANCELLED
823,1188,2026-08-09,P022,6,75.81,CANCELLED
824,1079,2026-08-15,P032,8,185.78,RETURNED
825,1021,2026-08-04,P018,3,326.32,COMPLETED
826,1161,2026-08-18,P005,4,138.98,COMPLETED
827,1149,2026-08-01,P026,1,408.19,RETURNED
828,1140,2026-08-07,P035,1,280.28,CANCELLED
829,1058,2026-08-21,P050,3,189.25,RETURNED
830,1129,2026-08-24,P033,5,75.60,COMPLETED
831,1170,2026-08-13,P016,6,256.06,RETURNED
832,1036,2026-08-22,P029,3,381.03,COMPLETED
833,1124,2026-08-06,P023,3,370.60,COMPLETED
834,1068,2026-08-08,P024,8,123.56,COMPLETED
835,1093,2026-08-02,P025,4,263.76,CANCELLED
836,1167,2026-08-15,P021,1,29.55,COMPLETED
837,1068,2026-08-23,P038,5,419.09,RETURNED
838,1097,2026-08-19,P024,3,194.56,RETURNED
839,1097,2026-08-21,P015,2,263.16,RETURNED
840,1089,2026-08-13,P032,6,410.45,CANCELLED
841,1036,2026-08-20,P029,1,255.90,COMPLETED
842,1072,2026-08-08,P014,2,262.13,COMPLETED
843,1184,2026-08-06,P008,3,187.49,COMPLETED
844,1124,2026-08-14,P044,6,362.93,CANCELLED
845,1166,2026-08-16,P027,4,299.49,COMPLETED
846,1152,2026-08-08,P011,1,72.66,COMPLETED
847,1038,2026-08-21,P004,1,446.49,COMPLETED
848,1104,2026-08-09,P039,3,263.15,RETURNED
849,1187,2026-08-21,P043,1,440.47,COMPLETED
850,1121,2026-08-03,P031,4,230.11,COMPLETED
851,1150,2026-08-08,P050,7,304.41,COMPLETED
852,1176,2026-08-20,P022,5,92.18,CANCELLED
853,1099,2026-08-20,P009,2,122.61,COMPLETED
854,1130,2026-08-01,P044,4,266.13,CANCELLED
855,1046,2026-08-27,P031,3,306.70,RETURNED
856,1137,2026-08-20,P033,1,440.10,COMPLETED
857,1155,2026-08-03,P035,8,333.10,COMPLETED
858,1095,2026-08-25,P003,7,265.80,RETURNED
859,1124,2026-08-14,P050,4,469.83,CANCELLED
860,1066,2026-08-12,P031,2,218.49,COMPLETED
861,1140,2026-08-03,P027,5,303.16,COMPLETED
862,1002,2026-08-07,P037,1,357.48,RETURNED
863,1053,2026-08-04,P045,1,193.76,COMPLETED
864,1110,2026-08-14,P042,6,62.23,RETURNED
865,1109,2026-08-09,P037,5,428.94,COMPLETED
866,1102,2026-08-20,P049,5,495.98,COMPLETED
867,1144,2026-08-14,P036,8,97.57,CANCELLED
868,1199,2026-08-09,P046,5,293.05,CANCELLED
869,1169,2026-08-24,P008,3,428.95,COMPLETED
870,1131,2026-08-15,P026,3,59.14,COMPLETED
871,1163,2026-08-26,P001,1,88.76,COMPLETED
872,1154,2026-08-27,P028,3,241.12,COMPLETED
873,1021,2026-08-03,P039,5,118.67,COMPLETED
874,1103,2026-08-24,P040,7,466.04,RETURNED
875,1045,2026-08-10,P041,1,473.40,CANCELLED
876,1169,2026-08-15,P034,1,108.84,COMPLETED
877,1131,2026-08-07,P034,1,394.14,COMPLETED
878,1093,2026-08-20,P016,3,340.27,COMPLETED
879,1200,2026-08-06,P026,2,498.44,COMPLETED
880,1052,2026-08-22,P034,7,208.67,COMPLETED
881,1141,2026-08-24,P019,2,460.40,RETURNED
882,1071,2026-08-19,P015,6,180.26,RETURNED
883,1148,2026-08-07,P001,8,465.56,COMPLETED
884,1144,2026-08-06,P005,7,258.06,RETURNED
885,1132,2026-08-10,P017,6,474.04,RETURNED
886,1097,2026-08-27,P037,5,350.15,CANCELLED
887,1199,2026-08-25,P030,4,381.16,CANCELLED
888,1067,2026-08-19,P005,1,246.17,CANCELLED
889,1059,2026-08-21,P021,4,341.69,CANCELLED
890,1068,2026-08-12,P016,1,353.40,COMPLETED
891,1088,2026-08-03,P005,7,340.11,RETURNED
892,1056,2026-08-06,P037,8,163.80,COMPLETED
893,1052,2026-08-06,P016,4,254.51,COMPLETED
894,1064,2026-08-09,P040,4,122.31,COMPLETED
895,1021,2026-08-05,P044,2,68.74,CANCELLED
896,1139,2026-08-20,P003,1,384.48,CANCELLED
897,1148,2026-08-12,P018,6,251.25,CANCELLED
898,1193,2026-08-06,P037,5,204.96,COMPLETED
899,1139,2026-08-02,P003,7,244.38,RETURNED
900,1199,2026-08-12,P012,7,431.60,CANCELLED
901,1003,2026-08-04,P001,8,164.67,COMPLETED
902,1157,2026-08-13,P017,2,169.46,COMPLETED
903,1121,2026-08-18,P040,5,126.20,COMPLETED
904,1054,2026-08-12,P027,3,254.40,COMPLETED
905,1047,2026-08-12,P037,7,147.02,COMPLETED
906,1185,2026-08-19,P018,4,408.95,COMPLETED
907,1051,2026-08-18,P010,7,429.59,COMPLETED
908,1128,2026-08-16,P009,1,96.54,RETURNED
909,1077,2026-08-18,P017,6,394.81,RETURNED
910,1177,2026-08-19,P011,1,205.22,COMPLETED
911,1162,2026-08-07,P007,5,243.50,CANCELLED
912,1093,2026-08-24,P036,6,137.29,RETURNED
913,1106,2026-08-26,P008,5,178.63,COMPLETED
914,1167,2026-08-22,P042,4,292.66,RETURNED
915,1173,2026-08-06,P033,5,184.00,CANCELLED
916,1098,2026-08-25,P040,8,445.92,COMPLETED
917,1164,2026-08-15,P022,3,435.45,CANCELLED
918,1019,2026-08-21,P006,7,425.96,COMPLETED
919,1168,2026-08-11,P019,4,163.61,COMPLETED
920,1114,2026-08-20,P050,7,142.91,COMPLETED
921,1048,2026-08-24,P002,8,212.85,COMPLETED
922,1191,2026-08-24,P045,4,334.39,COMPLETED
923,1025,2026-08-07,P005,3,204.55,CANCELLED
924,1102,2026-08-18,P034,1,22.92,COMPLETED
925,1022,2026-08-04,P042,5,312.87,CANCELLED
926,1073,2026-08-10,P029,4,131.22,COMPLETED
927,1170,2026-08-05,P023,3,24.00,COMPLETED
928,1139,2026-08-16,P018,8,487.74,RETURNED
929,1179,2026-08-15,P035,3,485.08,COMPLETED
930,1163,2026-08-19,P037,8,319.21,CANCELLED
931,1124,2026-08-17,P035,5,455.37,COMPLETED
932,1094,2026-08-26,P027,2,226.51,COMPLETED
933,1134,2026-08-05,P049,5,15.17,COMPLETED
934,1003,2026-08-12,P045,5,239.91,CANCELLED
935,1197,2026-08-25,P028,8,156.81,COMPLETED
936,1141,2026-08-20,P024,4,400.42,COMPLETED
937,1042,2026-08-14,P046,7,203.43,CANCELLED
938,1021,2026-08-27,P028,7,118.09,COMPLETED
939,1191,2026-08-17,P035,5,149.49,COMPLETED
940,1047,2026-08-14,P009,4,428.21,COMPLETED
941,1070,2026-08-04,P045,8,312.69,RETURNED
942,1039,2026-08-16,P004,4,167.12,RETURNED
943,1073,2026-08-01,P018,3,486.44,COMPLETED
944,1060,2026-08-23,P006,8,366.28,COMPLETED
945,1108,2026-08-01,P020,8,116.42,CANCELLED
946,1009,2026-08-12,P022,8,351.50,COMPLETED
947,1199,2026-08-27,P026,3,37.46,COMPLETED
948,1065,2026-08-18,P025,8,98.99,COMPLETED
949,1114,2026-08-04,P016,4,198.55,COMPLETED
950,1025,2026-08-07,P034,8,370.31,COMPLETED
951,1080,2026-08-16,P021,7,343.91,COMPLETED
952,1141,2026-08-21,P034,1,374.92,COMPLETED
953,1051,2026-08-09,P024,8,322.87,COMPLETED
954,1061,2026-08-22,P041,4,486.90,CANCELLED
955,1071,2026-08-11,P038,1,92.01,COMPLETED
956,1011,2026-08-13,P038,4,14.38,CANCELLED
957,1023,2026-08-23,P016,3,191.99,COMPLETED
958,1087,2026-08-16,P049,2,346.11,COMPLETED
959,1180,2026-08-02,P035,6,325.84,COMPLETED
960,1143,2026-08-05,P042,8,124.01,COMPLETED
961,1006,2026-08-26,P045,8,369.26,CANCELLED
962,1011,2026-08-12,P032,3,132.84,CANCELLED
963,1126,2026-08-18,P013,5,275.94,RETURNED
964,1120,2026-08-06,P018,6,168.60,RETURNED
965,1040,2026-08-18,P029,3,43.75,COMPLETED
966,1117,2026-08-27,P001,5,275.39,RETURNED
967,1159,2026-08-13,P024,3,442.64,RETURNED
968,1169,2026-08-08,P035,6,363.29,CANCELLED
969,1040,2026-08-07,P040,8,385.21,COMPLETED
970,1029,2026-08-11,P007,7,324.04,RETURNED
971,1034,2026-08-22,P012,2,31.45,COMPLETED
972,1026,2026-08-07,P003,2,247.83,RETURNED
973,1135,2026-08-21,P040,7,332.38,RETURNED
974,1156,2026-08-09,P046,1,189.51,COMPLETED
975,1021,2026-08-01,P030,4,331.32,COMPLETED
976,1182,2026-08-12,P004,7,412.79,RETURNED
977,1078,2026-08-09,P005,1,369.81,COMPLETED
978,1060,2026-08-17,P035,2,59.60,CANCELLED
979,1064,2026-08-07,P037,4,267.83,COMPLETED
980,1197,2026-08-18,P041,7,375.59,RETURNED
981,1110,2026-08-12,P007,8,354.25,COMPLETED
982,1130,2026-08-26,P022,3,279.48,COMPLETED
983,1081,2026-08-18,P036,8,467.42,COMPLETED
984,1111,2026-08-12,P047,7,384.45,COMPLETED
985,1055,2026-08-20,P025,4,285.94,RETURNED
986,1116,2026-08-24,P029,5,186.40,CANCELLED
987,1153,2026-08-01,P002,1,491.65,RETURNED
988,1057,2026-08-05,P014,5,13.22,COMPLETED
989,1131,2026-08-01,P036,5,460.36,RETURNED
990,1118,2026-08-19,P023,3,56.20,COMPLETED
991,1150,2026-08-05,P016,5,189.87,COMPLETED
992,1103,2026-08-09,P037,5,55.03,COMPLETED
993,1124,2026-08-24,P012,2,364.55,CANCELLED
994,1077,2026-08-27,P003,2,301.66,RETURNED
995,1198,2026-08-13,P022,2,392.26,COMPLETED
996,1031,2026-08-27,P050,7,214.10,COMPLETED
997,1162,2026-08-24,P025,1,320.60,COMPLETED
998,1145,2026-08-10,P010,1,166.47,COMPLETED
999,1173,2026-08-17,P047,4,85.07,CANCELLED
1000,1075,2026-08-15,P026,2,118.82,COMPLETED
1001,1147,2026-08-05,P048,6,50.45,COMPLETED
1002,1103,2026-08-18,P033,7,138.65,CANCELLED
1003,1124,2026-08-25,P036,3,383.40,COMPLETED
1004,1051,2026-08-16,P036,7,329.60,RETURNED
1005,1069,2026-08-24,P050,4,128.73,CANCELLED
1006,1106,2026-08-11,P028,2,65.14,COMPLETED
1007,1153,2026-08-12,P042,4,167.16,COMPLETED
1008,1090,2026-08-25,P040,5,92.94,CANCELLED
1009,1060,2026-08-20,P013,3,225.83,COMPLETED
1010,1014,2026-08-05,P016,2,65.06,RETURNED
1011,1178,2026-08-05,P008,5,16.73,COMPLETED
1012,1054,2026-08-15,P048,8,21.15,RETURNED
1013,1193,2026-08-07,P017,4,277.75,RETURNED
1014,1172,2026-08-16,P002,3,350.58,CANCELLED
1015,1016,2026-08-19,P019,1,135.17,COMPLETED
1016,1168,2026-08-26,P001,5,36.01,COMPLETED
1017,1169,2026-08-13,P024,5,334.86,COMPLETED
1018,1167,2026-08-01,P025,5,435.03,COMPLETED
1019,1125,2026-08-13,P039,2,452.90,RETURNED
1020,1118,2026-08-03,P036,3,107.45,COMPLETED
1021,1079,2026-08-02,P022,4,461.91,CANCELLED
1022,1176,2026-08-13,P023,3,19.00,COMPLETED
1023,1129,2026-08-21,P018,5,125.74,COMPLETED
1024,1008,2026-08-21,P036,5,440.55,COMPLETED
1025,1101,2026-08-08,P043,3,177.48,COMPLETED
1026,1174,2026-08-03,P040,7,265.15,COMPLETED
1027,1110,2026-08-14,P020,4,290.72,RETURNED
1028,1053,2026-08-11,P042,8,275.69,COMPLETED
1029,1080,2026-08-19,P045,4,432.67,RETURNED
1030,1198,2026-08-05,P010,7,497.89,RETURNED
1031,1137,2026-08-06,P047,6,43.23,COMPLETED
1032,1038,2026-08-06,P047,6,421.37,COMPLETED
1033,1106,2026-08-25,P027,6,441.26,COMPLETED
1034,1049,2026-08-15,P007,5,84.46,COMPLETED
1035,1157,2026-08-06,P040,1,383.60,COMPLETED
1036,1060,2026-08-20,P044,4,302.22,COMPLETED
1037,1123,2026-08-12,P009,2,347.19,RETURNED
1038,1096,2026-08-20,P012,8,358.89,CANCELLED
1039,1050,2026-08-16,P015,8,77.38,COMPLETED
1040,1106,2026-08-14,P015,1,463.46,COMPLETED
1041,1113,2026-08-25,P040,4,42.41,CANCELLED
1042,1064,2026-08-23,P028,6,434.72,CANCELLED
1043,1098,2026-08-25,P047,1,307.89,COMPLETED
1044,1116,2026-08-13,P030,1,265.12,COMPLETED
1045,1011,2026-08-08,P036,7,492.08,CANCELLED
1046,1113,2026-08-17,P026,1,103.03,COMPLETED
1047,1109,2026-08-25,P019,5,236.06,RETURNED
1048,1166,2026-08-02,P029,3,237.15,COMPLETED
1049,1150,2026-08-24,P045,2,98.09,RETURNED
1050,1116,2026-08-05,P002,7,212.64,COMPLETED
1051,1024,2026-08-15,P017,4,442.45,COMPLETED
1052,1032,2026-08-23,P006,3,362.00,COMPLETED
1053,1022,2026-08-23,P034,8,320.70,CANCELLED
1054,1098,2026-08-24,P003,3,195.55,COMPLETED
1055,1038,2026-08-11,P012,3,89.44,COMPLETED
1056,1197,2026-08-14,P029,5,161.66,COMPLETED
1057,1034,2026-08-21,P013,3,67.60,COMPLETED
1058,1128,2026-08-20,P032,5,15.98,RETURNED
1059,1127,2026-08-26,P016,1,307.91,COMPLETED
1060,1114,2026-08-19,P006,8,232.33,RETURNED
1061,1141,2026-08-20,P018,1,129.91,RETURNED
1062,1038,2026-08-21,P004,4,33.97,COMPLETED
1063,1171,2026-08-02,P037,3,428.38,RETURNED
1064,1013,2026-08-10,P007,6,460.99,CANCELLED
1065,1157,2026-08-06,P043,3,339.32,RETURNED
1066,1192,2026-08-19,P038,3,483.48,COMPLETED
1067,1083,2026-08-02,P024,2,386.57,CANCELLED
1068,1141,2026-08-27,P005,2,381.64,COMPLETED
1069,1071,2026-08-16,P022,3,69.79,RETURNED
1070,1157,2026-08-14,P004,4,350.96,COMPLETED
1071,1177,2026-08-19,P039,2,246.99,COMPLETED
1072,1148,2026-08-14,P040,6,137.23,COMPLETED
1073,1162,2026-08-05,P032,8,264.66,CANCELLED
1074,1060,2026-08-26,P046,3,443.00,COMPLETED
1075,1120,2026-08-07,P041,1,67.92,COMPLETED
1076,1107,2026-08-24,P027,4,401.79,COMPLETED
1077,1164,2026-08-11,P014,6,284.60,COMPLETED
1078,1066,2026-08-21,P005,4,348.11,COMPLETED
1079,1030,2026-08-10,P044,6,385.85,COMPLETED
1080,1158,2026-08-11,P002,7,364.95,COMPLETED
1081,1173,2026-08-07,P031,6,418.57,CANCELLED
1082,1124,2026-08-26,P010,1,326.37,CANCELLED
1083,1106,2026-08-18,P048,6,236.61,COMPLETED
1084,1174,2026-08-27,P021,5,286.82,RETURNED
1085,1176,2026-08-18,P022,1,112.05,COMPLETED
1086,1008,2026-08-03,P022,3,147.43,CANCELLED
1087,1100,2026-08-21,P012,3,289.78,RETURNED
1088,1081,2026-08-04,P046,5,355.58,COMPLETED
1089,1061,2026-08-09,P024,7,52.53,CANCELLED
1090,1078,2026-08-27,P012,5,115.91,COMPLETED
1091,1024,2026-08-12,P029,1,391.12,RETURNED
1092,1040,2026-08-01,P013,8,453.43,COMPLETED
1093,1037,2026-08-16,P050,5,390.01,COMPLETED
1094,1010,2026-08-27,P030,3,110.54,CANCELLED
1095,1012,2026-08-23,P044,2,12.01,RETURNED
1096,1012,2026-08-03,P007,6,238.77,RETURNED
1097,1195,2026-08-25,P020,5,21.02,COMPLETED
1098,1071,2026-08-11,P035,4,104.35,COMPLETED
1099,1070,2026-08-25,P010,8,338.85,COMPLETED
1100,1160,2026-08-09,P036,2,17.48,RETURNED
1101,1141,2026-08-04,P021,4,275.84,COMPLETED
1102,1044,2026-08-05,P005,5,291.30,COMPLETED
1103,1013,2026-08-20,P009,6,274.88,COMPLETED
1104,1014,2026-08-16,P006,1,61.90,CANCELLED
1105,1152,2026-08-13,P041,3,355.29,CANCELLED
1106,1051,2026-08-20,P046,6,163.10,RETURNED
1107,1024,2026-08-03,P045,8,288.22,CANCELLED
1108,1165,2026-08-04,P046,8,162.09,CANCELLED
1109,1037,2026-08-16,P040,4,474.25,COMPLETED
1110,1171,2026-08-12,P022,7,99.84,COMPLETED
1111,1122,2026-08-15,P008,8,24.83,COMPLETED
1112,1073,2026-08-16,P050,8,424.43,COMPLETED
1113,1104,2026-08-20,P046,3,258.90,COMPLETED
1114,1137,2026-08-11,P030,2,398.29,CANCELLED
1115,1063,2026-08-19,P036,7,126.90,COMPLETED
1116,1054,2026-08-16,P045,7,42.37,RETURNED
1117,1088,2026-08-14,P035,7,287.93,COMPLETED
1118,1183,2026-08-06,P037,2,372.29,CANCELLED
1119,1025,2026-08-04,P029,8,169.44,COMPLETED
1120,1028,2026-08-10,P044,7,44.11,RETURNED
1121,1166,2026-08-25,P043,7,170.43,COMPLETED
1122,1149,2026-08-03,P049,4,410.35,COMPLETED
1123,1116,2026-08-25,P035,3,333.83,COMPLETED
1124,1175,2026-08-13,P021,8,105.88,COMPLETED
1125,1112,2026-08-19,P046,5,460.07,COMPLETED
1126,1131,2026-08-03,P026,1,309.63,COMPLETED
1127,1141,2026-08-10,P004,1,190.92,COMPLETED
1128,1073,2026-08-23,P002,6,63.75,COMPLETED
1129,1183,2026-08-14,P025,7,316.36,CANCELLED
1130,1170,2026-08-13,P012,7,277.11,CANCELLED
1131,1093,2026-08-05,P027,4,282.16,COMPLETED
1132,1019,2026-08-10,P042,3,75.80,COMPLETED
1133,1035,2026-08-05,P006,8,332.38,COMPLETED
1134,1179,2026-08-21,P039,7,431.47,CANCELLED
1135,1109,2026-08-20,P036,3,232.65,CANCELLED
1136,1109,2026-08-13,P039,6,120.61,COMPLETED
1137,1061,2026-08-19,P046,8,424.93,RETURNED
1138,1148,2026-08-09,P024,7,464.02,COMPLETED
1139,1029,2026-08-02,P038,8,355.39,CANCELLED
1140,1188,2026-08-23,P034,2,79.62,COMPLETED
1141,1157,2026-08-15,P006,2,266.44,COMPLETED
1142,1139,2026-08-16,P038,2,345.20,COMPLETED
1143,1137,2026-08-20,P050,1,452.76,COMPLETED
1144,1121,2026-08-16,P037,8,261.20,COMPLETED
1145,1076,2026-08-14,P019,6,480.68,COMPLETED
1146,1145,2026-08-02,P017,5,366.22,COMPLETED
1147,1147,2026-08-21,P004,8,293.29,COMPLETED
1148,1022,2026-08-26,P009,1,150.54,RETURNED
1149,1158,2026-08-03,P018,5,133.50,COMPLETED
1150,1155,2026-08-09,P012,1,373.30,RETURNED
1151,1095,2026-08-24,P012,3,332.99,COMPLETED
1152,1136,2026-08-26,P003,4,247.61,COMPLETED
1153,1040,2026-08-03,P032,3,301.82,CANCELLED
1154,1113,2026-08-25,P047,7,126.59,COMPLETED
1155,1068,2026-08-07,P049,6,36.62,COMPLETED
1156,1122,2026-08-02,P020,3,237.37,CANCELLED
1157,1181,2026-08-24,P025,4,196.10,CANCELLED
1158,1112,2026-08-09,P001,3,269.92,COMPLETED
1159,1081,2026-08-26,P034,8,197.18,COMPLETED
1160,1111,2026-08-04,P040,6,478.53,COMPLETED
1161,1026,2026-08-11,P017,5,140.87,RETURNED
1162,1192,2026-08-13,P016,8,388.84,RETURNED
1163,1174,2026-08-25,P045,4,264.78,COMPLETED
1164,1018,2026-08-11,P001,1,339.67,CANCELLED
1165,1090,2026-08-04,P015,2,345.89,COMPLETED
1166,1159,2026-08-09,P006,4,26.68,COMPLETED
1167,1164,2026-08-20,P008,4,475.74,COMPLETED
1168,1196,2026-08-03,P042,3,194.22,RETURNED
1169,1179,2026-08-26,P012,3,449.04,COMPLETED
1170,1020,2026-08-10,P041,8,333.63,CANCELLED
1171,1171,2026-08-09,P050,7,349.19,COMPLETED
1172,1071,2026-08-09,P050,3,392.56,COMPLETED
1173,1016,2026-08-13,P017,7,173.00,COMPLETED
1174,1052,2026-08-06,P040,8,44.01,CANCELLED
1175,1139,2026-08-06,P050,8,63.13,CANCELLED
1176,1184,2026-08-07,P017,2,457.18,COMPLETED
1177,1187,2026-08-02,P017,2,44.50,CANCELLED
1178,1164,2026-08-01,P001,8,82.94,COMPLETED
1179,1180,2026-08-22,P022,7,140.55,CANCELLED
1180,1198,2026-08-19,P032,1,262.54,CANCELLED
1181,1200,2026-08-14,P005,7,423.58,RETURNED
1182,1177,2026-08-08,P050,1,198.37,CANCELLED
1183,1078,2026-08-04,P026,6,173.39,COMPLETED
1184,1088,2026-08-21,P006,2,189.02,CANCELLED
1185,1046,2026-08-25,P036,5,327.42,COMPLETED
1186,1100,2026-08-13,P007,4,156.45,COMPLETED
1187,1113,2026-08-16,P048,2,443.75,COMPLETED
1188,1185,2026-08-05,P038,1,104.62,COMPLETED
1189,1139,2026-08-16,P042,7,40.87,COMPLETED
1190,1005,2026-08-16,P003,8,483.62,COMPLETED
1191,1011,2026-08-02,P026,6,396.01,COMPLETED
1192,1138,2026-08-07,P010,8,470.64,RETURNED
1193,1037,2026-08-08,P032,2,28.07,COMPLETED
1194,1167,2026-08-16,P009,1,128.91,COMPLETED
1195,1025,2026-08-06,P030,1,453.28,RETURNED
1196,1028,2026-08-06,P008,2,410.72,CANCELLED
1197,1052,2026-08-20,P028,4,40.92,COMPLETED
1198,1176,2026-08-26,P037,7,168.88,RETURNED
1199,1055,2026-08-05,P049,6,419.85,COMPLETED
1200,1031,2026-08-19,P018,3,174.40,COMPLETED
1201,1095,2026-08-25,P036,7,92.34,COMPLETED
1202,1011,2026-08-15,P009,4,463.58,COMPLETED
1203,1005,2026-08-26,P032,7,391.05,COMPLETED
1204,1023,2026-08-01,P046,1,97.91,RETURNED
1205,1198,2026-08-10,P031,7,349.82,COMPLETED
1206,1134,2026-08-07,P029,3,323.51,CANCELLED
1207,1010,2026-08-08,P039,3,309.16,COMPLETED
1208,1023,2026-08-23,P041,8,309.90,COMPLETED
1209,1061,2026-08-12,P013,7,12.24,COMPLETED
1210,1195,2026-08-17,P035,2,313.27,RETURNED
1211,1169,2026-08-08,P014,8,387.46,COMPLETED
1212,1039,2026-08-02,P044,4,65.21,CANCELLED
1213,1012,2026-08-16,P004,3,88.28,COMPLETED
1214,1086,2026-08-10,P040,4,222.99,CANCELLED
1215,1138,2026-08-02,P012,2,372.80,COMPLETED
1216,1030,2026-08-26,P005,1,247.68,COMPLETED
1217,1084,2026-08-24,P027,8,300.43,COMPLETED
1218,1029,2026-08-24,P021,6,122.73,COMPLETED
1219,1052,2026-08-04,P025,4,371.50,COMPLETED
1220,1014,2026-08-03,P028,8,296.70,COMPLETED
1221,1096,2026-08-07,P009,8,97.25,CANCELLED
1222,1070,2026-08-24,P013,4,319.69,COMPLETED
1223,1016,2026-08-05,P018,1,349.18,COMPLETED
1224,1044,2026-08-04,P049,8,234.70,COMPLETED
1225,1164,2026-08-08,P040,5,305.78,COMPLETED
1226,1134,2026-08-19,P032,4,52.37,COMPLETED
1227,1072,2026-08-19,P001,8,420.12,CANCELLED
1228,1112,2026-08-24,P038,4,131.44,COMPLETED
1229,1002,2026-08-19,P027,3,457.74,COMPLETED
1230,1130,2026-08-02,P003,8,369.40,CANCELLED
1231,1179,2026-08-17,P007,7,244.84,CANCELLED
1232,1193,2026-08-16,P001,4,50.71,CANCELLED
1233,1062,2026-08-07,P042,3,185.62,COMPLETED
1234,1042,2026-08-01,P046,8,337.83,CANCELLED
1235,1119,2026-08-19,P050,1,488.45,COMPLETED
1236,1095,2026-08-23,P041,7,100.62,CANCELLED
1237,1019,2026-08-23,P025,1,431.59,COMPLETED
1238,1193,2026-08-17,P018,1,155.33,RETURNED
1239,1021,2026-08-18,P040,4,395.97,COMPLETED
1240,1173,2026-08-24,P024,1,262.22,COMPLETED
1241,1159,2026-08-04,P003,7,189.14,COMPLETED
1242,1181,2026-08-12,P005,3,327.60,RETURNED
1243,1086,2026-08-23,P016,4,77.82,RETURNED
1244,1193,2026-08-04,P038,8,371.32,COMPLETED
1245,1069,2026-08-25,P033,4,167.03,CANCELLED
1246,1089,2026-08-09,P029,1,41.05,CANCELLED
1247,1137,2026-08-17,P044,2,240.38,RETURNED
1248,1173,2026-08-10,P045,8,314.27,COMPLETED
1249,1101,2026-08-07,P012,8,52.78,COMPLETED
1250,1029,2026-08-03,P045,2,90.74,COMPLETED
1251,1134,2026-08-16,P041,3,438.75,COMPLETED
1252,1139,2026-08-10,P009,7,485.09,CANCELLED
1253,1166,2026-08-12,P002,7,227.49,COMPLETED
1254,1060,2026-08-07,P034,2,20.80,COMPLETED
1255,1084,2026-08-14,P032,6,331.32,RETURNED
1256,1146,2026-08-22,P009,8,234.42,COMPLETED
1257,1096,2026-08-06,P019,5,121.12,COMPLETED
1258,1043,2026-08-05,P040,6,149.35,COMPLETED
1259,1045,2026-08-23,P046,5,99.32,COMPLETED
1260,1082,2026-08-06,P037,4,67.29,COMPLETED
1261,1053,2026-08-15,P036,5,191.14,COMPLETED
1262,1038,2026-08-22,P024,6,489.23,CANCELLED
1263,1032,2026-08-18,P002,3,271.49,CANCELLED
1264,1082,2026-08-16,P010,3,474.42,COMPLETED
1265,1076,2026-08-24,P031,6,327.15,COMPLETED
1266,1187,2026-08-25,P029,3,401.79,COMPLETED
1267,1011,2026-08-23,P009,2,368.50,RETURNED
1268,1159,2026-08-04,P015,5,22.15,CANCELLED
1269,1156,2026-08-12,P042,2,169.92,COMPLETED
1270,1197,2026-08-19,P018,4,392.83,COMPLETED
1271,1115,2026-08-01,P044,2,273.82,COMPLETED
1272,1082,2026-08-17,P039,7,105.28,RETURNED
1273,1093,2026-08-17,P026,1,455.14,COMPLETED
1274,1096,2026-08-23,P001,7,191.12,COMPLETED
1275,1115,2026-08-12,P036,6,160.96,COMPLETED
1276,1107,2026-08-07,P029,8,373.35,COMPLETED
1277,1107,2026-08-06,P009,7,367.02,RETURNED
1278,1078,2026-08-20,P031,2,80.38,RETURNED
1279,1152,2026-08-11,P049,2,467.24,CANCELLED
1280,1070,2026-08-03,P027,1,210.64,COMPLETED
1281,1194,2026-08-18,P009,8,358.02,COMPLETED
1282,1126,2026-08-06,P003,7,151.84,COMPLETED
1283,1190,2026-08-27,P030,5,252.11,COMPLETED
1284,1077,2026-08-01,P041,1,85.47,CANCELLED
1285,1126,2026-08-04,P045,5,214.41,COMPLETED
1286,1127,2026-08-01,P005,2,384.71,RETURNED
1287,1145,2026-08-24,P028,6,294.72,COMPLETED
1288,1031,2026-08-21,P024,8,487.39,RETURNED
1289,1042,2026-08-24,P038,1,424.19,COMPLETED
1290,1178,2026-08-05,P009,6,235.91,COMPLETED
1291,1108,2026-08-06,P041,1,143.61,COMPLETED
1292,1164,2026-08-02,P005,5,152.92,RETURNED
1293,1154,2026-08-07,P049,3,384.70,COMPLETED
1294,1176,2026-08-18,P020,6,437.50,COMPLETED
1295,1149,2026-08-22,P023,6,56.96,COMPLETED
1296,1096,2026-08-01,P050,3,263.90,CANCELLED
1297,1042,2026-08-14,P007,6,461.24,COMPLETED
1298,1144,2026-08-05,P040,4,417.47,RETURNED
1299,1020,2026-08-18,P008,2,214.50,COMPLETED
1300,1177,2026-08-01,P024,8,180.62,COMPLETED
1301,1153,2026-08-27,P034,8,445.97,COMPLETED
1302,1031,2026-08-06,P015,5,24.09,COMPLETED
1303,1079,2026-08-23,P009,3,347.14,COMPLETED
1304,1196,2026-08-05,P008,2,218.15,COMPLETED
1305,1011,2026-08-01,P013,8,381.09,COMPLETED
1306,1065,2026-08-02,P003,1,239.85,COMPLETED
1307,1032,2026-08-10,P039,1,379.73,COMPLETED
1308,1090,2026-08-19,P002,4,100.54,COMPLETED
1309,1090,2026-08-05,P023,5,474.91,COMPLETED
1310,1018,2026-08-17,P007,4,257.41,RETURNED
1311,1184,2026-08-25,P013,1,269.13,COMPLETED
1312,1026,2026-08-06,P014,1,487.05,RETURNED
1313,1151,2026-08-23,P012,8,189.57,CANCELLED
1314,1091,2026-08-22,P025,2,98.62,CANCELLED
1315,1195,2026-08-07,P021,4,209.71,COMPLETED
1316,1127,2026-08-15,P049,2,264.67,COMPLETED
1317,1011,2026-08-23,P006,5,282.99,COMPLETED
1318,1117,2026-08-16,P039,2,198.54,COMPLETED
1319,1105,2026-08-22,P019,8,120.68,CANCELLED
1320,1122,2026-08-07,P044,2,448.43,COMPLETED
1321,1126,2026-08-06,P044,1,499.37,COMPLETED
1322,1174,2026-08-13,P006,8,266.10,COMPLETED
1323,1152,2026-08-05,P007,7,206.31,COMPLETED
1324,1087,2026-08-03,P013,6,487.85,RETURNED
1325,1109,2026-08-13,P047,2,124.11,CANCELLED
1326,1165,2026-08-09,P026,5,380.59,COMPLETED
1327,1131,2026-08-16,P018,7,493.89,COMPLETED
1328,1065,2026-08-25,P032,8,62.94,CANCELLED
1329,1189,2026-08-08,P004,3,24.56,COMPLETED
1330,1098,2026-08-16,P039,1,486.32,COMPLETED
1331,1025,2026-08-05,P049,5,314.76,COMPLETED
1332,1052,2026-08-22,P019,8,398.44,CANCELLED
1333,1139,2026-08-16,P035,5,275.79,COMPLETED
1334,1031,2026-08-25,P025,1,495.45,CANCELLED
1335,1010,2026-08-11,P003,7,226.85,COMPLETED
1336,1043,2026-08-18,P032,5,443.50,CANCELLED
1337,1125,2026-08-05,P049,5,360.70,COMPLETED
1338,1176,2026-08-19,P035,8,333.44,RETURNED
1339,1041,2026-08-16,P033,8,285.51,COMPLETED
1340,1097,2026-08-13,P040,5,252.40,COMPLETED
1341,1008,2026-08-25,P038,5,167.04,COMPLETED
1342,1190,2026-08-05,P038,6,180.95,COMPLETED
1343,1110,2026-08-25,P023,6,196.48,COMPLETED
1344,1063,2026-08-14,P016,6,37.66,COMPLETED
1345,1177,2026-08-21,P005,5,300.34,COMPLETED
1346,1138,2026-08-04,P021,6,93.19,COMPLETED
1347,1108,2026-08-15,P018,7,288.34,COMPLETED
1348,1082,2026-08-23,P025,8,298.11,RETURNED
1349,1126,2026-08-13,P007,6,290.54,COMPLETED
1350,1196,2026-08-11,P043,8,256.36,COMPLETED
1351,1112,2026-08-06,P013,5,188.03,CANCELLED
1352,1138,2026-08-21,P014,2,421.79,COMPLETED
1353,1147,2026-08-09,P026,1,155.69,COMPLETED
1354,1149,2026-08-20,P007,2,361.68,RETURNED
1355,1136,2026-08-11,P031,5,42.96,CANCELLED
1356,1167,2026-08-07,P020,6,399.87,RETURNED
1357,1139,2026-08-26,P021,5,222.13,COMPLETED
1358,1132,2026-08-14,P030,7,133.12,RETURNED
1359,1133,2026-08-06,P012,1,317.64,RETURNED
1360,1191,2026-08-16,P030,4,333.80,COMPLETED
1361,1187,2026-08-21,P041,7,467.97,COMPLETED
1362,1038,2026-08-17,P016,4,188.49,COMPLETED
1363,1106,2026-08-24,P021,5,423.62,COMPLETED
1364,1069,2026-08-21,P019,4,424.52,COMPLETED
1365,1030,2026-08-09,P010,4,208.87,COMPLETED
1366,1080,2026-08-01,P030,4,400.55,CANCELLED
1367,1010,2026-08-18,P013,7,216.79,COMPLETED
1368,1072,2026-08-09,P043,3,24.28,RETURNED
1369,1125,2026-08-06,P002,1,482.26,COMPLETED
1370,1017,2026-08-03,P027,6,304.78,COMPLETED
1371,1186,2026-08-22,P009,2,204.48,COMPLETED
1372,1149,2026-08-04,P050,2,265.76,RETURNED
1373,1061,2026-08-09,P039,8,443.44,COMPLETED
1374,1150,2026-08-25,P048,6,171.35,CANCELLED
1375,1056,2026-08-26,P010,4,468.40,COMPLETED
1376,1113,2026-08-06,P027,4,485.26,COMPLETED
1377,1096,2026-08-19,P045,1,250.28,COMPLETED
1378,1064,2026-08-11,P018,7,242.68,COMPLETED
1379,1079,2026-08-12,P002,8,360.68,RETURNED
1380,1172,2026-08-02,P016,1,348.43,COMPLETED
1381,1180,2026-08-18,P024,7,161.54,COMPLETED
1382,1100,2026-08-18,P001,4,430.25,CANCELLED
1383,1194,2026-08-09,P016,5,54.22,COMPLETED
1384,1162,2026-08-07,P021,3,458.79,CANCELLED
1385,1021,2026-08-26,P050,1,144.28,CANCELLED
1386,1086,2026-08-16,P046,7,463.98,CANCELLED
1387,1179,2026-08-27,P017,2,413.96,RETURNED
1388,1187,2026-08-03,P036,6,216.23,COMPLETED
1389,1165,2026-08-15,P042,1,383.37,COMPLETED
1390,1035,2026-08-21,P001,8,397.60,CANCELLED
1391,1022,2026-08-07,P008,5,163.72,COMPLETED
1392,1176,2026-08-08,P027,3,425.01,COMPLETED
1393,1035,2026-08-15,P017,8,438.02,COMPLETED
1394,1051,2026-08-22,P006,6,401.77,CANCELLED
1395,1097,2026-08-12,P037,3,202.81,COMPLETED
1396,1166,2026-08-01,P040,1,462.33,COMPLETED
1397,1180,2026-08-03,P011,8,107.15,COMPLETED
1398,1039,2026-08-13,P006,7,304.19,COMPLETED
1399,1135,2026-08-06,P028,2,16.92,CANCELLED
1400,1183,2026-08-27,P014,8,68.07,COMPLETED
1401,1127,2026-08-27,P025,5,151.10,COMPLETED
1402,1073,2026-08-14,P047,4,304.04,COMPLETED
1403,1038,2026-08-14,P002,3,210.18,COMPLETED
1404,1064,2026-08-09,P024,4,312.66,RETURNED
1405,1121,2026-08-22,P009,8,52.01,COMPLETED
1406,1183,2026-08-23,P025,7,346.56,CANCELLED
1407,1143,2026-08-24,P004,5,45.80,COMPLETED
1408,1091,2026-08-11,P039,4,240.76,RETURNED
1409,1130,2026-08-23,P040,1,12.63,CANCELLED
1410,1034,2026-08-10,P036,7,338.92,COMPLETED
1411,1129,2026-08-19,P032,3,137.54,COMPLETED
1412,1182,2026-08-15,P034,3,53.93,CANCELLED
1413,1012,2026-08-05,P009,5,67.25,CANCELLED
1414,1111,2026-08-27,P019,5,376.43,COMPLETED
1415,1112,2026-08-20,P011,5,263.32,COMPLETED
1416,1039,2026-08-24,P036,8,384.20,CANCELLED
1417,1059,2026-08-02,P012,4,82.82,COMPLETED
1418,1120,2026-08-16,P028,5,90.14,COMPLETED
1419,1182,2026-08-16,P036,1,226.34,CANCELLED
1420,1185,2026-08-15,P010,8,65.12,COMPLETED
1421,1073,2026-08-12,P012,2,109.83,COMPLETED
1422,1170,2026-08-24,P038,5,285.99,COMPLETED
1423,1147,2026-08-19,P012,1,267.75,CANCELLED
1424,1174,2026-08-03,P007,4,386.44,COMPLETED
1425,1175,2026-08-01,P008,5,343.84,CANCELLED
1426,1040,2026-08-12,P002,2,420.12,COMPLETED
1427,1069,2026-08-15,P039,8,232.49,COMPLETED
1428,1116,2026-08-11,P021,1,331.52,RETURNED
1429,1165,2026-08-05,P019,4,433.01,COMPLETED
1430,1141,2026-08-26,P039,1,374.46,CANCELLED
1431,1062,2026-08-03,P050,7,135.03,CANCELLED
1432,1042,2026-08-03,P025,1,427.65,CANCELLED
1433,1126,2026-08-10,P028,3,69.09,COMPLETED
1434,1025,2026-08-22,P024,3,185.93,RETURNED
1435,1100,2026-08-07,P031,8,228.27,COMPLETED
1436,1109,2026-08-19,P024,7,54.21,RETURNED
1437,1024,2026-08-06,P003,7,319.04,RETURNED
1438,1166,2026-08-11,P044,8,341.46,COMPLETED
1439,1112,2026-08-16,P006,2,152.44,CANCELLED
1440,1176,2026-08-10,P020,3,492.25,COMPLETED
1441,1013,2026-08-17,P036,7,154.79,COMPLETED
1442,1106,2026-08-02,P007,2,260.22,CANCELLED
1443,1150,2026-08-22,P006,5,184.17,RETURNED
1444,1119,2026-08-01,P012,2,372.85,COMPLETED
1445,1107,2026-08-27,P046,7,32.18,COMPLETED
1446,1116,2026-08-11,P040,8,381.10,COMPLETED
1447,1021,2026-08-11,P048,3,113.42,RETURNED
1448,1005,2026-08-09,P001,2,222.56,CANCELLED
1449,1123,2026-08-04,P030,1,94.15,CANCELLED
1450,1158,2026-08-22,P024,8,158.37,CANCELLED
1451,1035,2026-08-26,P001,5,52.94,COMPLETED
1452,1049,2026-08-04,P002,1,351.06,COMPLETED
1453,1112,2026-08-16,P041,3,328.37,RETURNED
1454,1119,2026-08-07,P010,2,157.45,CANCELLED
1455,1040,2026-08-14,P048,1,67.06,CANCELLED
1456,1116,2026-08-16,P038,8,19.62,COMPLETED
1457,1101,2026-08-07,P004,5,289.02,COMPLETED
1458,1183,2026-08-01,P028,2,318.90,CANCELLED
1459,1103,2026-08-16,P032,5,28.14,RETURNED
1460,1016,2026-08-19,P034,8,123.63,COMPLETED
1461,1069,2026-08-14,P042,6,281.10,CANCELLED
1462,1166,2026-08-16,P023,2,252.45,CANCELLED
1463,1074,2026-08-23,P047,7,20.20,COMPLETED
1464,1130,2026-08-16,P015,6,224.67,RETURNED
1465,1184,2026-08-22,P043,6,461.65,CANCELLED
1466,1100,2026-08-05,P027,5,364.27,COMPLETED
1467,1042,2026-08-26,P040,8,401.88,COMPLETED
1468,1034,2026-08-10,P012,2,336.86,COMPLETED
1469,1107,2026-08-06,P032,8,59.44,COMPLETED
1470,1005,2026-08-08,P023,4,282.85,COMPLETED
1471,1129,2026-08-12,P003,3,95.61,COMPLETED
1472,1059,2026-08-11,P008,7,65.84,RETURNED
1473,1088,2026-08-08,P023,8,136.33,COMPLETED
1474,1177,2026-08-25,P033,5,449.20,RETURNED
1475,1113,2026-08-22,P030,2,356.14,COMPLETED
1476,1011,2026-08-04,P033,2,413.57,COMPLETED
1477,1093,2026-08-06,P011,2,436.73,COMPLETED
1478,1128,2026-08-23,P047,8,383.36,COMPLETED
1479,1036,2026-08-05,P008,6,173.96,COMPLETED
1480,1002,2026-08-15,P016,7,386.92,CANCELLED
1481,1022,2026-08-11,P018,5,257.46,COMPLETED
1482,1171,2026-08-23,P016,7,186.72,COMPLETED
1483,1036,2026-08-25,P028,7,395.74,CANCELLED
1484,1133,2026-08-14,P044,8,476.40,COMPLETED
1485,1003,2026-08-01,P046,8,81.34,RETURNED
1486,1103,2026-08-03,P050,2,175.77,COMPLETED
1487,1010,2026-08-14,P043,1,202.70,COMPLETED
1488,1183,2026-08-19,P043,1,489.09,RETURNED
1489,1175,2026-08-10,P045,7,206.98,RETURNED
1490,1003,2026-08-10,P018,6,455.52,RETURNED
1491,1115,2026-08-20,P042,3,353.14,COMPLETED
1492,1167,2026-08-18,P026,8,351.76,COMPLETED
1493,1086,2026-08-10,P025,2,28.12,COMPLETED
1494,1131,2026-08-17,P036,5,114.73,COMPLETED
1495,1041,2026-08-17,P002,6,380.95,COMPLETED
1496,1199,2026-08-26,P020,5,128.26,CANCELLED
1497,1096,2026-08-17,P017,2,368.67,RETURNED
1498,1167,2026-08-12,P008,2,33.39,CANCELLED
1499,1061,2026-08-10,P048,1,232.04,RETURNED
1500,1073,2026-08-19,P043,4,181.67,RETURNED
1501,1134,2026-08-22,P048,3,360.03,COMPLETED
1502,1050,2026-08-04,P050,6,263.06,COMPLETED
1503,1109,2026-08-15,P027,2,81.81,COMPLETED
1504,1034,2026-08-03,P031,1,218.19,COMPLETED
1505,1135,2026-08-15,P026,2,190.95,RETURNED
1506,1150,2026-08-18,P032,7,437.29,CANCELLED
1507,1107,2026-08-15,P011,8,368.54,COMPLETED
1508,1118,2026-08-17,P009,3,247.53,RETURNED
1509,1117,2026-08-17,P031,2,350.29,COMPLETED
1510,1095,2026-08-24,P008,3,472.59,RETURNED
1511,1147,2026-08-14,P019,2,69.22,COMPLETED
1512,1079,2026-08-17,P024,3,67.69,COMPLETED
1513,1037,2026-08-10,P010,8,23.71,RETURNED
1514,1079,2026-08-14,P019,1,469.04,COMPLETED
1515,1141,2026-08-06,P023,8,11.02,COMPLETED
1516,1080,2026-08-02,P037,7,245.78,CANCELLED
1517,1185,2026-08-11,P039,7,242.86,COMPLETED
1518,1118,2026-08-25,P049,3,257.33,CANCELLED
1519,1187,2026-08-22,P021,8,83.00,COMPLETED
1520,1102,2026-08-26,P022,7,199.75,RETURNED
1521,1166,2026-08-02,P006,8,370.60,COMPLETED
1522,1198,2026-08-23,P046,1,290.28,COMPLETED
1523,1022,2026-08-18,P013,2,325.52,RETURNED
1524,1134,2026-08-18,P013,1,479.07,CANCELLED
1525,1137,2026-08-17,P012,1,68.94,COMPLETED
1526,1181,2026-08-09,P038,4,130.19,CANCELLED
1527,1012,2026-08-03,P032,6,206.88,COMPLETED
1528,1007,2026-08-11,P034,7,98.45,COMPLETED
1529,1026,2026-08-13,P035,5,54.60,COMPLETED
1530,1197,2026-08-10,P006,3,99.51,COMPLETED
1531,1016,2026-08-10,P040,7,342.52,COMPLETED
1532,1077,2026-08-06,P025,1,359.52,COMPLETED
1533,1083,2026-08-11,P017,3,212.28,CANCELLED
1534,1062,2026-08-27,P049,2,35.42,RETURNED
1535,1193,2026-08-19,P033,4,251.56,CANCELLED
1536,1119,2026-08-04,P036,5,39.71,CANCELLED
1537,1163,2026-08-03,P015,8,24.16,COMPLETED
1538,1143,2026-08-09,P042,2,130.69,COMPLETED
1539,1163,2026-08-10,P033,7,228.53,COMPLETED
1540,1044,2026-08-26,P016,3,192.92,RETURNED
1541,1119,2026-08-14,P040,8,30.48,COMPLETED
1542,1124,2026-08-21,P018,3,10.27,RETURNED
1543,1162,2026-08-09,P014,7,499.63,RETURNED
1544,1190,2026-08-27,P035,5,32.29,RETURNED
1545,1179,2026-08-03,P008,5,53.96,COMPLETED
1546,1054,2026-08-24,P040,5,440.36,RETURNED
1547,1088,2026-08-26,P041,6,443.13,COMPLETED
1548,1170,2026-08-25,P021,8,143.78,COMPLETED
1549,1085,2026-08-07,P002,8,479.91,COMPLETED
1550,1002,2026-08-21,P001,1,308.31,COMPLETED
1551,1138,2026-08-14,P006,8,383.61,COMPLETED
1552,1172,2026-08-18,P029,1,447.36,COMPLETED
1553,1092,2026-08-12,P025,7,415.46,COMPLETED
1554,1095,2026-08-27,P013,1,71.13,CANCELLED
1555,1195,2026-08-01,P018,4,374.14,COMPLETED
1556,1161,2026-08-07,P020,2,409.98,COMPLETED
1557,1010,2026-08-08,P018,8,483.98,CANCELLED
1558,1164,2026-08-23,P026,4,13.50,COMPLETED
1559,1050,2026-08-09,P043,8,93.53,RETURNED
1560,1033,2026-08-22,P048,3,42.03,COMPLETED
1561,1059,2026-08-05,P034,5,467.45,COMPLETED
1562,1178,2026-08-07,P044,1,496.06,RETURNED
1563,1117,2026-08-20,P001,5,343.53,CANCELLED
1564,1083,2026-08-21,P028,1,428.39,CANCELLED
1565,1120,2026-08-09,P032,2,343.29,COMPLETED
1566,1058,2026-08-17,P004,1,443.06,COMPLETED
1567,1101,2026-08-14,P013,8,164.96,COMPLETED
1568,1058,2026-08-03,P045,1,495.23,CANCELLED
1569,1085,2026-08-03,P020,4,106.47,COMPLETED
1570,1111,2026-08-21,P002,2,23.66,RETURNED
1571,1064,2026-08-26,P007,6,421.85,CANCELLED
1572,1086,2026-08-08,P034,6,417.93,COMPLETED
1573,1161,2026-08-03,P029,8,384.41,RETURNED
1574,1009,2026-08-04,P025,2,487.52,COMPLETED
1575,1016,2026-08-23,P029,2,393.50,COMPLETED
1576,1174,2026-08-10,P004,7,42.24,RETURNED
1577,1103,2026-08-02,P007,5,426.47,RETURNED
1578,1154,2026-08-25,P043,7,124.22,RETURNED
1579,1110,2026-08-01,P040,8,198.12,RETURNED
1580,1173,2026-08-04,P002,6,328.95,CANCELLED
1581,1028,2026-08-17,P007,6,298.03,COMPLETED
1582,1050,2026-08-20,P037,2,300.51,COMPLETED
1583,1124,2026-08-21,P047,5,184.14,RETURNED
1584,1012,2026-08-15,P004,3,129.14,COMPLETED
1585,1167,2026-08-10,P049,7,261.43,COMPLETED
1586,1080,2026-08-10,P039,3,82.23,COMPLETED
1587,1133,2026-08-10,P038,6,485.43,COMPLETED
1588,1144,2026-08-02,P004,4,258.48,CANCELLED
1589,1164,2026-08-12,P013,4,488.49,COMPLETED
1590,1178,2026-08-11,P045,4,337.25,CANCELLED
1591,1145,2026-08-20,P022,6,427.48,RETURNED
1592,1027,2026-08-10,P030,7,171.02,COMPLETED
1593,1164,2026-08-16,P015,4,460.78,COMPLETED
1594,1189,2026-08-15,P050,4,127.12,COMPLETED
1595,1048,2026-08-26,P001,7,110.61,COMPLETED
1596,1143,2026-08-01,P008,2,185.36,COMPLETED
1597,1150,2026-08-10,P049,8,105.26,COMPLETED
1598,1073,2026-08-02,P012,1,107.57,COMPLETED
1599,1142,2026-08-09,P016,3,176.51,COMPLETED
1600,1068,2026-08-07,P007,1,96.28,COMPLETED
1601,1029,2026-08-27,P022,3,195.67,COMPLETED
1602,1096,2026-08-10,P043,8,127.67,COMPLETED
1603,1017,2026-08-17,P008,7,440.41,COMPLETED
1604,1097,2026-08-05,P045,4,103.92,COMPLETED
1605,1063,2026-08-11,P003,7,488.72,RETURNED
1606,1076,2026-08-19,P010,4,428.67,COMPLETED
1607,1072,2026-08-08,P009,1,318.43,RETURNED
1608,1021,2026-08-19,P031,8,112.53,RETURNED
1609,1193,2026-08-03,P042,3,259.22,RETURNED
1610,1046,2026-08-12,P021,8,264.26,COMPLETED
1611,1127,2026-08-17,P031,8,360.67,COMPLETED
1612,1150,2026-08-19,P042,7,322.67,COMPLETED
1613,1116,2026-08-07,P016,4,448.49,CANCELLED
1614,1097,2026-08-07,P037,5,218.26,COMPLETED
1615,1022,2026-08-27,P009,6,134.72,COMPLETED
1616,1059,2026-08-10,P038,8,264.22,COMPLETED
1617,1120,2026-08-15,P028,6,218.79,CANCELLED
1618,1098,2026-08-12,P002,8,165.34,COMPLETED
1619,1020,2026-08-15,P023,4,140.16,COMPLETED
1620,1059,2026-08-10,P007,2,395.08,COMPLETED
1621,1052,2026-08-03,P022,6,28.76,COMPLETED
1622,1191,2026-08-22,P050,6,132.51,COMPLETED
1623,1193,2026-08-07,P046,3,499.22,RETURNED
1624,1073,2026-08-09,P023,1,387.34,CANCELLED
1625,1132,2026-08-13,P049,1,241.28,COMPLETED
1626,1192,2026-08-13,P014,4,121.19,CANCELLED
1627,1119,2026-08-08,P022,8,364.03,COMPLETED
1628,1179,2026-08-11,P027,4,220.11,COMPLETED
1629,1008,2026-08-15,P024,8,427.94,COMPLETED
1630,1189,2026-08-19,P001,3,159.73,CANCELLED
1631,1108,2026-08-26,P028,6,176.51,CANCELLED
1632,1006,2026-08-25,P037,5,169.78,COMPLETED
1633,1085,2026-08-05,P037,3,488.85,RETURNED
1634,1053,2026-08-20,P026,7,490.28,COMPLETED
1635,1028,2026-08-18,P022,7,102.29,RETURNED
1636,1027,2026-08-15,P044,5,55.69,RETURNED
1637,1155,2026-08-06,P032,1,414.97,COMPLETED
1638,1099,2026-08-06,P019,4,44.05,COMPLETED
1639,1018,2026-08-08,P030,5,333.19,COMPLETED
1640,1106,2026-08-12,P026,1,94.19,COMPLETED
1641,1123,2026-08-04,P048,3,272.86,COMPLETED
1642,1053,2026-08-13,P020,4,73.67,CANCELLED
1643,1148,2026-08-27,P020,8,87.80,RETURNED
1644,1002,2026-08-07,P010,8,144.97,CANCELLED
1645,1064,2026-08-03,P034,7,306.38,COMPLETED
1646,1148,2026-08-19,P003,8,235.50,COMPLETED
1647,1183,2026-08-10,P020,8,179.92,CANCELLED
1648,1046,2026-08-20,P040,3,213.38,CANCELLED
1649,1047,2026-08-15,P045,7,456.31,RETURNED
1650,1012,2026-08-04,P016,7,352.34,COMPLETED
1651,1018,2026-08-09,P045,5,336.66,COMPLETED
1652,1142,2026-08-16,P008,7,496.27,COMPLETED
1653,1200,2026-08-03,P021,2,257.15,CANCELLED
1654,1130,2026-08-15,P003,3,133.86,CANCELLED
1655,1173,2026-08-01,P048,2,323.04,CANCELLED
1656,1050,2026-08-13,P026,6,375.52,COMPLETED
1657,1035,2026-08-01,P021,5,66.19,CANCELLED
1658,1141,2026-08-16,P043,8,43.44,COMPLETED
1659,1072,2026-08-23,P011,8,78.73,COMPLETED
1660,1046,2026-08-27,P019,1,307.42,COMPLETED
1661,1172,2026-08-18,P049,7,92.54,COMPLETED
1662,1092,2026-08-22,P012,5,85.21,COMPLETED
1663,1137,2026-08-23,P014,1,447.42,CANCELLED
1664,1134,2026-08-23,P042,1,419.89,COMPLETED
1665,1154,2026-08-13,P001,5,227.55,COMPLETED
1666,1064,2026-08-25,P024,7,385.89,COMPLETED
1667,1008,2026-08-07,P001,2,17.86,COMPLETED
1668,1017,2026-08-27,P015,4,343.18,COMPLETED
1669,1012,2026-08-26,P027,3,364.77,RETURNED
1670,1161,2026-08-04,P013,6,168.11,RETURNED
1671,1031,2026-08-07,P015,7,470.07,COMPLETED
1672,1004,2026-08-04,P026,6,168.45,COMPLETED
1673,1057,2026-08-01,P005,7,114.26,COMPLETED
1674,1056,2026-08-21,P027,6,31.53,COMPLETED
1675,1027,2026-08-25,P046,8,491.72,RETURNED
1676,1025,2026-08-26,P039,3,133.45,COMPLETED
1677,1198,2026-08-21,P045,7,342.17,COMPLETED
1678,1177,2026-08-11,P021,3,321.32,CANCELLED
1679,1150,2026-08-03,P029,6,18.65,CANCELLED
1680,1181,2026-08-17,P001,4,256.68,COMPLETED
1681,1189,2026-08-01,P028,2,161.34,COMPLETED
1682,1096,2026-08-20,P032,2,39.36,COMPLETED
1683,1165,2026-08-07,P003,3,194.12,COMPLETED
1684,1085,2026-08-24,P009,8,372.24,COMPLETED
1685,1107,2026-08-11,P042,1,265.23,COMPLETED
1686,1188,2026-08-25,P022,1,122.21,COMPLETED
1687,1171,2026-08-08,P016,4,274.26,COMPLETED
1688,1047,2026-08-20,P029,7,265.52,COMPLETED
1689,1050,2026-08-03,P004,8,44.29,COMPLETED
1690,1152,2026-08-07,P036,3,54.96,COMPLETED
1691,1120,2026-08-08,P020,2,218.86,COMPLETED
1692,1046,2026-08-24,P039,4,130.01,COMPLETED
1693,1163,2026-08-10,P013,5,292.45,COMPLETED
1694,1093,2026-08-26,P026,8,49.21,CANCELLED
1695,1130,2026-08-06,P040,8,226.27,CANCELLED
1696,1124,2026-08-25,P002,3,411.61,CANCELLED
1697,1077,2026-08-14,P039,2,381.84,RETURNED
1698,1119,2026-08-05,P020,3,136.07,CANCELLED
1699,1124,2026-08-10,P005,7,285.45,COMPLETED
1700,1049,2026-08-05,P001,8,105.90,COMPLETED
1701,1107,2026-08-17,P026,6,250.81,COMPLETED
1702,1151,2026-08-13,P005,8,160.83,CANCELLED
1703,1145,2026-08-02,P011,2,198.56,COMPLETED
1704,1198,2026-08-25,P049,7,478.98,COMPLETED
1705,1095,2026-08-17,P045,8,321.14,COMPLETED
1706,1189,2026-08-21,P016,7,463.99,COMPLETED
1707,1093,2026-08-16,P041,1,461.52,COMPLETED
1708,1117,2026-08-23,P044,3,138.05,COMPLETED
1709,1170,2026-08-09,P011,4,305.05,COMPLETED
1710,1099,2026-08-04,P026,2,325.75,RETURNED
1711,1043,2026-08-03,P028,4,439.24,COMPLETED
1712,1137,2026-08-23,P043,5,255.32,CANCELLED
1713,1193,2026-08-19,P047,5,369.63,COMPLETED
1714,1069,2026-08-04,P048,6,408.97,COMPLETED
1715,1002,2026-08-24,P011,7,352.51,CANCELLED
1716,1179,2026-08-01,P027,2,44.22,RETURNED
1717,1044,2026-08-14,P012,5,369.19,COMPLETED
1718,1047,2026-08-06,P033,3,107.03,COMPLETED
1719,1016,2026-08-15,P048,4,100.96,COMPLETED
1720,1105,2026-08-26,P029,4,137.08,RETURNED
1721,1022,2026-08-04,P025,3,49.11,COMPLETED
1722,1150,2026-08-09,P016,2,177.65,CANCELLED
1723,1069,2026-08-16,P049,2,14.66,COMPLETED
1724,1134,2026-08-22,P001,1,57.45,CANCELLED
1725,1122,2026-08-20,P049,5,466.74,COMPLETED
1726,1175,2026-08-20,P022,7,174.91,COMPLETED
1727,1171,2026-08-27,P026,4,471.09,CANCELLED
1728,1085,2026-08-20,P007,1,487.90,COMPLETED
1729,1036,2026-08-15,P002,7,365.36,RETURNED
1730,1193,2026-08-04,P016,5,476.02,COMPLETED
1731,1170,2026-08-15,P013,8,262.31,COMPLETED
1732,1093,2026-08-21,P003,6,18.15,COMPLETED
1733,1125,2026-08-22,P026,8,124.44,RETURNED
1734,1122,2026-08-26,P043,2,180.68,COMPLETED
1735,1050,2026-08-24,P046,7,153.99,COMPLETED
1736,1023,2026-08-17,P020,1,72.65,RETURNED
1737,1030,2026-08-15,P031,3,449.24,RETURNED
1738,1193,2026-08-08,P043,4,113.70,COMPLETED
1739,1008,2026-08-04,P011,7,496.75,COMPLETED
1740,1066,2026-08-13,P043,5,117.98,CANCELLED
1741,1137,2026-08-22,P041,2,336.08,CANCELLED
1742,1148,2026-08-03,P050,6,437.25,RETURNED
1743,1184,2026-08-03,P048,6,194.74,CANCELLED
1744,1058,2026-08-21,P017,7,406.14,COMPLETED
1745,1088,2026-08-10,P048,2,64.58,RETURNED
1746,1033,2026-08-07,P021,2,290.69,CANCELLED
1747,1152,2026-08-19,P035,1,162.29,COMPLETED
1748,1094,2026-08-13,P044,7,166.63,COMPLETED
1749,1003,2026-08-17,P035,4,62.23,CANCELLED
1750,1076,2026-08-11,P015,3,409.91,CANCELLED
1751,1073,2026-08-22,P010,8,82.24,COMPLETED
1752,1177,2026-08-20,P008,6,161.36,COMPLETED
1753,1056,2026-08-23,P032,8,319.23,COMPLETED
1754,1086,2026-08-23,P010,7,38.82,COMPLETED
1755,1014,2026-08-24,P050,4,353.20,COMPLETED
1756,1169,2026-08-16,P011,7,156.56,COMPLETED
1757,1174,2026-08-18,P031,7,175.33,COMPLETED
1758,1136,2026-08-25,P047,7,201.62,COMPLETED
1759,1141,2026-08-10,P026,4,353.54,COMPLETED
1760,1149,2026-08-05,P004,6,378.61,COMPLETED
1761,1114,2026-08-15,P045,3,292.81,CANCELLED
1762,1192,2026-08-10,P013,3,112.79,COMPLETED
1763,1038,2026-08-12,P025,2,342.38,CANCELLED
1764,1025,2026-08-22,P023,3,463.73,CANCELLED
1765,1132,2026-08-06,P042,1,67.50,COMPLETED
1766,1161,2026-08-19,P047,7,485.17,CANCELLED
1767,1102,2026-08-08,P032,1,68.21,COMPLETED
1768,1097,2026-08-23,P050,3,329.87,COMPLETED
1769,1167,2026-08-25,P025,8,433.80,COMPLETED
1770,1031,2026-08-21,P008,8,189.99,COMPLETED
1771,1131,2026-08-04,P015,8,324.29,COMPLETED
1772,1191,2026-08-19,P007,8,144.13,RETURNED
1773,1166,2026-08-06,P045,7,247.25,CANCELLED
1774,1017,2026-08-10,P046,3,58.73,RETURNED
1775,1006,2026-08-06,P026,7,408.31,RETURNED
1776,1150,2026-08-27,P035,8,41.33,COMPLETED
1777,1031,2026-08-25,P012,4,483.18,RETURNED
1778,1115,2026-08-23,P021,3,12.61,COMPLETED
1779,1168,2026-08-02,P011,3,291.79,COMPLETED
1780,1009,2026-08-18,P006,5,427.21,COMPLETED
1781,1140,2026-08-17,P011,5,188.14,CANCELLED
1782,1012,2026-08-22,P034,1,131.69,COMPLETED
1783,1126,2026-08-22,P045,8,78.53,COMPLETED
1784,1131,2026-08-17,P014,6,307.02,COMPLETED
1785,1049,2026-08-22,P010,1,126.18,COMPLETED
1786,1155,2026-08-27,P036,4,479.14,COMPLETED
1787,1187,2026-08-19,P040,6,145.92,CANCELLED
1788,1167,2026-08-03,P011,5,137.73,CANCELLED
1789,1174,2026-08-15,P028,2,472.92,COMPLETED
1790,1188,2026-08-18,P018,4,44.57,COMPLETED
1791,1166,2026-08-23,P033,6,286.18,RETURNED
1792,1081,2026-08-06,P028,7,412.57,CANCELLED
1793,1032,2026-08-01,P035,4,47.99,COMPLETED
1794,1164,2026-08-22,P006,7,42.32,COMPLETED
1795,1058,2026-08-11,P018,5,81.70,COMPLETED
1796,1057,2026-08-04,P025,7,489.95,COMPLETED
1797,1187,2026-08-26,P020,2,96.11,RETURNED
1798,1090,2026-08-27,P045,8,56.81,RETURNED
1799,1013,2026-08-10,P011,5,307.66,COMPLETED
1800,1190,2026-08-25,P044,7,98.53,RETURNED
1801,1033,2026-08-18,P017,7,243.66,COMPLETED
1802,1037,2026-08-22,P025,3,332.21,RETURNED
1803,1186,2026-08-24,P041,5,35.90,COMPLETED
1804,1108,2026-08-23,P046,4,342.33,CANCELLED
1805,1120,2026-08-06,P033,8,493.26,COMPLETED
1806,1184,2026-08-09,P015,7,265.09,COMPLETED
1807,1105,2026-08-21,P050,2,474.25,COMPLETED
1808,1062,2026-08-03,P006,2,47.58,COMPLETED
1809,1074,2026-08-19,P036,1,51.45,CANCELLED
1810,1109,2026-08-26,P044,1,481.46,RETURNED
1811,1132,2026-08-24,P044,3,245.03,RETURNED
1812,1158,2026-08-23,P013,2,208.68,COMPLETED
1813,1192,2026-08-23,P023,7,354.27,COMPLETED
1814,1044,2026-08-24,P044,1,307.61,RETURNED
1815,1035,2026-08-08,P033,3,46.81,COMPLETED
1816,1044,2026-08-02,P024,7,252.80,COMPLETED
1817,1197,2026-08-11,P008,4,417.55,COMPLETED
1818,1055,2026-08-10,P001,8,153.84,RETURNED
1819,1165,2026-08-13,P033,4,462.30,COMPLETED
1820,1002,2026-08-15,P040,8,38.17,CANCELLED
1821,1002,2026-08-11,P023,5,183.41,COMPLETED
1822,1111,2026-08-13,P032,6,14.34,COMPLETED
1823,1125,2026-08-03,P001,3,211.25,COMPLETED
1824,1102,2026-08-25,P024,5,120.79,COMPLETED
1825,1138,2026-08-12,P018,7,447.17,COMPLETED
1826,1091,2026-08-15,P048,8,89.30,CANCELLED
1827,1182,2026-08-01,P013,6,442.95,COMPLETED
1828,1102,2026-08-07,P027,5,29.73,COMPLETED
1829,1123,2026-08-02,P043,3,336.44,COMPLETED
1830,1127,2026-08-04,P044,7,249.64,COMPLETED
1831,1190,2026-08-11,P025,7,255.91,COMPLETED
1832,1033,2026-08-04,P010,2,398.43,COMPLETED
1833,1061,2026-08-17,P004,1,386.02,COMPLETED
1834,1075,2026-08-14,P019,1,222.82,CANCELLED
1835,1040,2026-08-03,P047,7,131.40,RETURNED
1836,1030,2026-08-06,P017,4,147.76,COMPLETED
1837,1181,2026-08-22,P007,7,107.22,RETURNED
1838,1152,2026-08-20,P041,3,102.45,COMPLETED
1839,1010,2026-08-08,P018,2,74.82,COMPLETED
1840,1052,2026-08-05,P006,7,18.65,COMPLETED
1841,1180,2026-08-13,P041,7,267.24,COMPLETED
1842,1016,2026-08-08,P033,6,218.78,CANCELLED
1843,1069,2026-08-21,P024,1,159.10,COMPLETED
1844,1013,2026-08-12,P012,7,131.01,COMPLETED
1845,1083,2026-08-01,P014,1,333.61,COMPLETED
1846,1026,2026-08-16,P028,5,455.16,COMPLETED
1847,1078,2026-08-09,P008,8,188.15,COMPLETED
1848,1198,2026-08-22,P009,1,344.65,COMPLETED
1849,1151,2026-08-12,P034,6,374.04,RETURNED
1850,1054,2026-08-12,P038,4,328.62,CANCELLED
1851,1191,2026-08-03,P039,2,73.94,COMPLETED
1852,1115,2026-08-02,P007,4,104.53,COMPLETED
1853,1122,2026-08-18,P049,6,157.72,COMPLETED
1854,1050,2026-08-18,P027,3,31.47,RETURNED
1855,1195,2026-08-23,P036,5,446.88,COMPLETED
1856,1031,2026-08-12,P028,8,318.63,COMPLETED
1857,1129,2026-08-16,P002,7,266.64,COMPLETED
1858,1034,2026-08-20,P019,5,351.39,COMPLETED
1859,1178,2026-08-19,P013,1,399.25,CANCELLED
1860,1193,2026-08-16,P033,2,91.10,CANCELLED
1861,1070,2026-08-18,P014,7,206.42,COMPLETED
1862,1152,2026-08-01,P045,3,290.23,COMPLETED
1863,1185,2026-08-26,P034,8,256.87,COMPLETED
1864,1069,2026-08-10,P036,4,155.22,COMPLETED
1865,1061,2026-08-06,P019,4,32.35,COMPLETED
1866,1072,2026-08-21,P009,3,471.60,COMPLETED
1867,1064,2026-08-26,P014,1,324.78,RETURNED
1868,1162,2026-08-04,P039,1,327.84,COMPLETED
1869,1141,2026-08-11,P017,2,473.75,COMPLETED
1870,1015,2026-08-14,P041,5,169.07,COMPLETED
1871,1072,2026-08-27,P012,6,117.45,COMPLETED
1872,1177,2026-08-01,P025,2,364.08,COMPLETED
1873,1057,2026-08-21,P021,4,410.26,COMPLETED
1874,1060,2026-08-07,P047,7,86.26,CANCELLED
1875,1024,2026-08-12,P032,3,452.06,COMPLETED
1876,1046,2026-08-15,P013,3,409.64,RETURNED
1877,1006,2026-08-16,P020,3,327.31,COMPLETED
1878,1049,2026-08-06,P005,7,346.81,COMPLETED
1879,1166,2026-08-03,P026,7,130.17,COMPLETED
1880,1004,2026-08-24,P039,3,366.11,COMPLETED
1881,1004,2026-08-13,P049,7,20.15,COMPLETED
1882,1069,2026-08-05,P010,4,387.36,RETURNED
1883,1028,2026-08-01,P035,1,479.23,COMPLETED
1884,1123,2026-08-23,P049,2,109.14,RETURNED
1885,1123,2026-08-15,P010,3,160.62,COMPLETED
1886,1032,2026-08-02,P002,5,317.47,COMPLETED
1887,1107,2026-08-04,P010,5,60.26,COMPLETED
1888,1099,2026-08-08,P010,1,121.07,COMPLETED
1889,1176,2026-08-21,P025,5,120.68,COMPLETED
1890,1058,2026-08-16,P007,3,495.48,COMPLETED
1891,1031,2026-08-12,P024,2,311.69,COMPLETED
1892,1136,2026-08-02,P022,3,97.25,RETURNED
1893,1171,2026-08-06,P044,7,83.61,COMPLETED
1894,1027,2026-08-20,P018,5,180.71,CANCELLED
1895,1183,2026-08-22,P005,6,467.11,COMPLETED
1896,1100,2026-08-05,P029,3,166.93,CANCELLED
1897,1110,2026-08-27,P047,2,65.45,COMPLETED
1898,1033,2026-08-05,P012,2,168.30,CANCELLED
1899,1124,2026-08-12,P045,6,252.16,CANCELLED
1900,1168,2026-08-20,P016,6,77.73,CANCELLED
1901,1127,2026-08-14,P035,8,273.99,RETURNED
1902,1149,2026-08-27,P046,4,198.47,CANCELLED
1903,1061,2026-08-17,P024,4,354.52,COMPLETED
1904,1122,2026-08-07,P009,1,187.58,COMPLETED
1905,1200,2026-08-02,P009,6,186.82,COMPLETED
1906,1142,2026-08-15,P027,3,419.27,COMPLETED
1907,1036,2026-08-07,P008,4,37.37,COMPLETED
1908,1109,2026-08-13,P024,1,351.10,COMPLETED
1909,1019,2026-08-23,P031,2,334.75,RETURNED
1910,1037,2026-08-06,P006,1,81.97,COMPLETED
1911,1107,2026-08-03,P010,1,288.90,COMPLETED
1912,1179,2026-08-16,P020,3,376.57,CANCELLED
1913,1166,2026-08-14,P045,6,227.55,COMPLETED
1914,1165,2026-08-10,P003,2,86.38,RETURNED
1915,1003,2026-08-25,P026,3,256.61,CANCELLED
1916,1067,2026-08-22,P037,8,281.54,RETURNED
1917,1041,2026-08-10,P018,4,217.60,COMPLETED
1918,1033,2026-08-17,P048,7,489.18,COMPLETED
1919,1048,2026-08-13,P048,1,117.26,RETURNED
1920,1120,2026-08-20,P031,2,410.11,COMPLETED
1921,1043,2026-08-21,P004,7,415.35,COMPLETED
1922,1028,2026-08-21,P007,7,105.42,COMPLETED
1923,1073,2026-08-12,P011,6,23.74,RETURNED
1924,1003,2026-08-04,P049,2,113.84,COMPLETED
1925,1009,2026-08-07,P016,4,322.81,COMPLETED
1926,1124,2026-08-03,P003,1,286.23,COMPLETED
1927,1003,2026-08-11,P023,2,472.32,COMPLETED
1928,1101,2026-08-13,P047,4,164.09,COMPLETED
1929,1190,2026-08-05,P033,2,172.35,COMPLETED
1930,1098,2026-08-17,P031,3,21.61,RETURNED
1931,1175,2026-08-02,P030,5,89.00,COMPLETED
1932,1060,2026-08-21,P014,2,476.88,COMPLETED
1933,1129,2026-08-25,P034,3,496.77,RETURNED
1934,1034,2026-08-21,P022,6,229.27,COMPLETED
1935,1183,2026-08-12,P050,7,29.61,CANCELLED
1936,1156,2026-08-08,P005,4,498.53,COMPLETED
1937,1004,2026-08-19,P010,8,57.73,COMPLETED
1938,1117,2026-08-18,P021,2,254.47,COMPLETED
1939,1148,2026-08-10,P024,3,43.40,COMPLETED
1940,1198,2026-08-03,P030,2,97.80,COMPLETED
1941,1114,2026-08-16,P042,5,383.94,COMPLETED
1942,1074,2026-08-04,P026,8,29.40,CANCELLED
1943,1132,2026-08-20,P040,3,226.01,COMPLETED
1944,1130,2026-08-12,P029,2,344.28,COMPLETED
1945,1165,2026-08-22,P004,1,314.10,COMPLETED
1946,1027,2026-08-23,P019,1,85.74,CANCELLED
1947,1058,2026-08-06,P025,7,428.38,CANCELLED
1948,1120,2026-08-22,P042,2,180.98,RETURNED
1949,1047,2026-08-27,P047,8,63.47,COMPLETED
1950,1085,2026-08-13,P005,7,107.74,COMPLETED
1951,1190,2026-08-11,P031,8,114.19,COMPLETED
1952,1040,2026-08-09,P031,8,28.76,COMPLETED
1953,1009,2026-08-21,P039,4,166.89,CANCELLED
1954,1122,2026-08-02,P014,6,396.88,COMPLETED
1955,1176,2026-08-07,P028,1,476.80,COMPLETED
1956,1018,2026-08-09,P018,3,50.96,CANCELLED
1957,1116,2026-08-03,P027,5,438.15,RETURNED
1958,1014,2026-08-07,P006,5,100.20,CANCELLED
1959,1090,2026-08-11,P027,5,90.62,CANCELLED
1960,1112,2026-08-16,P023,3,483.14,RETURNED
1961,1153,2026-08-13,P013,1,284.85,COMPLETED
1962,1188,2026-08-24,P048,3,168.63,COMPLETED
1963,1038,2026-08-01,P032,3,449.29,COMPLETED
1964,1185,2026-08-04,P001,7,138.77,CANCELLED
1965,1164,2026-08-27,P038,3,320.80,COMPLETED
1966,1049,2026-08-02,P027,4,375.40,RETURNED
1967,1056,2026-08-25,P023,3,304.46,COMPLETED
1968,1094,2026-08-07,P002,1,191.43,COMPLETED
1969,1167,2026-08-10,P030,2,352.67,CANCELLED
1970,1139,2026-08-14,P028,6,182.58,RETURNED
1971,1046,2026-08-25,P030,6,65.56,CANCELLED
1972,1042,2026-08-12,P035,3,280.85,CANCELLED
1973,1177,2026-08-13,P044,5,424.09,CANCELLED
1974,1026,2026-08-21,P006,5,354.03,COMPLETED
1975,1106,2026-08-03,P007,1,311.97,CANCELLED
1976,1129,2026-08-24,P038,2,320.43,COMPLETED
1977,1055,2026-08-22,P015,5,427.34,CANCELLED
1978,1121,2026-08-18,P008,7,66.11,COMPLETED
1979,1166,2026-08-26,P046,8,212.34,CANCELLED
1980,1130,2026-08-01,P019,6,393.28,COMPLETED
1981,1107,2026-08-22,P044,5,160.62,COMPLETED
1982,1007,2026-08-01,P010,7,26.01,COMPLETED
1983,1147,2026-08-27,P028,6,174.19,COMPLETED
1984,1165,2026-08-18,P026,7,104.40,COMPLETED
1985,1163,2026-08-26,P025,7,73.15,COMPLETED
1986,1112,2026-08-13,P015,6,263.47,COMPLETED
1987,1162,2026-08-23,P037,3,257.09,CANCELLED
1988,1041,2026-08-27,P021,5,420.30,COMPLETED
1989,1003,2026-08-03,P041,2,22.56,RETURNED
1990,1140,2026-08-05,P006,1,312.87,RETURNED
1991,1034,2026-08-13,P030,1,373.75,COMPLETED
1992,1057,2026-08-06,P020,4,329.74,COMPLETED
1993,1097,2026-08-18,P050,4,365.89,COMPLETED
1994,1037,2026-08-22,P041,1,144.73,COMPLETED
1995,1153,2026-08-21,P008,2,64.36,COMPLETED
1996,1047,2026-08-05,P006,5,138.38,COMPLETED
1997,1054,2026-08-16,P026,6,457.23,COMPLETED
1998,1125,2026-08-16,P041,1,212.74,COMPLETED
1999,1081,2026-08-07,P041,7,193.87,CANCELLED
2000,1003,2026-08-26,P012,3,98.11,RETURNED
2001,1088,2026-08-21,P023,1,67.43,CANCELLED
2002,1190,2026-08-20,P017,1,87.61,COMPLETED
2003,1133,2026-08-07,P033,1,272.62,COMPLETED
2004,1056,2026-08-07,P002,6,66.25,COMPLETED
2005,1178,2026-08-05,P009,4,50.89,COMPLETED
2006,1024,2026-08-09,P023,8,107.63,RETURNED
2007,1127,2026-08-21,P028,5,238.85,RETURNED
2008,1051,2026-08-13,P044,4,132.55,COMPLETED
2009,1197,2026-08-13,P038,2,295.99,COMPLETED
2010,1125,2026-08-06,P028,4,477.34,CANCELLED
2011,1160,2026-08-14,P007,5,409.79,RETURNED
2012,1091,2026-08-13,P024,7,107.86,COMPLETED
2013,1131,2026-08-15,P017,3,445.83,RETURNED
2014,1166,2026-08-14,P034,5,305.90,COMPLETED
2015,1083,2026-08-13,P028,1,66.18,COMPLETED
2016,1169,2026-08-12,P024,4,45.59,COMPLETED
2017,1082,2026-08-05,P045,6,69.93,COMPLETED
2018,1146,2026-08-23,P021,6,114.75,COMPLETED
2019,1155,2026-08-18,P014,2,198.94,RETURNED
2020,1184,2026-08-07,P039,2,284.87,COMPLETED
2021,1112,2026-08-19,P021,7,344.24,COMPLETED
2022,1127,2026-08-07,P032,4,34.33,COMPLETED
2023,1116,2026-08-09,P011,7,68.44,RETURNED
2024,1006,2026-08-11,P019,7,125.85,COMPLETED
2025,1073,2026-08-21,P009,1,456.71,CANCELLED
2026,1005,2026-08-02,P005,1,175.32,CANCELLED
2027,1071,2026-08-04,P021,7,364.39,COMPLETED
2028,1081,2026-08-13,P032,2,282.66,RETURNED
2029,1117,2026-08-02,P032,7,156.24,COMPLETED
2030,1027,2026-08-27,P002,6,469.47,COMPLETED
2031,1083,2026-08-02,P045,1,77.98,CANCELLED
2032,1186,2026-08-08,P024,3,53.13,RETURNED
2033,1012,2026-08-01,P008,1,137.25,COMPLETED
2034,1177,2026-08-10,P040,2,139.23,CANCELLED
2035,1150,2026-08-09,P030,3,463.18,COMPLETED
2036,1193,2026-08-05,P038,6,432.33,CANCELLED
2037,1134,2026-08-21,P034,8,337.44,COMPLETED
2038,1072,2026-08-19,P021,8,334.02,CANCELLED
2039,1076,2026-08-08,P046,2,139.27,COMPLETED
2040,1189,2026-08-12,P014,4,333.15,COMPLETED
2041,1004,2026-08-03,P043,8,39.53,COMPLETED
2042,1027,2026-08-15,P022,7,102.08,COMPLETED
2043,1080,2026-08-27,P046,6,382.64,CANCELLED
2044,1028,2026-08-21,P009,3,425.43,COMPLETED
2045,1159,2026-08-12,P033,7,487.78,COMPLETED
2046,1072,2026-08-25,P028,7,102.10,COMPLETED
2047,1148,2026-08-22,P042,5,476.23,COMPLETED
2048,1191,2026-08-05,P008,8,439.34,COMPLETED
2049,1008,2026-08-01,P031,8,101.64,RETURNED
2050,1141,2026-08-15,P006,6,140.13,COMPLETED
2051,1129,2026-08-14,P028,4,83.80,RETURNED
2052,1095,2026-08-11,P007,1,226.26,COMPLETED
2053,1109,2026-08-21,P013,7,368.68,COMPLETED
2054,1071,2026-08-07,P034,7,96.56,RETURNED
2055,1013,2026-08-16,P042,7,63.50,COMPLETED
2056,1010,2026-08-04,P037,4,66.44,COMPLETED
2057,1071,2026-08-08,P015,2,270.74,RETURNED
2058,1026,2026-08-23,P015,7,202.03,COMPLETED
2059,1053,2026-08-16,P023,4,93.80,COMPLETED
2060,1025,2026-08-23,P012,5,369.60,RETURNED
2061,1177,2026-08-23,P016,8,372.15,COMPLETED
2062,1086,2026-08-11,P030,2,91.66,COMPLETED
2063,1006,2026-08-01,P012,8,219.68,COMPLETED
2064,1003,2026-08-03,P039,3,342.81,COMPLETED
2065,1064,2026-08-16,P031,1,249.27,COMPLETED
2066,1075,2026-08-02,P015,1,287.96,RETURNED
2067,1199,2026-08-17,P007,3,379.95,COMPLETED
2068,1189,2026-08-10,P023,6,231.78,RETURNED
2069,1118,2026-08-09,P001,8,134.23,COMPLETED
2070,1199,2026-08-10,P043,6,446.77,RETURNED
2071,1133,2026-08-16,P047,2,142.27,COMPLETED
2072,1169,2026-08-05,P010,7,429.57,COMPLETED
2073,1190,2026-08-16,P045,1,129.74,CANCELLED
2074,1050,2026-08-12,P025,4,374.74,COMPLETED
2075,1135,2026-08-09,P012,8,493.79,COMPLETED
2076,1101,2026-08-22,P038,6,445.12,CANCELLED
2077,1149,2026-08-09,P034,5,103.38,COMPLETED
2078,1117,2026-08-27,P037,2,222.40,COMPLETED
2079,1128,2026-08-10,P044,2,485.04,COMPLETED
2080,1075,2026-08-15,P040,3,266.36,RETURNED
2081,1074,2026-08-22,P005,3,158.79,COMPLETED
2082,1073,2026-08-01,P038,8,30.07,COMPLETED
2083,1111,2026-08-02,P023,8,159.85,COMPLETED
2084,1073,2026-08-02,P033,5,77.48,RETURNED
2085,1037,2026-08-05,P047,2,359.47,COMPLETED
2086,1009,2026-08-14,P031,2,152.49,COMPLETED
2087,1026,2026-08-08,P017,7,217.06,COMPLETED
2088,1112,2026-08-20,P044,5,94.92,COMPLETED
2089,1052,2026-08-26,P017,3,344.83,COMPLETED
2090,1022,2026-08-14,P020,4,157.52,RETURNED
2091,1097,2026-08-21,P028,8,277.46,COMPLETED
2092,1129,2026-08-05,P044,8,350.13,COMPLETED
2093,1108,2026-08-15,P027,6,219.56,CANCELLED
2094,1108,2026-08-01,P006,1,479.17,COMPLETED
2095,1149,2026-08-20,P033,5,395.45,COMPLETED
2096,1101,2026-08-05,P009,5,36.23,CANCELLED
2097,1196,2026-08-22,P034,1,236.78,CANCELLED
2098,1070,2026-08-27,P042,1,51.48,COMPLETED
2099,1145,2026-08-11,P031,2,412.75,COMPLETED
2100,1173,2026-08-02,P033,2,372.83,COMPLETED
2101,1144,2026-08-23,P048,4,262.97,CANCELLED
2102,1164,2026-08-05,P010,4,448.58,COMPLETED
2103,1002,2026-08-21,P032,5,362.38,RETURNED
2104,1001,2026-08-23,P010,4,66.21,RETURNED
2105,1027,2026-08-04,P031,2,131.13,COMPLETED
2106,1032,2026-08-27,P020,8,201.45,CANCELLED
2107,1140,2026-08-16,P017,3,411.93,RETURNED
2108,1158,2026-08-22,P008,8,431.06,CANCELLED
2109,1191,2026-08-05,P043,1,100.56,COMPLETED
2110,1075,2026-08-06,P019,4,243.32,COMPLETED
2111,1071,2026-08-19,P026,8,190.00,CANCELLED
2112,1109,2026-08-23,P010,2,237.34,COMPLETED
2113,1100,2026-08-10,P001,8,68.86,RETURNED
2114,1169,2026-08-10,P040,1,326.10,CANCELLED
2115,1120,2026-08-02,P047,6,481.77,CANCELLED
2116,1092,2026-08-09,P033,1,491.06,RETURNED
2117,1135,2026-08-07,P025,6,452.25,RETURNED
2118,1091,2026-08-03,P042,3,331.40,RETURNED
2119,1036,2026-08-11,P018,8,360.44,COMPLETED
2120,1166,2026-08-13,P031,2,458.92,CANCELLED
2121,1130,2026-08-16,P050,3,292.26,RETURNED
2122,1151,2026-08-09,P038,3,351.91,COMPLETED
2123,1008,2026-08-19,P047,7,43.11,COMPLETED
2124,1128,2026-08-08,P044,2,335.98,CANCELLED
2125,1188,2026-08-11,P016,4,490.85,COMPLETED
2126,1108,2026-08-06,P005,7,380.35,COMPLETED
2127,1192,2026-08-20,P005,5,66.09,CANCELLED
2128,1008,2026-08-25,P012,6,307.20,COMPLETED
2129,1164,2026-08-04,P037,8,195.04,RETURNED
2130,1113,2026-08-07,P044,4,133.72,COMPLETED
2131,1112,2026-08-08,P034,4,373.66,COMPLETED
2132,1172,2026-08-03,P007,1,318.27,COMPLETED
2133,1093,2026-08-02,P050,3,447.71,CANCELLED
2134,1175,2026-08-19,P047,2,176.95,RETURNED
2135,1147,2026-08-16,P031,4,417.88,RETURNED
2136,1144,2026-08-12,P009,6,313.05,COMPLETED
2137,1019,2026-08-15,P037,7,316.48,COMPLETED
2138,1128,2026-08-05,P015,5,59.45,COMPLETED
2139,1075,2026-08-20,P017,6,21.05,CANCELLED
2140,1041,2026-08-23,P019,6,43.30,COMPLETED
2141,1157,2026-08-18,P033,4,428.07,COMPLETED
2142,1029,2026-08-13,P038,1,277.51,CANCELLED
2143,1108,2026-08-09,P017,1,25.81,COMPLETED
2144,1141,2026-08-11,P047,1,78.25,COMPLETED
2145,1019,2026-08-25,P037,1,125.45,RETURNED
2146,1019,2026-08-23,P027,1,179.46,RETURNED
2147,1123,2026-08-24,P009,2,444.88,COMPLETED
2148,1128,2026-08-24,P033,1,60.99,COMPLETED
2149,1078,2026-08-21,P015,6,221.44,COMPLETED
2150,1051,2026-08-02,P035,1,389.07,RETURNED
2151,1014,2026-08-13,P025,1,280.72,CANCELLED
2152,1110,2026-08-23,P036,3,220.56,COMPLETED
2153,1158,2026-08-04,P024,8,67.82,COMPLETED
2154,1015,2026-08-07,P016,6,223.90,COMPLETED
2155,1192,2026-08-03,P049,1,121.29,RETURNED
2156,1004,2026-08-19,P047,1,495.56,COMPLETED
2157,1033,2026-08-27,P029,1,47.54,COMPLETED
2158,1155,2026-08-10,P042,1,163.92,COMPLETED
2159,1123,2026-08-10,P043,3,307.00,COMPLETED
2160,1140,2026-08-22,P014,2,47.43,CANCELLED
2161,1057,2026-08-23,P029,6,449.84,COMPLETED
2162,1063,2026-08-12,P034,5,435.80,COMPLETED
2163,1106,2026-08-11,P046,2,36.46,RETURNED
2164,1036,2026-08-16,P034,5,48.44,COMPLETED
2165,1186,2026-08-10,P010,4,70.15,COMPLETED
2166,1117,2026-08-08,P008,8,328.45,COMPLETED
2167,1151,2026-08-16,P025,1,142.45,COMPLETED
2168,1157,2026-08-27,P025,2,39.26,CANCELLED
2169,1012,2026-08-01,P015,7,198.48,COMPLETED
2170,1137,2026-08-13,P004,3,333.36,COMPLETED
2171,1156,2026-08-02,P049,6,469.24,COMPLETED
2172,1152,2026-08-27,P014,5,407.02,COMPLETED
2173,1187,2026-08-11,P048,7,434.21,COMPLETED
2174,1185,2026-08-26,P044,2,281.11,COMPLETED
2175,1185,2026-08-18,P037,8,217.68,RETURNED
2176,1120,2026-08-09,P048,3,480.55,COMPLETED
2177,1175,2026-08-05,P018,1,147.54,COMPLETED
2178,1102,2026-08-08,P003,5,175.39,RETURNED
2179,1065,2026-08-09,P042,6,141.69,RETURNED
2180,1170,2026-08-01,P021,2,160.38,COMPLETED
2181,1113,2026-08-06,P001,8,236.73,CANCELLED
2182,1143,2026-08-02,P014,6,245.30,CANCELLED
2183,1157,2026-08-02,P036,2,145.46,COMPLETED
2184,1197,2026-08-03,P018,8,98.10,COMPLETED
2185,1045,2026-08-16,P010,3,121.44,RETURNED
2186,1168,2026-08-21,P003,1,124.01,COMPLETED
2187,1011,2026-08-22,P036,8,294.15,COMPLETED
2188,1005,2026-08-02,P044,5,487.89,COMPLETED
2189,1090,2026-08-18,P007,1,304.28,COMPLETED
2190,1020,2026-08-17,P016,8,65.46,COMPLETED
2191,1175,2026-08-11,P027,6,416.28,COMPLETED
2192,1037,2026-08-21,P002,7,439.17,COMPLETED
2193,1105,2026-08-20,P042,6,174.14,COMPLETED
2194,1042,2026-08-16,P024,5,314.74,COMPLETED
2195,1007,2026-08-10,P007,3,456.82,RETURNED
2196,1200,2026-08-07,P048,6,260.29,RETURNED
2197,1097,2026-08-26,P038,6,470.57,COMPLETED
2198,1167,2026-08-22,P006,3,196.73,COMPLETED
2199,1032,2026-08-08,P034,7,274.09,COMPLETED
2200,1134,2026-08-20,P029,8,333.01,COMPLETED
2201,1076,2026-08-09,P016,4,419.64,COMPLETED
2202,1081,2026-08-08,P048,6,123.14,COMPLETED
2203,1105,2026-08-23,P024,4,228.05,COMPLETED
2204,1168,2026-08-12,P031,2,458.17,RETURNED
2205,1059,2026-08-08,P037,8,395.29,COMPLETED
2206,1105,2026-08-18,P044,4,390.46,RETURNED
2207,1074,2026-08-22,P022,3,306.72,COMPLETED
2208,1130,2026-08-04,P010,2,210.17,RETURNED
2209,1117,2026-08-16,P001,4,450.94,COMPLETED
2210,1142,2026-08-04,P046,7,139.05,CANCELLED
2211,1009,2026-08-24,P028,2,71.93,COMPLETED
2212,1034,2026-08-23,P033,3,495.07,RETURNED
2213,1103,2026-08-13,P045,7,183.64,RETURNED
2214,1087,2026-08-08,P038,5,68.32,RETURNED
2215,1012,2026-08-20,P005,2,497.13,COMPLETED
2216,1190,2026-08-15,P028,7,319.11,COMPLETED
2217,1188,2026-08-25,P012,8,353.06,RETURNED
2218,1002,2026-08-27,P038,2,84.61,RETURNED
2219,1113,2026-08-12,P012,8,195.89,RETURNED
2220,1025,2026-08-24,P015,5,472.94,COMPLETED
2221,1133,2026-08-16,P034,6,33.66,RETURNED
2222,1099,2026-08-17,P021,7,149.78,COMPLETED
2223,1189,2026-08-05,P047,1,408.85,COMPLETED
2224,1158,2026-08-14,P021,5,291.82,COMPLETED
2225,1074,2026-08-12,P018,5,91.14,CANCELLED
2226,1074,2026-08-15,P017,4,443.82,RETURNED
2227,1171,2026-08-25,P018,2,463.01,COMPLETED
2228,1131,2026-08-04,P049,4,280.56,COMPLETED
2229,1139,2026-08-01,P035,1,480.33,COMPLETED
2230,1007,2026-08-01,P024,8,417.93,COMPLETED
2231,1134,2026-08-10,P009,7,368.72,CANCELLED
2232,1031,2026-08-10,P029,2,360.96,CANCELLED
2233,1036,2026-08-16,P018,5,52.56,COMPLETED
2234,1057,2026-08-12,P047,2,374.70,COMPLETED
2235,1071,2026-08-11,P030,3,258.46,RETURNED
2236,1081,2026-08-22,P003,2,356.34,CANCELLED
2237,1143,2026-08-04,P043,6,103.30,COMPLETED
2238,1151,2026-08-21,P025,1,130.50,COMPLETED
2239,1039,2026-08-22,P032,4,139.99,COMPLETED
2240,1051,2026-08-24,P041,8,148.47,COMPLETED
2241,1018,2026-08-17,P032,4,11.57,RETURNED
2242,1010,2026-08-20,P027,4,357.90,COMPLETED
2243,1061,2026-08-20,P041,7,319.20,COMPLETED
2244,1060,2026-08-16,P019,3,440.17,CANCELLED
2245,1140,2026-08-16,P031,7,302.94,COMPLETED
2246,1194,2026-08-04,P049,4,65.06,COMPLETED
2247,1170,2026-08-14,P028,8,169.44,COMPLETED
2248,1170,2026-08-06,P008,8,478.59,COMPLETED
2249,1199,2026-08-23,P031,7,355.36,CANCELLED
2250,1008,2026-08-20,P019,7,346.74,COMPLETED
2251,1105,2026-08-17,P004,4,446.01,RETURNED
2252,1082,2026-08-25,P027,6,138.19,CANCELLED
2253,1067,2026-08-26,P004,8,218.35,COMPLETED
2254,1012,2026-08-16,P020,4,176.52,CANCELLED
2255,1043,2026-08-14,P035,4,290.53,COMPLETED
2256,1158,2026-08-25,P040,2,474.46,COMPLETED
2257,1006,2026-08-05,P025,1,475.64,COMPLETED
2258,1197,2026-08-25,P050,6,456.99,RETURNED
2259,1093,2026-08-03,P035,1,264.14,COMPLETED
2260,1059,2026-08-06,P019,7,431.26,COMPLETED
2261,1142,2026-08-12,P047,6,212.56,COMPLETED
2262,1194,2026-08-01,P034,1,424.29,COMPLETED
2263,1011,2026-08-17,P011,7,397.76,COMPLETED
2264,1198,2026-08-10,P045,1,122.70,COMPLETED
2265,1097,2026-08-02,P042,5,377.46,CANCELLED
2266,1020,2026-08-05,P005,5,432.37,RETURNED
2267,1191,2026-08-24,P035,7,19.88,RETURNED
2268,1101,2026-08-05,P013,2,370.58,RETURNED
2269,1191,2026-08-10,P002,6,218.32,COMPLETED
2270,1068,2026-08-09,P042,8,109.31,RETURNED
2271,1024,2026-08-16,P015,7,152.71,CANCELLED
2272,1180,2026-08-18,P035,5,246.84,RETURNED
2273,1128,2026-08-08,P047,7,18.43,CANCELLED
2274,1148,2026-08-12,P002,2,231.61,CANCELLED
2275,1123,2026-08-25,P037,4,229.07,COMPLETED
2276,1162,2026-08-21,P006,5,172.89,COMPLETED
2277,1126,2026-08-18,P038,3,111.76,COMPLETED
2278,1122,2026-08-03,P034,3,207.57,RETURNED
2279,1127,2026-08-25,P017,4,38.88,CANCELLED
2280,1010,2026-08-10,P021,6,418.82,RETURNED
2281,1069,2026-08-20,P045,7,437.00,COMPLETED
2282,1081,2026-08-25,P042,8,277.34,COMPLETED
2283,1132,2026-08-11,P036,8,357.35,COMPLETED
2284,1097,2026-08-04,P009,7,352.64,COMPLETED
2285,1113,2026-08-06,P008,2,91.44,COMPLETED
2286,1135,2026-08-14,P032,8,93.65,COMPLETED
2287,1076,2026-08-24,P008,7,205.71,CANCELLED
2288,1158,2026-08-10,P024,5,266.02,RETURNED
2289,1134,2026-08-21,P044,3,79.34,COMPLETED
2290,1065,2026-08-26,P031,6,264.50,CANCELLED
2291,1185,2026-08-07,P009,6,464.27,COMPLETED
2292,1107,2026-08-17,P012,8,14.81,COMPLETED
2293,1002,2026-08-16,P020,2,496.72,COMPLETED
2294,1085,2026-08-07,P007,2,273.49,COMPLETED
2295,1018,2026-08-20,P023,8,301.28,RETURNED
2296,1050,2026-08-08,P018,6,318.12,COMPLETED
2297,1079,2026-08-27,P024,7,296.39,RETURNED
2298,1144,2026-08-25,P035,7,467.81,COMPLETED
2299,1056,2026-08-03,P018,3,60.46,COMPLETED
2300,1134,2026-08-09,P038,2,72.09,CANCELLED
2301,1189,2026-08-11,P040,5,483.66,CANCELLED
2302,1060,2026-08-07,P014,3,11.31,COMPLETED
2303,1122,2026-08-26,P001,3,80.23,COMPLETED
2304,1113,2026-08-03,P028,1,77.12,CANCELLED
2305,1031,2026-08-11,P016,5,255.18,RETURNED
2306,1181,2026-08-13,P031,7,389.22,COMPLETED
2307,1155,2026-08-10,P014,6,270.04,COMPLETED
2308,1112,2026-08-21,P036,5,358.56,CANCELLED
2309,1143,2026-08-16,P028,5,345.83,COMPLETED
2310,1120,2026-08-06,P050,1,434.41,COMPLETED
2311,1144,2026-08-24,P013,7,114.75,CANCELLED
2312,1003,2026-08-12,P013,3,467.26,CANCELLED
2313,1080,2026-08-12,P022,4,12.75,COMPLETED
2314,1004,2026-08-12,P039,5,256.37,COMPLETED
2315,1102,2026-08-02,P003,5,324.42,COMPLETED
2316,1008,2026-08-09,P046,1,485.86,CANCELLED
2317,1122,2026-08-20,P048,8,250.25,RETURNED
2318,1008,2026-08-26,P040,2,28.71,COMPLETED
2319,1034,2026-08-23,P006,3,436.75,CANCELLED
2320,1164,2026-08-27,P046,2,37.46,COMPLETED
2321,1072,2026-08-11,P013,2,430.37,RETURNED
2322,1173,2026-08-24,P021,1,173.01,COMPLETED
2323,1171,2026-08-19,P026,6,263.01,CANCELLED
2324,1195,2026-08-27,P033,1,41.83,COMPLETED
2325,1114,2026-08-24,P003,5,51.14,COMPLETED
2326,1105,2026-08-20,P012,4,347.47,COMPLETED
2327,1031,2026-08-10,P022,5,284.67,CANCELLED
2328,1119,2026-08-19,P006,2,287.43,COMPLETED
2329,1048,2026-08-03,P021,3,367.48,RETURNED
2330,1003,2026-08-21,P014,1,385.69,COMPLETED
2331,1064,2026-08-15,P020,2,439.83,COMPLETED
2332,1098,2026-08-24,P046,3,162.14,COMPLETED
2333,1081,2026-08-06,P027,5,78.81,COMPLETED
2334,1052,2026-08-27,P012,4,143.67,COMPLETED
2335,1126,2026-08-09,P023,8,139.63,RETURNED
2336,1134,2026-08-12,P029,6,388.46,COMPLETED
2337,1146,2026-08-02,P014,7,86.30,CANCELLED
2338,1180,2026-08-12,P033,5,111.65,RETURNED
2339,1198,2026-08-27,P014,5,54.47,COMPLETED
2340,1030,2026-08-07,P034,8,137.81,COMPLETED
2341,1083,2026-08-16,P024,3,238.95,RETURNED
2342,1027,2026-08-13,P041,1,167.96,COMPLETED
2343,1086,2026-08-01,P022,3,216.49,COMPLETED
2344,1120,2026-08-06,P035,6,160.08,COMPLETED
2345,1158,2026-08-25,P030,1,225.11,RETURNED
2346,1122,2026-08-19,P016,7,368.17,COMPLETED
2347,1124,2026-08-24,P044,6,304.46,CANCELLED
2348,1060,2026-08-10,P049,1,485.68,RETURNED
2349,1069,2026-08-04,P037,7,218.69,CANCELLED
2350,1043,2026-08-19,P020,1,90.37,RETURNED
2351,1146,2026-08-23,P049,4,476.23,COMPLETED
2352,1014,2026-08-05,P006,6,396.40,COMPLETED
2353,1118,2026-08-26,P026,3,402.73,COMPLETED
2354,1052,2026-08-15,P012,1,332.72,COMPLETED
2355,1053,2026-08-10,P028,2,100.45,COMPLETED
2356,1143,2026-08-24,P050,4,85.53,COMPLETED
2357,1026,2026-08-01,P031,8,88.07,RETURNED
2358,1121,2026-08-22,P043,7,352.40,CANCELLED
2359,1196,2026-08-27,P007,8,356.05,CANCELLED
2360,1035,2026-08-05,P026,6,383.89,COMPLETED
2361,1137,2026-08-10,P005,7,302.50,COMPLETED
2362,1156,2026-08-16,P012,1,118.63,COMPLETED
2363,1001,2026-08-12,P040,6,176.53,RETURNED
2364,1166,2026-08-25,P015,7,458.15,COMPLETED
2365,1078,2026-08-16,P028,4,31.68,COMPLETED
2366,1109,2026-08-11,P010,7,330.48,COMPLETED
2367,1124,2026-08-10,P003,7,340.88,COMPLETED
2368,1175,2026-08-14,P034,3,90.14,COMPLETED
2369,1188,2026-08-15,P007,2,179.68,CANCELLED
2370,1033,2026-08-26,P037,1,88.83,RETURNED
2371,1168,2026-08-13,P043,8,15.68,CANCELLED
2372,1067,2026-08-14,P048,1,158.45,COMPLETED
2373,1200,2026-08-20,P031,8,256.01,COMPLETED
2374,1046,2026-08-18,P028,6,64.72,RETURNED
2375,1021,2026-08-25,P010,7,436.45,COMPLETED
2376,1158,2026-08-11,P047,5,106.83,CANCELLED
2377,1011,2026-08-14,P008,1,237.73,CANCELLED
2378,1154,2026-08-15,P044,6,34.54,COMPLETED
2379,1076,2026-08-09,P050,7,175.36,COMPLETED
2380,1092,2026-08-18,P027,5,97.58,COMPLETED
2381,1010,2026-08-15,P039,6,155.86,COMPLETED
2382,1102,2026-08-12,P016,1,270.32,COMPLETED
2383,1038,2026-08-03,P041,2,71.77,CANCELLED
2384,1118,2026-08-14,P045,5,179.24,RETURNED
2385,1084,2026-08-08,P024,8,29.91,COMPLETED
2386,1186,2026-08-05,P006,2,197.14,COMPLETED
2387,1006,2026-08-21,P012,5,217.04,COMPLETED
2388,1111,2026-08-24,P008,2,420.06,COMPLETED
2389,1158,2026-08-19,P033,5,497.51,RETURNED
2390,1013,2026-08-26,P024,4,350.19,RETURNED
2391,1112,2026-08-16,P018,4,382.75,COMPLETED
2392,1047,2026-08-09,P044,1,306.27,COMPLETED
2393,1005,2026-08-09,P027,1,209.52,COMPLETED
2394,1163,2026-08-09,P021,5,236.60,COMPLETED
2395,1084,2026-08-08,P015,4,18.86,COMPLETED
2396,1156,2026-08-20,P030,5,366.80,RETURNED
2397,1122,2026-08-14,P036,6,275.31,COMPLETED
2398,1114,2026-08-11,P010,6,166.62,CANCELLED
2399,1179,2026-08-24,P011,8,113.21,CANCELLED
2400,1147,2026-08-09,P006,7,25.81,CANCELLED
2401,1192,2026-08-18,P034,6,50.72,COMPLETED
2402,1116,2026-08-10,P044,5,377.92,CANCELLED
2403,1043,2026-08-01,P040,3,316.18,COMPLETED
2404,1196,2026-08-19,P002,7,213.54,COMPLETED
2405,1097,2026-08-18,P035,8,494.94,COMPLETED
2406,1056,2026-08-13,P014,2,57.52,COMPLETED
2407,1041,2026-08-19,P050,5,97.52,CANCELLED
2408,1056,2026-08-18,P027,7,182.49,RETURNED
2409,1162,2026-08-09,P007,6,387.54,COMPLETED
2410,1104,2026-08-17,P032,7,120.30,CANCELLED
2411,1046,2026-08-10,P026,8,86.91,COMPLETED
2412,1168,2026-08-01,P012,6,383.84,COMPLETED
2413,1106,2026-08-13,P013,7,487.38,COMPLETED
2414,1159,2026-08-20,P033,4,77.90,COMPLETED
2415,1084,2026-08-20,P040,7,473.29,COMPLETED
2416,1095,2026-08-06,P002,8,345.34,RETURNED
2417,1050,2026-08-26,P011,7,280.51,CANCELLED
2418,1183,2026-08-12,P013,4,95.85,COMPLETED
2419,1008,2026-08-05,P014,5,41.76,RETURNED
2420,1155,2026-08-15,P029,8,130.07,COMPLETED
2421,1129,2026-08-26,P042,3,486.67,COMPLETED
2422,1041,2026-08-26,P016,6,437.32,CANCELLED
2423,1009,2026-08-24,P044,2,13.37,CANCELLED
2424,1019,2026-08-17,P027,8,432.46,COMPLETED
2425,1156,2026-08-23,P042,2,360.74,RETURNED
2426,1186,2026-08-23,P004,1,224.88,COMPLETED
2427,1186,2026-08-26,P050,7,415.87,COMPLETED
2428,1131,2026-08-12,P041,7,361.15,CANCELLED
2429,1068,2026-08-14,P049,2,60.78,RETURNED
2430,1094,2026-08-25,P027,2,363.78,COMPLETED
2431,1054,2026-08-05,P017,4,399.82,COMPLETED
2432,1182,2026-08-11,P032,2,234.54,COMPLETED
2433,1177,2026-08-25,P029,5,177.80,COMPLETED
2434,1146,2026-08-26,P018,8,352.79,RETURNED
2435,1074,2026-08-02,P002,3,82.53,COMPLETED
2436,1079,2026-08-12,P046,6,359.76,COMPLETED
2437,1113,2026-08-19,P044,5,242.89,COMPLETED
2438,1075,2026-08-05,P025,3,81.80,COMPLETED
2439,1055,2026-08-21,P038,4,23.72,COMPLETED
2440,1185,2026-08-05,P033,1,137.12,RETURNED
2441,1044,2026-08-13,P023,8,313.05,COMPLETED
2442,1097,2026-08-19,P032,6,266.44,COMPLETED
2443,1098,2026-08-17,P001,8,95.94,COMPLETED
2444,1058,2026-08-11,P010,4,161.56,COMPLETED
2445,1092,2026-08-20,P032,2,328.50,CANCELLED
2446,1135,2026-08-19,P015,1,421.59,COMPLETED
2447,1026,2026-08-12,P022,1,205.26,RETURNED
2448,1137,2026-08-03,P048,5,281.11,RETURNED
2449,1134,2026-08-03,P016,1,228.85,COMPLETED
2450,1167,2026-08-09,P016,3,347.95,COMPLETED
2451,1156,2026-08-23,P018,8,96.94,RETURNED
2452,1188,2026-08-09,P005,2,374.12,COMPLETED
2453,1059,2026-08-17,P016,5,39.82,RETURNED
2454,1138,2026-08-25,P004,8,237.49,COMPLETED
2455,1030,2026-08-26,P029,2,106.25,COMPLETED
2456,1151,2026-08-16,P014,4,58.94,RETURNED
2457,1149,2026-08-16,P028,5,288.97,COMPLETED
2458,1050,2026-08-24,P038,8,390.92,RETURNED
2459,1065,2026-08-25,P049,8,496.20,CANCELLED
2460,1046,2026-08-20,P022,5,251.38,RETURNED
2461,1077,2026-08-16,P017,5,476.20,RETURNED
2462,1144,2026-08-08,P033,6,144.89,COMPLETED
2463,1194,2026-08-21,P012,8,64.62,CANCELLED
2464,1131,2026-08-01,P031,6,447.75,CANCELLED
2465,1111,2026-08-06,P044,3,42.12,COMPLETED
2466,1176,2026-08-04,P035,8,177.79,COMPLETED
2467,1055,2026-08-07,P020,2,383.80,RETURNED
2468,1121,2026-08-10,P007,6,385.55,COMPLETED
2469,1040,2026-08-20,P021,4,289.79,COMPLETED
2470,1041,2026-08-07,P040,7,395.05,COMPLETED
2471,1107,2026-08-11,P050,8,330.21,COMPLETED
2472,1078,2026-08-08,P024,5,241.27,COMPLETED
2473,1191,2026-08-10,P021,6,366.09,CANCELLED
2474,1196,2026-08-10,P027,7,286.01,COMPLETED
2475,1105,2026-08-25,P023,7,37.10,COMPLETED
2476,1181,2026-08-15,P013,5,19.55,COMPLETED
2477,1096,2026-08-22,P002,5,154.45,COMPLETED
2478,1144,2026-08-14,P048,7,169.59,COMPLETED
2479,1113,2026-08-26,P018,4,312.60,COMPLETED
2480,1186,2026-08-03,P031,4,88.60,RETURNED
2481,1100,2026-08-16,P045,1,392.80,CANCELLED
2482,1151,2026-08-08,P025,5,493.60,COMPLETED
2483,1071,2026-08-04,P035,1,323.42,COMPLETED
2484,1035,2026-08-15,P048,5,64.41,COMPLETED
2485,1039,2026-08-11,P038,7,413.91,COMPLETED
2486,1113,2026-08-19,P016,4,285.30,COMPLETED
2487,1075,2026-08-19,P045,5,282.77,COMPLETED
2488,1180,2026-08-05,P046,2,436.66,COMPLETED
2489,1055,2026-08-12,P012,8,376.16,COMPLETED
2490,1086,2026-08-15,P013,4,235.79,COMPLETED
2491,1165,2026-08-09,P027,1,78.73,CANCELLED
2492,1136,2026-08-13,P004,8,401.07,RETURNED
2493,1009,2026-08-12,P033,1,287.20,COMPLETED
2494,1086,2026-08-26,P041,8,148.50,COMPLETED
2495,1143,2026-08-24,P050,2,287.00,COMPLETED
2496,1023,2026-08-18,P037,3,401.31,CANCELLED
2497,1197,2026-08-20,P044,4,378.43,CANCELLED
2498,1190,2026-08-27,P010,5,238.20,COMPLETED
2499,1087,2026-08-03,P030,3,327.44,RETURNED
2500,1103,2026-08-25,P037,7,445.80,COMPLETED
2501,1058,2026-08-01,P021,7,19.25,CANCELLED
2502,1150,2026-08-05,P044,5,429.23,COMPLETED
2503,1052,2026-08-18,P050,8,330.27,RETURNED
2504,1038,2026-08-12,P014,3,102.54,COMPLETED
2505,1155,2026-08-06,P003,2,22.85,COMPLETED
2506,1084,2026-08-18,P021,6,477.78,COMPLETED
2507,1042,2026-08-22,P028,4,108.83,COMPLETED
2508,1007,2026-08-08,P009,4,388.45,CANCELLED
2509,1191,2026-08-04,P048,7,22.46,COMPLETED
2510,1103,2026-08-13,P013,1,228.94,COMPLETED
2511,1032,2026-08-25,P006,7,299.21,COMPLETED
2512,1054,2026-08-17,P008,2,89.81,CANCELLED
2513,1082,2026-08-24,P027,6,377.34,COMPLETED
2514,1093,2026-08-07,P031,2,401.90,COMPLETED
2515,1005,2026-08-17,P001,2,473.00,CANCELLED
2516,1026,2026-08-26,P023,7,206.15,COMPLETED
2517,1167,2026-08-10,P020,2,222.73,COMPLETED
2518,1100,2026-08-23,P031,2,328.71,COMPLETED
2519,1064,2026-08-09,P012,6,32.23,RETURNED
2520,1036,2026-08-01,P045,3,264.12,CANCELLED
2521,1054,2026-08-25,P048,1,39.98,COMPLETED
2522,1108,2026-08-12,P012,7,413.39,COMPLETED
2523,1172,2026-08-17,P012,3,373.56,COMPLETED
2524,1053,2026-08-04,P020,3,24.69,CANCELLED
2525,1068,2026-08-21,P040,6,455.40,COMPLETED
2526,1121,2026-08-01,P003,1,172.48,COMPLETED
2527,1196,2026-08-14,P039,1,274.34,RETURNED
2528,1090,2026-08-06,P015,3,59.06,COMPLETED
2529,1122,2026-08-14,P030,2,65.08,CANCELLED
2530,1155,2026-08-18,P041,8,75.86,COMPLETED
2531,1066,2026-08-10,P009,8,240.05,COMPLETED
2532,1172,2026-08-22,P046,6,478.88,COMPLETED
2533,1147,2026-08-16,P013,8,376.87,COMPLETED
2534,1037,2026-08-08,P015,3,404.67,COMPLETED
2535,1073,2026-08-24,P040,2,361.46,COMPLETED
2536,1187,2026-08-08,P043,4,132.83,COMPLETED
2537,1134,2026-08-11,P034,8,337.49,RETURNED
2538,1096,2026-08-09,P043,3,170.69,COMPLETED
2539,1099,2026-08-19,P041,1,376.49,COMPLETED
2540,1004,2026-08-26,P010,4,489.97,COMPLETED
2541,1083,2026-08-27,P001,4,89.32,RETURNED
2542,1049,2026-08-16,P041,8,430.26,RETURNED
2543,1117,2026-08-13,P040,8,496.42,COMPLETED
2544,1072,2026-08-18,P042,8,67.73,RETURNED
2545,1048,2026-08-11,P017,6,498.38,COMPLETED
2546,1117,2026-08-26,P043,8,388.28,COMPLETED
2547,1068,2026-08-22,P005,6,384.00,COMPLETED
2548,1033,2026-08-14,P007,1,482.73,COMPLETED
2549,1183,2026-08-15,P019,2,68.94,COMPLETED
2550,1142,2026-08-12,P006,5,231.76,RETURNED
2551,1131,2026-08-06,P013,7,411.81,COMPLETED
2552,1051,2026-08-27,P047,4,390.20,COMPLETED
2553,1136,2026-08-17,P034,3,285.81,COMPLETED
2554,1178,2026-08-26,P034,6,274.33,COMPLETED
2555,1043,2026-08-12,P041,3,59.07,RETURNED
2556,1157,2026-08-08,P028,3,275.00,COMPLETED
2557,1103,2026-08-09,P019,1,479.94,CANCELLED
2558,1120,2026-08-17,P021,7,447.93,COMPLETED
2559,1065,2026-08-24,P046,5,10.17,RETURNED
2560,1188,2026-08-22,P040,5,112.29,RETURNED
2561,1036,2026-08-03,P010,1,380.03,CANCELLED
2562,1063,2026-08-27,P026,3,384.65,COMPLETED
2563,1050,2026-08-21,P016,7,201.59,COMPLETED
2564,1071,2026-08-03,P009,4,482.05,CANCELLED
2565,1037,2026-08-04,P044,3,110.86,COMPLETED
2566,1031,2026-08-25,P034,6,15.28,COMPLETED
2567,1154,2026-08-17,P031,2,388.11,COMPLETED
2568,1032,2026-08-22,P035,8,156.42,RETURNED
2569,1194,2026-08-15,P047,3,44.50,COMPLETED
2570,1066,2026-08-09,P008,1,196.94,CANCELLED
2571,1178,2026-08-14,P032,3,439.36,COMPLETED
2572,1188,2026-08-08,P039,2,53.40,RETURNED
2573,1171,2026-08-12,P032,4,435.99,CANCELLED
2574,1198,2026-08-14,P018,1,322.65,COMPLETED
2575,1065,2026-08-09,P023,6,215.63,COMPLETED
2576,1125,2026-08-01,P016,2,359.42,RETURNED
2577,1171,2026-08-16,P018,4,299.63,COMPLETED
2578,1145,2026-08-25,P025,8,284.73,RETURNED
2579,1028,2026-08-17,P038,7,30.63,COMPLETED
2580,1196,2026-08-19,P016,2,67.56,COMPLETED
2581,1184,2026-08-19,P048,7,409.49,COMPLETED
2582,1147,2026-08-12,P034,8,427.59,COMPLETED
2583,1007,2026-08-13,P014,7,337.84,RETURNED
2584,1085,2026-08-06,P007,1,318.96,COMPLETED
2585,1065,2026-08-14,P023,1,367.24,COMPLETED
2586,1013,2026-08-12,P021,4,145.55,CANCELLED
2587,1042,2026-08-23,P014,5,386.62,RETURNED
2588,1193,2026-08-25,P023,6,372.95,COMPLETED
2589,1158,2026-08-16,P035,2,173.54,COMPLETED
2590,1185,2026-08-11,P006,5,59.64,CANCELLED
2591,1194,2026-08-11,P025,8,323.34,COMPLETED
2592,1113,2026-08-09,P024,8,181.79,COMPLETED
2593,1049,2026-08-06,P038,6,17.80,COMPLETED
2594,1138,2026-08-17,P012,5,380.82,CANCELLED
2595,1024,2026-08-20,P046,2,107.32,RETURNED
2596,1038,2026-08-22,P046,7,427.58,COMPLETED
2597,1099,2026-08-18,P007,6,204.41,COMPLETED
2598,1058,2026-08-20,P029,2,168.68,COMPLETED
2599,1071,2026-08-08,P002,3,337.09,CANCELLED
2600,1058,2026-08-08,P029,4,130.22,COMPLETED
2601,1006,2026-08-05,P040,1,155.43,CANCELLED
2602,1142,2026-08-27,P037,8,213.12,COMPLETED
2603,1149,2026-08-14,P026,3,425.47,RETURNED
2604,1094,2026-08-13,P017,5,356.31,CANCELLED
2605,1061,2026-08-12,P021,6,451.03,RETURNED
2606,1035,2026-08-12,P021,2,479.46,COMPLETED
2607,1130,2026-08-26,P046,3,57.34,CANCELLED
2608,1155,2026-08-18,P015,6,61.36,COMPLETED
2609,1148,2026-08-23,P004,4,237.99,CANCELLED
2610,1112,2026-08-20,P005,8,253.60,COMPLETED
2611,1015,2026-08-01,P023,8,283.91,CANCELLED
2612,1091,2026-08-23,P005,3,41.25,COMPLETED
2613,1187,2026-08-19,P002,5,474.20,RETURNED
2614,1035,2026-08-16,P026,7,355.07,COMPLETED
2615,1179,2026-08-22,P044,8,161.81,COMPLETED
2616,1131,2026-08-11,P027,4,289.23,COMPLETED
2617,1157,2026-08-25,P004,6,432.74,COMPLETED
2618,1019,2026-08-19,P040,2,389.56,COMPLETED
2619,1188,2026-08-17,P013,7,367.89,COMPLETED
2620,1008,2026-08-20,P042,3,419.51,CANCELLED
2621,1025,2026-08-24,P026,2,172.58,RETURNED
2622,1098,2026-08-23,P045,7,404.41,CANCELLED
2623,1080,2026-08-05,P023,6,99.66,COMPLETED
2624,1128,2026-08-23,P006,7,440.74,COMPLETED
2625,1090,2026-08-09,P042,7,108.30,COMPLETED
2626,1135,2026-08-11,P017,8,378.39,COMPLETED
2627,1016,2026-08-20,P044,1,491.18,COMPLETED
2628,1136,2026-08-04,P001,3,10.85,COMPLETED
2629,1146,2026-08-11,P037,7,160.07,COMPLETED
2630,1159,2026-08-03,P032,3,102.36,COMPLETED
2631,1025,2026-08-18,P044,4,488.13,COMPLETED
2632,1113,2026-08-20,P046,6,291.25,COMPLETED
2633,1114,2026-08-17,P002,3,409.04,RETURNED
2634,1080,2026-08-02,P019,2,405.53,COMPLETED
2635,1043,2026-08-12,P007,3,299.15,CANCELLED
2636,1087,2026-08-07,P030,3,498.70,RETURNED
2637,1030,2026-08-27,P043,7,394.19,RETURNED
2638,1037,2026-08-03,P016,6,130.65,CANCELLED
2639,1016,2026-08-07,P031,7,30.38,RETURNED
2640,1083,2026-08-04,P034,2,335.12,RETURNED
2641,1165,2026-08-19,P013,7,380.89,COMPLETED
2642,1051,2026-08-11,P019,3,229.47,CANCELLED
2643,1126,2026-08-13,P002,7,194.76,CANCELLED
2644,1157,2026-08-04,P025,6,285.01,COMPLETED
2645,1179,2026-08-16,P004,5,387.71,RETURNED
2646,1023,2026-08-27,P020,1,102.16,RETURNED
2647,1190,2026-08-24,P004,3,324.06,RETURNED
2648,1099,2026-08-01,P013,1,483.72,COMPLETED
2649,1176,2026-08-18,P028,1,413.64,RETURNED
2650,1175,2026-08-17,P045,3,259.29,COMPLETED
2651,1048,2026-08-07,P015,2,234.04,COMPLETED
2652,1147,2026-08-03,P041,4,252.68,RETURNED
2653,1053,2026-08-01,P045,1,461.82,COMPLETED
2654,1169,2026-08-10,P022,1,453.15,COMPLETED
2655,1103,2026-08-13,P003,4,192.17,COMPLETED
2656,1067,2026-08-05,P028,4,314.66,RETURNED
2657,1168,2026-08-23,P048,5,110.39,COMPLETED
2658,1106,2026-08-14,P025,1,213.78,COMPLETED
2659,1125,2026-08-27,P017,4,410.20,RETURNED
2660,1197,2026-08-01,P029,7,30.48,COMPLETED
2661,1030,2026-08-22,P008,4,44.56,COMPLETED
2662,1138,2026-08-26,P021,8,42.59,COMPLETED
2663,1184,2026-08-24,P045,5,478.11,CANCELLED
2664,1146,2026-08-10,P017,5,149.51,COMPLETED
2665,1052,2026-08-25,P006,2,203.50,RETURNED
2666,1010,2026-08-16,P031,4,72.29,CANCELLED
2667,1100,2026-08-04,P012,2,122.04,COMPLETED
2668,1158,2026-08-25,P024,2,128.46,CANCELLED
2669,1197,2026-08-24,P003,3,226.59,RETURNED
2670,1186,2026-08-25,P021,4,386.59,COMPLETED
2671,1088,2026-08-19,P017,1,474.81,COMPLETED
2672,1165,2026-08-12,P004,8,108.32,CANCELLED
2673,1130,2026-08-13,P005,3,473.94,COMPLETED
2674,1185,2026-08-06,P029,4,174.59,COMPLETED
2675,1155,2026-08-15,P034,2,423.28,COMPLETED
2676,1082,2026-08-18,P004,3,80.25,COMPLETED
2677,1137,2026-08-22,P002,2,210.86,RETURNED
2678,1083,2026-08-24,P024,3,364.80,COMPLETED
2679,1002,2026-08-05,P025,2,345.32,COMPLETED
2680,1197,2026-08-19,P037,1,408.72,COMPLETED
2681,1019,2026-08-08,P002,1,286.18,CANCELLED
2682,1158,2026-08-19,P025,7,148.41,CANCELLED
2683,1157,2026-08-24,P017,4,344.61,COMPLETED
2684,1040,2026-08-21,P030,8,244.77,RETURNED
2685,1164,2026-08-12,P047,4,80.76,COMPLETED
2686,1095,2026-08-13,P048,5,442.15,COMPLETED
2687,1118,2026-08-14,P027,5,80.55,RETURNED
2688,1161,2026-08-08,P023,7,71.26,COMPLETED
2689,1118,2026-08-13,P047,7,442.97,CANCELLED
2690,1087,2026-08-15,P021,7,237.12,CANCELLED
2691,1183,2026-08-05,P013,4,130.54,RETURNED
2692,1141,2026-08-07,P049,6,451.17,CANCELLED
2693,1037,2026-08-12,P031,5,114.62,COMPLETED
2694,1199,2026-08-18,P040,8,157.16,CANCELLED
2695,1142,2026-08-02,P011,4,116.42,CANCELLED
2696,1114,2026-08-17,P002,7,98.35,COMPLETED
2697,1191,2026-08-13,P044,3,143.93,RETURNED
2698,1148,2026-08-25,P013,3,324.21,COMPLETED
2699,1190,2026-08-14,P009,6,239.60,CANCELLED
2700,1017,2026-08-11,P006,1,341.33,COMPLETED
2701,1024,2026-08-01,P021,1,172.44,COMPLETED
2702,1079,2026-08-07,P005,3,479.40,COMPLETED
2703,1115,2026-08-20,P031,6,295.89,COMPLETED
2704,1026,2026-08-23,P036,3,151.97,COMPLETED
2705,1137,2026-08-05,P040,3,213.44,CANCELLED
2706,1072,2026-08-06,P045,8,352.93,COMPLETED
2707,1025,2026-08-04,P049,3,455.50,COMPLETED
2708,1123,2026-08-05,P011,7,241.68,COMPLETED
2709,1150,2026-08-19,P037,6,466.16,COMPLETED
2710,1172,2026-08-15,P037,1,485.45,COMPLETED
2711,1018,2026-08-11,P012,2,444.38,COMPLETED
2712,1039,2026-08-20,P008,5,341.91,COMPLETED
2713,1022,2026-08-21,P023,6,153.25,RETURNED
2714,1152,2026-08-26,P027,8,17.82,COMPLETED
2715,1072,2026-08-12,P034,5,104.09,COMPLETED
2716,1014,2026-08-16,P042,6,453.85,COMPLETED
2717,1111,2026-08-23,P022,5,138.93,COMPLETED
2718,1086,2026-08-09,P036,8,333.11,COMPLETED
2719,1005,2026-08-05,P020,1,369.97,CANCELLED
2720,1010,2026-08-07,P045,8,196.21,COMPLETED
2721,1132,2026-08-23,P028,7,174.46,CANCELLED
2722,1089,2026-08-23,P047,6,74.85,COMPLETED
2723,1069,2026-08-18,P006,4,249.53,CANCELLED
2724,1082,2026-08-22,P033,2,404.68,COMPLETED
2725,1028,2026-08-01,P016,3,405.05,COMPLETED
2726,1147,2026-08-06,P016,6,41.83,COMPLETED
2727,1189,2026-08-03,P022,1,364.32,RETURNED
2728,1118,2026-08-03,P041,3,295.55,COMPLETED
2729,1015,2026-08-26,P046,2,310.16,COMPLETED
2730,1184,2026-08-07,P006,2,100.93,COMPLETED
2731,1184,2026-08-14,P006,4,113.01,CANCELLED
2732,1051,2026-08-11,P046,4,243.26,CANCELLED
2733,1188,2026-08-20,P044,3,239.91,RETURNED
2734,1002,2026-08-02,P006,8,100.61,COMPLETED
2735,1139,2026-08-07,P037,5,80.51,COMPLETED
2736,1020,2026-08-23,P013,2,354.41,COMPLETED
2737,1163,2026-08-11,P038,4,89.59,COMPLETED
2738,1074,2026-08-20,P014,7,258.26,CANCELLED
2739,1136,2026-08-09,P001,6,370.37,COMPLETED
2740,1017,2026-08-10,P032,3,41.68,COMPLETED
2741,1111,2026-08-24,P006,1,313.72,CANCELLED
2742,1198,2026-08-01,P024,2,166.02,RETURNED
2743,1187,2026-08-22,P021,2,288.91,CANCELLED
2744,1077,2026-08-12,P049,8,191.52,CANCELLED
2745,1044,2026-08-11,P003,4,121.77,COMPLETED
2746,1084,2026-08-14,P026,8,441.19,CANCELLED
2747,1189,2026-08-15,P049,8,84.82,CANCELLED
2748,1082,2026-08-14,P025,1,437.95,COMPLETED
2749,1170,2026-08-13,P012,6,16.84,COMPLETED
2750,1005,2026-08-19,P026,3,116.33,CANCELLED
2751,1006,2026-08-05,P032,5,175.28,CANCELLED
2752,1141,2026-08-06,P018,5,416.59,COMPLETED
2753,1128,2026-08-07,P028,8,307.34,CANCELLED
2754,1016,2026-08-06,P023,8,484.86,COMPLETED
2755,1156,2026-08-03,P019,6,355.95,COMPLETED
2756,1107,2026-08-08,P032,8,403.77,COMPLETED
2757,1080,2026-08-10,P044,3,175.90,RETURNED
2758,1136,2026-08-14,P019,2,303.57,COMPLETED
2759,1033,2026-08-24,P024,6,405.49,RETURNED
2760,1095,2026-08-16,P027,2,18.68,COMPLETED
2761,1081,2026-08-07,P041,6,347.26,CANCELLED
2762,1148,2026-08-26,P022,5,281.95,COMPLETED
2763,1147,2026-08-05,P015,6,392.98,RETURNED
2764,1064,2026-08-20,P032,4,408.53,RETURNED
2765,1025,2026-08-16,P025,1,163.60,COMPLETED
2766,1126,2026-08-20,P030,6,49.84,RETURNED
2767,1100,2026-08-24,P050,5,42.79,COMPLETED
2768,1094,2026-08-26,P050,5,358.83,COMPLETED
2769,1001,2026-08-16,P021,4,119.43,COMPLETED
2770,1070,2026-08-27,P021,8,285.32,CANCELLED
2771,1166,2026-08-11,P013,4,413.83,RETURNED
2772,1016,2026-08-20,P048,2,154.85,COMPLETED
2773,1097,2026-08-17,P028,5,131.63,COMPLETED
2774,1076,2026-08-10,P002,5,110.08,COMPLETED
2775,1120,2026-08-21,P050,7,48.57,COMPLETED
2776,1153,2026-08-15,P029,7,282.08,COMPLETED
2777,1051,2026-08-04,P046,5,233.41,RETURNED
2778,1033,2026-08-15,P021,5,89.82,COMPLETED
2779,1142,2026-08-04,P031,1,435.19,COMPLETED
2780,1097,2026-08-05,P036,6,417.58,COMPLETED
2781,1102,2026-08-21,P012,7,326.70,COMPLETED
2782,1083,2026-08-20,P037,1,325.37,RETURNED
2783,1183,2026-08-02,P009,1,364.16,CANCELLED
2784,1027,2026-08-03,P034,2,78.56,COMPLETED
2785,1093,2026-08-23,P023,4,55.01,COMPLETED
2786,1018,2026-08-03,P032,7,178.35,CANCELLED
2787,1165,2026-08-18,P026,1,267.09,COMPLETED
2788,1115,2026-08-18,P011,2,409.04,COMPLETED
2789,1015,2026-08-25,P042,5,121.42,RETURNED
2790,1179,2026-08-01,P015,1,325.02,CANCELLED
2791,1060,2026-08-02,P010,1,117.31,COMPLETED
2792,1194,2026-08-17,P041,6,168.25,CANCELLED
2793,1172,2026-08-01,P046,5,251.19,CANCELLED
2794,1151,2026-08-18,P003,2,29.66,COMPLETED
2795,1180,2026-08-08,P006,8,13.50,RETURNED
2796,1039,2026-08-12,P035,3,204.62,COMPLETED
2797,1096,2026-08-21,P033,5,140.17,CANCELLED
2798,1066,2026-08-06,P022,4,379.54,COMPLETED
2799,1167,2026-08-11,P019,5,202.39,CANCELLED
2800,1167,2026-08-01,P043,8,305.65,RETURNED
2801,1029,2026-08-25,P003,7,110.25,CANCELLED
2802,1053,2026-08-26,P013,2,373.98,RETURNED
2803,1173,2026-08-24,P014,5,418.14,RETURNED
2804,1014,2026-08-27,P042,5,186.86,COMPLETED
2805,1007,2026-08-19,P020,5,116.23,COMPLETED
2806,1053,2026-08-07,P032,3,431.58,CANCELLED
2807,1101,2026-08-24,P039,6,234.36,COMPLETED
2808,1074,2026-08-16,P043,8,284.81,COMPLETED
2809,1008,2026-08-03,P040,2,443.36,COMPLETED
2810,1078,2026-08-01,P029,5,465.78,CANCELLED
2811,1095,2026-08-24,P014,3,57.64,COMPLETED
2812,1107,2026-08-14,P042,6,47.29,COMPLETED
2813,1078,2026-08-10,P010,1,450.28,COMPLETED
2814,1163,2026-08-15,P048,4,68.96,COMPLETED
2815,1023,2026-08-16,P047,3,17.03,COMPLETED
2816,1180,2026-08-15,P037,5,142.33,CANCELLED
2817,1102,2026-08-03,P044,3,115.58,CANCELLED
2818,1120,2026-08-01,P027,1,253.74,COMPLETED
2819,1198,2026-08-01,P018,1,331.74,COMPLETED
2820,1069,2026-08-24,P002,8,109.32,COMPLETED
2821,1001,2026-08-07,P042,4,347.94,COMPLETED
2822,1180,2026-08-19,P032,7,283.88,COMPLETED
2823,1023,2026-08-23,P039,1,150.39,COMPLETED
2824,1096,2026-08-15,P043,8,276.85,COMPLETED
2825,1164,2026-08-24,P023,3,167.15,CANCELLED
2826,1089,2026-08-06,P050,7,192.33,COMPLETED
2827,1105,2026-08-05,P024,8,341.10,CANCELLED
2828,1086,2026-08-03,P023,5,443.54,CANCELLED
2829,1088,2026-08-15,P033,3,445.97,COMPLETED
2830,1191,2026-08-20,P011,6,274.70,RETURNED
2831,1102,2026-08-05,P006,4,414.10,CANCELLED
2832,1148,2026-08-04,P001,1,264.59,COMPLETED
2833,1176,2026-08-18,P046,3,372.46,COMPLETED
2834,1096,2026-08-16,P036,2,169.49,CANCELLED
2835,1090,2026-08-17,P048,7,117.34,CANCELLED
2836,1165,2026-08-23,P030,2,120.65,COMPLETED
2837,1130,2026-08-27,P007,4,360.94,CANCELLED
2838,1079,2026-08-05,P016,2,350.52,CANCELLED
2839,1025,2026-08-10,P013,4,275.56,COMPLETED
2840,1054,2026-08-01,P012,1,154.93,COMPLETED
2841,1031,2026-08-03,P028,5,231.77,COMPLETED
2842,1153,2026-08-22,P020,7,15.18,COMPLETED
2843,1110,2026-08-13,P040,6,112.14,RETURNED
2844,1009,2026-08-16,P032,1,342.77,COMPLETED
2845,1122,2026-08-12,P025,1,135.33,RETURNED
2846,1151,2026-08-25,P040,2,217.12,COMPLETED
2847,1098,2026-08-22,P003,8,497.37,CANCELLED
2848,1140,2026-08-25,P006,2,242.69,COMPLETED
2849,1192,2026-08-08,P022,2,232.80,COMPLETED
2850,1080,2026-08-20,P036,8,26.83,CANCELLED
2851,1176,2026-08-07,P009,7,56.53,RETURNED
2852,1114,2026-08-22,P005,1,468.41,RETURNED
2853,1145,2026-08-06,P025,8,144.62,RETURNED
2854,1031,2026-08-21,P045,1,134.07,RETURNED
2855,1076,2026-08-16,P011,3,452.11,COMPLETED
2856,1176,2026-08-10,P010,6,219.10,COMPLETED
2857,1002,2026-08-07,P025,8,248.26,COMPLETED
2858,1047,2026-08-25,P015,7,31.50,COMPLETED
2859,1114,2026-08-22,P045,8,122.08,COMPLETED
2860,1190,2026-08-04,P039,3,78.21,RETURNED
2861,1179,2026-08-01,P028,8,253.11,COMPLETED
2862,1028,2026-08-23,P027,6,321.07,CANCELLED
2863,1180,2026-08-02,P028,5,223.78,COMPLETED
2864,1171,2026-08-03,P023,2,138.76,CANCELLED
2865,1036,2026-08-13,P008,4,454.24,COMPLETED
2866,1171,2026-08-06,P013,2,289.51,CANCELLED
2867,1123,2026-08-22,P005,6,283.11,COMPLETED
2868,1011,2026-08-19,P015,7,66.77,COMPLETED
2869,1180,2026-08-05,P026,5,75.28,COMPLETED
2870,1004,2026-08-12,P008,1,260.00,RETURNED
2871,1003,2026-08-22,P020,5,296.93,COMPLETED
2872,1055,2026-08-11,P013,4,431.69,CANCELLED
2873,1045,2026-08-16,P025,8,114.92,RETURNED
2874,1033,2026-08-21,P033,2,81.60,COMPLETED
2875,1019,2026-08-25,P037,2,244.07,COMPLETED
2876,1093,2026-08-08,P015,7,421.49,COMPLETED
2877,1011,2026-08-14,P021,1,378.66,CANCELLED
2878,1096,2026-08-01,P026,4,339.11,CANCELLED
2879,1033,2026-08-20,P031,4,376.82,RETURNED
2880,1194,2026-08-26,P041,7,326.56,COMPLETED
2881,1020,2026-08-08,P028,5,253.60,RETURNED
2882,1022,2026-08-01,P046,7,42.50,COMPLETED
2883,1101,2026-08-25,P018,1,191.07,CANCELLED
2884,1138,2026-08-21,P039,6,158.71,COMPLETED
2885,1099,2026-08-10,P049,8,260.61,RETURNED
2886,1024,2026-08-23,P045,3,239.97,CANCELLED
2887,1069,2026-08-11,P018,2,133.28,COMPLETED
2888,1083,2026-08-20,P016,4,163.40,RETURNED
2889,1050,2026-08-07,P022,6,486.45,RETURNED
2890,1154,2026-08-22,P028,7,146.48,COMPLETED
2891,1177,2026-08-25,P019,3,403.10,COMPLETED
2892,1142,2026-08-22,P021,6,359.18,COMPLETED
2893,1045,2026-08-26,P008,8,295.06,COMPLETED
2894,1163,2026-08-21,P022,4,110.81,COMPLETED
2895,1101,2026-08-21,P031,8,193.75,COMPLETED
2896,1038,2026-08-19,P017,8,273.33,RETURNED
2897,1097,2026-08-03,P036,5,70.97,CANCELLED
2898,1066,2026-08-01,P032,2,102.57,CANCELLED
2899,1108,2026-08-18,P013,5,260.45,COMPLETED
2900,1126,2026-08-02,P039,7,317.78,COMPLETED
2901,1031,2026-08-16,P009,7,199.57,COMPLETED
2902,1014,2026-08-04,P003,6,382.46,COMPLETED
2903,1069,2026-08-09,P009,2,278.76,COMPLETED
2904,1170,2026-08-24,P037,7,110.40,COMPLETED
2905,1160,2026-08-01,P047,2,175.43,COMPLETED
2906,1057,2026-08-10,P040,7,127.93,RETURNED
2907,1091,2026-08-19,P016,5,464.65,COMPLETED
2908,1044,2026-08-01,P025,6,383.55,COMPLETED
2909,1024,2026-08-18,P037,1,477.69,RETURNED
2910,1064,2026-08-09,P027,8,71.04,COMPLETED
2911,1045,2026-08-08,P015,8,308.71,COMPLETED
2912,1079,2026-08-04,P028,1,127.00,RETURNED
2913,1060,2026-08-20,P007,7,228.62,COMPLETED
2914,1190,2026-08-14,P025,8,226.84,RETURNED
2915,1196,2026-08-25,P018,7,21.28,COMPLETED
2916,1135,2026-08-22,P022,8,223.96,COMPLETED
2917,1100,2026-08-01,P029,8,258.70,RETURNED
2918,1020,2026-08-07,P039,6,80.81,CANCELLED
2919,1081,2026-08-06,P023,7,111.49,CANCELLED
2920,1060,2026-08-09,P025,4,360.32,RETURNED
2921,1145,2026-08-16,P016,1,346.38,COMPLETED
2922,1089,2026-08-15,P024,1,200.55,CANCELLED
2923,1115,2026-08-01,P028,8,223.78,COMPLETED
2924,1069,2026-08-14,P024,5,180.63,COMPLETED
2925,1150,2026-08-16,P042,3,92.59,RETURNED
2926,1098,2026-08-20,P024,4,424.49,COMPLETED
2927,1041,2026-08-25,P006,4,54.09,RETURNED
2928,1135,2026-08-23,P017,1,132.69,CANCELLED
2929,1112,2026-08-05,P018,5,79.40,COMPLETED
2930,1134,2026-08-08,P005,7,162.68,COMPLETED
2931,1190,2026-08-03,P012,1,290.58,COMPLETED
2932,1043,2026-08-18,P016,8,471.59,COMPLETED
2933,1020,2026-08-26,P005,4,305.29,COMPLETED
2934,1200,2026-08-09,P030,3,271.64,RETURNED
2935,1040,2026-08-25,P035,6,364.37,COMPLETED
2936,1044,2026-08-08,P050,1,169.48,COMPLETED
2937,1015,2026-08-17,P026,1,255.45,COMPLETED
2938,1034,2026-08-06,P016,1,239.84,RETURNED
2939,1072,2026-08-27,P030,6,291.19,COMPLETED
2940,1183,2026-08-15,P016,3,358.00,COMPLETED
2941,1097,2026-08-21,P009,1,42.87,COMPLETED
2942,1126,2026-08-10,P044,8,269.16,CANCELLED
2943,1120,2026-08-18,P042,7,445.51,RETURNED
2944,1135,2026-08-12,P027,7,378.30,COMPLETED
2945,1010,2026-08-17,P014,8,71.86,COMPLETED
2946,1030,2026-08-20,P039,6,422.55,CANCELLED
2947,1007,2026-08-13,P021,7,156.76,CANCELLED
2948,1199,2026-08-07,P041,1,115.63,COMPLETED
2949,1078,2026-08-15,P026,3,328.04,COMPLETED
2950,1113,2026-08-05,P017,1,451.25,CANCELLED
2951,1096,2026-08-13,P014,8,359.32,CANCELLED
2952,1063,2026-08-05,P010,7,480.21,COMPLETED
2953,1120,2026-08-10,P025,6,36.03,CANCELLED
2954,1132,2026-08-03,P036,5,183.84,CANCELLED
2955,1085,2026-08-02,P013,8,43.20,COMPLETED
2956,1026,2026-08-17,P010,3,15.42,RETURNED
2957,1056,2026-08-09,P041,1,22.09,RETURNED
2958,1086,2026-08-12,P040,1,229.70,CANCELLED
2959,1014,2026-08-12,P034,6,149.61,RETURNED
2960,1111,2026-08-04,P049,8,381.66,RETURNED
2961,1040,2026-08-02,P025,2,499.34,COMPLETED
2962,1163,2026-08-22,P018,8,368.41,COMPLETED
2963,1099,2026-08-05,P018,4,55.66,CANCELLED
2964,1004,2026-08-08,P009,1,31.57,COMPLETED
2965,1039,2026-08-14,P028,4,214.62,RETURNED
2966,1054,2026-08-19,P001,5,495.31,COMPLETED
2967,1124,2026-08-06,P005,1,140.10,COMPLETED
2968,1127,2026-08-15,P008,3,463.16,COMPLETED
2969,1088,2026-08-22,P040,8,407.73,COMPLETED
2970,1141,2026-08-16,P048,5,292.75,COMPLETED
2971,1171,2026-08-21,P044,6,268.09,RETURNED
2972,1200,2026-08-17,P016,5,405.03,COMPLETED
2973,1070,2026-08-27,P022,1,222.60,RETURNED
2974,1104,2026-08-10,P004,8,486.65,RETURNED
2975,1038,2026-08-10,P036,5,62.18,COMPLETED
2976,1064,2026-08-26,P030,4,441.57,COMPLETED
2977,1103,2026-08-04,P027,6,212.20,RETURNED
2978,1042,2026-08-11,P040,5,49.75,CANCELLED
2979,1015,2026-08-22,P028,2,389.73,CANCELLED
2980,1122,2026-08-27,P002,7,85.48,COMPLETED
2981,1125,2026-08-12,P032,2,160.92,CANCELLED
2982,1061,2026-08-19,P019,4,208.61,COMPLETED
2983,1154,2026-08-20,P021,3,174.69,RETURNED
2984,1022,2026-08-13,P048,2,59.32,COMPLETED
2985,1024,2026-08-05,P045,7,251.40,COMPLETED
2986,1009,2026-08-02,P009,1,240.89,COMPLETED
2987,1180,2026-08-27,P023,6,342.58,RETURNED
2988,1080,2026-08-03,P022,1,90.96,COMPLETED
2989,1158,2026-08-02,P001,2,494.21,COMPLETED
2990,1126,2026-08-26,P007,3,449.56,COMPLETED
2991,1135,2026-08-19,P005,5,311.56,RETURNED
2992,1156,2026-08-10,P017,3,41.82,COMPLETED
2993,1058,2026-08-21,P045,2,253.24,COMPLETED
2994,1171,2026-08-02,P011,7,427.56,CANCELLED
2995,1131,2026-08-26,P020,8,185.79,COMPLETED
2996,1061,2026-08-21,P020,7,214.81,COMPLETED
2997,1181,2026-08-07,P010,4,236.03,COMPLETED
2998,1031,2026-08-03,P010,1,297.96,COMPLETED
2999,1019,2026-08-15,P019,3,83.17,COMPLETED
3000,1184,2026-08-23,P031,6,293.84,CANCELLED
3001,1172,2026-08-14,P043,2,465.64,RETURNED
3002,1054,2026-08-24,P031,5,469.34,COMPLETED
3003,1089,2026-08-12,P005,3,201.49,COMPLETED
3004,1128,2026-08-02,P030,5,200.88,CANCELLED
3005,1084,2026-08-26,P048,6,230.31,CANCELLED
3006,1193,2026-08-22,P037,6,479.45,COMPLETED
3007,1107,2026-08-01,P006,3,477.60,CANCELLED
3008,1036,2026-08-11,P016,3,30.59,RETURNED
3009,1052,2026-08-20,P047,8,478.96,COMPLETED
3010,1162,2026-08-14,P024,1,387.72,COMPLETED
3011,1027,2026-08-26,P031,6,175.22,RETURNED
3012,1175,2026-08-07,P043,4,82.42,RETURNED
3013,1152,2026-08-09,P040,7,445.90,RETURNED
3014,1188,2026-08-07,P003,7,387.16,CANCELLED
3015,1194,2026-08-24,P030,5,274.01,COMPLETED
3016,1151,2026-08-10,P041,6,18.78,COMPLETED
3017,1156,2026-08-16,P037,7,465.23,COMPLETED
3018,1077,2026-08-11,P042,4,230.14,COMPLETED
3019,1149,2026-08-27,P017,4,337.53,CANCELLED
3020,1011,2026-08-09,P015,1,270.06,CANCELLED
3021,1013,2026-08-08,P005,7,11.10,COMPLETED
3022,1188,2026-08-18,P050,7,18.01,COMPLETED
3023,1149,2026-08-25,P014,1,253.35,RETURNED
3024,1061,2026-08-22,P025,5,392.04,RETURNED
3025,1168,2026-08-24,P013,6,96.85,COMPLETED
3026,1166,2026-08-22,P016,7,49.04,CANCELLED
3027,1192,2026-08-01,P047,2,73.64,COMPLETED
3028,1107,2026-08-06,P011,5,339.19,CANCELLED
3029,1196,2026-08-07,P019,3,187.10,COMPLETED
3030,1040,2026-08-18,P008,2,47.35,COMPLETED
3031,1195,2026-08-08,P018,2,391.55,COMPLETED
3032,1129,2026-08-04,P050,8,175.39,RETURNED
3033,1158,2026-08-15,P018,2,245.81,COMPLETED
3034,1100,2026-08-12,P013,2,183.09,RETURNED
3035,1159,2026-08-09,P050,1,456.35,COMPLETED
3036,1042,2026-08-03,P034,3,81.45,RETURNED
3037,1194,2026-08-07,P041,8,495.65,COMPLETED
3038,1194,2026-08-01,P028,6,428.22,COMPLETED
3039,1049,2026-08-26,P040,7,114.06,CANCELLED
3040,1191,2026-08-25,P015,2,488.31,CANCELLED
3041,1165,2026-08-18,P024,8,199.77,COMPLETED
3042,1001,2026-08-02,P037,1,231.93,COMPLETED
3043,1107,2026-08-01,P048,6,327.87,COMPLETED
3044,1025,2026-08-11,P039,8,51.76,RETURNED
3045,1122,2026-08-18,P032,2,300.51,RETURNED
3046,1009,2026-08-18,P041,6,68.68,COMPLETED
3047,1109,2026-08-08,P019,5,273.17,COMPLETED
3048,1171,2026-08-04,P009,1,470.13,COMPLETED
3049,1072,2026-08-27,P022,7,499.65,CANCELLED
3050,1079,2026-08-03,P048,6,46.80,COMPLETED
3051,1073,2026-08-14,P021,1,22.81,COMPLETED
3052,1135,2026-08-23,P039,2,436.06,RETURNED
3053,1068,2026-08-04,P050,6,65.55,COMPLETED
3054,1055,2026-08-11,P038,2,99.48,COMPLETED
3055,1195,2026-08-08,P036,1,145.49,RETURNED
3056,1169,2026-08-03,P020,5,454.10,COMPLETED
3057,1108,2026-08-13,P006,1,162.83,COMPLETED
3058,1025,2026-08-09,P038,1,77.08,COMPLETED
3059,1093,2026-08-04,P026,8,30.84,RETURNED
3060,1144,2026-08-04,P016,5,87.82,COMPLETED
3061,1146,2026-08-11,P045,3,100.71,COMPLETED
3062,1187,2026-08-21,P046,1,240.45,COMPLETED
3063,1002,2026-08-06,P044,4,494.93,RETURNED
3064,1061,2026-08-09,P004,4,251.40,CANCELLED
3065,1136,2026-08-07,P019,7,104.31,COMPLETED
3066,1106,2026-08-05,P038,7,487.12,COMPLETED
3067,1032,2026-08-09,P046,4,312.03,CANCELLED
3068,1030,2026-08-09,P026,8,10.71,RETURNED
3069,1148,2026-08-07,P012,5,348.74,RETURNED
3070,1011,2026-08-04,P015,4,74.90,COMPLETED
3071,1176,2026-08-24,P026,1,368.31,COMPLETED
3072,1148,2026-08-07,P001,5,480.11,COMPLETED
3073,1004,2026-08-23,P027,2,416.69,COMPLETED
3074,1038,2026-08-11,P047,4,229.07,COMPLETED
3075,1097,2026-08-12,P043,6,488.85,RETURNED
3076,1052,2026-08-22,P041,5,227.27,COMPLETED
3077,1171,2026-08-07,P043,7,183.06,COMPLETED
3078,1112,2026-08-16,P004,8,475.08,COMPLETED
3079,1016,2026-08-01,P004,7,237.16,CANCELLED
3080,1029,2026-08-17,P019,5,109.88,COMPLETED
3081,1197,2026-08-10,P001,5,96.76,CANCELLED
3082,1090,2026-08-26,P020,2,297.38,COMPLETED
3083,1071,2026-08-15,P031,4,347.33,CANCELLED
3084,1113,2026-08-09,P009,3,245.37,COMPLETED
3085,1099,2026-08-25,P015,4,326.16,RETURNED
3086,1185,2026-08-17,P024,3,63.81,RETURNED
3087,1169,2026-08-09,P034,2,143.19,COMPLETED
3088,1146,2026-08-24,P007,7,19.95,COMPLETED
3089,1194,2026-08-10,P043,5,406.76,RETURNED
3090,1136,2026-08-20,P001,3,317.48,COMPLETED
3091,1198,2026-08-01,P036,6,386.56,CANCELLED
3092,1050,2026-08-19,P012,6,10.72,COMPLETED
3093,1109,2026-08-24,P017,5,363.23,COMPLETED
3094,1172,2026-08-19,P039,4,318.14,RETURNED
3095,1121,2026-08-19,P040,6,57.08,COMPLETED
3096,1087,2026-08-08,P023,6,32.44,CANCELLED
3097,1127,2026-08-25,P015,4,270.92,CANCELLED
3098,1027,2026-08-18,P037,1,347.97,COMPLETED
3099,1053,2026-08-08,P030,7,434.61,CANCELLED
3100,1141,2026-08-18,P029,2,60.28,COMPLETED
3101,1025,2026-08-08,P003,4,117.05,COMPLETED
3102,1072,2026-08-01,P042,7,68.94,RETURNED
3103,1061,2026-08-15,P040,4,55.81,COMPLETED
3104,1138,2026-08-03,P048,5,397.64,COMPLETED
3105,1139,2026-08-02,P011,8,347.61,COMPLETED
3106,1056,2026-08-27,P027,8,410.36,COMPLETED
3107,1059,2026-08-04,P037,2,256.81,COMPLETED
3108,1092,2026-08-01,P049,7,351.23,CANCELLED
3109,1025,2026-08-18,P041,3,23.18,RETURNED
3110,1041,2026-08-01,P015,5,104.35,COMPLETED
3111,1054,2026-08-24,P013,3,105.97,COMPLETED
3112,1116,2026-08-10,P015,8,40.02,RETURNED
3113,1186,2026-08-05,P014,1,67.76,COMPLETED
3114,1111,2026-08-21,P010,5,419.03,COMPLETED
3115,1002,2026-08-27,P011,3,242.13,COMPLETED
3116,1108,2026-08-02,P007,3,345.38,COMPLETED
3117,1040,2026-08-25,P027,3,113.77,COMPLETED
3118,1043,2026-08-14,P018,4,352.85,RETURNED
3119,1041,2026-08-23,P039,6,444.33,RETURNED
3120,1109,2026-08-22,P012,4,477.27,RETURNED
3121,1067,2026-08-27,P039,8,146.80,COMPLETED
3122,1076,2026-08-24,P025,1,106.17,RETURNED
3123,1030,2026-08-15,P045,2,438.62,COMPLETED
3124,1137,2026-08-02,P008,4,371.13,RETURNED
3125,1149,2026-08-16,P046,7,455.57,COMPLETED
3126,1060,2026-08-02,P009,3,274.12,COMPLETED
3127,1142,2026-08-02,P006,2,128.33,COMPLETED
3128,1086,2026-08-17,P036,2,137.23,COMPLETED
3129,1126,2026-08-27,P014,3,31.57,COMPLETED
3130,1023,2026-08-26,P034,4,352.40,COMPLETED
3131,1185,2026-08-20,P041,8,45.00,RETURNED
3132,1175,2026-08-03,P018,6,235.84,COMPLETED
3133,1200,2026-08-01,P002,1,385.08,COMPLETED
3134,1043,2026-08-26,P049,1,50.98,RETURNED
3135,1124,2026-08-03,P007,2,347.10,CANCELLED
3136,1162,2026-08-26,P048,6,38.05,RETURNED
3137,1081,2026-08-01,P025,3,494.32,COMPLETED
3138,1067,2026-08-26,P011,5,378.74,COMPLETED
3139,1148,2026-08-18,P035,3,304.17,CANCELLED
3140,1197,2026-08-10,P005,8,265.89,COMPLETED
3141,1011,2026-08-06,P021,5,255.69,CANCELLED
3142,1120,2026-08-16,P002,1,258.50,COMPLETED
3143,1067,2026-08-20,P016,1,11.37,CANCELLED
3144,1186,2026-08-12,P034,6,53.46,COMPLETED
3145,1145,2026-08-17,P008,3,208.54,COMPLETED
3146,1131,2026-08-14,P015,3,400.87,COMPLETED
3147,1044,2026-08-12,P037,1,189.44,CANCELLED
3148,1011,2026-08-24,P041,1,280.75,CANCELLED
3149,1106,2026-08-02,P039,7,111.88,RETURNED
3150,1005,2026-08-18,P050,8,312.86,RETURNED
3151,1016,2026-08-25,P018,3,71.63,COMPLETED
3152,1136,2026-08-04,P008,7,133.88,RETURNED
3153,1188,2026-08-17,P017,1,138.19,COMPLETED
3154,1064,2026-08-18,P034,8,254.24,COMPLETED
3155,1017,2026-08-13,P026,4,268.88,COMPLETED
3156,1037,2026-08-08,P045,3,339.77,CANCELLED
3157,1134,2026-08-20,P037,5,365.73,COMPLETED
3158,1063,2026-08-14,P027,5,87.71,COMPLETED
3159,1080,2026-08-12,P050,7,114.80,COMPLETED
3160,1100,2026-08-03,P019,8,437.99,CANCELLED
3161,1096,2026-08-06,P049,6,473.61,COMPLETED
3162,1059,2026-08-02,P047,3,207.61,COMPLETED
3163,1187,2026-08-11,P002,3,153.98,COMPLETED
3164,1072,2026-08-16,P019,7,160.79,RETURNED
3165,1188,2026-08-19,P007,1,388.30,COMPLETED
3166,1071,2026-08-08,P022,3,416.90,COMPLETED
3167,1088,2026-08-15,P003,1,340.10,COMPLETED
3168,1075,2026-08-22,P016,1,496.63,COMPLETED
3169,1091,2026-08-07,P013,4,485.17,RETURNED
3170,1032,2026-08-09,P026,6,442.91,COMPLETED
3171,1024,2026-08-26,P007,3,404.91,RETURNED
3172,1032,2026-08-15,P035,8,363.41,COMPLETED
3173,1024,2026-08-20,P041,4,128.14,COMPLETED
3174,1165,2026-08-16,P021,4,76.01,COMPLETED
3175,1186,2026-08-02,P005,7,428.86,COMPLETED
3176,1084,2026-08-25,P025,8,381.62,COMPLETED
3177,1185,2026-08-15,P034,7,391.67,COMPLETED
3178,1007,2026-08-01,P002,3,112.26,RETURNED
3179,1029,2026-08-04,P036,6,391.53,COMPLETED
3180,1097,2026-08-27,P022,1,129.75,CANCELLED
3181,1073,2026-08-21,P039,8,139.30,COMPLETED
3182,1159,2026-08-24,P044,7,459.17,COMPLETED
3183,1089,2026-08-13,P009,6,308.77,COMPLETED
3184,1032,2026-08-03,P034,5,305.81,RETURNED
3185,1058,2026-08-10,P015,2,274.22,CANCELLED
3186,1007,2026-08-17,P038,8,178.05,COMPLETED
3187,1186,2026-08-25,P011,7,105.41,COMPLETED
3188,1116,2026-08-20,P018,3,46.02,COMPLETED
3189,1066,2026-08-11,P003,7,47.60,COMPLETED
3190,1011,2026-08-05,P024,7,470.93,COMPLETED
3191,1102,2026-08-25,P028,6,126.45,CANCELLED
3192,1025,2026-08-26,P008,1,264.48,COMPLETED
3193,1050,2026-08-14,P004,1,470.03,RETURNED
3194,1156,2026-08-07,P006,6,201.39,COMPLETED
3195,1019,2026-08-13,P021,3,345.60,COMPLETED
3196,1066,2026-08-04,P022,3,386.12,COMPLETED
3197,1047,2026-08-02,P028,7,259.45,RETURNED
3198,1125,2026-08-04,P028,8,316.93,RETURNED
3199,1135,2026-08-21,P017,3,314.38,COMPLETED
3200,1078,2026-08-24,P036,1,66.76,COMPLETED
3201,1088,2026-08-26,P020,8,392.32,COMPLETED
3202,1055,2026-08-16,P015,3,209.65,COMPLETED
3203,1171,2026-08-20,P024,2,36.17,CANCELLED
3204,1013,2026-08-23,P033,1,306.78,COMPLETED
3205,1074,2026-08-19,P037,2,403.61,COMPLETED
3206,1150,2026-08-01,P011,8,496.03,CANCELLED
3207,1147,2026-08-25,P025,7,385.65,COMPLETED
3208,1134,2026-08-27,P019,8,53.93,COMPLETED
3209,1164,2026-08-18,P037,6,293.85,COMPLETED
3210,1076,2026-08-05,P002,6,287.02,RETURNED
3211,1049,2026-08-10,P007,4,477.11,COMPLETED
3212,1037,2026-08-27,P050,4,154.27,CANCELLED
3213,1180,2026-08-13,P002,1,209.83,RETURNED
3214,1031,2026-08-16,P030,3,205.02,CANCELLED
3215,1056,2026-08-01,P020,8,95.22,RETURNED
3216,1057,2026-08-24,P021,4,264.80,RETURNED
3217,1134,2026-08-12,P009,4,450.28,RETURNED
3218,1073,2026-08-25,P001,1,419.63,COMPLETED
3219,1178,2026-08-14,P037,2,490.98,RETURNED
3220,1038,2026-08-14,P026,6,24.67,RETURNED
3221,1038,2026-08-25,P028,6,276.81,COMPLETED
3222,1089,2026-08-03,P027,7,290.73,COMPLETED
3223,1124,2026-08-27,P028,4,17.32,COMPLETED
3224,1136,2026-08-22,P021,3,385.58,RETURNED
3225,1050,2026-08-11,P050,2,133.45,COMPLETED
3226,1198,2026-08-13,P020,3,127.89,RETURNED
3227,1043,2026-08-09,P031,1,428.77,COMPLETED
3228,1132,2026-08-01,P028,1,337.18,RETURNED
3229,1015,2026-08-13,P008,7,40.68,CANCELLED
3230,1172,2026-08-17,P013,4,46.78,RETURNED
3231,1017,2026-08-11,P025,1,33.48,RETURNED
3232,1162,2026-08-02,P039,5,49.25,COMPLETED
3233,1105,2026-08-24,P050,6,36.62,COMPLETED
3234,1114,2026-08-21,P042,4,437.20,CANCELLED
3235,1095,2026-08-21,P015,3,34.65,COMPLETED
3236,1113,2026-08-09,P029,1,448.90,RETURNED
3237,1183,2026-08-10,P029,7,89.53,COMPLETED
3238,1106,2026-08-24,P043,7,383.85,COMPLETED
3239,1143,2026-08-20,P006,3,178.83,CANCELLED
3240,1013,2026-08-24,P011,8,462.19,RETURNED
3241,1068,2026-08-23,P002,2,386.87,CANCELLED
3242,1050,2026-08-17,P013,5,42.91,COMPLETED
3243,1034,2026-08-15,P021,4,53.70,COMPLETED
3244,1103,2026-08-23,P007,3,109.28,CANCELLED
3245,1053,2026-08-18,P011,2,237.48,COMPLETED
3246,1029,2026-08-03,P015,3,10.23,CANCELLED
3247,1127,2026-08-08,P035,6,74.85,RETURNED
3248,1056,2026-08-12,P029,7,69.42,COMPLETED
3249,1152,2026-08-22,P004,5,160.48,COMPLETED
3250,1102,2026-08-19,P019,6,33.41,RETURNED
3251,1073,2026-08-02,P004,2,221.27,COMPLETED
3252,1027,2026-08-15,P026,4,344.20,CANCELLED
3253,1119,2026-08-18,P048,2,464.57,CANCELLED
3254,1020,2026-08-22,P001,3,458.43,COMPLETED
3255,1151,2026-08-21,P035,2,440.31,COMPLETED
3256,1108,2026-08-04,P011,4,137.94,RETURNED
3257,1126,2026-08-18,P047,6,369.93,RETURNED
3258,1060,2026-08-15,P035,4,381.36,COMPLETED
3259,1082,2026-08-04,P027,3,276.32,COMPLETED
3260,1116,2026-08-11,P048,4,290.49,COMPLETED
3261,1031,2026-08-16,P030,7,207.36,CANCELLED
3262,1128,2026-08-23,P016,1,207.30,CANCELLED
3263,1004,2026-08-17,P024,3,431.45,COMPLETED
3264,1044,2026-08-13,P012,3,51.33,COMPLETED
3265,1041,2026-08-21,P006,6,170.67,CANCELLED
3266,1086,2026-08-22,P035,6,17.27,CANCELLED
3267,1039,2026-08-04,P047,5,208.42,COMPLETED
3268,1147,2026-08-17,P009,3,45.65,COMPLETED
3269,1194,2026-08-19,P039,7,484.77,COMPLETED
3270,1160,2026-08-18,P039,5,125.26,RETURNED
3271,1033,2026-08-10,P003,1,477.01,COMPLETED
3272,1178,2026-08-26,P047,1,476.19,COMPLETED
3273,1154,2026-08-22,P046,7,487.75,COMPLETED
3274,1077,2026-08-17,P039,5,327.70,COMPLETED
3275,1073,2026-08-24,P023,2,327.16,CANCELLED
3276,1193,2026-08-21,P003,8,481.59,CANCELLED
3277,1061,2026-08-03,P035,6,462.59,CANCELLED
3278,1139,2026-08-15,P050,7,244.02,COMPLETED
3279,1200,2026-08-01,P005,8,144.70,RETURNED
3280,1137,2026-08-03,P032,8,252.50,CANCELLED
3281,1148,2026-08-18,P028,3,429.94,RETURNED
3282,1034,2026-08-16,P021,3,420.15,RETURNED
3283,1192,2026-08-19,P003,4,252.01,RETURNED
3284,1048,2026-08-11,P044,1,205.31,COMPLETED
3285,1008,2026-08-12,P043,1,350.80,COMPLETED
3286,1159,2026-08-25,P022,7,196.66,CANCELLED
3287,1032,2026-08-19,P011,1,25.01,COMPLETED
3288,1088,2026-08-18,P024,3,391.41,COMPLETED
3289,1101,2026-08-09,P030,3,467.77,RETURNED
3290,1157,2026-08-13,P019,4,78.77,COMPLETED
3291,1035,2026-08-21,P044,4,320.64,RETURNED
3292,1057,2026-08-24,P013,5,396.87,RETURNED
3293,1043,2026-08-19,P017,2,176.69,COMPLETED
3294,1195,2026-08-22,P022,6,101.43,CANCELLED
3295,1148,2026-08-06,P011,6,200.65,CANCELLED
3296,1057,2026-08-19,P022,4,435.48,RETURNED
3297,1130,2026-08-20,P007,6,60.09,RETURNED
3298,1007,2026-08-23,P042,7,190.92,CANCELLED
3299,1144,2026-08-17,P021,5,478.57,COMPLETED
3300,1198,2026-08-20,P044,6,380.43,COMPLETED
3301,1050,2026-08-27,P020,5,119.86,RETURNED
3302,1029,2026-08-04,P031,2,463.90,RETURNED
3303,1134,2026-08-16,P046,3,32.98,COMPLETED
3304,1010,2026-08-19,P006,4,141.88,COMPLETED
3305,1084,2026-08-07,P019,7,160.71,CANCELLED
3306,1052,2026-08-04,P007,6,415.52,COMPLETED
3307,1055,2026-08-24,P027,3,189.39,CANCELLED
3308,1110,2026-08-24,P029,2,126.69,COMPLETED
3309,1069,2026-08-02,P010,1,480.30,COMPLETED
3310,1091,2026-08-10,P012,2,27.24,CANCELLED
3311,1135,2026-08-13,P031,2,351.08,RETURNED
3312,1002,2026-08-02,P018,3,381.30,COMPLETED
3313,1135,2026-08-05,P036,4,423.90,COMPLETED
3314,1085,2026-08-13,P036,3,446.19,CANCELLED
3315,1198,2026-08-14,P038,1,478.22,RETURNED
3316,1072,2026-08-14,P020,8,274.07,COMPLETED
3317,1131,2026-08-05,P022,8,355.99,COMPLETED
3318,1109,2026-08-18,P024,6,369.12,COMPLETED
3319,1033,2026-08-26,P020,5,97.11,RETURNED
3320,1110,2026-08-04,P022,2,408.08,COMPLETED
3321,1011,2026-08-05,P010,1,442.42,COMPLETED
3322,1060,2026-08-12,P005,4,297.30,COMPLETED
3323,1082,2026-08-05,P005,2,401.66,COMPLETED
3324,1009,2026-08-01,P034,6,176.57,COMPLETED
3325,1047,2026-08-21,P044,7,282.22,COMPLETED
3326,1134,2026-08-10,P034,5,149.34,RETURNED
3327,1184,2026-08-13,P032,7,297.35,COMPLETED
3328,1164,2026-08-16,P029,4,217.31,COMPLETED
3329,1002,2026-08-21,P009,7,83.36,COMPLETED
3330,1074,2026-08-17,P014,3,460.43,COMPLETED
3331,1045,2026-08-17,P046,4,404.64,RETURNED
3332,1049,2026-08-26,P005,2,371.15,COMPLETED
3333,1166,2026-08-07,P001,3,440.55,COMPLETED
3334,1190,2026-08-20,P001,2,38.90,COMPLETED
3335,1126,2026-08-17,P011,4,213.53,COMPLETED
3336,1137,2026-08-23,P011,8,179.05,CANCELLED
3337,1046,2026-08-13,P012,2,335.93,COMPLETED
3338,1192,2026-08-16,P024,8,167.22,RETURNED
3339,1098,2026-08-21,P010,5,247.08,RETURNED
3340,1024,2026-08-02,P033,6,79.80,CANCELLED
3341,1101,2026-08-13,P004,4,367.48,RETURNED
3342,1166,2026-08-06,P031,8,480.57,COMPLETED
3343,1051,2026-08-03,P029,8,346.87,COMPLETED
3344,1008,2026-08-19,P021,3,478.78,COMPLETED
3345,1146,2026-08-06,P040,3,292.56,COMPLETED
3346,1026,2026-08-24,P047,7,441.96,CANCELLED
3347,1150,2026-08-26,P005,6,332.05,COMPLETED
3348,1043,2026-08-08,P021,3,125.86,COMPLETED
3349,1139,2026-08-23,P014,4,396.78,COMPLETED
3350,1032,2026-08-18,P032,5,140.72,CANCELLED
3351,1101,2026-08-24,P019,8,117.24,COMPLETED
3352,1065,2026-08-01,P037,6,137.91,CANCELLED
3353,1115,2026-08-20,P039,2,98.43,RETURNED
3354,1045,2026-08-15,P029,1,101.53,COMPLETED
3355,1171,2026-08-06,P039,1,172.24,CANCELLED
3356,1055,2026-08-25,P032,8,362.19,COMPLETED
3357,1008,2026-08-05,P044,4,74.03,COMPLETED
3358,1186,2026-08-05,P004,6,204.59,RETURNED
3359,1012,2026-08-07,P017,3,28.45,RETURNED
3360,1130,2026-08-16,P037,8,264.13,CANCELLED
3361,1185,2026-08-12,P046,4,349.73,COMPLETED
3362,1164,2026-08-22,P035,6,100.48,CANCELLED
3363,1072,2026-08-02,P020,1,108.98,COMPLETED
3364,1147,2026-08-13,P021,2,409.19,COMPLETED
3365,1042,2026-08-15,P014,2,179.97,RETURNED
3366,1165,2026-08-03,P037,1,391.68,COMPLETED
3367,1024,2026-08-25,P020,6,335.36,COMPLETED
3368,1189,2026-08-16,P033,5,330.34,COMPLETED
3369,1148,2026-08-02,P027,4,456.71,CANCELLED
3370,1128,2026-08-03,P006,4,346.52,RETURNED
3371,1163,2026-08-04,P010,3,204.93,COMPLETED
3372,1176,2026-08-04,P045,4,87.13,CANCELLED
3373,1036,2026-08-14,P004,8,378.80,COMPLETED
3374,1098,2026-08-20,P026,2,66.81,COMPLETED
3375,1159,2026-08-05,P047,3,30.51,COMPLETED
3376,1170,2026-08-15,P048,3,364.27,RETURNED
3377,1051,2026-08-25,P040,8,466.88,COMPLETED
3378,1111,2026-08-02,P025,5,290.22,COMPLETED
3379,1117,2026-08-07,P042,1,333.57,COMPLETED
3380,1073,2026-08-25,P012,2,83.32,COMPLETED
3381,1143,2026-08-03,P044,5,21.13,CANCELLED
3382,1003,2026-08-21,P037,3,461.75,COMPLETED
3383,1097,2026-08-05,P009,3,302.20,COMPLETED
3384,1094,2026-08-27,P023,4,353.31,CANCELLED
3385,1189,2026-08-27,P042,2,407.13,COMPLETED
3386,1146,2026-08-26,P039,4,360.68,COMPLETED
3387,1199,2026-08-05,P007,8,413.51,COMPLETED
3388,1049,2026-08-15,P028,2,79.52,COMPLETED
3389,1100,2026-08-18,P020,6,274.42,COMPLETED
3390,1020,2026-08-07,P048,1,137.09,COMPLETED
3391,1014,2026-08-01,P028,3,495.15,COMPLETED
3392,1143,2026-08-12,P032,3,244.86,COMPLETED
3393,1016,2026-08-02,P029,3,303.54,COMPLETED
3394,1006,2026-08-14,P027,7,432.36,COMPLETED
3395,1136,2026-08-05,P042,3,431.41,COMPLETED
3396,1041,2026-08-11,P044,6,137.92,COMPLETED
3397,1016,2026-08-08,P008,5,25.87,COMPLETED
3398,1104,2026-08-20,P032,6,454.91,RETURNED
3399,1079,2026-08-25,P040,8,190.60,COMPLETED
3400,1200,2026-08-12,P023,8,299.16,COMPLETED
3401,1064,2026-08-10,P017,7,423.32,CANCELLED
3402,1065,2026-08-27,P030,2,77.06,CANCELLED
3403,1016,2026-08-01,P050,2,31.62,COMPLETED
3404,1007,2026-08-26,P048,2,28.98,CANCELLED
3405,1103,2026-08-18,P018,4,59.18,COMPLETED
3406,1011,2026-08-16,P035,3,217.66,COMPLETED
3407,1172,2026-08-17,P024,2,408.04,CANCELLED
3408,1185,2026-08-04,P007,3,300.45,COMPLETED
3409,1051,2026-08-23,P033,1,237.09,COMPLETED
3410,1014,2026-08-14,P030,8,59.82,COMPLETED
3411,1074,2026-08-11,P024,2,484.70,RETURNED
3412,1103,2026-08-09,P012,8,157.12,COMPLETED
3413,1145,2026-08-23,P028,4,22.15,COMPLETED
3414,1181,2026-08-12,P028,6,228.94,RETURNED
3415,1031,2026-08-09,P036,8,24.55,COMPLETED
3416,1199,2026-08-11,P013,4,499.88,RETURNED
3417,1113,2026-08-13,P017,3,413.07,CANCELLED
3418,1021,2026-08-13,P023,7,413.36,RETURNED
3419,1180,2026-08-03,P031,4,417.04,COMPLETED
3420,1104,2026-08-02,P027,1,490.11,CANCELLED
3421,1161,2026-08-04,P038,5,482.89,COMPLETED
3422,1013,2026-08-25,P029,2,399.60,RETURNED
3423,1065,2026-08-16,P003,8,70.92,COMPLETED
3424,1140,2026-08-24,P050,5,296.93,RETURNED
3425,1081,2026-08-03,P016,5,291.34,COMPLETED
3426,1157,2026-08-11,P039,3,30.73,RETURNED
3427,1154,2026-08-02,P032,5,326.83,CANCELLED
3428,1166,2026-08-26,P005,8,323.05,COMPLETED
3429,1107,2026-08-15,P025,8,345.73,RETURNED
3430,1098,2026-08-18,P007,5,60.01,COMPLETED
3431,1013,2026-08-07,P032,8,150.46,CANCELLED
3432,1045,2026-08-19,P049,5,131.64,COMPLETED
3433,1177,2026-08-14,P033,3,113.36,RETURNED
3434,1030,2026-08-20,P040,5,295.60,CANCELLED
3435,1068,2026-08-26,P011,1,42.83,CANCELLED
3436,1120,2026-08-22,P004,3,22.89,RETURNED
3437,1106,2026-08-15,P004,3,61.79,COMPLETED
3438,1170,2026-08-22,P041,1,319.10,COMPLETED
3439,1176,2026-08-04,P045,2,125.25,RETURNED
3440,1029,2026-08-19,P006,8,451.41,CANCELLED
3441,1131,2026-08-01,P002,5,464.62,COMPLETED
3442,1078,2026-08-18,P035,7,448.14,COMPLETED
3443,1092,2026-08-06,P034,2,231.13,RETURNED
3444,1113,2026-08-24,P033,4,289.83,COMPLETED
3445,1016,2026-08-15,P002,1,274.16,COMPLETED
3446,1082,2026-08-18,P031,1,215.21,COMPLETED
3447,1098,2026-08-27,P037,3,422.64,COMPLETED
3448,1166,2026-08-10,P043,7,54.84,COMPLETED
3449,1152,2026-08-06,P018,8,340.43,COMPLETED
3450,1130,2026-08-20,P010,7,284.25,CANCELLED
3451,1172,2026-08-24,P031,7,293.51,COMPLETED
3452,1059,2026-08-09,P046,1,298.53,COMPLETED
3453,1109,2026-08-09,P008,2,397.16,COMPLETED
3454,1142,2026-08-14,P042,1,252.23,COMPLETED
3455,1177,2026-08-06,P036,8,149.22,RETURNED
3456,1091,2026-08-08,P007,6,364.20,CANCELLED
3457,1164,2026-08-19,P003,7,99.05,RETURNED
3458,1097,2026-08-14,P025,5,419.19,RETURNED
3459,1110,2026-08-08,P002,5,468.42,COMPLETED
3460,1114,2026-08-15,P001,5,84.33,COMPLETED
3461,1037,2026-08-18,P011,6,60.08,COMPLETED
3462,1105,2026-08-19,P018,4,414.50,RETURNED
3463,1147,2026-08-18,P050,3,10.17,COMPLETED
3464,1129,2026-08-09,P015,7,271.02,RETURNED
3465,1067,2026-08-02,P026,7,77.36,CANCELLED
3466,1018,2026-08-05,P028,8,304.95,COMPLETED
3467,1019,2026-08-20,P014,2,53.70,COMPLETED
3468,1194,2026-08-19,P039,4,185.30,COMPLETED
3469,1028,2026-08-27,P015,4,360.22,COMPLETED
3470,1088,2026-08-16,P012,7,448.28,COMPLETED
3471,1131,2026-08-02,P007,5,167.40,CANCELLED
3472,1093,2026-08-11,P018,1,455.90,COMPLETED
3473,1158,2026-08-16,P007,3,138.47,CANCELLED
3474,1179,2026-08-11,P019,1,437.79,COMPLETED
3475,1017,2026-08-01,P031,7,207.01,CANCELLED
3476,1033,2026-08-24,P045,2,388.48,COMPLETED
3477,1187,2026-08-20,P001,1,277.89,CANCELLED
3478,1021,2026-08-15,P029,3,57.48,COMPLETED
3479,1084,2026-08-14,P040,2,395.77,COMPLETED
3480,1140,2026-08-13,P028,7,474.12,RETURNED
3481,1149,2026-08-22,P026,4,352.45,RETURNED
3482,1130,2026-08-18,P025,8,162.69,RETURNED
3483,1151,2026-08-10,P017,2,170.39,COMPLETED
3484,1158,2026-08-26,P009,1,64.22,RETURNED
3485,1176,2026-08-22,P050,3,38.71,CANCELLED
3486,1098,2026-08-12,P045,4,351.53,COMPLETED
3487,1021,2026-08-12,P028,2,44.49,COMPLETED
3488,1081,2026-08-08,P016,7,111.50,CANCELLED
3489,1149,2026-08-23,P017,3,59.00,COMPLETED
3490,1002,2026-08-12,P004,1,195.70,COMPLETED
3491,1077,2026-08-20,P034,5,405.43,RETURNED
3492,1097,2026-08-09,P025,3,33.01,COMPLETED
3493,1106,2026-08-26,P004,7,221.36,COMPLETED
3494,1004,2026-08-26,P020,7,138.44,COMPLETED
3495,1114,2026-08-14,P022,6,250.11,RETURNED
3496,1079,2026-08-01,P050,8,393.43,COMPLETED
3497,1156,2026-08-08,P002,4,392.82,CANCELLED
3498,1095,2026-08-05,P017,4,429.95,CANCELLED
3499,1048,2026-08-13,P050,3,428.60,CANCELLED
3500,1102,2026-08-11,P041,5,36.55,COMPLETED
3501,1014,2026-08-20,P001,6,122.16,CANCELLED
3502,1039,2026-08-06,P019,3,68.02,COMPLETED
3503,1123,2026-08-25,P045,8,219.81,CANCELLED
3504,1081,2026-08-10,P040,7,75.82,COMPLETED
3505,1046,2026-08-13,P018,1,60.79,COMPLETED
3506,1129,2026-08-03,P017,6,456.25,RETURNED
3507,1002,2026-08-26,P049,7,496.75,RETURNED
3508,1133,2026-08-01,P026,2,242.55,CANCELLED
3509,1033,2026-08-23,P013,8,495.90,COMPLETED
3510,1004,2026-08-06,P018,6,227.60,CANCELLED
3511,1043,2026-08-05,P041,7,398.34,CANCELLED
3512,1043,2026-08-03,P004,3,367.92,COMPLETED
3513,1195,2026-08-17,P031,5,122.12,COMPLETED
3514,1151,2026-08-08,P047,7,179.40,CANCELLED
3515,1090,2026-08-25,P041,1,235.99,COMPLETED
3516,1045,2026-08-12,P020,5,474.51,COMPLETED
3517,1065,2026-08-04,P024,4,256.70,COMPLETED
3518,1110,2026-08-02,P017,1,341.15,COMPLETED
3519,1120,2026-08-21,P022,6,149.75,COMPLETED
3520,1050,2026-08-07,P010,2,64.59,CANCELLED
3521,1159,2026-08-10,P047,8,344.26,COMPLETED
3522,1102,2026-08-15,P049,8,451.57,COMPLETED
3523,1174,2026-08-08,P048,5,326.08,COMPLETED
3524,1143,2026-08-16,P035,3,25.05,CANCELLED
3525,1122,2026-08-22,P023,3,411.63,COMPLETED
3526,1018,2026-08-21,P039,1,402.59,CANCELLED
3527,1183,2026-08-08,P041,1,134.92,COMPLETED
3528,1059,2026-08-02,P021,7,308.35,RETURNED
3529,1059,2026-08-17,P022,3,140.72,COMPLETED
3530,1180,2026-08-10,P041,1,27.52,COMPLETED
3531,1102,2026-08-17,P029,2,360.43,CANCELLED
3532,1018,2026-08-17,P028,5,261.95,COMPLETED
3533,1172,2026-08-06,P024,5,134.51,COMPLETED
3534,1137,2026-08-09,P014,7,36.21,RETURNED
3535,1159,2026-08-12,P014,2,242.80,CANCELLED
3536,1176,2026-08-23,P042,2,17.63,COMPLETED
3537,1117,2026-08-08,P033,2,82.07,RETURNED
3538,1189,2026-08-22,P025,5,438.33,RETURNED
3539,1136,2026-08-19,P033,7,494.20,COMPLETED
3540,1081,2026-08-25,P031,1,159.98,RETURNED
3541,1027,2026-08-23,P018,3,420.38,CANCELLED
3542,1060,2026-08-22,P003,3,134.36,COMPLETED
3543,1045,2026-08-24,P018,7,358.13,COMPLETED
3544,1042,2026-08-07,P034,4,300.27,COMPLETED
3545,1029,2026-08-08,P042,2,83.96,RETURNED
3546,1041,2026-08-16,P037,1,202.03,COMPLETED
3547,1143,2026-08-06,P014,1,358.73,COMPLETED
3548,1030,2026-08-05,P001,2,31.94,COMPLETED
3549,1005,2026-08-08,P005,3,445.59,RETURNED
3550,1030,2026-08-13,P003,8,222.65,COMPLETED
3551,1032,2026-08-17,P001,8,360.28,RETURNED
3552,1099,2026-08-03,P006,5,102.78,COMPLETED
3553,1075,2026-08-02,P021,4,449.89,COMPLETED
3554,1194,2026-08-21,P004,2,298.92,CANCELLED
3555,1197,2026-08-09,P036,7,393.69,COMPLETED
3556,1151,2026-08-07,P021,6,161.57,COMPLETED
3557,1198,2026-08-02,P002,1,107.29,CANCELLED
3558,1001,2026-08-27,P024,7,458.84,COMPLETED
3559,1020,2026-08-11,P022,7,224.39,COMPLETED
3560,1172,2026-08-23,P025,1,223.60,CANCELLED
3561,1166,2026-08-09,P026,2,46.17,COMPLETED
3562,1181,2026-08-10,P015,2,357.39,COMPLETED
3563,1026,2026-08-01,P026,8,275.41,RETURNED
3564,1121,2026-08-27,P003,5,388.49,RETURNED
3565,1144,2026-08-20,P049,1,189.97,COMPLETED
3566,1076,2026-08-14,P036,7,278.64,COMPLETED
3567,1156,2026-08-13,P030,7,88.06,COMPLETED
3568,1143,2026-08-17,P036,4,274.57,RETURNED
3569,1175,2026-08-21,P043,2,241.51,CANCELLED
3570,1095,2026-08-26,P038,2,188.40,CANCELLED
3571,1020,2026-08-06,P037,6,232.23,CANCELLED
3572,1061,2026-08-13,P009,1,349.67,COMPLETED
3573,1180,2026-08-03,P049,3,221.49,COMPLETED
3574,1078,2026-08-15,P006,3,196.27,RETURNED
3575,1019,2026-08-01,P030,6,467.92,COMPLETED
3576,1031,2026-08-11,P030,6,486.04,CANCELLED
3577,1172,2026-08-15,P048,5,355.97,COMPLETED
3578,1048,2026-08-16,P005,5,198.70,COMPLETED
3579,1156,2026-08-18,P046,3,147.36,RETURNED
3580,1046,2026-08-13,P011,3,223.51,COMPLETED
3581,1151,2026-08-20,P005,8,173.79,CANCELLED
3582,1094,2026-08-02,P018,5,363.29,COMPLETED
3583,1096,2026-08-04,P032,6,343.70,COMPLETED
3584,1033,2026-08-11,P001,7,391.96,RETURNED
3585,1094,2026-08-05,P032,3,423.84,COMPLETED
3586,1013,2026-08-23,P005,1,469.67,CANCELLED
3587,1014,2026-08-08,P030,6,210.90,COMPLETED
3588,1121,2026-08-07,P012,3,146.44,RETURNED
3589,1072,2026-08-06,P001,6,444.84,COMPLETED
3590,1133,2026-08-03,P012,8,264.88,COMPLETED
3591,1062,2026-08-23,P006,5,361.37,COMPLETED
3592,1139,2026-08-14,P050,2,200.85,COMPLETED
3593,1090,2026-08-01,P036,8,42.30,COMPLETED
3594,1001,2026-08-03,P040,2,291.44,COMPLETED
3595,1169,2026-08-15,P006,2,490.72,COMPLETED
3596,1012,2026-08-06,P048,7,49.63,COMPLETED
3597,1146,2026-08-08,P009,8,36.09,COMPLETED
3598,1111,2026-08-02,P038,1,236.56,COMPLETED
3599,1124,2026-08-22,P017,1,12.26,COMPLETED
3600,1084,2026-08-17,P045,5,285.27,COMPLETED
3601,1134,2026-08-08,P030,3,400.75,CANCELLED
3602,1106,2026-08-19,P023,4,433.95,COMPLETED
3603,1121,2026-08-20,P050,5,146.72,COMPLETED
3604,1185,2026-08-14,P033,2,480.07,COMPLETED
3605,1138,2026-08-16,P006,4,404.34,COMPLETED
3606,1086,2026-08-25,P003,2,27.41,COMPLETED
3607,1047,2026-08-12,P005,7,118.67,CANCELLED
3608,1187,2026-08-10,P024,4,485.70,CANCELLED
3609,1039,2026-08-09,P027,4,175.32,RETURNED
3610,1140,2026-08-02,P028,7,432.40,COMPLETED
3611,1151,2026-08-24,P036,7,229.42,COMPLETED
3612,1139,2026-08-23,P033,5,446.59,COMPLETED
3613,1082,2026-08-18,P015,5,484.16,CANCELLED
3614,1036,2026-08-26,P035,5,208.89,COMPLETED
3615,1114,2026-08-11,P018,6,36.01,COMPLETED
3616,1086,2026-08-13,P023,6,230.00,COMPLETED
3617,1145,2026-08-12,P012,7,88.13,COMPLETED
3618,1086,2026-08-20,P050,1,275.01,COMPLETED
3619,1180,2026-08-04,P020,1,251.76,COMPLETED
3620,1026,2026-08-22,P006,2,445.85,COMPLETED
3621,1176,2026-08-15,P002,7,56.43,COMPLETED
3622,1114,2026-08-11,P044,5,355.04,CANCELLED
3623,1007,2026-08-02,P026,3,92.41,RETURNED
3624,1069,2026-08-12,P045,4,164.41,COMPLETED
3625,1022,2026-08-22,P043,3,499.12,COMPLETED
3626,1145,2026-08-06,P023,8,451.55,COMPLETED
3627,1195,2026-08-01,P045,3,431.37,COMPLETED
3628,1055,2026-08-03,P047,6,64.39,COMPLETED
3629,1159,2026-08-12,P022,5,225.68,COMPLETED
3630,1127,2026-08-15,P007,5,31.47,CANCELLED
3631,1119,2026-08-23,P039,4,423.82,RETURNED
3632,1152,2026-08-02,P044,6,357.07,COMPLETED
3633,1171,2026-08-21,P049,1,457.59,COMPLETED
3634,1074,2026-08-02,P044,1,491.46,RETURNED
3635,1004,2026-08-07,P014,5,388.70,RETURNED
3636,1033,2026-08-04,P003,1,145.94,COMPLETED
3637,1179,2026-08-14,P049,1,258.18,COMPLETED
3638,1161,2026-08-03,P040,2,275.95,COMPLETED
3639,1158,2026-08-08,P012,6,441.45,RETURNED
3640,1063,2026-08-12,P024,6,382.38,RETURNED
3641,1100,2026-08-11,P005,3,32.40,COMPLETED
3642,1146,2026-08-02,P037,7,482.24,COMPLETED
3643,1110,2026-08-21,P036,1,204.91,COMPLETED
3644,1123,2026-08-03,P017,7,361.39,COMPLETED
3645,1129,2026-08-25,P018,4,498.10,COMPLETED
3646,1146,2026-08-23,P019,4,334.48,COMPLETED
3647,1006,2026-08-19,P001,6,432.33,CANCELLED
3648,1041,2026-08-16,P022,8,194.72,COMPLETED
3649,1090,2026-08-01,P001,4,88.73,COMPLETED
3650,1081,2026-08-16,P017,4,492.83,COMPLETED
3651,1118,2026-08-13,P035,3,150.08,COMPLETED
3652,1170,2026-08-06,P037,1,317.59,COMPLETED
3653,1025,2026-08-08,P005,4,160.78,COMPLETED
3654,1165,2026-08-24,P027,1,289.95,COMPLETED
3655,1196,2026-08-12,P035,4,12.75,RETURNED
3656,1039,2026-08-14,P008,5,129.06,COMPLETED
3657,1035,2026-08-13,P040,7,227.60,COMPLETED
3658,1117,2026-08-10,P022,6,479.27,RETURNED
3659,1145,2026-08-18,P012,8,168.41,COMPLETED
3660,1102,2026-08-06,P003,7,162.73,COMPLETED
3661,1046,2026-08-27,P001,4,215.35,COMPLETED
3662,1048,2026-08-15,P005,6,183.32,COMPLETED
3663,1178,2026-08-15,P039,8,446.06,COMPLETED
3664,1089,2026-08-01,P011,8,66.12,COMPLETED
3665,1111,2026-08-23,P045,1,98.66,COMPLETED
3666,1135,2026-08-04,P008,3,43.09,RETURNED
3667,1176,2026-08-19,P024,8,364.17,RETURNED
3668,1029,2026-08-04,P033,7,62.14,CANCELLED
3669,1141,2026-08-07,P006,6,172.83,RETURNED
3670,1121,2026-08-11,P011,8,348.23,COMPLETED
3671,1193,2026-08-13,P050,1,357.33,COMPLETED
3672,1180,2026-08-08,P039,8,272.14,COMPLETED
3673,1040,2026-08-03,P033,7,308.24,RETURNED
3674,1071,2026-08-16,P022,3,403.82,COMPLETED
3675,1036,2026-08-02,P011,2,497.76,CANCELLED
3676,1142,2026-08-06,P014,1,36.45,RETURNED
3677,1059,2026-08-10,P009,3,316.38,COMPLETED
3678,1072,2026-08-02,P032,5,53.45,COMPLETED
3679,1192,2026-08-21,P034,4,368.26,COMPLETED
3680,1093,2026-08-03,P037,7,487.23,RETURNED
3681,1173,2026-08-23,P009,4,353.54,COMPLETED
3682,1013,2026-08-05,P018,1,320.68,COMPLETED
3683,1113,2026-08-08,P032,3,73.99,COMPLETED
3684,1184,2026-08-05,P013,2,129.41,COMPLETED
3685,1107,2026-08-25,P022,3,256.64,COMPLETED
3686,1001,2026-08-14,P044,5,203.98,COMPLETED
3687,1113,2026-08-12,P030,4,468.10,CANCELLED
3688,1025,2026-08-12,P040,7,452.52,RETURNED
3689,1176,2026-08-08,P002,3,386.27,COMPLETED
3690,1176,2026-08-20,P048,2,213.70,COMPLETED
3691,1156,2026-08-16,P003,5,195.28,COMPLETED
3692,1008,2026-08-19,P017,4,68.47,COMPLETED
3693,1100,2026-08-27,P026,5,42.77,COMPLETED
3694,1052,2026-08-05,P008,2,402.71,CANCELLED
3695,1094,2026-08-16,P026,1,255.53,RETURNED
3696,1101,2026-08-12,P030,7,422.30,COMPLETED
3697,1040,2026-08-13,P006,4,353.21,RETURNED
3698,1016,2026-08-17,P020,7,187.40,RETURNED
3699,1010,2026-08-10,P029,5,157.25,CANCELLED
3700,1155,2026-08-13,P050,4,345.58,COMPLETED
3701,1089,2026-08-23,P001,4,288.10,COMPLETED
3702,1049,2026-08-21,P009,7,91.96,COMPLETED
3703,1031,2026-08-13,P006,3,222.58,COMPLETED
3704,1106,2026-08-05,P043,5,116.06,COMPLETED
3705,1143,2026-08-27,P045,6,471.01,COMPLETED
3706,1132,2026-08-09,P033,3,59.69,COMPLETED
3707,1153,2026-08-18,P044,8,475.08,RETURNED
3708,1062,2026-08-04,P047,7,82.28,COMPLETED
3709,1147,2026-08-27,P044,2,332.43,CANCELLED
3710,1087,2026-08-09,P016,4,108.50,COMPLETED
3711,1048,2026-08-24,P024,5,474.15,COMPLETED
3712,1067,2026-08-12,P013,4,120.21,COMPLETED
3713,1181,2026-08-26,P024,4,48.00,RETURNED
3714,1185,2026-08-16,P018,7,23.71,COMPLETED
3715,1145,2026-08-15,P044,7,458.91,COMPLETED
3716,1103,2026-08-16,P038,6,400.07,COMPLETED
3717,1093,2026-08-24,P016,6,474.02,CANCELLED
3718,1070,2026-08-12,P026,8,495.65,CANCELLED
3719,1017,2026-08-24,P028,7,481.51,COMPLETED
3720,1088,2026-08-09,P019,3,48.75,COMPLETED
3721,1159,2026-08-01,P020,1,290.62,RETURNED
3722,1103,2026-08-03,P039,6,100.83,COMPLETED
3723,1102,2026-08-11,P020,6,292.10,CANCELLED
3724,1062,2026-08-06,P001,2,428.19,CANCELLED
3725,1199,2026-08-09,P046,3,127.40,RETURNED
3726,1032,2026-08-04,P019,5,98.98,COMPLETED
3727,1150,2026-08-22,P013,5,328.83,COMPLETED
3728,1030,2026-08-26,P020,3,471.07,COMPLETED
3729,1015,2026-08-10,P029,4,362.01,RETURNED
3730,1118,2026-08-14,P015,4,332.31,COMPLETED
3731,1166,2026-08-22,P044,1,24.69,COMPLETED
3732,1037,2026-08-16,P008,6,460.68,COMPLETED
3733,1143,2026-08-12,P018,8,55.27,COMPLETED
3734,1169,2026-08-06,P018,4,187.75,COMPLETED
3735,1175,2026-08-14,P042,8,137.28,CANCELLED
3736,1165,2026-08-02,P011,2,253.64,COMPLETED
3737,1190,2026-08-23,P010,7,400.35,COMPLETED
3738,1148,2026-08-15,P028,8,231.95,CANCELLED
3739,1050,2026-08-22,P030,6,209.30,COMPLETED
3740,1166,2026-08-04,P003,5,456.40,COMPLETED
3741,1138,2026-08-27,P005,3,408.70,COMPLETED
3742,1169,2026-08-12,P003,6,328.05,COMPLETED
3743,1175,2026-08-01,P012,3,247.08,COMPLETED
3744,1119,2026-08-03,P043,5,101.29,COMPLETED
3745,1078,2026-08-04,P015,7,22.97,RETURNED
3746,1056,2026-08-23,P049,2,386.93,CANCELLED
3747,1043,2026-08-17,P003,2,252.24,COMPLETED
3748,1089,2026-08-04,P023,4,195.26,COMPLETED
3749,1185,2026-08-17,P002,7,96.25,RETURNED
3750,1162,2026-08-21,P032,3,292.05,COMPLETED
3751,1158,2026-08-12,P023,3,362.38,COMPLETED
3752,1164,2026-08-08,P045,3,92.80,CANCELLED
3753,1155,2026-08-08,P039,4,447.87,COMPLETED
3754,1122,2026-08-01,P045,5,188.16,COMPLETED
3755,1059,2026-08-26,P028,6,120.50,CANCELLED
3756,1121,2026-08-03,P026,6,486.28,COMPLETED
3757,1048,2026-08-02,P025,8,32.33,RETURNED
3758,1041,2026-08-16,P013,2,384.60,CANCELLED
3759,1032,2026-08-02,P010,2,16.94,CANCELLED
3760,1142,2026-08-04,P015,6,325.96,RETURNED
3761,1127,2026-08-22,P043,3,355.98,CANCELLED
3762,1067,2026-08-23,P050,5,271.72,CANCELLED
3763,1193,2026-08-16,P017,4,168.91,COMPLETED
3764,1056,2026-08-05,P045,4,490.04,COMPLETED
3765,1131,2026-08-05,P002,3,460.62,COMPLETED
3766,1040,2026-08-25,P023,5,134.34,RETURNED
3767,1171,2026-08-22,P044,3,361.50,COMPLETED
3768,1097,2026-08-06,P012,6,208.46,RETURNED
3769,1013,2026-08-11,P025,4,192.08,COMPLETED
3770,1063,2026-08-27,P005,8,433.60,COMPLETED
3771,1176,2026-08-18,P032,1,143.06,COMPLETED
3772,1172,2026-08-04,P021,4,13.09,COMPLETED
3773,1168,2026-08-18,P036,5,388.36,COMPLETED
3774,1019,2026-08-05,P015,1,445.35,CANCELLED
3775,1131,2026-08-06,P019,7,333.94,CANCELLED
3776,1099,2026-08-08,P005,8,331.86,COMPLETED
3777,1012,2026-08-24,P024,5,397.47,COMPLETED
3778,1161,2026-08-09,P043,2,401.65,COMPLETED
3779,1185,2026-08-12,P018,2,219.78,COMPLETED
3780,1070,2026-08-03,P002,6,171.67,RETURNED
3781,1097,2026-08-22,P038,2,292.35,COMPLETED
3782,1128,2026-08-19,P023,6,230.92,COMPLETED
3783,1036,2026-08-02,P002,8,403.68,COMPLETED
3784,1171,2026-08-06,P001,7,488.43,COMPLETED
3785,1187,2026-08-20,P043,8,57.09,COMPLETED
3786,1052,2026-08-05,P037,5,45.91,COMPLETED
3787,1159,2026-08-25,P026,7,453.91,CANCELLED
3788,1145,2026-08-18,P034,8,208.93,CANCELLED
3789,1126,2026-08-07,P031,2,90.84,COMPLETED
3790,1167,2026-08-03,P025,3,74.61,COMPLETED
3791,1136,2026-08-15,P035,6,350.77,RETURNED
3792,1164,2026-08-16,P014,7,182.68,RETURNED
3793,1155,2026-08-23,P006,5,109.48,CANCELLED
3794,1132,2026-08-11,P044,5,102.30,RETURNED
3795,1032,2026-08-21,P010,6,99.03,COMPLETED
3796,1091,2026-08-06,P002,2,297.19,COMPLETED
3797,1073,2026-08-16,P037,7,143.42,CANCELLED
3798,1183,2026-08-26,P004,5,245.17,COMPLETED
3799,1119,2026-08-05,P026,7,484.40,COMPLETED
3800,1077,2026-08-10,P037,7,253.24,CANCELLED
3801,1023,2026-08-19,P027,8,462.45,COMPLETED
3802,1009,2026-08-13,P017,6,219.05,COMPLETED
3803,1091,2026-08-02,P021,1,209.29,COMPLETED
3804,1190,2026-08-16,P025,4,28.44,COMPLETED
3805,1119,2026-08-19,P029,7,312.06,COMPLETED
3806,1179,2026-08-04,P025,6,77.30,COMPLETED
3807,1095,2026-08-11,P038,4,34.28,CANCELLED
3808,1090,2026-08-24,P008,1,97.83,COMPLETED
3809,1173,2026-08-17,P014,3,236.71,CANCELLED
3810,1081,2026-08-10,P040,4,493.85,COMPLETED
3811,1090,2026-08-17,P019,6,309.74,CANCELLED
3812,1085,2026-08-22,P049,7,131.53,COMPLETED
3813,1066,2026-08-10,P005,4,160.62,COMPLETED
3814,1155,2026-08-20,P038,2,203.81,COMPLETED
3815,1067,2026-08-25,P018,4,418.55,RETURNED
3816,1070,2026-08-15,P027,5,120.94,COMPLETED
3817,1013,2026-08-01,P038,3,81.59,COMPLETED
3818,1186,2026-08-17,P031,7,72.87,COMPLETED
3819,1041,2026-08-19,P007,5,58.88,COMPLETED
3820,1177,2026-08-25,P012,8,73.25,COMPLETED
3821,1078,2026-08-16,P034,1,244.68,COMPLETED
3822,1106,2026-08-07,P024,5,318.85,COMPLETED
3823,1033,2026-08-16,P003,3,430.98,COMPLETED
3824,1146,2026-08-01,P028,1,157.87,COMPLETED
3825,1157,2026-08-13,P015,2,82.71,RETURNED
3826,1189,2026-08-02,P023,1,79.30,COMPLETED
3827,1119,2026-08-05,P022,2,109.98,CANCELLED
3828,1150,2026-08-12,P022,7,103.25,CANCELLED
3829,1021,2026-08-01,P037,7,485.72,RETURNED
3830,1093,2026-08-07,P036,2,137.93,COMPLETED
3831,1102,2026-08-07,P025,5,350.92,COMPLETED
3832,1139,2026-08-03,P036,2,119.18,COMPLETED
3833,1047,2026-08-02,P013,4,155.35,CANCELLED
3834,1064,2026-08-06,P013,3,26.41,COMPLETED
3835,1105,2026-08-15,P014,5,99.72,COMPLETED
3836,1116,2026-08-01,P046,5,123.68,RETURNED
3837,1139,2026-08-14,P002,7,392.90,COMPLETED
3838,1037,2026-08-18,P037,6,358.27,COMPLETED
3839,1168,2026-08-13,P006,1,84.97,CANCELLED
3840,1068,2026-08-15,P013,5,41.56,COMPLETED
3841,1015,2026-08-10,P010,4,422.32,COMPLETED
3842,1042,2026-08-18,P011,6,474.15,RETURNED
3843,1087,2026-08-20,P012,5,216.84,CANCELLED
3844,1193,2026-08-25,P049,6,367.62,COMPLETED
3845,1040,2026-08-07,P040,4,75.40,COMPLETED
3846,1085,2026-08-01,P026,3,17.96,RETURNED
3847,1003,2026-08-04,P015,4,110.16,COMPLETED
3848,1120,2026-08-08,P029,4,134.28,COMPLETED
3849,1110,2026-08-24,P030,2,338.46,COMPLETED
3850,1110,2026-08-27,P010,1,224.39,CANCELLED
3851,1081,2026-08-20,P016,6,377.94,COMPLETED
3852,1054,2026-08-06,P004,5,324.46,COMPLETED
3853,1143,2026-08-06,P050,4,370.01,COMPLETED
3854,1008,2026-08-27,P014,8,93.61,COMPLETED
3855,1139,2026-08-23,P019,3,32.87,CANCELLED
3856,1184,2026-08-03,P011,1,54.52,COMPLETED
3857,1096,2026-08-22,P004,3,153.41,CANCELLED
3858,1067,2026-08-27,P043,7,458.98,RETURNED
3859,1122,2026-08-15,P042,2,417.53,CANCELLED
3860,1160,2026-08-11,P039,5,212.82,COMPLETED
3861,1164,2026-08-09,P035,1,199.30,COMPLETED
3862,1174,2026-08-18,P031,8,85.50,COMPLETED
3863,1082,2026-08-11,P039,2,98.14,COMPLETED
3864,1195,2026-08-26,P035,6,198.79,COMPLETED
3865,1186,2026-08-23,P048,5,458.28,COMPLETED
3866,1049,2026-08-08,P029,8,132.06,RETURNED
3867,1026,2026-08-25,P009,2,399.27,COMPLETED
3868,1118,2026-08-03,P033,1,68.42,COMPLETED
3869,1142,2026-08-08,P027,6,491.43,RETURNED
3870,1013,2026-08-02,P032,2,232.66,COMPLETED
3871,1058,2026-08-23,P039,1,400.99,COMPLETED
3872,1159,2026-08-12,P040,2,298.00,COMPLETED
3873,1082,2026-08-23,P048,6,97.32,COMPLETED
3874,1037,2026-08-16,P032,2,94.61,CANCELLED
3875,1143,2026-08-24,P030,5,132.39,COMPLETED
3876,1075,2026-08-06,P010,1,186.75,COMPLETED
3877,1174,2026-08-04,P021,7,96.31,COMPLETED
3878,1050,2026-08-19,P013,7,426.50,COMPLETED
3879,1075,2026-08-23,P019,4,109.15,COMPLETED
3880,1133,2026-08-15,P032,1,159.32,RETURNED
3881,1119,2026-08-20,P002,6,15.75,COMPLETED
3882,1097,2026-08-01,P050,6,310.79,RETURNED
3883,1197,2026-08-22,P021,6,44.97,COMPLETED
3884,1160,2026-08-26,P045,8,253.45,COMPLETED
3885,1054,2026-08-13,P011,7,320.98,RETURNED
3886,1069,2026-08-24,P012,6,212.92,CANCELLED
3887,1044,2026-08-16,P011,8,166.26,COMPLETED
3888,1021,2026-08-19,P026,3,18.59,COMPLETED
3889,1155,2026-08-18,P009,2,79.46,COMPLETED
3890,1041,2026-08-21,P010,6,290.63,RETURNED
3891,1197,2026-08-10,P027,2,44.95,COMPLETED
3892,1081,2026-08-02,P049,3,299.79,RETURNED
3893,1119,2026-08-13,P043,4,223.59,COMPLETED
3894,1160,2026-08-21,P047,7,94.46,COMPLETED
3895,1097,2026-08-22,P005,3,30.95,COMPLETED
3896,1007,2026-08-22,P042,5,315.52,RETURNED
3897,1186,2026-08-11,P007,2,105.32,COMPLETED
3898,1147,2026-08-21,P035,1,31.37,COMPLETED
3899,1165,2026-08-23,P006,3,41.47,COMPLETED
3900,1045,2026-08-05,P005,2,475.38,COMPLETED
3901,1029,2026-08-24,P046,5,260.57,COMPLETED
3902,1140,2026-08-18,P027,3,436.17,RETURNED
3903,1003,2026-08-16,P007,7,156.00,RETURNED
3904,1138,2026-08-04,P004,6,138.45,CANCELLED
3905,1173,2026-08-10,P001,5,377.54,COMPLETED
3906,1129,2026-08-26,P032,7,97.05,CANCELLED
3907,1081,2026-08-21,P034,8,129.83,COMPLETED
3908,1073,2026-08-25,P026,7,322.52,COMPLETED
3909,1186,2026-08-25,P009,2,301.94,COMPLETED
3910,1037,2026-08-10,P046,3,64.78,CANCELLED
3911,1050,2026-08-26,P012,3,97.73,COMPLETED
3912,1042,2026-08-10,P040,2,32.28,COMPLETED
3913,1029,2026-08-18,P019,4,399.96,CANCELLED
3914,1158,2026-08-17,P029,2,54.12,COMPLETED
3915,1153,2026-08-27,P040,7,298.18,COMPLETED
3916,1132,2026-08-19,P045,2,329.33,COMPLETED
3917,1111,2026-08-04,P028,1,37.94,CANCELLED
3918,1016,2026-08-01,P001,3,356.05,COMPLETED
3919,1050,2026-08-07,P035,3,274.23,CANCELLED
3920,1162,2026-08-07,P003,2,11.89,COMPLETED
3921,1136,2026-08-26,P016,3,142.37,RETURNED
3922,1142,2026-08-23,P045,1,468.31,COMPLETED
3923,1145,2026-08-14,P050,3,333.39,RETURNED
3924,1137,2026-08-02,P045,1,231.04,CANCELLED
3925,1063,2026-08-06,P015,8,380.58,COMPLETED
3926,1129,2026-08-18,P040,4,442.19,CANCELLED
3927,1124,2026-08-22,P027,4,115.10,COMPLETED
3928,1162,2026-08-17,P035,6,321.15,CANCELLED
3929,1064,2026-08-06,P028,7,232.89,RETURNED
3930,1020,2026-08-10,P013,2,10.40,COMPLETED
3931,1058,2026-08-22,P046,3,108.55,RETURNED
3932,1131,2026-08-05,P047,2,339.78,COMPLETED
3933,1154,2026-08-12,P047,3,235.93,COMPLETED
3934,1196,2026-08-17,P048,8,169.43,COMPLETED
3935,1025,2026-08-13,P042,8,251.57,COMPLETED
3936,1043,2026-08-14,P001,6,414.51,RETURNED
3937,1069,2026-08-17,P016,2,429.59,COMPLETED
3938,1114,2026-08-20,P027,3,238.87,COMPLETED
3939,1152,2026-08-15,P027,2,182.65,RETURNED
3940,1077,2026-08-18,P023,4,275.10,CANCELLED
3941,1188,2026-08-06,P010,1,495.43,CANCELLED
3942,1103,2026-08-13,P035,6,351.01,CANCELLED
3943,1091,2026-08-25,P037,3,309.70,COMPLETED
3944,1079,2026-08-05,P040,6,229.63,RETURNED
3945,1058,2026-08-19,P039,3,178.28,COMPLETED
3946,1003,2026-08-22,P049,7,317.85,CANCELLED
3947,1149,2026-08-24,P039,5,444.43,COMPLETED
3948,1037,2026-08-15,P049,5,317.43,RETURNED
3949,1078,2026-08-14,P005,7,299.23,CANCELLED
3950,1144,2026-08-19,P001,7,247.37,RETURNED
3951,1175,2026-08-26,P032,8,160.43,COMPLETED
3952,1147,2026-08-18,P019,6,345.94,CANCELLED
3953,1050,2026-08-09,P039,2,477.27,RETURNED
3954,1063,2026-08-10,P019,2,211.37,CANCELLED
3955,1188,2026-08-17,P038,6,111.07,RETURNED
3956,1075,2026-08-26,P050,2,498.65,RETURNED
3957,1081,2026-08-18,P001,1,139.96,RETURNED
3958,1084,2026-08-06,P011,7,439.16,COMPLETED
3959,1036,2026-08-27,P030,1,90.37,COMPLETED
3960,1155,2026-08-13,P004,7,152.04,COMPLETED
3961,1065,2026-08-27,P023,3,142.57,RETURNED
3962,1139,2026-08-04,P037,4,10.27,RETURNED
3963,1079,2026-08-07,P043,1,171.64,RETURNED
3964,1189,2026-08-18,P031,4,313.24,COMPLETED
3965,1107,2026-08-27,P016,2,281.13,COMPLETED
3966,1004,2026-08-05,P004,8,396.27,COMPLETED
3967,1185,2026-08-07,P025,1,343.03,CANCELLED
3968,1005,2026-08-04,P023,6,326.07,CANCELLED
3969,1197,2026-08-10,P037,2,283.40,COMPLETED
3970,1171,2026-08-27,P019,8,489.59,CANCELLED
3971,1123,2026-08-15,P047,1,256.30,COMPLETED
3972,1042,2026-08-21,P027,2,270.10,COMPLETED
3973,1053,2026-08-01,P028,2,319.20,COMPLETED
3974,1070,2026-08-23,P019,2,33.33,COMPLETED
3975,1012,2026-08-09,P026,3,304.71,CANCELLED
3976,1144,2026-08-09,P026,6,477.80,COMPLETED
3977,1097,2026-08-06,P010,5,470.60,COMPLETED
3978,1157,2026-08-04,P039,6,455.98,CANCELLED
3979,1109,2026-08-16,P050,3,164.56,COMPLETED
3980,1003,2026-08-06,P022,3,71.19,COMPLETED
3981,1008,2026-08-07,P017,5,225.39,CANCELLED
3982,1078,2026-08-10,P035,8,451.38,COMPLETED
3983,1058,2026-08-22,P039,6,192.46,CANCELLED
3984,1060,2026-08-11,P035,3,57.23,COMPLETED
3985,1021,2026-08-11,P009,1,249.66,COMPLETED
3986,1043,2026-08-11,P045,6,116.90,RETURNED
3987,1101,2026-08-02,P009,1,373.10,COMPLETED
3988,1200,2026-08-03,P031,2,465.35,COMPLETED
3989,1119,2026-08-25,P032,3,320.32,COMPLETED
3990,1140,2026-08-14,P047,5,272.68,COMPLETED
3991,1183,2026-08-20,P044,6,282.29,COMPLETED
3992,1150,2026-08-18,P043,6,93.77,COMPLETED
3993,1081,2026-08-06,P007,6,78.57,CANCELLED
3994,1158,2026-08-04,P006,6,249.73,CANCELLED
3995,1014,2026-08-03,P034,1,174.63,COMPLETED
3996,1067,2026-08-12,P029,5,303.65,CANCELLED
3997,1196,2026-08-10,P024,5,241.09,COMPLETED
3998,1136,2026-08-12,P047,3,155.81,COMPLETED
3999,1149,2026-08-04,P020,8,68.35,RETURNED
4000,1155,2026-08-15,P014,4,137.38,COMPLETED
4001,1137,2026-08-11,P002,4,249.28,COMPLETED
4002,1108,2026-08-07,P006,2,269.63,COMPLETED
4003,1165,2026-08-23,P034,4,127.43,RETURNED
4004,1132,2026-08-06,P031,7,468.81,RETURNED
4005,1143,2026-08-18,P005,3,407.92,COMPLETED
4006,1122,2026-08-26,P013,3,245.16,COMPLETED
4007,1176,2026-08-10,P005,7,100.14,COMPLETED
4008,1079,2026-08-06,P027,2,228.13,COMPLETED
4009,1187,2026-08-27,P015,4,464.03,CANCELLED
4010,1145,2026-08-26,P007,1,59.75,COMPLETED
4011,1072,2026-08-14,P025,8,102.12,CANCELLED
4012,1097,2026-08-03,P011,8,226.92,RETURNED
4013,1017,2026-08-26,P020,7,298.54,COMPLETED
4014,1155,2026-08-07,P037,7,76.91,COMPLETED
4015,1088,2026-08-13,P004,7,138.38,RETURNED
4016,1029,2026-08-19,P004,1,347.85,RETURNED
4017,1148,2026-08-20,P002,6,245.05,RETURNED
4018,1181,2026-08-08,P006,6,90.23,RETURNED
4019,1075,2026-08-20,P019,7,335.15,COMPLETED
4020,1189,2026-08-21,P033,5,201.03,RETURNED
4021,1113,2026-08-10,P011,8,295.59,RETURNED
4022,1182,2026-08-12,P037,8,171.01,COMPLETED
4023,1190,2026-08-25,P008,3,473.27,RETURNED
4024,1113,2026-08-02,P048,3,80.30,RETURNED
4025,1077,2026-08-15,P034,2,411.80,RETURNED
4026,1119,2026-08-07,P001,8,450.37,COMPLETED
4027,1068,2026-08-25,P022,5,458.79,COMPLETED
4028,1053,2026-08-26,P028,5,399.45,CANCELLED
4029,1101,2026-08-25,P034,3,266.31,COMPLETED
4030,1164,2026-08-03,P002,3,365.80,COMPLETED
4031,1138,2026-08-17,P008,6,378.47,COMPLETED
4032,1126,2026-08-19,P035,4,308.78,COMPLETED
4033,1006,2026-08-09,P048,6,292.45,RETURNED
4034,1114,2026-08-22,P030,3,418.36,RETURNED
4035,1144,2026-08-02,P028,6,164.66,CANCELLED
4036,1096,2026-08-19,P006,4,118.30,COMPLETED
4037,1119,2026-08-24,P048,1,379.73,COMPLETED
4038,1173,2026-08-25,P026,6,105.63,COMPLETED
4039,1062,2026-08-24,P038,2,69.71,COMPLETED
4040,1137,2026-08-01,P009,4,479.68,RETURNED
4041,1081,2026-08-16,P023,5,75.86,COMPLETED
4042,1016,2026-08-08,P045,7,30.71,RETURNED
4043,1184,2026-08-11,P008,2,429.24,COMPLETED
4044,1035,2026-08-10,P020,6,39.89,COMPLETED
4045,1018,2026-08-23,P022,8,111.23,RETURNED
4046,1103,2026-08-16,P009,4,195.77,CANCELLED
4047,1131,2026-08-03,P047,4,348.20,RETURNED
4048,1062,2026-08-13,P040,4,112.40,COMPLETED
4049,1140,2026-08-23,P021,1,317.05,CANCELLED
4050,1075,2026-08-03,P029,6,320.11,COMPLETED
4051,1097,2026-08-03,P016,6,431.78,RETURNED
4052,1030,2026-08-16,P007,3,184.96,CANCELLED
4053,1174,2026-08-10,P040,4,202.51,COMPLETED
4054,1062,2026-08-22,P031,3,420.78,CANCELLED
4055,1041,2026-08-06,P035,8,23.80,RETURNED
4056,1088,2026-08-14,P016,7,210.83,COMPLETED
4057,1066,2026-08-06,P017,2,195.08,COMPLETED
4058,1027,2026-08-27,P040,7,47.51,CANCELLED
4059,1163,2026-08-11,P020,4,174.03,CANCELLED
4060,1096,2026-08-27,P008,5,31.00,COMPLETED
4061,1055,2026-08-07,P001,1,76.33,COMPLETED
4062,1109,2026-08-05,P009,8,215.65,RETURNED
4063,1174,2026-08-04,P018,5,320.54,CANCELLED
4064,1055,2026-08-04,P002,4,300.07,RETURNED
4065,1103,2026-08-14,P017,1,215.01,RETURNED
4066,1045,2026-08-21,P033,1,289.14,RETURNED
4067,1131,2026-08-25,P030,5,469.86,COMPLETED
4068,1181,2026-08-11,P016,6,64.82,COMPLETED
4069,1126,2026-08-18,P008,8,76.53,CANCELLED
4070,1109,2026-08-09,P036,4,20.42,RETURNED
4071,1070,2026-08-04,P050,2,381.20,COMPLETED
4072,1152,2026-08-07,P033,5,474.08,RETURNED
4073,1121,2026-08-03,P029,8,110.72,COMPLETED
4074,1055,2026-08-17,P026,4,368.83,COMPLETED
4075,1065,2026-08-25,P007,8,230.26,COMPLETED
4076,1160,2026-08-23,P008,1,306.47,COMPLETED
4077,1048,2026-08-07,P035,7,484.97,COMPLETED
4078,1043,2026-08-13,P003,3,180.85,COMPLETED
4079,1060,2026-08-03,P006,3,432.55,RETURNED
4080,1035,2026-08-02,P001,6,230.60,COMPLETED
4081,1015,2026-08-25,P046,5,42.48,CANCELLED
4082,1056,2026-08-23,P011,5,58.86,COMPLETED
4083,1165,2026-08-12,P005,4,421.69,COMPLETED
4084,1080,2026-08-20,P007,8,360.15,COMPLETED
4085,1120,2026-08-05,P002,5,276.55,RETURNED
4086,1100,2026-08-24,P017,8,84.00,RETURNED
4087,1096,2026-08-14,P006,4,99.83,CANCELLED
4088,1048,2026-08-27,P019,5,398.79,COMPLETED
4089,1026,2026-08-09,P007,4,94.47,RETURNED
4090,1079,2026-08-27,P025,1,27.37,RETURNED
4091,1056,2026-08-14,P004,2,346.90,CANCELLED
4092,1115,2026-08-01,P045,3,277.62,COMPLETED
4093,1009,2026-08-02,P039,3,391.73,COMPLETED
4094,1107,2026-08-25,P047,4,201.55,COMPLETED
4095,1140,2026-08-03,P038,6,106.33,COMPLETED
4096,1155,2026-08-01,P021,6,237.77,COMPLETED
4097,1035,2026-08-02,P022,2,252.52,RETURNED
4098,1056,2026-08-01,P040,1,401.28,CANCELLED
4099,1009,2026-08-03,P042,4,378.79,CANCELLED
4100,1053,2026-08-06,P035,3,55.83,CANCELLED
4101,1121,2026-08-19,P005,1,374.19,CANCELLED
4102,1007,2026-08-16,P017,3,100.96,COMPLETED
4103,1029,2026-08-23,P032,5,374.31,COMPLETED
4104,1018,2026-08-19,P031,3,278.11,COMPLETED
4105,1105,2026-08-15,P004,5,160.13,COMPLETED
4106,1076,2026-08-27,P009,4,382.19,COMPLETED
4107,1102,2026-08-12,P001,3,55.49,COMPLETED
4108,1151,2026-08-11,P018,3,115.19,COMPLETED
4109,1079,2026-08-05,P048,1,295.84,CANCELLED
4110,1097,2026-08-26,P040,8,442.82,COMPLETED
4111,1161,2026-08-07,P023,3,216.13,COMPLETED
4112,1121,2026-08-04,P027,4,462.25,COMPLETED
4113,1077,2026-08-21,P047,8,305.31,RETURNED
4114,1089,2026-08-01,P045,3,142.47,COMPLETED
4115,1010,2026-08-19,P009,6,64.85,COMPLETED
4116,1138,2026-08-04,P038,2,166.64,COMPLETED
4117,1104,2026-08-06,P049,7,274.84,COMPLETED
4118,1143,2026-08-24,P028,7,135.10,RETURNED
4119,1119,2026-08-22,P025,7,72.18,COMPLETED
4120,1067,2026-08-01,P002,5,162.86,RETURNED
4121,1169,2026-08-24,P036,4,224.78,COMPLETED
4122,1126,2026-08-19,P019,2,290.22,RETURNED
4123,1077,2026-08-19,P003,3,52.02,COMPLETED
4124,1187,2026-08-13,P041,4,202.59,COMPLETED
4125,1059,2026-08-27,P018,4,394.86,RETURNED
4126,1011,2026-08-09,P033,7,142.51,COMPLETED
4127,1136,2026-08-04,P027,4,291.30,COMPLETED
4128,1183,2026-08-09,P001,7,101.87,COMPLETED
4129,1187,2026-08-03,P032,3,107.66,COMPLETED
4130,1001,2026-08-01,P014,6,452.30,COMPLETED
4131,1141,2026-08-01,P034,1,20.10,CANCELLED
4132,1104,2026-08-08,P030,5,374.45,COMPLETED
4133,1001,2026-08-19,P034,2,309.97,RETURNED
4134,1031,2026-08-19,P026,2,69.45,COMPLETED
4135,1193,2026-08-01,P048,2,198.40,COMPLETED
4136,1127,2026-08-27,P013,4,78.04,CANCELLED
4137,1159,2026-08-24,P003,8,372.61,CANCELLED
4138,1022,2026-08-01,P036,6,157.10,CANCELLED
4139,1011,2026-08-16,P004,5,200.37,COMPLETED
4140,1064,2026-08-20,P028,5,345.31,COMPLETED
4141,1022,2026-08-04,P007,4,477.02,RETURNED
4142,1155,2026-08-03,P036,6,55.31,COMPLETED
4143,1037,2026-08-23,P049,5,171.57,RETURNED
4144,1005,2026-08-26,P013,5,83.54,COMPLETED
4145,1053,2026-08-26,P021,1,43.52,COMPLETED
4146,1115,2026-08-09,P021,7,211.45,CANCELLED
4147,1181,2026-08-19,P018,5,148.86,CANCELLED
4148,1014,2026-08-14,P007,8,82.65,COMPLETED
4149,1165,2026-08-18,P047,3,140.83,COMPLETED
4150,1139,2026-08-26,P006,3,356.11,RETURNED
4151,1132,2026-08-05,P029,3,329.78,RETURNED
4152,1039,2026-08-25,P026,5,484.39,COMPLETED
4153,1018,2026-08-02,P032,6,255.39,COMPLETED
4154,1120,2026-08-23,P015,6,453.37,COMPLETED
4155,1041,2026-08-21,P015,4,211.68,COMPLETED
4156,1023,2026-08-15,P011,1,14.13,RETURNED
4157,1085,2026-08-04,P007,3,280.31,RETURNED
4158,1161,2026-08-04,P012,7,469.75,COMPLETED
4159,1102,2026-08-12,P008,1,150.56,COMPLETED
4160,1057,2026-08-02,P004,8,304.79,COMPLETED
4161,1022,2026-08-14,P009,7,21.53,RETURNED
4162,1008,2026-08-08,P006,3,234.56,COMPLETED
4163,1161,2026-08-07,P028,3,288.22,COMPLETED
4164,1168,2026-08-12,P017,2,71.30,RETURNED
4165,1189,2026-08-23,P028,6,15.65,CANCELLED
4166,1198,2026-08-25,P047,6,119.95,COMPLETED
4167,1079,2026-08-10,P042,7,365.45,COMPLETED
4168,1057,2026-08-05,P041,8,215.29,COMPLETED
4169,1023,2026-08-13,P022,1,62.46,COMPLETED
4170,1191,2026-08-01,P041,6,254.62,COMPLETED
4171,1039,2026-08-24,P017,5,250.99,COMPLETED
4172,1105,2026-08-12,P035,7,50.71,COMPLETED
4173,1192,2026-08-06,P044,6,380.86,COMPLETED
4174,1047,2026-08-27,P026,8,337.41,CANCELLED
4175,1181,2026-08-01,P025,7,425.18,COMPLETED
4176,1034,2026-08-23,P018,7,476.82,COMPLETED
4177,1105,2026-08-20,P035,8,443.10,CANCELLED
4178,1076,2026-08-17,P031,5,397.15,CANCELLED
4179,1149,2026-08-27,P004,2,334.57,COMPLETED
4180,1028,2026-08-12,P033,1,27.88,COMPLETED
4181,1038,2026-08-17,P009,8,496.78,COMPLETED
4182,1079,2026-08-11,P004,5,407.73,COMPLETED
4183,1193,2026-08-24,P025,7,440.57,RETURNED
4184,1087,2026-08-05,P041,2,83.90,CANCELLED
4185,1193,2026-08-27,P023,5,306.25,COMPLETED
4186,1045,2026-08-12,P002,5,291.67,CANCELLED
4187,1165,2026-08-22,P006,5,402.50,COMPLETED
4188,1140,2026-08-04,P036,8,389.31,COMPLETED
4189,1001,2026-08-17,P043,3,237.16,CANCELLED
4190,1174,2026-08-08,P038,5,120.42,COMPLETED
4191,1136,2026-08-17,P034,3,364.77,COMPLETED
4192,1104,2026-08-19,P026,7,273.05,COMPLETED
4193,1026,2026-08-25,P007,1,180.19,COMPLETED
4194,1095,2026-08-06,P020,2,88.89,COMPLETED
4195,1186,2026-08-22,P012,5,50.31,COMPLETED
4196,1014,2026-08-01,P020,2,357.03,RETURNED
4197,1062,2026-08-24,P032,7,12.05,COMPLETED
4198,1015,2026-08-04,P013,7,35.91,COMPLETED
4199,1115,2026-08-02,P036,4,61.47,RETURNED
4200,1071,2026-08-20,P003,1,49.29,COMPLETED
4201,1122,2026-08-07,P008,5,460.30,COMPLETED
4202,1151,2026-08-04,P030,8,376.29,RETURNED
4203,1027,2026-08-14,P041,1,392.53,CANCELLED
4204,1158,2026-08-05,P049,6,345.03,COMPLETED
4205,1166,2026-08-24,P019,5,58.28,CANCELLED
4206,1003,2026-08-27,P041,6,434.99,COMPLETED
4207,1088,2026-08-03,P015,4,479.52,COMPLETED
4208,1006,2026-08-17,P031,3,356.02,COMPLETED
4209,1001,2026-08-18,P031,8,266.07,COMPLETED
4210,1015,2026-08-25,P046,8,303.38,COMPLETED
4211,1028,2026-08-15,P028,2,473.29,COMPLETED
4212,1121,2026-08-18,P010,2,391.81,COMPLETED
4213,1126,2026-08-07,P050,7,133.14,COMPLETED
4214,1059,2026-08-18,P003,4,247.73,CANCELLED
4215,1002,2026-08-14,P012,2,450.84,COMPLETED
4216,1184,2026-08-18,P036,1,340.13,COMPLETED
4217,1129,2026-08-26,P003,6,238.11,COMPLETED
4218,1076,2026-08-06,P013,5,337.87,COMPLETED
4219,1042,2026-08-07,P008,7,482.36,CANCELLED
4220,1099,2026-08-19,P039,1,396.78,CANCELLED
4221,1067,2026-08-18,P026,6,424.99,CANCELLED
4222,1175,2026-08-01,P044,7,402.42,COMPLETED
4223,1031,2026-08-03,P016,7,313.67,RETURNED
4224,1015,2026-08-12,P048,3,53.83,COMPLETED
4225,1038,2026-08-27,P025,7,448.38,COMPLETED
4226,1056,2026-08-01,P013,8,464.59,COMPLETED
4227,1041,2026-08-02,P019,5,447.47,COMPLETED
4228,1057,2026-08-23,P037,2,313.80,COMPLETED
4229,1057,2026-08-10,P002,5,256.66,COMPLETED
4230,1154,2026-08-10,P005,2,371.91,COMPLETED
4231,1026,2026-08-11,P024,4,32.96,COMPLETED
4232,1196,2026-08-13,P046,8,362.65,RETURNED
4233,1063,2026-08-13,P015,5,208.10,RETURNED
4234,1024,2026-08-11,P006,4,161.83,COMPLETED
4235,1195,2026-08-11,P018,1,411.89,CANCELLED
4236,1040,2026-08-14,P032,5,386.67,RETURNED
4237,1032,2026-08-27,P021,7,429.21,CANCELLED
4238,1196,2026-08-08,P008,6,167.27,COMPLETED
4239,1127,2026-08-18,P022,2,453.86,COMPLETED
4240,1196,2026-08-05,P037,4,300.21,CANCELLED
4241,1067,2026-08-17,P010,2,177.27,CANCELLED
4242,1154,2026-08-21,P030,1,383.59,COMPLETED
4243,1076,2026-08-08,P019,7,19.24,CANCELLED
4244,1109,2026-08-25,P050,6,388.13,CANCELLED
4245,1017,2026-08-15,P029,3,27.97,COMPLETED
4246,1129,2026-08-01,P030,8,109.75,COMPLETED
4247,1194,2026-08-12,P042,7,404.70,CANCELLED
4248,1186,2026-08-18,P004,4,245.77,COMPLETED
4249,1059,2026-08-04,P034,8,165.84,COMPLETED
4250,1076,2026-08-25,P005,3,445.45,COMPLETED
4251,1172,2026-08-17,P012,6,355.78,CANCELLED
4252,1086,2026-08-02,P017,3,285.69,CANCELLED
4253,1116,2026-08-22,P012,7,490.82,RETURNED
4254,1115,2026-08-17,P027,5,498.55,CANCELLED
4255,1168,2026-08-09,P025,3,15.04,COMPLETED
4256,1181,2026-08-05,P014,8,473.34,COMPLETED
4257,1178,2026-08-07,P009,7,243.19,COMPLETED
4258,1136,2026-08-20,P028,3,116.77,RETURNED
4259,1105,2026-08-27,P043,8,307.62,COMPLETED
4260,1134,2026-08-26,P026,5,263.34,RETURNED
4261,1178,2026-08-22,P022,4,96.42,COMPLETED
4262,1089,2026-08-25,P002,4,137.26,RETURNED
4263,1148,2026-08-27,P027,3,242.39,COMPLETED
4264,1066,2026-08-11,P050,8,220.24,COMPLETED
4265,1189,2026-08-11,P021,4,344.09,CANCELLED
4266,1129,2026-08-15,P039,1,371.01,CANCELLED
4267,1041,2026-08-16,P028,6,178.69,COMPLETED
4268,1135,2026-08-19,P017,1,128.21,COMPLETED
4269,1104,2026-08-06,P048,8,112.93,COMPLETED
4270,1181,2026-08-15,P012,4,98.33,COMPLETED
4271,1028,2026-08-21,P049,3,246.25,COMPLETED
4272,1167,2026-08-27,P032,8,416.76,CANCELLED
4273,1028,2026-08-20,P028,2,484.67,COMPLETED
4274,1140,2026-08-02,P024,5,87.23,COMPLETED
4275,1104,2026-08-10,P037,5,420.20,RETURNED
4276,1027,2026-08-08,P028,1,193.65,RETURNED
4277,1046,2026-08-01,P012,4,296.41,COMPLETED
4278,1146,2026-08-06,P036,7,497.50,COMPLETED
4279,1102,2026-08-04,P018,5,100.35,CANCELLED
4280,1140,2026-08-27,P002,2,39.67,COMPLETED
4281,1195,2026-08-15,P002,8,442.93,COMPLETED
4282,1050,2026-08-26,P029,2,206.03,COMPLETED
4283,1075,2026-08-11,P038,1,471.27,COMPLETED
4284,1118,2026-08-07,P012,3,212.50,COMPLETED
4285,1029,2026-08-09,P029,7,293.01,COMPLETED
4286,1111,2026-08-19,P016,5,393.43,RETURNED
4287,1009,2026-08-01,P048,4,479.37,CANCELLED
4288,1041,2026-08-25,P023,6,137.45,RETURNED
4289,1155,2026-08-24,P015,6,63.28,RETURNED
4290,1041,2026-08-08,P049,3,236.39,CANCELLED
4291,1147,2026-08-06,P008,2,88.43,CANCELLED
4292,1077,2026-08-08,P050,6,329.59,RETURNED
4293,1111,2026-08-27,P046,7,39.15,CANCELLED
4294,1044,2026-08-15,P030,7,326.48,COMPLETED
4295,1053,2026-08-18,P038,5,184.39,CANCELLED
4296,1186,2026-08-09,P001,6,21.46,RETURNED
4297,1001,2026-08-18,P027,7,157.66,CANCELLED
4298,1006,2026-08-12,P011,7,424.78,COMPLETED
4299,1027,2026-08-18,P037,1,335.90,COMPLETED
4300,1198,2026-08-20,P005,1,91.29,COMPLETED
4301,1061,2026-08-25,P040,5,442.24,COMPLETED
4302,1009,2026-08-09,P038,5,275.68,COMPLETED
4303,1050,2026-08-06,P016,3,180.76,COMPLETED
4304,1063,2026-08-06,P023,1,479.13,COMPLETED
4305,1167,2026-08-02,P022,3,406.70,COMPLETED
4306,1187,2026-08-02,P015,2,312.91,COMPLETED
4307,1175,2026-08-10,P003,6,400.15,COMPLETED
4308,1054,2026-08-13,P040,5,350.62,COMPLETED
4309,1042,2026-08-25,P019,4,104.45,COMPLETED
4310,1034,2026-08-13,P001,3,300.13,RETURNED
4311,1190,2026-08-01,P035,6,286.52,COMPLETED
4312,1069,2026-08-04,P049,3,417.51,COMPLETED
4313,1015,2026-08-03,P029,3,441.05,COMPLETED
4314,1157,2026-08-25,P039,7,163.40,RETURNED
4315,1063,2026-08-05,P032,1,67.77,CANCELLED
4316,1080,2026-08-07,P038,2,245.75,COMPLETED
4317,1004,2026-08-09,P025,3,42.13,COMPLETED
4318,1145,2026-08-20,P014,5,324.05,CANCELLED
4319,1047,2026-08-11,P026,2,297.12,CANCELLED
4320,1096,2026-08-03,P015,4,58.94,CANCELLED
4321,1071,2026-08-05,P031,7,428.94,COMPLETED
4322,1027,2026-08-05,P010,7,133.42,COMPLETED
4323,1197,2026-08-20,P015,7,69.03,COMPLETED
4324,1137,2026-08-01,P018,3,333.32,COMPLETED
4325,1043,2026-08-05,P046,5,39.93,COMPLETED
4326,1085,2026-08-03,P023,6,348.63,COMPLETED
4327,1185,2026-08-11,P050,2,142.74,COMPLETED
4328,1171,2026-08-04,P004,2,156.76,RETURNED
4329,1119,2026-08-15,P041,8,459.49,COMPLETED
4330,1033,2026-08-09,P024,8,306.68,COMPLETED
4331,1129,2026-08-05,P035,3,485.67,COMPLETED
4332,1173,2026-08-23,P021,5,317.86,RETURNED
4333,1189,2026-08-26,P001,2,299.44,COMPLETED
4334,1111,2026-08-25,P032,8,251.39,CANCELLED
4335,1061,2026-08-27,P049,4,481.20,COMPLETED
4336,1092,2026-08-19,P040,7,183.60,COMPLETED
4337,1139,2026-08-06,P043,6,238.96,COMPLETED
4338,1134,2026-08-14,P022,5,38.09,RETURNED
4339,1136,2026-08-26,P013,6,370.27,RETURNED
4340,1182,2026-08-06,P031,6,352.74,COMPLETED
4341,1131,2026-08-13,P018,3,18.81,CANCELLED
4342,1200,2026-08-16,P011,3,332.65,COMPLETED
4343,1164,2026-08-10,P021,4,432.51,COMPLETED
4344,1041,2026-08-03,P012,7,92.70,COMPLETED
4345,1137,2026-08-12,P012,1,379.94,COMPLETED
4346,1077,2026-08-24,P029,7,92.32,COMPLETED
4347,1195,2026-08-18,P017,7,102.46,COMPLETED
4348,1044,2026-08-21,P011,1,54.41,COMPLETED
4349,1147,2026-08-09,P012,2,150.86,RETURNED
4350,1168,2026-08-01,P027,1,306.69,CANCELLED
4351,1105,2026-08-06,P026,8,29.48,COMPLETED
4352,1014,2026-08-09,P038,6,415.74,COMPLETED
4353,1123,2026-08-14,P019,4,100.70,COMPLETED
4354,1013,2026-08-01,P048,4,311.12,COMPLETED
4355,1196,2026-08-19,P013,4,130.35,RETURNED
4356,1077,2026-08-20,P030,3,75.89,COMPLETED
4357,1002,2026-08-03,P045,4,197.34,COMPLETED
4358,1037,2026-08-14,P030,1,466.56,CANCELLED
4359,1072,2026-08-22,P026,1,166.98,COMPLETED
4360,1015,2026-08-22,P031,7,417.17,CANCELLED
4361,1182,2026-08-05,P034,7,147.88,COMPLETED
4362,1059,2026-08-01,P030,1,290.50,COMPLETED
4363,1114,2026-08-07,P028,5,217.59,COMPLETED
4364,1051,2026-08-08,P027,2,110.74,COMPLETED
4365,1024,2026-08-01,P028,5,148.73,COMPLETED
4366,1100,2026-08-05,P023,4,360.55,COMPLETED
4367,1192,2026-08-27,P013,5,66.99,CANCELLED
4368,1100,2026-08-06,P034,8,240.24,COMPLETED
4369,1193,2026-08-16,P003,7,448.20,CANCELLED
4370,1155,2026-08-23,P019,4,397.12,COMPLETED
4371,1110,2026-08-20,P005,1,411.21,CANCELLED
4372,1141,2026-08-11,P029,6,59.04,COMPLETED
4373,1145,2026-08-03,P013,8,313.66,COMPLETED
4374,1044,2026-08-10,P019,3,30.18,RETURNED
4375,1198,2026-08-08,P018,8,160.75,COMPLETED
4376,1069,2026-08-25,P023,8,92.43,CANCELLED
4377,1129,2026-08-25,P025,6,400.10,RETURNED
4378,1003,2026-08-09,P011,8,289.43,COMPLETED
4379,1097,2026-08-10,P049,6,375.23,COMPLETED
4380,1120,2026-08-14,P012,1,147.63,COMPLETED
4381,1069,2026-08-17,P005,7,369.63,COMPLETED
4382,1087,2026-08-01,P041,6,121.30,COMPLETED
4383,1101,2026-08-16,P047,5,95.45,COMPLETED
4384,1155,2026-08-08,P002,6,392.31,COMPLETED
4385,1020,2026-08-19,P017,4,243.71,CANCELLED
4386,1166,2026-08-02,P041,5,249.48,CANCELLED
4387,1117,2026-08-24,P033,2,153.86,RETURNED
4388,1014,2026-08-09,P026,5,114.02,CANCELLED
4389,1090,2026-08-03,P027,8,423.19,COMPLETED
4390,1100,2026-08-14,P049,8,74.37,COMPLETED
4391,1077,2026-08-13,P045,2,190.19,COMPLETED
4392,1192,2026-08-17,P039,6,410.07,RETURNED
4393,1122,2026-08-02,P045,1,83.08,COMPLETED
4394,1133,2026-08-19,P020,2,15.44,COMPLETED
4395,1144,2026-08-02,P025,8,328.41,COMPLETED
4396,1193,2026-08-10,P028,4,188.04,COMPLETED
4397,1064,2026-08-11,P029,1,121.67,COMPLETED
4398,1102,2026-08-14,P031,4,113.52,CANCELLED
4399,1104,2026-08-22,P031,4,20.90,COMPLETED
4400,1047,2026-08-18,P027,3,99.69,CANCELLED
4401,1158,2026-08-16,P002,5,390.29,RETURNED
4402,1129,2026-08-15,P049,7,171.26,COMPLETED
4403,1193,2026-08-22,P014,1,199.73,RETURNED
4404,1044,2026-08-14,P045,4,159.29,RETURNED
4405,1007,2026-08-23,P048,8,493.83,COMPLETED
4406,1172,2026-08-26,P041,6,425.60,COMPLETED
4407,1031,2026-08-19,P045,3,78.11,CANCELLED
4408,1144,2026-08-02,P028,5,327.48,COMPLETED
4409,1114,2026-08-18,P002,7,344.57,CANCELLED
4410,1016,2026-08-13,P049,4,101.54,COMPLETED
4411,1174,2026-08-13,P001,3,293.16,CANCELLED
4412,1131,2026-08-07,P040,3,385.70,COMPLETED
4413,1144,2026-08-22,P010,3,250.36,CANCELLED
4414,1197,2026-08-23,P014,6,483.23,COMPLETED
4415,1002,2026-08-15,P035,2,234.20,CANCELLED
4416,1044,2026-08-27,P026,5,309.27,RETURNED
4417,1184,2026-08-10,P045,3,24.80,RETURNED
4418,1023,2026-08-18,P044,4,486.51,COMPLETED
4419,1164,2026-08-11,P039,5,346.67,COMPLETED
4420,1145,2026-08-04,P040,5,185.81,CANCELLED
4421,1154,2026-08-15,P012,1,497.00,COMPLETED
4422,1113,2026-08-20,P013,6,411.57,COMPLETED
4423,1136,2026-08-12,P011,5,498.15,COMPLETED
4424,1063,2026-08-08,P004,5,332.76,COMPLETED
4425,1138,2026-08-26,P008,2,238.30,CANCELLED
4426,1097,2026-08-16,P042,1,199.32,COMPLETED
4427,1088,2026-08-22,P042,4,342.12,RETURNED
4428,1167,2026-08-19,P017,1,60.45,RETURNED
4429,1168,2026-08-24,P033,3,451.61,COMPLETED
4430,1115,2026-08-11,P050,1,107.86,COMPLETED
4431,1154,2026-08-04,P010,8,36.66,CANCELLED
4432,1013,2026-08-21,P014,5,30.84,COMPLETED
4433,1017,2026-08-17,P030,1,263.61,COMPLETED
4434,1154,2026-08-13,P027,3,269.06,RETURNED
4435,1135,2026-08-06,P021,5,418.13,COMPLETED
4436,1133,2026-08-22,P033,1,234.25,RETURNED
4437,1120,2026-08-11,P041,3,324.38,COMPLETED
4438,1001,2026-08-03,P028,2,215.28,RETURNED
4439,1099,2026-08-22,P008,2,362.42,COMPLETED
4440,1034,2026-08-26,P001,8,209.01,RETURNED
4441,1062,2026-08-02,P040,3,421.93,COMPLETED
4442,1045,2026-08-15,P027,1,321.45,COMPLETED
4443,1056,2026-08-22,P021,5,147.50,RETURNED
4444,1086,2026-08-13,P034,3,324.54,CANCELLED
4445,1189,2026-08-01,P048,2,97.53,COMPLETED
4446,1169,2026-08-26,P024,3,156.15,COMPLETED
4447,1040,2026-08-14,P015,1,296.93,CANCELLED
4448,1142,2026-08-12,P018,4,14.39,RETURNED
4449,1181,2026-08-15,P004,7,413.23,COMPLETED
4450,1115,2026-08-20,P001,7,328.02,COMPLETED
4451,1082,2026-08-25,P009,5,128.72,COMPLETED
4452,1179,2026-08-02,P049,6,183.88,CANCELLED
4453,1113,2026-08-09,P024,2,352.96,COMPLETED
4454,1103,2026-08-22,P045,1,485.74,COMPLETED
4455,1184,2026-08-27,P037,3,68.24,CANCELLED
4456,1071,2026-08-16,P046,4,263.71,CANCELLED
4457,1033,2026-08-14,P015,3,499.54,CANCELLED
4458,1119,2026-08-02,P039,7,207.58,RETURNED
4459,1019,2026-08-17,P009,7,149.01,COMPLETED
4460,1125,2026-08-19,P043,5,287.80,COMPLETED
4461,1048,2026-08-05,P039,1,476.14,RETURNED
4462,1106,2026-08-13,P037,3,91.23,RETURNED
4463,1102,2026-08-05,P005,1,198.08,CANCELLED
4464,1089,2026-08-19,P025,7,96.69,RETURNED
4465,1189,2026-08-19,P039,3,298.11,RETURNED
4466,1142,2026-08-08,P048,4,167.10,CANCELLED
4467,1116,2026-08-13,P040,8,357.96,COMPLETED
4468,1032,2026-08-12,P016,7,16.06,COMPLETED
4469,1065,2026-08-17,P039,3,33.94,COMPLETED
4470,1136,2026-08-04,P048,6,108.07,COMPLETED
4471,1033,2026-08-25,P026,2,85.83,COMPLETED
4472,1075,2026-08-01,P020,1,449.43,COMPLETED
4473,1038,2026-08-21,P040,8,465.67,COMPLETED
4474,1170,2026-08-26,P015,5,373.18,COMPLETED
4475,1031,2026-08-10,P002,2,116.69,COMPLETED
4476,1163,2026-08-17,P035,8,167.48,CANCELLED
4477,1139,2026-08-05,P028,1,299.80,COMPLETED
4478,1191,2026-08-27,P043,7,155.59,COMPLETED
4479,1182,2026-08-10,P042,1,171.46,COMPLETED
4480,1060,2026-08-02,P002,3,124.43,RETURNED
4481,1027,2026-08-16,P040,7,219.77,COMPLETED
4482,1146,2026-08-18,P050,7,71.30,RETURNED
4483,1095,2026-08-27,P026,1,328.03,RETURNED
4484,1169,2026-08-05,P024,1,51.74,COMPLETED
4485,1105,2026-08-21,P027,1,229.80,COMPLETED
4486,1123,2026-08-17,P010,7,290.22,COMPLETED
4487,1079,2026-08-01,P032,5,131.48,COMPLETED
4488,1019,2026-08-04,P043,3,165.81,COMPLETED
4489,1025,2026-08-16,P001,6,426.71,COMPLETED
4490,1165,2026-08-16,P011,8,252.98,COMPLETED
4491,1108,2026-08-16,P006,6,40.43,RETURNED
4492,1038,2026-08-25,P045,3,483.34,COMPLETED
4493,1133,2026-08-27,P031,2,299.49,COMPLETED
4494,1077,2026-08-07,P047,8,29.75,COMPLETED
4495,1080,2026-08-26,P018,5,427.37,CANCELLED
4496,1127,2026-08-10,P028,1,392.07,COMPLETED
4497,1199,2026-08-15,P015,7,434.34,COMPLETED
4498,1121,2026-08-03,P027,1,349.00,COMPLETED
4499,1162,2026-08-03,P003,2,395.35,RETURNED
4500,1178,2026-08-25,P016,6,54.02,COMPLETED
4501,1091,2026-08-18,P025,6,48.44,COMPLETED
4502,1019,2026-08-09,P036,1,306.46,COMPLETED
4503,1140,2026-08-17,P048,1,178.71,COMPLETED
4504,1116,2026-08-24,P017,2,167.27,COMPLETED
4505,1064,2026-08-23,P039,7,337.85,COMPLETED
4506,1122,2026-08-13,P001,1,326.84,COMPLETED
4507,1004,2026-08-10,P046,1,298.04,COMPLETED
4508,1071,2026-08-11,P002,5,67.44,COMPLETED
4509,1139,2026-08-20,P002,3,97.32,COMPLETED
4510,1042,2026-08-19,P050,7,202.89,COMPLETED
4511,1140,2026-08-08,P036,6,458.52,CANCELLED
4512,1178,2026-08-22,P048,5,317.89,COMPLETED
4513,1004,2026-08-22,P010,8,271.75,CANCELLED
4514,1087,2026-08-11,P006,3,307.96,CANCELLED
4515,1053,2026-08-10,P014,7,357.55,COMPLETED
4516,1015,2026-08-11,P013,7,74.75,RETURNED
4517,1006,2026-08-15,P033,5,139.19,RETURNED
4518,1130,2026-08-02,P047,7,248.82,RETURNED
4519,1011,2026-08-18,P039,8,496.28,COMPLETED
4520,1158,2026-08-02,P006,2,303.75,RETURNED
4521,1021,2026-08-27,P006,5,434.17,COMPLETED
4522,1097,2026-08-22,P007,3,407.27,COMPLETED
4523,1144,2026-08-11,P004,5,281.24,COMPLETED
4524,1169,2026-08-06,P008,7,128.07,COMPLETED
4525,1117,2026-08-20,P044,7,25.85,COMPLETED
4526,1154,2026-08-05,P031,1,163.63,COMPLETED
4527,1094,2026-08-16,P046,8,476.47,COMPLETED
4528,1015,2026-08-10,P035,8,365.94,COMPLETED
4529,1193,2026-08-21,P005,4,49.16,COMPLETED
4530,1147,2026-08-13,P022,2,413.21,COMPLETED
4531,1125,2026-08-19,P025,5,216.40,CANCELLED
4532,1084,2026-08-05,P045,7,98.10,RETURNED
4533,1004,2026-08-13,P009,1,188.02,CANCELLED
4534,1096,2026-08-03,P032,5,18.06,RETURNED
4535,1100,2026-08-15,P034,1,115.88,CANCELLED
4536,1014,2026-08-02,P026,6,464.78,COMPLETED
4537,1112,2026-08-02,P001,7,203.95,COMPLETED
4538,1165,2026-08-02,P006,3,368.16,CANCELLED
4539,1151,2026-08-09,P008,1,315.68,COMPLETED
4540,1043,2026-08-07,P004,1,300.26,COMPLETED
4541,1035,2026-08-21,P002,1,80.15,RETURNED
4542,1052,2026-08-09,P050,6,87.46,CANCELLED
4543,1179,2026-08-25,P039,6,288.53,COMPLETED
4544,1048,2026-08-08,P026,2,291.49,COMPLETED
4545,1119,2026-08-02,P023,7,31.07,CANCELLED
4546,1070,2026-08-10,P041,6,136.32,RETURNED
4547,1192,2026-08-05,P036,1,166.32,RETURNED
4548,1058,2026-08-10,P033,5,463.61,COMPLETED
4549,1031,2026-08-04,P046,1,319.00,RETURNED
4550,1090,2026-08-20,P034,7,180.45,COMPLETED
4551,1102,2026-08-10,P026,5,383.42,COMPLETED
4552,1127,2026-08-06,P040,6,83.21,CANCELLED
4553,1098,2026-08-02,P001,6,352.71,COMPLETED
4554,1108,2026-08-26,P009,7,60.25,COMPLETED
4555,1003,2026-08-18,P019,7,24.94,CANCELLED
4556,1104,2026-08-21,P002,3,381.31,COMPLETED
4557,1017,2026-08-07,P024,6,401.89,RETURNED
4558,1051,2026-08-12,P044,1,44.79,COMPLETED
4559,1186,2026-08-03,P041,8,122.90,COMPLETED
4560,1081,2026-08-14,P028,8,406.39,COMPLETED
4561,1096,2026-08-12,P009,8,290.32,COMPLETED
4562,1063,2026-08-09,P038,5,46.78,COMPLETED
4563,1015,2026-08-10,P046,8,287.91,CANCELLED
4564,1175,2026-08-09,P021,6,114.76,CANCELLED
4565,1118,2026-08-19,P008,1,166.47,RETURNED
4566,1135,2026-08-24,P041,2,381.65,RETURNED
4567,1191,2026-08-18,P020,7,223.02,CANCELLED
4568,1100,2026-08-19,P008,4,220.55,RETURNED
4569,1183,2026-08-08,P039,4,441.74,CANCELLED
4570,1002,2026-08-09,P024,8,204.03,CANCELLED
4571,1191,2026-08-02,P045,3,485.58,CANCELLED
4572,1063,2026-08-16,P001,2,275.61,COMPLETED
4573,1155,2026-08-19,P024,3,90.33,CANCELLED
4574,1037,2026-08-16,P045,4,116.34,RETURNED
4575,1175,2026-08-23,P009,8,114.22,COMPLETED
4576,1011,2026-08-19,P012,7,151.66,RETURNED
4577,1042,2026-08-05,P026,6,127.64,CANCELLED
4578,1113,2026-08-13,P031,3,136.56,COMPLETED
4579,1137,2026-08-20,P022,3,119.68,COMPLETED
4580,1047,2026-08-02,P002,3,126.77,RETURNED
4581,1001,2026-08-04,P005,5,347.48,CANCELLED
4582,1045,2026-08-20,P034,4,121.70,COMPLETED
4583,1077,2026-08-10,P032,3,114.08,COMPLETED
4584,1003,2026-08-20,P044,3,445.83,CANCELLED
4585,1085,2026-08-11,P018,6,432.39,COMPLETED
4586,1114,2026-08-05,P021,7,38.21,CANCELLED
4587,1057,2026-08-19,P008,2,108.85,COMPLETED
4588,1063,2026-08-01,P014,7,396.42,COMPLETED
4589,1186,2026-08-06,P050,7,496.52,COMPLETED
4590,1120,2026-08-05,P014,8,230.21,COMPLETED
4591,1130,2026-08-03,P045,7,444.48,COMPLETED
4592,1187,2026-08-13,P031,7,465.00,COMPLETED
4593,1143,2026-08-26,P024,8,11.69,COMPLETED
4594,1086,2026-08-08,P040,7,400.81,COMPLETED
4595,1074,2026-08-06,P006,5,76.28,COMPLETED
4596,1077,2026-08-21,P047,8,397.63,COMPLETED
4597,1173,2026-08-05,P042,8,142.42,CANCELLED
4598,1110,2026-08-16,P030,6,258.11,CANCELLED
4599,1001,2026-08-05,P028,6,288.90,COMPLETED
4600,1104,2026-08-01,P013,1,130.10,RETURNED
4601,1104,2026-08-22,P017,6,320.80,CANCELLED
4602,1115,2026-08-24,P018,2,148.54,COMPLETED
4603,1054,2026-08-20,P007,8,326.39,RETURNED
4604,1139,2026-08-07,P046,8,376.80,COMPLETED
4605,1181,2026-08-27,P033,2,136.27,CANCELLED
4606,1004,2026-08-02,P019,6,408.80,RETURNED
4607,1107,2026-08-23,P050,4,80.03,CANCELLED
4608,1191,2026-08-10,P015,4,72.50,RETURNED
4609,1026,2026-08-09,P011,7,59.70,RETURNED
4610,1027,2026-08-19,P022,2,333.66,RETURNED
4611,1005,2026-08-10,P001,6,121.71,COMPLETED
4612,1179,2026-08-06,P011,8,224.10,COMPLETED
4613,1077,2026-08-07,P012,5,470.13,COMPLETED
4614,1192,2026-08-11,P033,7,360.41,CANCELLED
4615,1033,2026-08-03,P014,3,455.41,CANCELLED
4616,1169,2026-08-17,P035,8,38.33,COMPLETED
4617,1099,2026-08-03,P045,7,265.86,COMPLETED
4618,1066,2026-08-24,P037,4,351.97,COMPLETED
4619,1148,2026-08-13,P039,5,239.09,RETURNED
4620,1174,2026-08-09,P021,7,22.01,RETURNED
4621,1146,2026-08-14,P050,8,315.53,CANCELLED
4622,1159,2026-08-07,P029,4,485.82,COMPLETED
4623,1013,2026-08-07,P035,7,403.95,COMPLETED
4624,1099,2026-08-19,P026,3,214.42,COMPLETED
4625,1092,2026-08-01,P021,2,215.16,CANCELLED
4626,1085,2026-08-22,P032,7,476.03,RETURNED
4627,1195,2026-08-13,P023,6,170.61,CANCELLED
4628,1045,2026-08-12,P017,2,495.69,CANCELLED
4629,1014,2026-08-14,P025,5,12.80,RETURNED
4630,1107,2026-08-15,P034,6,265.30,COMPLETED
4631,1107,2026-08-10,P025,1,185.13,COMPLETED
4632,1045,2026-08-09,P017,6,62.19,COMPLETED
4633,1151,2026-08-09,P040,2,387.22,CANCELLED
4634,1052,2026-08-10,P013,1,80.42,RETURNED
4635,1199,2026-08-14,P015,7,18.32,COMPLETED
4636,1187,2026-08-27,P005,8,434.96,CANCELLED
4637,1012,2026-08-01,P040,4,210.02,COMPLETED
4638,1055,2026-08-26,P033,5,85.40,CANCELLED
4639,1178,2026-08-02,P022,3,32.16,COMPLETED
4640,1156,2026-08-18,P050,4,24.89,COMPLETED
4641,1172,2026-08-24,P038,2,114.17,COMPLETED
4642,1156,2026-08-19,P031,7,322.61,RETURNED
4643,1070,2026-08-16,P022,8,76.12,COMPLETED
4644,1093,2026-08-18,P025,5,63.66,RETURNED
4645,1011,2026-08-09,P030,1,156.42,COMPLETED
4646,1126,2026-08-12,P020,7,378.38,RETURNED
4647,1164,2026-08-01,P015,6,254.15,RETURNED
4648,1150,2026-08-09,P041,1,445.25,RETURNED
4649,1111,2026-08-02,P001,3,332.35,COMPLETED
4650,1167,2026-08-23,P003,5,142.43,COMPLETED
4651,1154,2026-08-03,P049,6,456.56,COMPLETED
4652,1005,2026-08-11,P030,5,309.16,COMPLETED
4653,1025,2026-08-10,P037,3,30.03,CANCELLED
4654,1137,2026-08-22,P028,8,240.87,CANCELLED
4655,1030,2026-08-12,P043,6,478.28,COMPLETED
4656,1176,2026-08-03,P034,7,371.53,COMPLETED
4657,1194,2026-08-07,P047,1,255.42,COMPLETED
4658,1134,2026-08-27,P026,6,395.49,RETURNED
4659,1108,2026-08-26,P011,5,61.95,COMPLETED
4660,1110,2026-08-21,P002,4,92.47,COMPLETED
4661,1194,2026-08-24,P018,7,361.05,COMPLETED
4662,1075,2026-08-15,P034,7,420.94,COMPLETED
4663,1001,2026-08-04,P025,8,104.31,CANCELLED
4664,1165,2026-08-06,P044,4,332.03,COMPLETED
4665,1136,2026-08-12,P049,2,491.05,COMPLETED
4666,1038,2026-08-15,P025,3,154.50,COMPLETED
4667,1107,2026-08-27,P040,6,285.93,RETURNED
4668,1040,2026-08-19,P016,1,467.45,COMPLETED
4669,1122,2026-08-15,P008,3,117.83,CANCELLED
4670,1044,2026-08-20,P015,1,490.54,CANCELLED
4671,1196,2026-08-22,P028,1,27.60,COMPLETED
4672,1183,2026-08-27,P035,5,437.73,CANCELLED
4673,1115,2026-08-02,P038,5,406.86,COMPLETED
4674,1114,2026-08-23,P027,5,44.59,CANCELLED
4675,1135,2026-08-11,P005,6,109.24,RETURNED
4676,1192,2026-08-18,P014,1,423.07,CANCELLED
4677,1017,2026-08-17,P021,2,182.84,CANCELLED
4678,1078,2026-08-20,P024,1,283.33,RETURNED
4679,1141,2026-08-20,P014,7,92.15,RETURNED
4680,1135,2026-08-09,P002,8,211.40,COMPLETED
4681,1039,2026-08-01,P016,8,205.31,RETURNED
4682,1162,2026-08-13,P043,2,98.40,RETURNED
4683,1141,2026-08-01,P035,6,371.73,COMPLETED
4684,1196,2026-08-05,P007,7,425.19,RETURNED
4685,1007,2026-08-25,P042,3,409.58,CANCELLED
4686,1195,2026-08-01,P039,7,200.13,COMPLETED
4687,1034,2026-08-04,P015,1,232.79,CANCELLED
4688,1037,2026-08-25,P025,3,298.85,RETURNED
4689,1181,2026-08-20,P033,4,119.71,CANCELLED
4690,1117,2026-08-22,P003,5,307.66,COMPLETED
4691,1126,2026-08-23,P021,6,31.68,CANCELLED
4692,1187,2026-08-17,P015,7,432.50,COMPLETED
4693,1004,2026-08-11,P032,6,348.35,CANCELLED
4694,1169,2026-08-08,P014,2,385.31,COMPLETED
4695,1011,2026-08-11,P044,6,176.73,COMPLETED
4696,1165,2026-08-15,P006,1,185.16,RETURNED
4697,1182,2026-08-16,P018,4,263.12,COMPLETED
4698,1131,2026-08-02,P035,5,190.15,COMPLETED
4699,1079,2026-08-04,P031,2,162.57,COMPLETED
4700,1059,2026-08-21,P042,2,378.75,COMPLETED
4701,1114,2026-08-02,P008,4,206.29,COMPLETED
4702,1199,2026-08-21,P035,7,411.38,RETURNED
4703,1113,2026-08-03,P029,1,295.56,RETURNED
4704,1037,2026-08-15,P015,1,438.12,COMPLETED
4705,1132,2026-08-26,P019,5,185.01,COMPLETED
4706,1076,2026-08-14,P002,8,291.51,COMPLETED
4707,1110,2026-08-27,P020,7,365.56,COMPLETED
4708,1035,2026-08-03,P040,7,116.79,COMPLETED
4709,1130,2026-08-16,P043,4,381.61,COMPLETED
4710,1128,2026-08-04,P024,6,295.32,CANCELLED
4711,1181,2026-08-23,P043,3,304.70,COMPLETED
4712,1131,2026-08-22,P026,8,124.43,RETURNED
4713,1035,2026-08-25,P037,4,358.23,COMPLETED
4714,1170,2026-08-11,P020,6,461.67,COMPLETED
4715,1077,2026-08-27,P006,4,121.05,CANCELLED
4716,1089,2026-08-24,P041,6,43.80,COMPLETED
4717,1100,2026-08-18,P002,4,295.71,CANCELLED
4718,1099,2026-08-07,P031,5,152.90,COMPLETED
4719,1089,2026-08-13,P048,3,366.31,RETURNED
4720,1161,2026-08-12,P032,5,328.65,COMPLETED
4721,1114,2026-08-24,P001,2,218.10,COMPLETED
4722,1020,2026-08-01,P033,3,449.80,COMPLETED
4723,1074,2026-08-13,P007,2,326.31,COMPLETED
4724,1171,2026-08-26,P031,5,420.51,CANCELLED
4725,1066,2026-08-23,P036,1,355.56,COMPLETED
4726,1074,2026-08-23,P002,8,407.32,COMPLETED
4727,1074,2026-08-19,P043,3,272.65,COMPLETED
4728,1109,2026-08-07,P041,1,407.83,COMPLETED
4729,1166,2026-08-24,P038,1,291.82,CANCELLED
4730,1049,2026-08-23,P027,3,67.12,CANCELLED
4731,1192,2026-08-15,P025,8,70.33,CANCELLED
4732,1001,2026-08-14,P009,7,476.75,COMPLETED
4733,1072,2026-08-24,P012,7,458.48,COMPLETED
4734,1179,2026-08-05,P015,3,75.48,COMPLETED
4735,1054,2026-08-20,P047,1,45.46,CANCELLED
4736,1125,2026-08-14,P023,4,446.64,RETURNED
4737,1116,2026-08-24,P040,1,55.96,COMPLETED
4738,1071,2026-08-11,P026,3,321.48,COMPLETED
4739,1043,2026-08-09,P014,5,23.18,COMPLETED
4740,1078,2026-08-25,P026,6,40.71,COMPLETED
4741,1097,2026-08-14,P004,5,78.66,COMPLETED
4742,1193,2026-08-18,P009,7,130.70,CANCELLED
4743,1193,2026-08-07,P023,2,288.13,CANCELLED
4744,1195,2026-08-20,P011,6,184.45,COMPLETED
4745,1068,2026-08-16,P006,8,194.06,COMPLETED
4746,1141,2026-08-20,P021,1,22.90,COMPLETED
4747,1187,2026-08-06,P047,6,178.20,COMPLETED
4748,1175,2026-08-27,P017,5,391.95,RETURNED
4749,1137,2026-08-13,P035,8,78.93,COMPLETED
4750,1194,2026-08-19,P016,1,157.34,COMPLETED
4751,1071,2026-08-03,P025,5,463.32,COMPLETED
4752,1051,2026-08-12,P010,8,153.28,COMPLETED
4753,1151,2026-08-03,P030,2,137.75,RETURNED
4754,1082,2026-08-17,P014,8,298.93,COMPLETED
4755,1150,2026-08-05,P021,1,151.86,COMPLETED
4756,1112,2026-08-08,P028,8,252.82,COMPLETED
4757,1136,2026-08-17,P024,4,35.37,RETURNED
4758,1179,2026-08-02,P035,1,58.95,CANCELLED
4759,1150,2026-08-08,P006,2,162.89,COMPLETED
4760,1111,2026-08-03,P031,2,132.58,RETURNED
4761,1004,2026-08-14,P032,3,319.34,RETURNED
4762,1158,2026-08-03,P043,8,57.69,CANCELLED
4763,1033,2026-08-21,P022,6,217.39,CANCELLED
4764,1141,2026-08-27,P042,1,209.21,COMPLETED
4765,1169,2026-08-05,P013,7,412.76,COMPLETED
4766,1068,2026-08-26,P012,2,192.42,COMPLETED
4767,1048,2026-08-01,P013,7,26.29,COMPLETED
4768,1166,2026-08-06,P045,7,438.40,COMPLETED
4769,1036,2026-08-23,P011,1,340.89,COMPLETED
4770,1040,2026-08-24,P002,2,56.96,CANCELLED
4771,1081,2026-08-14,P005,8,27.97,COMPLETED
4772,1103,2026-08-11,P028,3,19.36,COMPLETED
4773,1035,2026-08-07,P018,3,73.08,COMPLETED
4774,1151,2026-08-02,P009,6,123.73,COMPLETED
4775,1097,2026-08-22,P009,3,33.12,COMPLETED
4776,1030,2026-08-04,P049,1,426.66,COMPLETED
4777,1148,2026-08-09,P007,5,112.45,COMPLETED
4778,1133,2026-08-08,P025,3,188.17,COMPLETED
4779,1188,2026-08-26,P039,4,87.58,COMPLETED
4780,1086,2026-08-11,P009,7,342.84,COMPLETED
4781,1077,2026-08-10,P050,3,255.29,COMPLETED
4782,1002,2026-08-20,P012,8,219.82,COMPLETED
4783,1069,2026-08-19,P012,7,220.41,COMPLETED
4784,1193,2026-08-24,P030,6,131.28,CANCELLED
4785,1147,2026-08-21,P036,4,145.60,COMPLETED
4786,1092,2026-08-06,P026,8,416.88,COMPLETED
4787,1104,2026-08-11,P024,3,498.67,COMPLETED
4788,1196,2026-08-19,P025,2,141.08,COMPLETED
4789,1131,2026-08-12,P004,4,437.45,RETURNED
4790,1069,2026-08-14,P031,7,157.07,COMPLETED
4791,1149,2026-08-08,P045,4,208.12,COMPLETED
4792,1200,2026-08-06,P018,5,440.30,CANCELLED
4793,1087,2026-08-14,P014,6,336.79,RETURNED
4794,1163,2026-08-19,P050,7,72.37,RETURNED
4795,1040,2026-08-18,P019,6,376.49,COMPLETED
4796,1152,2026-08-23,P010,7,251.99,COMPLETED
4797,1041,2026-08-04,P042,6,242.66,CANCELLED
4798,1191,2026-08-21,P041,7,475.94,RETURNED
4799,1169,2026-08-08,P019,6,143.01,CANCELLED
4800,1110,2026-08-18,P016,6,255.10,RETURNED
4801,1101,2026-08-01,P047,7,394.55,RETURNED
4802,1152,2026-08-05,P041,5,287.10,COMPLETED
4803,1091,2026-08-20,P015,2,213.49,RETURNED
4804,1132,2026-08-03,P042,2,202.89,COMPLETED
4805,1063,2026-08-23,P002,8,53.31,CANCELLED
4806,1098,2026-08-26,P004,4,242.25,CANCELLED
4807,1198,2026-08-23,P001,3,389.76,COMPLETED
4808,1142,2026-08-09,P046,7,409.11,COMPLETED
4809,1071,2026-08-18,P037,3,199.43,COMPLETED
4810,1074,2026-08-04,P026,3,489.81,COMPLETED
4811,1114,2026-08-19,P026,5,393.67,COMPLETED
4812,1192,2026-08-11,P038,5,420.78,COMPLETED
4813,1104,2026-08-13,P014,5,178.79,COMPLETED
4814,1192,2026-08-20,P038,2,235.40,RETURNED
4815,1102,2026-08-21,P037,5,15.56,COMPLETED
4816,1029,2026-08-17,P012,2,496.80,CANCELLED
4817,1146,2026-08-23,P030,7,362.12,COMPLETED
4818,1173,2026-08-20,P002,7,231.23,CANCELLED
4819,1057,2026-08-22,P039,4,117.04,COMPLETED
4820,1028,2026-08-02,P011,2,478.41,COMPLETED
4821,1199,2026-08-26,P046,1,65.66,COMPLETED
4822,1009,2026-08-19,P049,5,368.38,COMPLETED
4823,1070,2026-08-07,P014,4,123.50,CANCELLED
4824,1169,2026-08-22,P014,7,418.28,COMPLETED
4825,1145,2026-08-18,P035,2,147.91,COMPLETED
4826,1112,2026-08-03,P032,1,477.96,RETURNED
4827,1065,2026-08-07,P035,1,46.22,COMPLETED
4828,1073,2026-08-04,P038,7,15.11,RETURNED
4829,1013,2026-08-22,P020,2,388.11,COMPLETED
4830,1107,2026-08-02,P027,3,269.52,COMPLETED
4831,1019,2026-08-13,P040,1,376.51,RETURNED
4832,1032,2026-08-02,P050,4,153.07,COMPLETED
4833,1067,2026-08-09,P010,6,158.16,COMPLETED
4834,1109,2026-08-07,P004,6,106.77,CANCELLED
4835,1152,2026-08-19,P007,2,247.98,COMPLETED
4836,1083,2026-08-18,P031,7,38.79,COMPLETED
4837,1030,2026-08-23,P014,2,397.45,COMPLETED
4838,1080,2026-08-26,P002,2,295.65,COMPLETED
4839,1002,2026-08-10,P011,8,337.81,RETURNED
4840,1031,2026-08-18,P009,2,151.77,RETURNED
4841,1125,2026-08-15,P045,5,165.39,COMPLETED
4842,1122,2026-08-25,P033,4,485.18,COMPLETED
4843,1110,2026-08-16,P013,7,154.34,RETURNED
4844,1021,2026-08-03,P003,4,281.51,CANCELLED
4845,1098,2026-08-10,P008,2,332.23,RETURNED
4846,1039,2026-08-10,P008,3,132.26,COMPLETED
4847,1061,2026-08-10,P006,1,47.31,COMPLETED
4848,1153,2026-08-07,P043,6,35.19,CANCELLED
4849,1105,2026-08-22,P036,3,200.38,COMPLETED
4850,1083,2026-08-27,P012,6,175.20,CANCELLED
4851,1001,2026-08-24,P009,5,447.78,COMPLETED
4852,1017,2026-08-10,P046,8,363.13,CANCELLED
4853,1092,2026-08-19,P028,5,265.09,CANCELLED
4854,1154,2026-08-20,P015,5,258.27,COMPLETED
4855,1161,2026-08-01,P045,6,61.92,COMPLETED
4856,1170,2026-08-14,P026,8,180.46,COMPLETED
4857,1076,2026-08-12,P010,6,391.37,COMPLETED
4858,1100,2026-08-15,P026,2,233.29,COMPLETED
4859,1007,2026-08-25,P017,6,208.50,CANCELLED
4860,1011,2026-08-01,P006,8,21.05,COMPLETED
4861,1057,2026-08-21,P001,5,64.50,CANCELLED
4862,1067,2026-08-17,P003,7,431.96,RETURNED
4863,1001,2026-08-15,P041,2,439.70,CANCELLED
4864,1195,2026-08-14,P007,1,339.43,CANCELLED
4865,1105,2026-08-05,P011,3,13.78,COMPLETED
4866,1169,2026-08-17,P011,2,69.64,COMPLETED
4867,1047,2026-08-08,P012,3,280.58,RETURNED
4868,1072,2026-08-05,P031,5,16.45,COMPLETED
4869,1156,2026-08-05,P038,4,185.38,RETURNED
4870,1024,2026-08-10,P003,1,10.63,RETURNED
4871,1030,2026-08-09,P015,8,306.62,COMPLETED
4872,1064,2026-08-26,P023,2,355.22,COMPLETED
4873,1200,2026-08-27,P029,6,105.18,COMPLETED
4874,1002,2026-08-06,P028,3,462.53,COMPLETED
4875,1143,2026-08-04,P003,6,478.69,RETURNED
4876,1008,2026-08-25,P009,8,266.85,RETURNED
4877,1077,2026-08-01,P007,2,21.63,RETURNED
4878,1020,2026-08-10,P040,6,128.87,COMPLETED
4879,1131,2026-08-25,P049,3,395.46,COMPLETED
4880,1143,2026-08-21,P027,5,151.08,CANCELLED
4881,1045,2026-08-10,P006,3,279.80,RETURNED
4882,1057,2026-08-22,P049,4,21.06,COMPLETED
4883,1059,2026-08-16,P030,1,340.11,RETURNED
4884,1025,2026-08-19,P015,2,337.14,RETURNED
4885,1062,2026-08-24,P047,8,132.78,CANCELLED
4886,1085,2026-08-20,P036,1,166.28,COMPLETED
4887,1152,2026-08-12,P037,8,394.28,COMPLETED
4888,1072,2026-08-23,P012,1,276.92,RETURNED
4889,1155,2026-08-24,P028,1,418.72,RETURNED
4890,1092,2026-08-21,P010,1,347.84,RETURNED
4891,1018,2026-08-20,P047,7,17.24,COMPLETED
4892,1062,2026-08-13,P015,6,215.99,CANCELLED
4893,1012,2026-08-25,P006,5,191.91,CANCELLED
4894,1024,2026-08-11,P015,3,227.64,CANCELLED
4895,1142,2026-08-22,P004,2,156.43,COMPLETED
4896,1132,2026-08-12,P018,4,321.16,COMPLETED
4897,1042,2026-08-16,P041,7,311.82,RETURNED
4898,1118,2026-08-13,P050,5,141.98,CANCELLED
4899,1003,2026-08-06,P035,6,403.33,COMPLETED
4900,1037,2026-08-22,P017,3,127.79,COMPLETED
4901,1197,2026-08-07,P003,5,261.02,COMPLETED
4902,1079,2026-08-03,P008,8,357.62,COMPLETED
4903,1102,2026-08-11,P039,4,471.73,COMPLETED
4904,1073,2026-08-11,P038,6,164.51,COMPLETED
4905,1145,2026-08-13,P025,3,418.71,COMPLETED
4906,1116,2026-08-06,P004,5,90.63,COMPLETED
4907,1037,2026-08-25,P040,4,118.60,COMPLETED
4908,1057,2026-08-22,P006,5,185.83,COMPLETED
4909,1058,2026-08-21,P003,3,267.43,COMPLETED
4910,1101,2026-08-01,P012,3,306.50,RETURNED
4911,1026,2026-08-20,P032,2,226.88,COMPLETED
4912,1007,2026-08-06,P020,3,416.32,COMPLETED
4913,1197,2026-08-14,P012,8,275.37,COMPLETED
4914,1104,2026-08-12,P025,4,299.27,RETURNED
4915,1002,2026-08-07,P026,8,430.63,COMPLETED
4916,1056,2026-08-05,P008,6,378.25,COMPLETED
4917,1078,2026-08-19,P035,3,255.05,COMPLETED
4918,1108,2026-08-01,P007,3,84.10,RETURNED
4919,1165,2026-08-02,P016,2,292.46,COMPLETED
4920,1125,2026-08-12,P006,4,249.81,RETURNED
4921,1006,2026-08-02,P012,1,38.49,RETURNED
4922,1097,2026-08-21,P010,6,220.84,COMPLETED
4923,1184,2026-08-27,P044,6,194.52,COMPLETED
4924,1190,2026-08-23,P024,8,41.36,COMPLETED
4925,1116,2026-08-20,P038,5,11.20,RETURNED
4926,1074,2026-08-26,P050,3,121.18,COMPLETED
4927,1060,2026-08-24,P006,4,76.99,CANCELLED
4928,1137,2026-08-21,P050,8,238.08,COMPLETED
4929,1113,2026-08-10,P047,6,194.65,COMPLETED
4930,1190,2026-08-27,P008,4,227.53,RETURNED
4931,1158,2026-08-10,P045,6,105.95,COMPLETED
4932,1110,2026-08-03,P027,8,487.28,CANCELLED
4933,1169,2026-08-11,P031,1,178.85,CANCELLED
4934,1148,2026-08-03,P011,3,22.99,RETURNED
4935,1015,2026-08-03,P027,6,243.63,COMPLETED
4936,1063,2026-08-26,P005,1,86.38,COMPLETED
4937,1175,2026-08-13,P029,8,316.77,COMPLETED
4938,1053,2026-08-13,P022,8,319.98,COMPLETED
4939,1125,2026-08-05,P008,3,107.23,RETURNED
4940,1036,2026-08-12,P025,3,45.09,RETURNED
4941,1095,2026-08-24,P027,5,327.09,COMPLETED
4942,1039,2026-08-16,P039,2,50.73,COMPLETED
4943,1192,2026-08-07,P016,1,29.62,CANCELLED
4944,1063,2026-08-27,P037,6,388.73,RETURNED
4945,1180,2026-08-19,P045,3,438.11,COMPLETED
4946,1089,2026-08-07,P039,3,137.23,RETURNED
4947,1033,2026-08-13,P031,7,310.18,RETURNED
4948,1169,2026-08-23,P036,5,60.61,COMPLETED
4949,1146,2026-08-26,P005,8,212.24,COMPLETED
4950,1026,2026-08-07,P050,3,30.21,COMPLETED
4951,1091,2026-08-22,P011,1,409.12,CANCELLED
4952,1114,2026-08-13,P015,5,100.15,COMPLETED
4953,1072,2026-08-03,P021,3,249.05,COMPLETED
4954,1094,2026-08-08,P044,4,249.61,CANCELLED
4955,1106,2026-08-11,P017,7,310.66,RETURNED
4956,1041,2026-08-15,P011,5,298.45,COMPLETED
4957,1031,2026-08-27,P002,5,357.00,COMPLETED
4958,1106,2026-08-14,P038,3,164.30,COMPLETED
4959,1137,2026-08-19,P022,7,170.23,COMPLETED
4960,1197,2026-08-05,P009,1,434.52,CANCELLED
4961,1060,2026-08-14,P048,8,97.87,COMPLETED
4962,1150,2026-08-23,P050,1,310.81,COMPLETED
4963,1019,2026-08-09,P009,5,434.57,RETURNED
4964,1169,2026-08-04,P024,5,224.17,COMPLETED
4965,1075,2026-08-06,P032,3,395.84,CANCELLED
4966,1089,2026-08-18,P032,1,150.57,RETURNED
4967,1134,2026-08-15,P019,3,193.05,COMPLETED
4968,1167,2026-08-15,P040,1,109.77,RETURNED
4969,1143,2026-08-05,P044,2,153.38,COMPLETED
4970,1166,2026-08-25,P047,4,104.60,COMPLETED
4971,1179,2026-08-23,P046,1,463.97,COMPLETED
4972,1102,2026-08-11,P032,2,361.71,CANCELLED
4973,1051,2026-08-25,P027,8,15.76,COMPLETED
4974,1134,2026-08-22,P028,3,425.86,COMPLETED
4975,1036,2026-08-01,P010,2,43.01,COMPLETED
4976,1185,2026-08-27,P044,1,446.76,RETURNED
4977,1065,2026-08-10,P050,5,71.99,RETURNED
4978,1055,2026-08-07,P028,4,496.50,CANCELLED
4979,1131,2026-08-22,P011,7,21.24,RETURNED
4980,1190,2026-08-20,P041,7,254.40,COMPLETED
4981,1086,2026-08-23,P041,4,196.78,COMPLETED
4982,1154,2026-08-20,P009,5,446.42,COMPLETED
4983,1072,2026-08-18,P037,6,459.44,COMPLETED
4984,1160,2026-08-04,P024,4,81.33,COMPLETED
4985,1168,2026-08-19,P001,4,193.36,COMPLETED
4986,1029,2026-08-04,P031,6,152.97,COMPLETED
4987,1013,2026-08-26,P014,1,275.04,RETURNED
4988,1164,2026-08-24,P005,1,150.06,COMPLETED
4989,1017,2026-08-10,P023,1,143.25,CANCELLED
4990,1055,2026-08-13,P022,6,47.17,COMPLETED
4991,1166,2026-08-17,P014,2,144.48,CANCELLED
4992,1130,2026-08-10,P004,8,166.66,COMPLETED
4993,1104,2026-08-02,P034,1,60.52,COMPLETED
4994,1125,2026-08-13,P029,5,229.22,RETURNED
4995,1156,2026-08-09,P003,1,54.69,COMPLETED
4996,1156,2026-08-15,P034,2,208.35,RETURNED
4997,1027,2026-08-21,P028,4,247.03,COMPLETED
4998,1100,2026-08-04,P028,6,262.82,RETURNED
4999,1147,2026-08-14,P031,2,51.74,CANCELLED
5000,1183,2026-08-15,P034,6,293.78,COMPLETED
