order_id,customer_id,order_date,product_id,quantity,unit_price,status
5001,1017,2026-08-22,P031,4,88.32,COMPLETED
5002,1086,2026-08-24,P035,6,433.77,COMPLETED
5003,1165,2026-08-12,P035,4,135.24,COMPLETED
5004,1113,2026-08-19,P046,6,216.77,COMPLETED
5005,1062,2026-08-18,P016,6,130.99,RETURNED
5006,1100,2026-08-21,P026,3,148.32,COMPLETED
5007,1180,2026-08-04,P031,8,453.66,COMPLETED
5008,1085,2026-08-18,P035,1,42.60,COMPLETED
5009,1155,2026-08-14,P014,7,278.55,COMPLETED
5010,1132,2026-08-27,P022,4,13.17,COMPLETED
5011,1194,2026-08-06,P025,8,97.60,CANCELLED
5012,1018,2026-08-19,P041,4,134.97,COMPLETED
5013,1033,2026-08-26,P034,1,90.66,COMPLETED
5014,1062,2026-08-10,P001,7,62.18,RETURNED
5015,1002,2026-08-15,P035,4,471.27,RETURNED
5016,1003,2026-08-16,P041,3,444.14,CANCELLED
5017,1184,2026-08-25,P011,4,282.23,CANCELLED
5018,1192,2026-08-26,P049,8,239.88,COMPLETED
5019,1033,2026-08-04,P045,5,78.70,CANCELLED
5020,1200,2026-08-21,P039,7,107.23,COMPLETED
5021,1038,2026-08-01,P005,8,454.63,COMPLETED
5022,1072,2026-08-27,P010,3,361.00,COMPLETED
5023,1174,2026-08-10,P004,5,249.54,COMPLETED
5024,1178,2026-08-24,P043,8,425.90,CANCELLED
5025,1183,2026-08-16,P028,2,381.12,COMPLETED
5026,1094,2026-08-22,P046,8,63.08,RETURNED
5027,1104,2026-08-14,P050,6,388.22,CANCELLED
5028,1157,2026-08-14,P047,5,29.94,CANCELLED
5029,1200,2026-08-17,P018,4,105.44,COMPLETED
5030,1073,2026-08-01,P009,6,84.65,CANCELLED
5031,1118,2026-08-22,P040,6,106.18,COMPLETED
5032,1023,2026-08-23,P038,3,72.32,COMPLETED
5033,1160,2026-08-25,P046,5,129.50,COMPLETED
5034,1073,2026-08-15,P031,1,187.30,COMPLETED
5035,1086,2026-08-14,P032,1,383.51,RETURNED
5036,1085,2026-08-04,P003,2,454.86,COMPLETED
5037,1039,2026-08-02,P027,2,204.51,COMPLETED
5038,1090,2026-08-01,P036,1,75.93,RETURNED
5039,1120,2026-08-23,P022,4,338.02,RETURNED
5040,1074,2026-08-15,P033,4,118.12,RETURNED
5041,1023,2026-08-23,P039,4,185.50,COMPLETED
5042,1121,2026-08-04,P037,5,289.52,COMPLETED
5043,1182,2026-08-27,P033,5,198.36,CANCELLED
5044,1174,2026-08-21,P016,7,428.00,COMPLETED
5045,1127,2026-08-01,P045,4,54.89,COMPLETED
5046,1038,2026-08-27,P050,7,217.41,RETURNED
5047,1086,2026-08-05,P017,5,202.49,RETURNED
5048,1075,2026-08-06,P001,8,338.21,COMPLETED
5049,1189,2026-08-26,P044,1,347.71,COMPLETED
5050,1023,2026-08-01,P020,7,335.39,CANCELLED
5051,1151,2026-08-26,P002,1,166.62,RETURNED
5052,1037,2026-08-25,P032,6,147.10,COMPLETED
5053,1166,2026-08-13,P045,4,367.52,COMPLETED
5054,1168,2026-08-08,P014,6,450.31,CANCELLED
5055,1023,2026-08-20,P004,4,407.79,COMPLETED
5056,1135,2026-08-24,P039,1,298.77,RETURNED
5057,1134,2026-08-08,P008,2,280.99,COMPLETED
5058,1137,2026-08-26,P003,5,428.27,COMPLETED
5059,1072,2026-08-17,P005,4,174.60,COMPLETED
5060,1013,2026-08-18,P040,3,316.25,COMPLETED
5061,1163,2026-08-02,P029,5,356.08,CANCELLED
5062,1107,2026-08-14,P026,2,128.80,COMPLETED
5063,1022,2026-08-18,P009,1,260.80,COMPLETED
5064,1090,2026-08-22,P049,7,264.76,RETURNED
5065,1066,2026-08-10,P050,8,448.12,CANCELLED
5066,1057,2026-08-01,P005,6,456.57,COMPLETED
5067,1055,2026-08-02,P044,6,343.63,COMPLETED
5068,1052,2026-08-01,P039,7,253.63,CANCELLED
5069,1025,2026-08-20,P036,5,489.58,RETURNED
5070,1109,2026-08-04,P039,5,78.57,COMPLETED
5071,1092,2026-08-16,P042,7,369.39,COMPLETED
5072,1125,2026-08-25,P028,2,208.71,CANCELLED
5073,1123,2026-08-23,P026,2,259.45,COMPLETED
5074,1061,2026-08-22,P028,4,210.49,RETURNED
5075,1187,2026-08-17,P042,6,22.04,CANCELLED
5076,1103,2026-08-25,P012,3,235.35,RETURNED
5077,1112,2026-08-06,P029,3,218.31,RETURNED
5078,1177,2026-08-27,P013,1,289.24,CANCELLED
5079,1102,2026-08-21,P021,7,51.96,COMPLETED
5080,1149,2026-08-06,P038,1,237.26,COMPLETED
5081,1028,2026-08-26,P009,6,287.14,COMPLETED
5082,1039,2026-08-11,P028,8,245.33,COMPLETED
5083,1007,2026-08-20,P036,8,196.29,COMPLETED
5084,1137,2026-08-18,P002,6,480.20,COMPLETED
5085,1075,2026-08-01,P008,2,460.04,CANCELLED
5086,1142,2026-08-04,P038,7,171.53,COMPLETED
5087,1036,2026-08-19,P038,2,477.16,COMPLETED
5088,1137,2026-08-13,P035,6,402.70,CANCELLED
5089,1079,2026-08-03,P034,2,422.34,CANCELLED
5090,1093,2026-08-02,P050,1,437.79,COMPLETED
5091,1153,2026-08-01,P046,3,138.33,COMPLETED
5092,1126,2026-08-17,P023,8,284.98,CANCELLED
5093,1199,2026-08-02,P010,4,324.85,RETURNED
5094,1188,2026-08-07,P010,1,70.51,COMPLETED
5095,1130,2026-08-21,P026,1,41.27,COMPLETED
5096,1194,2026-08-16,P002,5,93.75,CANCELLED
5097,1047,2026-08-22,P011,6,83.13,COMPLETED
5098,1031,2026-08-07,P041,7,306.32,RETURNED
5099,1011,2026-08-01,P001,7,92.39,CANCELLED
5100,1035,2026-08-21,P017,4,19.71,COMPLETED
5101,1180,2026-08-13,P037,7,78.06,CANCELLED
5102,1189,2026-08-12,P041,4,240.09,COMPLETED
5103,1177,2026-08-01,P006,6,252.46,COMPLETED
5104,1153,2026-08-10,P024,7,473.56,CANCELLED
5105,1185,2026-08-22,P025,8,135.30,RETURNED
5106,1078,2026-08-16,P017,4,187.32,COMPLETED
5107,1017,2026-08-08,P018,5,171.85,CANCELLED
5108,1138,2026-08-21,P043,7,449.20,CANCELLED
5109,1069,2026-08-12,P033,4,336.47,COMPLETED
5110,1059,2026-08-26,P043,5,285.17,COMPLETED
5111,1107,2026-08-21,P032,7,318.69,COMPLETED
5112,1133,2026-08-14,P021,7,416.64,COMPLETED
5113,1118,2026-08-05,P031,1,431.73,COMPLETED
5114,1131,2026-08-17,P039,8,12.24,COMPLETED
5115,1167,2026-08-08,P027,3,388.84,RETURNED
5116,1167,2026-08-18,P017,4,331.87,COMPLETED
5117,1177,2026-08-08,P022,7,498.44,RETURNED
5118,1186,2026-08-02,P020,6,21.65,COMPLETED
5119,1185,2026-08-26,P003,1,186.98,RETURNED
5120,1043,2026-08-06,P047,5,206.44,COMPLETED
5121,1045,2026-08-02,P049,8,106.57,RETURNED
5122,1179,2026-08-25,P030,4,287.90,CANCELLED
5123,1152,2026-08-08,P021,8,454.42,COMPLETED
5124,1176,2026-08-21,P001,6,336.81,COMPLETED
5125,1036,2026-08-18,P022,1,41.08,RETURNED
5126,1174,2026-08-12,P009,2,183.63,COMPLETED
5127,1048,2026-08-10,P036,6,21.35,COMPLETED
5128,1017,2026-08-10,P009,4,178.27,CANCELLED
5129,1176,2026-08-20,P044,5,388.17,COMPLETED
5130,1159,2026-08-27,P049,4,377.79,COMPLETED
5131,1186,2026-08-07,P007,2,400.77,COMPLETED
5132,1148,2026-08-05,P002,4,331.84,COMPLETED
5133,1118,2026-08-06,P017,7,185.41,COMPLETED
5134,1098,2026-08-18,P012,7,421.84,COMPLETED
5135,1127,2026-08-04,P015,1,266.55,RETURNED
5136,1088,2026-08-07,P006,6,180.80,COMPLETED
5137,1155,2026-08-21,P041,7,488.63,COMPLETED
5138,1021,2026-08-19,P031,4,168.85,COMPLETED
5139,1176,2026-08-12,P015,6,163.21,CANCELLED
5140,1107,2026-08-23,P009,1,462.67,CANCELLED
5141,1052,2026-08-06,P016,2,213.71,CANCELLED
5142,1036,2026-08-09,P006,7,56.78,COMPLETED
5143,1109,2026-08-27,P047,8,193.53,COMPLETED
5144,1026,2026-08-25,P012,7,136.09,CANCELLED
5145,1131,2026-08-01,P042,5,267.60,CANCELLED
5146,1160,2026-08-13,P004,3,16.92,CANCELLED
5147,1111,2026-08-19,P016,4,51.08,COMPLETED
5148,1154,2026-08-26,P022,4,462.24,COMPLETED
5149,1080,2026-08-14,P022,8,471.10,COMPLETED
5150,1152,2026-08-23,P035,6,363.34,COMPLETED
5151,1181,2026-08-27,P047,3,458.05,CANCELLED
5152,1026,2026-08-15,P012,4,341.58,COMPLETED
5153,1136,2026-08-09,P036,4,415.61,RETURNED
5154,1024,2026-08-02,P043,5,256.02,COMPLETED
5155,1095,2026-08-21,P039,3,38.02,COMPLETED
5156,1174,2026-08-13,P010,5,189.47,RETURNED
5157,1066,2026-08-06,P009,4,62.46,CANCELLED
5158,1120,2026-08-12,P012,6,226.37,RETURNED
5159,1085,2026-08-20,P019,2,64.00,RETURNED
5160,1050,2026-08-01,P006,5,318.07,RETURNED
5161,1064,2026-08-23,P028,4,326.98,RETURNED
5162,1022,2026-08-12,P003,4,458.52,COMPLETED
5163,1174,2026-08-22,P042,8,246.99,COMPLETED
5164,1175,2026-08-11,P038,1,209.92,COMPLETED
5165,1100,2026-08-22,P022,8,306.43,COMPLETED
5166,1131,2026-08-15,P008,4,430.04,CANCELLED
5167,1188,2026-08-05,P033,2,374.38,CANCELLED
5168,1152,2026-08-08,P036,3,86.80,COMPLETED
5169,1114,2026-08-13,P014,2,395.55,CANCELLED
5170,1007,2026-08-14,P023,8,65.82,COMPLETED
5171,1114,2026-08-19,P042,8,248.79,COMPLETED
5172,1051,2026-08-12,P004,2,192.85,COMPLETED
5173,1046,2026-08-09,P001,6,35.05,COMPLETED
5174,1134,2026-08-25,P016,7,373.78,RETURNED
5175,1191,2026-08-16,P020,1,444.66,COMPLETED
5176,1129,2026-08-02,P026,3,301.28,CANCELLED
5177,1167,2026-08-25,P050,7,33.14,COMPLETED
5178,1185,2026-08-09,P014,1,306.25,COMPLETED
5179,1077,2026-08-14,P041,8,342.92,COMPLETED
5180,1109,2026-08-18,P035,3,127.65,RETURNED
5181,1063,2026-08-04,P036,1,47.00,COMPLETED
5182,1193,2026-08-15,P021,3,45.12,COMPLETED
5183,1016,2026-08-08,P007,4,147.60,RETURNED
5184,1026,2026-08-10,P016,3,82.96,RETURNED
5185,1061,2026-08-22,P012,3,187.21,COMPLETED
5186,1020,2026-08-25,P049,4,345.72,CANCELLED
5187,1164,2026-08-17,P027,2,364.60,COMPLETED
5188,1145,2026-08-14,P044,1,126.40,COMPLETED
5189,1189,2026-08-21,P025,8,495.28,RETURNED
5190,1152,2026-08-01,P046,8,377.05,COMPLETED
5191,1048,2026-08-21,P003,8,219.92,COMPLETED
5192,1066,2026-08-01,P045,6,73.41,COMPLETED
5193,1003,2026-08-25,P030,1,483.60,COMPLETED
5194,1094,2026-08-14,P002,4,141.81,RETURNED
5195,1056,2026-08-27,P030,6,61.06,COMPLETED
5196,1029,2026-08-17,P050,6,49.65,RETURNED
5197,1165,2026-08-25,P020,2,314.89,COMPLETED
5198,1121,2026-08-09,P010,6,215.95,RETURNED
5199,1030,2026-08-13,P039,6,175.83,COMPLETED
5200,1061,2026-08-15,P029,7,254.27,CANCELLED
5201,1173,2026-08-24,P033,2,347.17,RETURNED
5202,1062,2026-08-14,P038,3,424.76,COMPLETED
5203,1103,2026-08-13,P049,2,75.89,CANCELLED
5204,1007,2026-08-25,P024,8,276.51,COMPLETED
5205,1051,2026-08-16,P035,4,234.80,RETURNED
5206,1012,2026-08-16,P011,5,413.35,COMPLETED
5207,1018,2026-08-07,P020,5,336.94,COMPLETED
5208,1046,2026-08-26,P032,7,444.02,CANCELLED
5209,1175,2026-08-07,P008,4,10.42,COMPLETED
5210,1025,2026-08-26,P044,8,213.89,COMPLETED
5211,1076,2026-08-06,P033,2,193.55,COMPLETED
5212,1189,2026-08-04,P027,7,495.27,COMPLETED
5213,1065,2026-08-14,P025,5,244.81,COMPLETED
5214,1124,2026-08-13,P002,7,300.65,COMPLETED
5215,1072,2026-08-13,P035,4,11.47,COMPLETED
5216,1059,2026-08-16,P045,4,206.77,COMPLETED
5217,1047,2026-08-25,P048,6,292.56,COMPLETED
5218,1043,2026-08-25,P031,2,334.05,COMPLETED
5219,1072,2026-08-13,P005,6,303.17,COMPLETED
5220,1176,2026-08-09,P010,1,194.79,RETURNED
5221,1044,2026-08-04,P009,2,276.18,RETURNED
5222,1133,2026-08-06,P013,5,245.11,COMPLETED
5223,1150,2026-08-03,P050,2,228.71,CANCELLED
5224,1123,2026-08-21,P022,1,425.51,CANCELLED
5225,1123,2026-08-17,P019,5,417.99,RETURNED
5226,1015,2026-08-20,P021,8,315.90,COMPLETED
5227,1029,2026-08-05,P018,2,250.26,RETURNED
5228,1092,2026-08-14,P034,6,494.04,COMPLETED
5229,1003,2026-08-18,P028,2,497.50,COMPLETED
5230,1176,2026-08-16,P046,4,319.60,COMPLETED
5231,1105,2026-08-14,P013,4,56.41,COMPLETED
5232,1094,2026-08-06,P023,8,490.72,CANCELLED
5233,1193,2026-08-27,P027,3,374.97,COMPLETED
5234,1056,2026-08-14,P032,5,308.31,RETURNED
5235,1055,2026-08-17,P034,2,53.45,RETURNED
5236,1043,2026-08-21,P045,1,202.06,COMPLETED
5237,1004,2026-08-04,P032,4,325.07,COMPLETED
5238,1175,2026-08-14,P045,8,180.55,COMPLETED
5239,1177,2026-08-04,P013,7,118.68,CANCELLED
5240,1158,2026-08-04,P034,4,47.67,COMPLETED
5241,1012,2026-08-09,P020,1,379.61,RETURNED
5242,1173,2026-08-27,P011,1,128.91,RETURNED
5243,1199,2026-08-12,P022,5,192.07,RETURNED
5244,1061,2026-08-08,P044,6,350.47,RETURNED
5245,1072,2026-08-19,P047,2,85.04,COMPLETED
5246,1083,2026-08-20,P050,3,81.29,COMPLETED
5247,1018,2026-08-04,P039,8,406.27,COMPLETED
5248,1066,2026-08-11,P032,2,318.38,CANCELLED
5249,1047,2026-08-06,P046,2,411.26,COMPLETED
5250,1139,2026-08-13,P026,1,69.54,COMPLETED
5251,1026,2026-08-19,P014,5,185.42,RETURNED
5252,1081,2026-08-09,P025,6,124.54,COMPLETED
5253,1003,2026-08-25,P050,1,305.52,CANCELLED
5254,1189,2026-08-20,P022,7,265.45,RETURNED
5255,1079,2026-08-02,P024,7,350.92,RETURNED
5256,1072,2026-08-18,P047,8,76.45,COMPLETED
5257,1118,2026-08-18,P031,3,354.28,COMPLETED
5258,1131,2026-08-11,P005,2,215.08,COMPLETED
5259,1121,2026-08-07,P013,4,481.87,CANCELLED
5260,1035,2026-08-15,P008,1,244.33,CANCELLED
5261,1003,2026-08-22,P046,4,356.24,COMPLETED
5262,1166,2026-08-10,P011,3,328.72,COMPLETED
5263,1016,2026-08-04,P027,4,407.27,COMPLETED
5264,1079,2026-08-06,P001,4,222.60,COMPLETED
5265,1080,2026-08-18,P019,2,327.92,COMPLETED
5266,1142,2026-08-06,P018,5,382.78,COMPLETED
5267,1072,2026-08-22,P016,1,87.10,COMPLETED
5268,1090,2026-08-01,P045,5,225.22,COMPLETED
5269,1087,2026-08-04,P027,7,332.11,COMPLETED
5270,1127,2026-08-01,P023,5,60.49,COMPLETED
5271,1120,2026-08-20,P003,2,449.65,COMPLETED
5272,1084,2026-08-10,P006,3,157.04,RETURNED
5273,1020,2026-08-02,P043,3,198.92,COMPLETED
5274,1082,2026-08-01,P040,4,165.97,COMPLETED
5275,1045,2026-08-06,P016,3,27.26,CANCELLED
5276,1170,2026-08-13,P028,7,222.06,RETURNED
5277,1060,2026-08-06,P015,3,289.23,RETURNED
5278,1024,2026-08-13,P005,2,288.65,RETURNED
5279,1005,2026-08-26,P040,4,308.33,COMPLETED
5280,1168,2026-08-26,P041,5,72.14,COMPLETED
5281,1173,2026-08-10,P012,1,195.49,RETURNED
5282,1049,2026-08-24,P013,4,142.38,COMPLETED
5283,1066,2026-08-22,P014,4,476.61,CANCELLED
5284,1189,2026-08-12,P034,2,470.14,CANCELLED
5285,1130,2026-08-14,P028,5,368.51,COMPLETED
5286,1064,2026-08-26,P047,5,96.11,RETURNED
5287,1035,2026-08-06,P036,7,472.45,COMPLETED
5288,1053,2026-08-11,P022,1,230.39,COMPLETED
5289,1195,2026-08-19,P036,6,89.91,RETURNED
5290,1123,2026-08-26,P041,6,308.30,COMPLETED
5291,1155,2026-08-08,P028,7,405.27,COMPLETED
5292,1025,2026-08-11,P031,4,168.13,CANCELLED
5293,1032,2026-08-11,P036,1,136.72,RETURNED
5294,1152,2026-08-07,P038,1,28.44,COMPLETED
5295,1117,2026-08-09,P014,3,279.73,COMPLETED
5296,1133,2026-08-10,P028,7,336.81,CANCELLED
5297,1105,2026-08-15,P045,5,233.92,COMPLETED
5298,1111,2026-08-15,P038,1,437.37,COMPLETED
5299,1022,2026-08-03,P006,5,314.40,COMPLETED
5300,1067,2026-08-25,P046,4,401.23,CANCELLED
5301,1092,2026-08-04,P027,6,202.17,CANCELLED
5302,1087,2026-08-24,P005,6,10.03,RETURNED
5303,1176,2026-08-24,P007,7,472.40,CANCELLED
5304,1186,2026-08-16,P044,5,137.77,COMPLETED
5305,1095,2026-08-07,P040,5,350.20,CANCELLED
5306,1072,2026-08-19,P021,6,19.14,COMPLETED
5307,1105,2026-08-21,P046,6,392.95,RETURNED
5308,1080,2026-08-26,P003,4,247.39,COMPLETED
5309,1144,2026-08-27,P028,5,451.61,COMPLETED
5310,1115,2026-08-16,P008,3,450.76,COMPLETED
5311,1175,2026-08-02,P016,3,171.91,RETURNED
5312,1045,2026-08-11,P049,8,219.64,CANCELLED
5313,1019,2026-08-27,P041,5,261.94,CANCELLED
5314,1074,2026-08-25,P037,4,263.48,COMPLETED
5315,1014,2026-08-25,P043,7,431.13,CANCELLED
5316,1057,2026-08-07,P002,6,260.95,COMPLETED
5317,1037,2026-08-01,P029,2,426.58,RETURNED
5318,1022,2026-08-19,P040,7,304.53,COMPLETED
5319,1129,2026-08-01,P024,5,324.92,COMPLETED
5320,1135,2026-08-23,P025,8,235.24,CANCELLED
5321,1107,2026-08-02,P010,4,199.77,COMPLETED
5322,1078,2026-08-07,P044,7,115.66,COMPLETED
5323,1200,2026-08-07,P039,5,207.45,CANCELLED
5324,1138,2026-08-24,P005,4,123.99,COMPLETED
5325,1174,2026-08-07,P027,4,191.68,COMPLETED
5326,1057,2026-08-16,P008,1,229.76,CANCELLED
5327,1119,2026-08-10,P030,5,434.53,CANCELLED
5328,1100,2026-08-06,P016,7,446.19,CANCELLED
5329,1131,2026-08-15,P040,6,351.34,RETURNED
5330,1068,2026-08-20,P032,8,408.72,COMPLETED
5331,1167,2026-08-20,P016,5,345.23,COMPLETED
5332,1091,2026-08-27,P013,6,77.79,CANCELLED
5333,1008,2026-08-24,P049,8,395.73,COMPLETED
5334,1143,2026-08-16,P031,7,238.21,COMPLETED
5335,1006,2026-08-01,P031,5,437.34,CANCELLED
5336,1153,2026-08-15,P029,6,49.45,COMPLETED
5337,1082,2026-08-07,P049,5,53.25,CANCELLED
5338,1054,2026-08-25,P004,4,329.35,RETURNED
5339,1165,2026-08-19,P046,1,396.50,COMPLETED
5340,1105,2026-08-19,P024,5,371.85,CANCELLED
5341,1075,2026-08-12,P047,3,128.66,COMPLETED
5342,1086,2026-08-11,P042,4,267.41,CANCELLED
5343,1047,2026-08-12,P013,4,177.56,COMPLETED
5344,1162,2026-08-14,P044,7,492.09,COMPLETED
5345,1147,2026-08-02,P048,5,238.54,COMPLETED
5346,1079,2026-08-03,P038,1,370.45,COMPLETED
5347,1154,2026-08-27,P045,7,48.12,RETURNED
5348,1021,2026-08-17,P006,7,418.44,RETURNED
5349,1192,2026-08-04,P029,6,256.17,COMPLETED
5350,1187,2026-08-13,P020,7,47.49,CANCELLED
5351,1131,2026-08-15,P042,7,462.43,CANCELLED
5352,1072,2026-08-17,P047,8,337.78,CANCELLED
5353,1167,2026-08-24,P025,7,205.95,RETURNED
5354,1183,2026-08-05,P009,1,372.78,COMPLETED
5355,1151,2026-08-13,P024,6,489.20,COMPLETED
5356,1043,2026-08-17,P045,2,145.35,COMPLETED
5357,1047,2026-08-23,P037,4,11.77,COMPLETED
5358,1005,2026-08-16,P021,7,455.05,COMPLETED
5359,1160,2026-08-27,P035,8,343.40,CANCELLED
5360,1015,2026-08-06,P023,3,42.87,COMPLETED
5361,1097,2026-08-07,P003,2,270.65,COMPLETED
5362,1063,2026-08-16,P014,5,231.02,RETURNED
5363,1188,2026-08-19,P048,2,134.13,RETURNED
5364,1077,2026-08-11,P020,3,137.96,COMPLETED
5365,1068,2026-08-01,P019,4,170.38,COMPLETED
5366,1058,2026-08-01,P033,3,459.00,CANCELLED
5367,1022,2026-08-21,P035,4,420.77,CANCELLED
5368,1128,2026-08-14,P031,5,463.58,COMPLETED
5369,1053,2026-08-04,P024,4,54.18,COMPLETED
5370,1091,2026-08-17,P033,4,14.24,COMPLETED
5371,1108,2026-08-07,P050,5,451.34,COMPLETED
5372,1160,2026-08-18,P034,2,181.14,RETURNED
5373,1126,2026-08-12,P036,3,349.95,RETURNED
5374,1159,2026-08-11,P004,6,439.64,RETURNED
5375,1174,2026-08-17,P005,5,355.88,COMPLETED
5376,1133,2026-08-18,P008,7,171.84,CANCELLED
5377,1046,2026-08-15,P014,6,381.37,RETURNED
5378,1080,2026-08-07,P035,2,297.92,RETURNED
5379,1051,2026-08-03,P035,1,368.85,COMPLETED
5380,1049,2026-08-27,P017,5,434.41,COMPLETED
5381,1041,2026-08-23,P007,3,162.76,RETURNED
5382,1062,2026-08-12,P049,8,374.84,COMPLETED
5383,1132,2026-08-27,P021,2,94.96,COMPLETED
5384,1023,2026-08-16,P019,4,154.64,CANCELLED
5385,1086,2026-08-03,P042,4,132.23,COMPLETED
5386,1017,2026-08-12,P021,4,426.00,COMPLETED
5387,1079,2026-08-02,P019,4,38.85,COMPLETED
5388,1172,2026-08-15,P046,8,271.08,COMPLETED
5389,1141,2026-08-02,P020,7,186.68,COMPLETED
5390,1182,2026-08-11,P028,8,209.32,COMPLETED
5391,1078,2026-08-24,P008,5,169.51,RETURNED
5392,1026,2026-08-24,P010,3,302.84,CANCELLED
5393,1015,2026-08-20,P027,5,177.21,COMPLETED
5394,1188,2026-08-22,P007,2,468.12,COMPLETED
5395,1192,2026-08-14,P025,2,459.68,CANCELLED
5396,1193,2026-08-23,P045,2,18.46,RETURNED
5397,1065,2026-08-21,P009,3,88.42,COMPLETED
5398,1129,2026-08-13,P009,3,214.53,COMPLETED
5399,1128,2026-08-22,P023,2,320.08,CANCELLED
5400,1146,2026-08-06,P050,7,419.47,CANCELLED
5401,1162,2026-08-05,P018,1,269.25,CANCELLED
5402,1003,2026-08-19,P023,2,375.42,RETURNED
5403,1163,2026-08-08,P041,3,334.40,COMPLETED
5404,1142,2026-08-16,P041,3,382.43,CANCELLED
5405,1008,2026-08-02,P003,4,87.37,CANCELLED
5406,1189,2026-08-09,P009,6,311.69,COMPLETED
5407,1032,2026-08-26,P010,4,282.69,RETURNED
5408,1048,2026-08-12,P046,2,154.67,COMPLETED
5409,1038,2026-08-11,P041,1,356.18,RETURNED
5410,1012,2026-08-13,P019,1,404.95,RETURNED
5411,1047,2026-08-01,P017,3,397.73,COMPLETED
5412,1123,2026-08-14,P017,6,425.13,CANCELLED
5413,1156,2026-08-26,P022,7,349.37,COMPLETED
5414,1022,2026-08-23,P041,1,136.02,RETURNED
5415,1177,2026-08-24,P017,6,223.47,COMPLETED
5416,1085,2026-08-02,P041,2,451.28,COMPLETED
5417,1144,2026-08-14,P032,3,118.07,RETURNED
5418,1098,2026-08-17,P023,8,366.72,CANCELLED
5419,1100,2026-08-23,P043,4,46.29,COMPLETED
5420,1036,2026-08-14,P038,3,443.67,COMPLETED
5421,1050,2026-08-03,P036,2,401.69,CANCELLED
5422,1151,2026-08-01,P018,5,246.18,CANCELLED
5423,1005,2026-08-03,P014,1,115.02,COMPLETED
5424,1134,2026-08-04,P038,5,429.85,COMPLETED
5425,1184,2026-08-24,P037,4,284.46,COMPLETED
5426,1193,2026-08-10,P008,2,298.67,COMPLETED
5427,1060,2026-08-15,P020,1,478.95,CANCELLED
5428,1024,2026-08-05,P048,4,298.38,CANCELLED
5429,1145,2026-08-16,P022,4,323.41,COMPLETED
5430,1143,2026-08-05,P017,7,251.78,RETURNED
5431,1136,2026-08-25,P048,7,409.20,CANCELLED
5432,1170,2026-08-27,P010,6,196.20,RETURNED
5433,1170,2026-08-06,P035,6,389.41,COMPLETED
5434,1001,2026-08-06,P049,3,361.28,COMPLETED
5435,1096,2026-08-17,P014,4,85.59,COMPLETED
5436,1187,2026-08-14,P020,6,219.28,CANCELLED
5437,1129,2026-08-16,P002,7,323.18,RETURNED
5438,1142,2026-08-13,P015,5,168.73,CANCELLED
5439,1148,2026-08-09,P031,5,291.52,COMPLETED
5440,1163,2026-08-05,P013,2,123.21,COMPLETED
5441,1176,2026-08-16,P046,6,449.64,COMPLETED
5442,1180,2026-08-20,P040,3,462.65,CANCELLED
5443,1023,2026-08-09,P044,8,483.03,COMPLETED
5444,1099,2026-08-23,P044,5,485.66,COMPLETED
5445,1031,2026-08-14,P048,8,168.38,COMPLETED
5446,1086,2026-08-26,P015,8,217.96,COMPLETED
5447,1082,2026-08-20,P005,7,184.24,COMPLETED
5448,1029,2026-08-25,P040,7,162.23,CANCELLED
5449,1185,2026-08-15,P001,7,126.42,COMPLETED
5450,1130,2026-08-19,P012,4,181.97,COMPLETED
5451,1050,2026-08-27,P003,2,204.04,COMPLETED
5452,1167,2026-08-25,P041,6,292.05,COMPLETED
5453,1135,2026-08-06,P018,5,80.85,RETURNED
5454,1170,2026-08-26,P039,4,159.60,COMPLETED
5455,1013,2026-08-16,P037,7,211.00,RETURNED
5456,1178,2026-08-25,P004,5,223.59,COMPLETED
5457,1053,2026-08-26,P013,1,144.55,COMPLETED
5458,1086,2026-08-18,P015,1,45.27,CANCELLED
5459,1135,2026-08-24,P026,4,193.62,CANCELLED
5460,1089,2026-08-24,P021,8,61.12,COMPLETED
5461,1089,2026-08-09,P016,7,441.57,RETURNED
5462,1112,2026-08-05,P032,7,30.04,COMPLETED
5463,1036,2026-08-24,P032,7,320.17,COMPLETED
5464,1102,2026-08-02,P045,6,377.20,COMPLETED
5465,1177,2026-08-20,P010,2,62.47,RETURNED
5466,1190,2026-08-27,P041,6,210.30,COMPLETED
5467,1044,2026-08-26,P006,6,371.55,COMPLETED
5468,1006,2026-08-11,P044,4,282.97,CANCELLED
5469,1141,2026-08-15,P009,6,438.63,COMPLETED
5470,1067,2026-08-06,P014,7,99.37,RETURNED
5471,1132,2026-08-12,P018,7,244.07,COMPLETED
5472,1144,2026-08-24,P040,7,11.24,COMPLETED
5473,1022,2026-08-27,P043,8,416.77,RETURNED
5474,1017,2026-08-23,P030,2,307.50,CANCELLED
5475,1147,2026-08-12,P044,6,43.58,COMPLETED
5476,1155,2026-08-10,P050,2,398.80,COMPLETED
5477,1110,2026-08-11,P018,4,339.37,RETURNED
5478,1173,2026-08-18,P049,3,264.81,COMPLETED
5479,1122,2026-08-17,P018,6,334.85,CANCELLED
5480,1200,2026-08-15,P021,7,181.75,RETURNED
5481,1084,2026-08-02,P020,8,19.18,RETURNED
5482,1079,2026-08-09,P015,4,322.94,CANCELLED
5483,1027,2026-08-18,P022,8,332.05,CANCELLED
5484,1186,2026-08-26,P001,3,475.87,RETURNED
5485,1178,2026-08-09,P016,1,248.57,COMPLETED
5486,1152,2026-08-04,P030,6,113.15,CANCELLED
5487,1029,2026-08-04,P008,1,335.36,COMPLETED
5488,1059,2026-08-21,P050,5,236.55,COMPLETED
5489,1019,2026-08-20,P043,5,127.79,COMPLETED
5490,1091,2026-08-23,P024,8,75.41,CANCELLED
5491,1027,2026-08-17,P015,6,206.63,COMPLETED
5492,1101,2026-08-09,P035,8,161.42,COMPLETED
5493,1159,2026-08-21,P043,6,239.12,COMPLETED
5494,1138,2026-08-05,P024,4,431.74,COMPLETED
5495,1173,2026-08-12,P048,1,418.66,RETURNED
5496,1154,2026-08-26,P020,6,248.13,CANCELLED
5497,1104,2026-08-12,P003,2,330.27,COMPLETED
5498,1031,2026-08-26,P050,5,317.75,COMPLETED
5499,1190,2026-08-14,P048,3,126.78,COMPLETED
5500,1120,2026-08-15,P007,1,157.29,COMPLETED
5501,1025,2026-08-13,P017,8,320.46,CANCELLED
5502,1178,2026-08-22,P016,8,362.98,COMPLETED
5503,1147,2026-08-04,P022,6,359.69,COMPLETED
5504,1073,2026-08-17,P024,4,254.66,CANCELLED
5505,1049,2026-08-02,P039,2,236.12,CANCELLED
5506,1090,2026-08-04,P040,1,48.14,COMPLETED
5507,1113,2026-08-22,P048,1,381.41,COMPLETED
5508,1166,2026-08-13,P018,8,290.66,RETURNED
5509,1180,2026-08-02,P039,8,276.07,COMPLETED
5510,1026,2026-08-17,P026,6,163.77,COMPLETED
5511,1200,2026-08-04,P016,6,293.37,RETURNED
5512,1174,2026-08-25,P016,7,228.13,COMPLETED
5513,1062,2026-08-07,P024,7,248.54,COMPLETED
5514,1015,2026-08-23,P030,7,32.28,COMPLETED
5515,1022,2026-08-05,P014,4,142.34,COMPLETED
5516,1193,2026-08-26,P013,6,411.93,RETURNED
5517,1013,2026-08-01,P039,2,143.33,CANCELLED
5518,1080,2026-08-10,P040,3,251.32,COMPLETED
5519,1058,2026-08-14,P021,7,427.02,CANCELLED
5520,1017,2026-08-23,P045,7,226.40,COMPLETED
5521,1197,2026-08-17,P043,1,106.05,COMPLETED
5522,1173,2026-08-22,P047,1,457.94,COMPLETED
5523,1112,2026-08-26,P024,6,389.35,RETURNED
5524,1007,2026-08-27,P033,3,201.02,COMPLETED
5525,1172,2026-08-11,P027,3,474.81,COMPLETED
5526,1068,2026-08-24,P046,8,406.79,COMPLETED
5527,1150,2026-08-05,P007,7,220.29,COMPLETED
5528,1051,2026-08-26,P011,3,339.39,COMPLETED
5529,1041,2026-08-09,P025,3,167.91,COMPLETED
5530,1140,2026-08-04,P037,8,396.96,COMPLETED
5531,1079,2026-08-27,P026,6,406.91,COMPLETED
5532,1070,2026-08-15,P025,5,318.30,COMPLETED
5533,1176,2026-08-23,P021,4,98.62,COMPLETED
5534,1025,2026-08-10,P050,2,63.59,RETURNED
5535,1098,2026-08-22,P029,6,51.81,COMPLETED
5536,1037,2026-08-17,P004,1,346.70,COMPLETED
5537,1056,2026-08-18,P029,2,348.11,CANCELLED
5538,1138,2026-08-17,P050,5,392.36,COMPLETED
5539,1172,2026-08-16,P009,2,137.48,COMPLETED
5540,1134,2026-08-01,P016,2,137.91,COMPLETED
5541,1016,2026-08-08,P007,6,140.81,COMPLETED
5542,1054,2026-08-06,P025,8,92.80,COMPLETED
5543,1200,2026-08-07,P026,1,259.00,COMPLETED
5544,1147,2026-08-15,P001,8,32.64,CANCELLED
5545,1140,2026-08-22,P016,8,223.39,CANCELLED
5546,1096,2026-08-13,P001,3,372.83,CANCELLED
5547,1017,2026-08-14,P041,8,347.63,CANCELLED
5548,1011,2026-08-06,P019,2,254.50,RETURNED
5549,1169,2026-08-17,P020,7,284.85,COMPLETED
5550,1057,2026-08-17,P003,7,408.82,COMPLETED
5551,1077,2026-08-27,P042,3,199.69,COMPLETED
5552,1110,2026-08-26,P030,7,135.78,COMPLETED
5553,1083,2026-08-04,P046,2,206.63,COMPLETED
5554,1065,2026-08-20,P037,1,199.58,COMPLETED
5555,1059,2026-08-19,P020,8,326.13,COMPLETED
5556,1153,2026-08-11,P029,2,355.53,COMPLETED
5557,1096,2026-08-04,P036,2,371.32,RETURNED
5558,1140,2026-08-04,P010,4,204.58,RETURNED
5559,1119,2026-08-13,P018,8,477.70,COMPLETED
5560,1018,2026-08-04,P039,6,461.91,COMPLETED
5561,1200,2026-08-21,P022,7,367.03,COMPLETED
5562,1029,2026-08-13,P028,1,78.89,RETURNED
5563,1131,2026-08-24,P030,1,279.70,COMPLETED
5564,1037,2026-08-26,P039,5,262.06,COMPLETED
5565,1194,2026-08-07,P033,6,277.17,COMPLETED
5566,1093,2026-08-07,P029,2,12.09,COMPLETED
5567,1123,2026-08-26,P020,6,427.13,COMPLETED
5568,1198,2026-08-09,P045,7,291.22,COMPLETED
5569,1189,2026-08-04,P006,1,439.28,COMPLETED
5570,1140,2026-08-02,P016,2,83.77,COMPLETED
5571,1163,2026-08-03,P038,6,190.15,CANCELLED
5572,1087,2026-08-19,P049,1,466.55,RETURNED
5573,1127,2026-08-15,P006,2,251.46,CANCELLED
5574,1089,2026-08-23,P027,1,104.20,RETURNED
5575,1078,2026-08-15,P005,1,447.69,COMPLETED
5576,1024,2026-08-09,P026,7,12.36,COMPLETED
5577,1162,2026-08-18,P036,4,382.78,RETURNED
5578,1099,2026-08-11,P036,4,127.14,COMPLETED
5579,1104,2026-08-04,P030,8,384.34,CANCELLED
5580,1003,2026-08-22,P025,7,430.28,COMPLETED
5581,1168,2026-08-08,P046,5,169.05,RETURNED
5582,1172,2026-08-26,P015,8,341.40,COMPLETED
5583,1012,2026-08-21,P015,8,382.55,COMPLETED
5584,1108,2026-08-06,P048,5,294.27,CANCELLED
5585,1068,2026-08-11,P022,8,449.11,COMPLETED
5586,1072,2026-08-25,P035,1,158.08,COMPLETED
5587,1113,2026-08-19,P047,5,353.45,COMPLETED
5588,1089,2026-08-27,P025,2,275.29,COMPLETED
5589,1014,2026-08-11,P030,5,89.48,RETURNED
5590,1184,2026-08-25,P020,6,410.64,CANCELLED
5591,1014,2026-08-14,P031,2,61.54,RETURNED
5592,1116,2026-08-16,P024,7,160.27,COMPLETED
5593,1119,2026-08-22,P010,6,214.98,RETURNED
5594,1100,2026-08-19,P044,8,84.33,RETURNED
5595,1069,2026-08-07,P044,5,258.39,COMPLETED
5596,1156,2026-08-25,P033,4,294.19,COMPLETED
5597,1090,2026-08-22,P048,7,268.93,CANCELLED
5598,1152,2026-08-01,P047,7,195.69,RETURNED
5599,1133,2026-08-06,P009,7,43.16,CANCELLED
5600,1197,2026-08-26,P029,8,26.55,CANCELLED
5601,1120,2026-08-15,P003,8,302.11,COMPLETED
5602,1058,2026-08-19,P032,7,80.71,CANCELLED
5603,1195,2026-08-19,P029,3,440.88,COMPLETED
5604,1113,2026-08-22,P049,2,37.04,COMPLETED
5605,1153,2026-08-12,P027,2,73.71,COMPLETED
5606,1168,2026-08-06,P011,1,209.36,COMPLETED
5607,1176,2026-08-07,P050,3,123.60,COMPLETED
5608,1151,2026-08-02,P015,3,115.68,COMPLETED
5609,1103,2026-08-09,P046,7,21.05,COMPLETED
5610,1067,2026-08-27,P046,7,287.34,COMPLETED
5611,1089,2026-08-22,P042,1,205.43,COMPLETED
5612,1101,2026-08-07,P021,6,224.45,COMPLETED
5613,1130,2026-08-20,P022,5,54.27,COMPLETED
5614,1098,2026-08-16,P017,1,26.17,COMPLETED
5615,1123,2026-08-17,P050,6,150.76,COMPLETED
5616,1149,2026-08-08,P041,2,67.06,RETURNED
5617,1093,2026-08-26,P023,1,135.40,COMPLETED
5618,1114,2026-08-05,P027,1,168.75,COMPLETED
5619,1008,2026-08-05,P031,6,173.18,RETURNED
5620,1008,2026-08-14,P044,8,276.73,COMPLETED
5621,1034,2026-08-02,P011,4,363.83,COMPLETED
5622,1009,2026-08-08,P006,2,459.36,RETURNED
5623,1107,2026-08-23,P014,6,284.49,RETURNED
5624,1121,2026-08-25,P037,3,274.57,RETURNED
5625,1133,2026-08-25,P032,8,88.14,COMPLETED
5626,1041,2026-08-27,P020,2,133.28,RETURNED
5627,1029,2026-08-12,P031,7,95.10,RETURNED
5628,1110,2026-08-13,P001,5,157.20,COMPLETED
5629,1130,2026-08-07,P001,3,275.53,CANCELLED
5630,1180,2026-08-01,P003,1,168.85,COMPLETED
5631,1176,2026-08-17,P006,8,162.99,COMPLETED
5632,1188,2026-08-01,P046,3,343.74,COMPLETED
5633,1094,2026-08-03,P018,8,186.82,COMPLETED
5634,1159,2026-08-13,P009,5,269.62,COMPLETED
5635,1034,2026-08-02,P030,5,208.84,COMPLETED
5636,1092,2026-08-21,P011,1,392.16,CANCELLED
5637,1044,2026-08-22,P004,8,133.90,COMPLETED
5638,1137,2026-08-24,P050,7,37.15,COMPLETED
5639,1147,2026-08-10,P024,4,108.81,RETURNED
5640,1177,2026-08-16,P036,3,452.02,COMPLETED
5641,1023,2026-08-13,P017,1,218.86,COMPLETED
5642,1103,2026-08-15,P032,3,122.27,COMPLETED
5643,1026,2026-08-09,P040,6,255.08,CANCELLED
5644,1185,2026-08-01,P007,2,188.84,RETURNED
5645,1124,2026-08-14,P043,8,308.56,COMPLETED
5646,1147,2026-08-01,P009,3,181.69,COMPLETED
5647,1185,2026-08-04,P023,3,279.36,COMPLETED
5648,1145,2026-08-08,P029,4,355.47,COMPLETED
5649,1051,2026-08-27,P049,5,291.92,CANCELLED
5650,1152,2026-08-19,P007,6,257.71,COMPLETED
5651,1032,2026-08-18,P005,6,458.10,CANCELLED
5652,1166,2026-08-27,P029,4,403.02,COMPLETED
5653,1120,2026-08-10,P022,3,487.06,CANCELLED
5654,1080,2026-08-10,P012,2,497.51,COMPLETED
5655,1150,2026-08-18,P027,8,415.10,COMPLETED
5656,1021,2026-08-13,P034,3,179.46,RETURNED
5657,1168,2026-08-08,P037,2,97.13,CANCELLED
5658,1166,2026-08-24,P028,8,125.46,CANCELLED
5659,1067,2026-08-16,P020,3,442.12,COMPLETED
5660,1088,2026-08-21,P020,5,106.80,RETURNED
5661,1097,2026-08-15,P024,8,90.75,CANCELLED
5662,1193,2026-08-04,P046,6,452.96,COMPLETED
5663,1158,2026-08-08,P037,1,419.11,COMPLETED
5664,1137,2026-08-25,P042,4,142.40,COMPLETED
5665,1121,2026-08-21,P038,5,71.43,CANCELLED
5666,1146,2026-08-02,P019,1,363.29,COMPLETED
5667,1091,2026-08-20,P031,2,215.29,COMPLETED
5668,1043,2026-08-16,P026,7,72.45,CANCELLED
5669,1067,2026-08-23,P039,3,71.69,COMPLETED
5670,1154,2026-08-02,P015,4,212.17,COMPLETED
5671,1069,2026-08-20,P041,2,361.74,COMPLETED
5672,1062,2026-08-04,P007,6,82.67,COMPLETED
5673,1047,2026-08-25,P026,8,100.33,COMPLETED
5674,1085,2026-08-03,P027,5,250.76,RETURNED
5675,1163,2026-08-26,P005,1,440.61,RETURNED
5676,1058,2026-08-09,P014,3,460.02,COMPLETED
5677,1079,2026-08-20,P011,5,229.70,COMPLETED
5678,1195,2026-08-19,P042,4,418.69,COMPLETED
5679,1178,2026-08-20,P031,7,345.35,CANCELLED
5680,1064,2026-08-26,P039,2,491.64,COMPLETED
5681,1197,2026-08-26,P011,3,91.42,COMPLETED
5682,1003,2026-08-15,P003,4,207.32,COMPLETED
5683,1181,2026-08-05,P041,1,291.58,COMPLETED
5684,1105,2026-08-14,P005,5,422.79,COMPLETED
5685,1126,2026-08-10,P016,3,231.29,COMPLETED
5686,1014,2026-08-11,P046,5,332.74,COMPLETED
5687,1159,2026-08-06,P032,4,71.22,RETURNED
5688,1114,2026-08-05,P024,1,370.01,COMPLETED
5689,1079,2026-08-19,P015,4,314.77,RETURNED
5690,1055,2026-08-13,P048,1,145.82,RETURNED
5691,1121,2026-08-06,P036,6,95.51,COMPLETED
5692,1131,2026-08-11,P007,8,107.08,COMPLETED
5693,1060,2026-08-08,P018,1,467.78,COMPLETED
5694,1059,2026-08-08,P028,4,34.73,COMPLETED
5695,1195,2026-08-04,P031,3,84.74,COMPLETED
5696,1118,2026-08-01,P011,6,103.53,COMPLETED
5697,1083,2026-08-08,P005,4,179.95,CANCELLED
5698,1034,2026-08-02,P021,3,131.78,COMPLETED
5699,1023,2026-08-27,P024,1,248.86,COMPLETED
5700,1151,2026-08-11,P018,8,36.53,COMPLETED
5701,1166,2026-08-09,P044,3,84.63,COMPLETED
5702,1021,2026-08-11,P038,7,159.72,RETURNED
5703,1023,2026-08-06,P009,6,408.38,COMPLETED
5704,1198,2026-08-08,P034,1,471.28,COMPLETED
5705,1188,2026-08-19,P023,2,423.80,COMPLETED
5706,1080,2026-08-12,P040,4,367.32,COMPLETED
5707,1121,2026-08-25,P008,2,312.07,COMPLETED
5708,1081,2026-08-23,P023,8,430.58,CANCELLED
5709,1060,2026-08-04,P012,7,221.80,RETURNED
5710,1105,2026-08-21,P016,3,490.52,COMPLETED
5711,1106,2026-08-27,P009,7,68.96,COMPLETED
5712,1184,2026-08-22,P028,6,446.97,COMPLETED
5713,1200,2026-08-11,P001,3,14.54,CANCELLED
5714,1075,2026-08-14,P010,2,163.20,COMPLETED
5715,1092,2026-08-11,P043,7,255.48,CANCELLED
5716,1020,2026-08-20,P020,8,235.68,COMPLETED
5717,1109,2026-08-22,P002,4,349.44,RETURNED
5718,1021,2026-08-02,P019,1,63.56,CANCELLED
5719,1188,2026-08-24,P014,2,426.29,RETURNED
5720,1135,2026-08-05,P033,8,417.22,RETURNED
5721,1101,2026-08-04,P043,4,28.75,COMPLETED
5722,1030,2026-08-13,P027,4,281.88,RETURNED
5723,1176,2026-08-16,P023,6,53.41,CANCELLED
5724,1161,2026-08-20,P003,1,496.58,RETURNED
5725,1195,2026-08-13,P036,6,496.70,RETURNED
5726,1046,2026-08-25,P034,3,196.29,COMPLETED
5727,1183,2026-08-01,P032,8,475.13,COMPLETED
5728,1142,2026-08-27,P008,1,364.76,COMPLETED
5729,1118,2026-08-15,P014,3,319.81,COMPLETED
5730,1133,2026-08-14,P015,5,18.69,COMPLETED
5731,1103,2026-08-18,P039,4,34.36,CANCELLED
5732,1066,2026-08-17,P023,6,60.59,COMPLETED
5733,1021,2026-08-20,P017,4,211.71,CANCELLED
5734,1112,2026-08-16,P025,5,286.51,RETURNED
5735,1018,2026-08-17,P036,7,230.23,COMPLETED
5736,1022,2026-08-25,P028,8,447.68,COMPLETED
5737,1172,2026-08-12,P039,7,32.26,COMPLETED
5738,1078,2026-08-27,P016,7,111.54,COMPLETED
5739,1168,2026-08-17,P029,1,458.89,COMPLETED
5740,1009,2026-08-19,P009,3,17.97,COMPLETED
5741,1195,2026-08-17,P014,6,219.98,COMPLETED
5742,1124,2026-08-25,P016,8,354.72,COMPLETED
5743,1127,2026-08-22,P045,4,58.72,RETURNED
5744,1042,2026-08-16,P027,2,300.03,COMPLETED
5745,1173,2026-08-12,P010,5,278.28,COMPLETED
5746,1015,2026-08-04,P009,3,138.68,COMPLETED
5747,1007,2026-08-27,P043,5,175.14,COMPLETED
5748,1009,2026-08-11,P033,5,299.03,COMPLETED
5749,1127,2026-08-22,P026,4,288.33,CANCELLED
5750,1097,2026-08-08,P007,8,76.20,CANCELLED
5751,1198,2026-08-07,P019,1,109.08,COMPLETED
5752,1016,2026-08-17,P002,4,388.50,COMPLETED
5753,1081,2026-08-19,P011,2,152.61,RETURNED
5754,1126,2026-08-10,P045,4,493.10,COMPLETED
5755,1145,2026-08-04,P042,8,495.88,CANCELLED
5756,1100,2026-08-11,P010,5,212.52,RETURNED
5757,1092,2026-08-20,P007,8,349.66,RETURNED
5758,1087,2026-08-20,P010,7,86.81,CANCELLED
5759,1015,2026-08-25,P001,6,319.60,COMPLETED
5760,1058,2026-08-05,P019,4,28.30,COMPLETED
5761,1116,2026-08-12,P007,7,374.34,COMPLETED
5762,1133,2026-08-12,P037,2,333.05,COMPLETED
5763,1133,2026-08-27,P041,5,60.12,COMPLETED
5764,1106,2026-08-25,P026,1,175.04,CANCELLED
5765,1056,2026-08-02,P038,2,426.40,COMPLETED
5766,1125,2026-08-16,P041,5,387.95,RETURNED
5767,1107,2026-08-02,P006,7,401.83,COMPLETED
5768,1083,2026-08-05,P036,8,201.54,COMPLETED
5769,1038,2026-08-10,P011,5,86.09,COMPLETED
5770,1140,2026-08-23,P026,3,133.02,COMPLETED
5771,1119,2026-08-24,P016,2,129.72,CANCELLED
5772,1058,2026-08-03,P005,5,189.83,COMPLETED
5773,1098,2026-08-18,P044,1,350.77,CANCELLED
5774,1032,2026-08-21,P039,2,460.84,COMPLETED
5775,1022,2026-08-22,P002,7,13.14,COMPLETED
5776,1146,2026-08-15,P048,2,437.95,COMPLETED
5777,1158,2026-08-27,P009,2,409.15,COMPLETED
5778,1186,2026-08-13,P032,3,445.31,CANCELLED
5779,1012,2026-08-18,P015,4,151.84,COMPLETED
5780,1194,2026-08-03,P005,5,55.69,RETURNED
5781,1144,2026-08-04,P041,2,472.50,COMPLETED
5782,1088,2026-08-10,P006,1,474.90,COMPLETED
5783,1114,2026-08-06,P038,6,321.73,COMPLETED
5784,1129,2026-08-10,P024,5,230.71,CANCELLED
5785,1099,2026-08-01,P030,5,398.27,COMPLETED
5786,1018,2026-08-10,P002,8,268.02,COMPLETED
5787,1091,2026-08-04,P049,5,406.57,CANCELLED
5788,1196,2026-08-09,P010,6,242.16,CANCELLED
5789,1014,2026-08-11,P030,8,303.83,COMPLETED
5790,1116,2026-08-01,P017,4,115.25,COMPLETED
5791,1059,2026-08-20,P016,8,11.82,RETURNED
5792,1158,2026-08-04,P019,4,202.66,COMPLETED
5793,1019,2026-08-06,P001,7,482.10,CANCELLED
5794,1195,2026-08-01,P029,4,92.24,COMPLETED
5795,1143,2026-08-08,P003,2,354.38,COMPLETED
5796,1176,2026-08-16,P003,7,128.30,COMPLETED
5797,1076,2026-08-01,P027,7,325.56,COMPLETED
5798,1010,2026-08-06,P025,6,120.67,COMPLETED
5799,1075,2026-08-01,P034,1,147.64,CANCELLED
5800,1097,2026-08-15,P050,5,439.64,RETURNED
5801,1133,2026-08-27,P005,5,259.30,CANCELLED
5802,1028,2026-08-01,P002,4,208.59,COMPLETED
5803,1019,2026-08-15,P029,8,11.93,CANCELLED
5804,1081,2026-08-25,P037,4,330.38,COMPLETED
5805,1010,2026-08-20,P029,4,406.38,RETURNED
5806,1019,2026-08-04,P029,2,466.47,COMPLETED
5807,1010,2026-08-19,P018,7,417.75,RETURNED
5808,1069,2026-08-01,P019,3,461.74,COMPLETED
5809,1152,2026-08-03,P028,6,173.75,CANCELLED
5810,1171,2026-08-09,P043,4,123.86,RETURNED
5811,1088,2026-08-10,P024,7,492.61,COMPLETED
5812,1175,2026-08-08,P002,2,245.22,COMPLETED
5813,1001,2026-08-24,P049,4,186.49,COMPLETED
5814,1104,2026-08-10,P023,3,198.52,COMPLETED
5815,1190,2026-08-24,P040,7,361.64,CANCELLED
5816,1117,2026-08-21,P014,8,125.33,RETURNED
5817,1040,2026-08-10,P018,7,350.29,RETURNED
5818,1051,2026-08-16,P048,3,465.26,RETURNED
5819,1097,2026-08-27,P022,6,424.44,COMPLETED
5820,1169,2026-08-27,P025,3,434.22,RETURNED
5821,1021,2026-08-15,P016,2,137.78,COMPLETED
5822,1196,2026-08-19,P031,4,397.61,RETURNED
5823,1111,2026-08-13,P001,8,469.24,COMPLETED
5824,1059,2026-08-12,P021,2,244.07,CANCELLED
5825,1184,2026-08-20,P008,3,68.04,CANCELLED
5826,1179,2026-08-05,P038,6,22.00,RETURNED
5827,1095,2026-08-20,P049,4,467.89,COMPLETED
5828,1152,2026-08-13,P035,5,206.32,RETURNED
5829,1076,2026-08-15,P043,1,59.80,COMPLETED
5830,1060,2026-08-12,P039,8,12.40,COMPLETED
5831,1026,2026-08-09,P047,3,242.96,RETURNED
5832,1150,2026-08-13,P010,7,477.34,COMPLETED
5833,1167,2026-08-11,P004,3,306.13,COMPLETED
5834,1014,2026-08-01,P001,3,200.82,COMPLETED
5835,1029,2026-08-22,P043,2,394.05,COMPLETED
5836,1107,2026-08-03,P005,6,217.82,RETURNED
5837,1065,2026-08-15,P050,4,285.31,RETURNED
5838,1023,2026-08-21,P015,2,78.26,COMPLETED
5839,1050,2026-08-02,P034,3,331.02,COMPLETED
5840,1160,2026-08-22,P004,7,417.78,RETURNED
5841,1173,2026-08-13,P014,8,72.65,COMPLETED
5842,1136,2026-08-02,P008,5,336.00,CANCELLED
5843,1063,2026-08-22,P041,8,474.86,CANCELLED
5844,1018,2026-08-12,P039,6,365.07,COMPLETED
5845,1136,2026-08-05,P036,2,388.33,COMPLETED
5846,1193,2026-08-05,P006,1,211.22,RETURNED
5847,1032,2026-08-24,P031,7,412.75,CANCELLED
5848,1040,2026-08-03,P013,4,415.95,CANCELLED
5849,1112,2026-08-09,P039,2,348.24,COMPLETED
5850,1161,2026-08-14,P040,4,165.26,RETURNED
5851,1112,2026-08-03,P018,7,425.33,COMPLETED
5852,1148,2026-08-27,P043,4,82.20,COMPLETED
5853,1088,2026-08-23,P009,4,332.71,RETURNED
5854,1027,2026-08-05,P012,7,404.47,CANCELLED
5855,1067,2026-08-20,P039,4,235.94,RETURNED
5856,1043,2026-08-19,P012,6,424.37,COMPLETED
5857,1067,2026-08-06,P020,7,383.19,RETURNED
5858,1192,2026-08-09,P041,4,402.70,CANCELLED
5859,1030,2026-08-25,P005,7,258.57,COMPLETED
5860,1110,2026-08-26,P017,4,118.19,COMPLETED
5861,1128,2026-08-20,P031,1,167.03,COMPLETED
5862,1090,2026-08-27,P039,6,165.46,COMPLETED
5863,1043,2026-08-25,P050,7,352.31,CANCELLED
5864,1014,2026-08-17,P011,8,465.24,COMPLETED
5865,1005,2026-08-19,P046,2,347.17,COMPLETED
5866,1030,2026-08-13,P027,4,239.30,COMPLETED
5867,1006,2026-08-24,P014,7,203.68,COMPLETED
5868,1019,2026-08-07,P035,6,259.27,COMPLETED
5869,1159,2026-08-06,P038,6,178.90,RETURNED
5870,1185,2026-08-16,P030,8,387.09,RETURNED
5871,1149,2026-08-07,P021,6,488.61,COMPLETED
5872,1116,2026-08-03,P018,3,134.88,COMPLETED
5873,1056,2026-08-03,P026,2,244.95,CANCELLED
5874,1109,2026-08-01,P010,4,358.14,COMPLETED
5875,1027,2026-08-13,P007,8,432.79,COMPLETED
5876,1042,2026-08-12,P014,5,367.84,COMPLETED
5877,1093,2026-08-01,P026,1,276.09,COMPLETED
5878,1043,2026-08-02,P041,3,293.24,COMPLETED
5879,1058,2026-08-21,P011,3,260.53,COMPLETED
5880,1134,2026-08-02,P034,8,344.65,COMPLETED
5881,1059,2026-08-03,P046,3,321.97,CANCELLED
5882,1039,2026-08-12,P012,5,276.94,COMPLETED
5883,1158,2026-08-16,P029,3,13.23,COMPLETED
5884,1121,2026-08-18,P017,5,77.49,COMPLETED
5885,1179,2026-08-14,P028,3,250.13,COMPLETED
5886,1041,2026-08-21,P040,7,169.86,COMPLETED
5887,1182,2026-08-12,P002,6,54.77,COMPLETED
5888,1030,2026-08-12,P040,2,25.86,COMPLETED
5889,1033,2026-08-23,P028,5,357.90,COMPLETED
5890,1108,2026-08-07,P001,1,16.30,CANCELLED
5891,1010,2026-08-05,P010,3,127.91,RETURNED
5892,1049,2026-08-08,P043,1,355.64,COMPLETED
5893,1164,2026-08-22,P018,3,439.81,COMPLETED
5894,1148,2026-08-15,P008,6,405.37,CANCELLED
5895,1144,2026-08-25,P002,3,426.22,RETURNED
5896,1057,2026-08-04,P008,7,357.64,CANCELLED
5897,1143,2026-08-27,P031,7,309.99,COMPLETED
5898,1001,2026-08-01,P017,4,111.11,COMPLETED
5899,1005,2026-08-09,P025,5,41.50,COMPLETED
5900,1119,2026-08-14,P001,7,139.31,COMPLETED
5901,1189,2026-08-22,P022,5,152.17,RETURNED
5902,1168,2026-08-01,P007,2,171.31,CANCELLED
5903,1106,2026-08-14,P045,5,79.92,COMPLETED
5904,1076,2026-08-17,P007,1,297.31,COMPLETED
5905,1005,2026-08-12,P042,1,165.75,RETURNED
5906,1181,2026-08-26,P027,7,311.48,COMPLETED
5907,1042,2026-08-24,P046,4,69.86,COMPLETED
5908,1179,2026-08-12,P011,3,352.08,COMPLETED
5909,1141,2026-08-22,P013,1,168.94,CANCELLED
5910,1061,2026-08-21,P023,8,321.62,COMPLETED
5911,1183,2026-08-24,P020,1,477.78,CANCELLED
5912,1192,2026-08-13,P044,3,469.83,COMPLETED
5913,1028,2026-08-20,P006,6,32.89,COMPLETED
5914,1082,2026-08-11,P033,3,410.36,CANCELLED
5915,1181,2026-08-27,P035,3,236.87,RETURNED
5916,1057,2026-08-18,P006,3,206.91,CANCELLED
5917,1006,2026-08-09,P017,1,484.99,COMPLETED
5918,1152,2026-08-26,P031,1,356.28,COMPLETED
5919,1080,2026-08-27,P009,7,43.03,COMPLETED
5920,1180,2026-08-20,P022,4,190.31,COMPLETED
5921,1047,2026-08-22,P003,6,302.17,COMPLETED
5922,1114,2026-08-24,P021,6,286.13,CANCELLED
5923,1049,2026-08-16,P029,2,62.42,RETURNED
5924,1079,2026-08-26,P049,4,18.98,COMPLETED
5925,1114,2026-08-15,P017,7,486.07,COMPLETED
5926,1100,2026-08-25,P001,2,53.00,RETURNED
5927,1147,2026-08-19,P030,6,484.31,COMPLETED
5928,1169,2026-08-26,P011,2,440.32,COMPLETED
5929,1182,2026-08-04,P034,4,108.69,RETURNED
5930,1132,2026-08-25,P013,7,39.79,COMPLETED
5931,1019,2026-08-15,P009,7,343.57,RETURNED
5932,1127,2026-08-21,P018,4,13.45,CANCELLED
5933,1188,2026-08-04,P037,2,376.37,RETURNED
5934,1153,2026-08-25,P009,8,292.88,CANCELLED
5935,1013,2026-08-04,P015,6,351.01,COMPLETED
5936,1133,2026-08-17,P044,8,376.60,COMPLETED
5937,1188,2026-08-27,P042,3,261.55,RETURNED
5938,1027,2026-08-20,P035,7,261.14,COMPLETED
5939,1120,2026-08-25,P026,4,484.89,COMPLETED
5940,1121,2026-08-02,P016,1,326.07,CANCELLED
5941,1157,2026-08-19,P047,5,311.58,COMPLETED
5942,1176,2026-08-26,P042,5,163.19,COMPLETED
5943,1012,2026-08-26,P029,5,145.78,CANCELLED
5944,1035,2026-08-19,P025,3,374.47,COMPLETED
5945,1116,2026-08-10,P023,4,155.88,RETURNED
5946,1188,2026-08-04,P017,7,25.19,COMPLETED
5947,1133,2026-08-11,P022,4,461.24,RETURNED
5948,1156,2026-08-24,P046,1,236.41,RETURNED
5949,1081,2026-08-14,P029,6,258.08,RETURNED
5950,1128,2026-08-25,P022,4,461.75,CANCELLED
5951,1135,2026-08-22,P020,2,195.42,COMPLETED
5952,1178,2026-08-10,P014,1,249.51,COMPLETED
5953,1120,2026-08-15,P030,2,405.12,CANCELLED
5954,1007,2026-08-04,P042,4,164.99,COMPLETED
5955,1041,2026-08-16,P010,4,200.07,COMPLETED
5956,1061,2026-08-07,P013,6,148.44,CANCELLED
5957,1142,2026-08-19,P022,6,73.65,COMPLETED
5958,1196,2026-08-24,P009,3,119.86,CANCELLED
5959,1061,2026-08-11,P021,4,87.72,COMPLETED
5960,1116,2026-08-26,P010,2,149.52,COMPLETED
5961,1033,2026-08-20,P016,1,102.30,COMPLETED
5962,1109,2026-08-16,P040,8,46.67,COMPLETED
5963,1081,2026-08-02,P024,4,358.08,COMPLETED
5964,1011,2026-08-23,P010,8,493.48,COMPLETED
5965,1065,2026-08-02,P005,7,65.64,COMPLETED
5966,1093,2026-08-14,P037,5,140.08,COMPLETED
5967,1029,2026-08-26,P050,8,401.61,COMPLETED
5968,1153,2026-08-04,P006,4,464.31,COMPLETED
5969,1084,2026-08-16,P002,1,422.94,CANCELLED
5970,1040,2026-08-24,P011,7,60.65,COMPLETED
5971,1162,2026-08-18,P002,4,331.55,COMPLETED
5972,1143,2026-08-13,P045,5,148.81,COMPLETED
5973,1095,2026-08-08,P024,1,469.04,COMPLETED
5974,1014,2026-08-26,P009,6,294.51,CANCELLED
5975,1128,2026-08-07,P032,6,220.06,CANCELLED
5976,1056,2026-08-25,P015,5,462.24,COMPLETED
5977,1050,2026-08-16,P037,7,430.33,RETURNED
5978,1106,2026-08-02,P003,5,342.40,COMPLETED
5979,1063,2026-08-17,P026,3,350.20,RETURNED
5980,1109,2026-08-13,P037,3,474.54,COMPLETED
5981,1145,2026-08-06,P029,3,83.34,COMPLETED
5982,1118,2026-08-11,P050,1,206.20,RETURNED
5983,1119,2026-08-02,P002,7,325.22,COMPLETED
5984,1015,2026-08-11,P014,2,94.60,RETURNED
5985,1009,2026-08-07,P030,5,161.58,CANCELLED
5986,1030,2026-08-20,P025,8,448.08,COMPLETED
5987,1050,2026-08-24,P044,2,280.10,COMPLETED
5988,1163,2026-08-25,P005,4,298.20,RETURNED
5989,1157,2026-08-06,P010,7,393.77,COMPLETED
5990,1123,2026-08-01,P006,6,119.92,COMPLETED
5991,1015,2026-08-06,P036,7,30.64,COMPLETED
5992,1114,2026-08-05,P048,4,329.66,COMPLETED
5993,1081,2026-08-06,P019,8,391.91,RETURNED
5994,1139,2026-08-18,P035,6,250.59,CANCELLED
5995,1038,2026-08-26,P004,3,446.43,CANCELLED
5996,1170,2026-08-07,P034,3,87.80,COMPLETED
5997,1148,2026-08-03,P036,3,216.48,COMPLETED
5998,1108,2026-08-10,P024,5,213.82,RETURNED
5999,1070,2026-08-19,P032,6,77.30,CANCELLED
6000,1005,2026-08-01,P042,7,411.05,CANCELLED
6001,1178,2026-08-27,P041,5,225.58,COMPLETED
6002,1119,2026-08-27,P014,6,96.67,CANCELLED
6003,1121,2026-08-18,P032,8,350.49,RETURNED
6004,1001,2026-08-18,P045,5,16.91,RETURNED
6005,1120,2026-08-09,P030,7,165.86,COMPLETED
6006,1158,2026-08-14,P033,2,79.72,RETURNED
6007,1040,2026-08-20,P035,8,477.21,COMPLETED
6008,1154,2026-08-05,P009,7,266.00,RETURNED
6009,1176,2026-08-26,P047,3,447.85,COMPLETED
6010,1113,2026-08-23,P002,7,136.01,COMPLETED
6011,1020,2026-08-11,P042,4,434.19,RETURNED
6012,1187,2026-08-14,P046,1,174.00,CANCELLED
6013,1020,2026-08-18,P045,1,399.50,CANCELLED
6014,1148,2026-08-13,P024,5,499.73,COMPLETED
6015,1049,2026-08-05,P008,8,295.49,COMPLETED
6016,1176,2026-08-25,P024,5,75.43,COMPLETED
6017,1103,2026-08-12,P002,5,50.77,COMPLETED
6018,1143,2026-08-19,P044,2,488.78,COMPLETED
6019,1001,2026-08-18,P045,1,265.93,COMPLETED
6020,1200,2026-08-16,P047,1,349.15,CANCELLED
6021,1011,2026-08-16,P031,2,189.84,CANCELLED
6022,1015,2026-08-21,P031,2,365.02,COMPLETED
6023,1109,2026-08-02,P036,5,120.78,RETURNED
6024,1116,2026-08-12,P045,8,302.58,COMPLETED
6025,1172,2026-08-21,P004,5,212.02,COMPLETED
6026,1147,2026-08-03,P001,2,27.14,COMPLETED
6027,1028,2026-08-22,P032,8,34.99,RETURNED
6028,1046,2026-08-24,P001,6,23.76,COMPLETED
6029,1074,2026-08-02,P037,3,180.53,CANCELLED
6030,1159,2026-08-06,P012,4,354.63,COMPLETED
6031,1045,2026-08-03,P040,1,494.98,CANCELLED
6032,1118,2026-08-12,P044,8,141.82,COMPLETED
6033,1109,2026-08-21,P021,4,435.40,RETURNED
6034,1066,2026-08-24,P049,8,376.60,COMPLETED
6035,1174,2026-08-12,P044,3,197.95,RETURNED
6036,1043,2026-08-25,P004,5,337.79,COMPLETED
6037,1090,2026-08-03,P050,7,149.26,COMPLETED
6038,1175,2026-08-15,P024,5,29.28,COMPLETED
6039,1200,2026-08-07,P040,4,234.71,COMPLETED
6040,1102,2026-08-15,P048,7,400.15,RETURNED
6041,1030,2026-08-25,P048,8,195.87,CANCELLED
6042,1082,2026-08-25,P022,1,420.37,CANCELLED
6043,1118,2026-08-25,P020,2,406.08,RETURNED
6044,1134,2026-08-22,P020,1,401.97,RETURNED
6045,1021,2026-08-24,P018,7,262.94,COMPLETED
6046,1055,2026-08-19,P022,1,262.60,RETURNED
6047,1012,2026-08-13,P044,3,148.79,COMPLETED
6048,1007,2026-08-15,P037,5,140.11,RETURNED
6049,1067,2026-08-19,P024,7,112.46,COMPLETED
6050,1189,2026-08-11,P038,3,487.27,COMPLETED
6051,1015,2026-08-04,P045,2,54.36,RETURNED
6052,1065,2026-08-12,P027,2,481.46,CANCELLED
6053,1043,2026-08-17,P005,6,302.26,COMPLETED
6054,1171,2026-08-12,P014,7,67.71,COMPLETED
6055,1051,2026-08-27,P042,8,364.37,COMPLETED
6056,1011,2026-08-23,P010,1,440.02,COMPLETED
6057,1089,2026-08-22,P040,7,139.70,CANCELLED
6058,1085,2026-08-22,P019,3,14.24,RETURNED
6059,1133,2026-08-27,P031,3,413.09,RETURNED
6060,1195,2026-08-04,P019,3,484.51,CANCELLED
6061,1139,2026-08-22,P018,5,308.34,CANCELLED
6062,1045,2026-08-10,P038,7,12.41,COMPLETED
6063,1141,2026-08-15,P017,2,246.07,CANCELLED
6064,1111,2026-08-26,P006,3,49.50,CANCELLED
6065,1013,2026-08-06,P018,8,174.62,COMPLETED
6066,1047,2026-08-26,P028,3,314.53,CANCELLED
6067,1129,2026-08-27,P034,7,313.64,RETURNED
6068,1085,2026-08-15,P019,8,470.95,COMPLETED
6069,1195,2026-08-11,P019,5,442.90,COMPLETED
6070,1157,2026-08-08,P009,5,12.09,RETURNED
6071,1001,2026-08-23,P045,4,213.81,COMPLETED
6072,1117,2026-08-20,P022,7,99.18,COMPLETED
6073,1064,2026-08-23,P034,4,133.07,RETURNED
6074,1072,2026-08-01,P034,2,85.06,COMPLETED
6075,1063,2026-08-26,P028,5,244.47,COMPLETED
6076,1018,2026-08-14,P024,2,461.35,CANCELLED
6077,1034,2026-08-18,P045,7,76.69,COMPLETED
6078,1108,2026-08-02,P022,8,23.83,RETURNED
6079,1060,2026-08-09,P007,1,434.53,CANCELLED
6080,1116,2026-08-02,P041,3,356.21,COMPLETED
6081,1113,2026-08-08,P044,4,35.90,COMPLETED
6082,1106,2026-08-26,P041,8,43.03,COMPLETED
6083,1091,2026-08-10,P027,5,233.72,COMPLETED
6084,1020,2026-08-03,P014,2,73.73,RETURNED
6085,1048,2026-08-23,P036,1,250.86,CANCELLED
6086,1107,2026-08-18,P005,1,454.02,COMPLETED
6087,1131,2026-08-23,P022,5,179.89,RETURNED
6088,1111,2026-08-13,P021,7,123.51,COMPLETED
6089,1142,2026-08-03,P044,1,90.97,RETURNED
6090,1044,2026-08-06,P043,6,78.36,RETURNED
6091,1011,2026-08-23,P021,7,222.07,RETURNED
6092,1183,2026-08-09,P039,7,298.77,RETURNED
6093,1129,2026-08-25,P011,5,96.05,RETURNED
6094,1085,2026-08-10,P010,8,442.88,COMPLETED
6095,1173,2026-08-08,P011,2,338.23,RETURNED
6096,1188,2026-08-18,P049,8,54.67,COMPLETED
6097,1054,2026-08-07,P028,3,459.80,CANCELLED
6098,1033,2026-08-17,P029,7,490.28,CANCELLED
6099,1139,2026-08-18,P045,7,76.73,COMPLETED
6100,1119,2026-08-06,P048,8,80.57,CANCELLED
6101,1130,2026-08-01,P031,4,83.28,CANCELLED
6102,1113,2026-08-18,P006,4,417.27,COMPLETED
6103,1059,2026-08-14,P015,3,336.26,COMPLETED
6104,1194,2026-08-21,P049,6,408.50,COMPLETED
6105,1109,2026-08-16,P012,4,177.64,COMPLETED
6106,1116,2026-08-21,P032,3,430.80,COMPLETED
6107,1087,2026-08-02,P034,5,171.99,COMPLETED
6108,1033,2026-08-23,P050,8,116.98,CANCELLED
6109,1089,2026-08-08,P029,3,93.41,COMPLETED
6110,1011,2026-08-10,P049,3,396.44,COMPLETED
6111,1106,2026-08-11,P034,6,175.50,RETURNED
6112,1116,2026-08-24,P030,4,490.74,COMPLETED
6113,1123,2026-08-10,P036,2,60.96,RETURNED
6114,1108,2026-08-03,P041,6,396.47,COMPLETED
6115,1101,2026-08-13,P022,8,124.09,CANCELLED
6116,1072,2026-08-20,P033,1,155.54,COMPLETED
6117,1059,2026-08-24,P014,7,254.74,COMPLETED
6118,1019,2026-08-23,P045,3,315.56,COMPLETED
6119,1120,2026-08-10,P045,6,182.60,CANCELLED
6120,1109,2026-08-01,P011,1,333.03,COMPLETED
6121,1150,2026-08-22,P038,5,470.61,COMPLETED
6122,1125,2026-08-06,P027,7,144.55,COMPLETED
6123,1022,2026-08-21,P009,6,111.10,COMPLETED
6124,1008,2026-08-08,P045,4,292.20,COMPLETED
6125,1195,2026-08-08,P025,8,54.65,COMPLETED
6126,1109,2026-08-18,P036,4,131.40,RETURNED
6127,1141,2026-08-02,P050,6,446.64,COMPLETED
6128,1094,2026-08-02,P014,1,473.86,COMPLETED
6129,1051,2026-08-15,P021,5,420.48,CANCELLED
6130,1168,2026-08-15,P029,1,73.36,CANCELLED
6131,1082,2026-08-06,P025,8,44.73,COMPLETED
6132,1095,2026-08-20,P030,7,333.42,RETURNED
6133,1127,2026-08-22,P022,5,183.19,RETURNED
6134,1007,2026-08-11,P022,6,488.37,COMPLETED
6135,1100,2026-08-21,P009,4,347.28,RETURNED
6136,1077,2026-08-23,P033,2,227.12,COMPLETED
6137,1144,2026-08-27,P015,5,449.81,RETURNED
6138,1034,2026-08-12,P048,3,347.94,COMPLETED
6139,1172,2026-08-05,P050,1,471.78,RETURNED
6140,1020,2026-08-21,P026,3,389.67,COMPLETED
6141,1182,2026-08-04,P012,2,309.03,COMPLETED
6142,1182,2026-08-10,P019,6,250.80,COMPLETED
6143,1011,2026-08-05,P043,1,403.88,COMPLETED
6144,1068,2026-08-16,P030,7,384.87,COMPLETED
6145,1015,2026-08-01,P013,3,157.09,COMPLETED
6146,1024,2026-08-22,P011,4,94.43,COMPLETED
6147,1045,2026-08-10,P038,1,371.02,COMPLETED
6148,1165,2026-08-25,P002,7,124.44,RETURNED
6149,1184,2026-08-09,P006,2,96.25,RETURNED
6150,1169,2026-08-02,P011,6,362.03,COMPLETED
6151,1016,2026-08-16,P046,6,295.67,COMPLETED
6152,1065,2026-08-10,P006,8,307.81,COMPLETED
6153,1084,2026-08-26,P020,4,453.08,CANCELLED
6154,1153,2026-08-01,P006,2,281.31,COMPLETED
6155,1187,2026-08-07,P015,5,373.10,COMPLETED
6156,1052,2026-08-26,P014,6,241.77,RETURNED
6157,1119,2026-08-25,P028,7,349.03,RETURNED
6158,1062,2026-08-14,P019,2,100.96,COMPLETED
6159,1198,2026-08-04,P011,2,83.86,RETURNED
6160,1058,2026-08-03,P003,4,256.23,COMPLETED
6161,1042,2026-08-10,P040,5,284.64,RETURNED
6162,1166,2026-08-20,P034,1,282.47,COMPLETED
6163,1078,2026-08-19,P024,7,341.94,COMPLETED
6164,1028,2026-08-07,P044,2,414.01,RETURNED
6165,1018,2026-08-19,P043,1,261.44,COMPLETED
6166,1144,2026-08-07,P047,6,202.35,COMPLETED
6167,1060,2026-08-04,P049,8,479.96,CANCELLED
6168,1077,2026-08-21,P046,7,249.64,COMPLETED
6169,1168,2026-08-16,P014,2,15.56,RETURNED
6170,1130,2026-08-19,P049,2,313.01,CANCELLED
6171,1008,2026-08-10,P008,1,167.32,COMPLETED
6172,1006,2026-08-24,P049,4,393.04,COMPLETED
6173,1111,2026-08-09,P002,5,300.29,CANCELLED
6174,1122,2026-08-03,P050,5,448.24,CANCELLED
6175,1127,2026-08-12,P030,1,414.92,COMPLETED
6176,1168,2026-08-25,P030,3,185.47,COMPLETED
6177,1194,2026-08-08,P048,2,414.50,COMPLETED
6178,1051,2026-08-04,P043,7,22.79,CANCELLED
6179,1172,2026-08-21,P048,2,55.48,COMPLETED
6180,1008,2026-08-11,P013,8,488.51,RETURNED
6181,1053,2026-08-20,P004,7,431.26,CANCELLED
6182,1089,2026-08-13,P039,8,21.13,RETURNED
6183,1102,2026-08-09,P026,7,457.86,RETURNED
6184,1064,2026-08-08,P014,3,493.54,CANCELLED
6185,1191,2026-08-02,P044,1,251.64,COMPLETED
6186,1149,2026-08-17,P032,1,392.86,COMPLETED
6187,1051,2026-08-09,P016,1,284.12,COMPLETED
6188,1008,2026-08-07,P049,5,115.59,CANCELLED
6189,1179,2026-08-11,P035,8,153.64,RETURNED
6190,1167,2026-08-18,P011,4,315.30,COMPLETED
6191,1002,2026-08-15,P037,6,303.89,CANCELLED
6192,1084,2026-08-06,P035,3,267.05,COMPLETED
6193,1087,2026-08-22,P048,6,279.70,COMPLETED
6194,1029,2026-08-12,P014,6,499.48,RETURNED
6195,1108,2026-08-25,P002,2,448.14,COMPLETED
6196,1061,2026-08-10,P028,3,391.36,CANCELLED
6197,1126,2026-08-18,P013,4,278.42,CANCELLED
6198,1062,2026-08-19,P035,4,81.23,COMPLETED
6199,1106,2026-08-02,P017,5,350.48,CANCELLED
6200,1071,2026-08-12,P034,5,212.51,CANCELLED
6201,1069,2026-08-24,P007,8,472.43,CANCELLED
6202,1034,2026-08-08,P003,8,385.69,CANCELLED
6203,1089,2026-08-08,P011,2,234.11,RETURNED
6204,1032,2026-08-15,P017,8,205.82,COMPLETED
6205,1027,2026-08-17,P008,5,12.39,COMPLETED
6206,1046,2026-08-09,P035,2,191.24,COMPLETED
6207,1180,2026-08-23,P025,5,358.56,COMPLETED
6208,1031,2026-08-03,P007,7,274.12,COMPLETED
6209,1097,2026-08-13,P005,1,431.28,COMPLETED
6210,1192,2026-08-17,P002,3,205.84,COMPLETED
6211,1070,2026-08-11,P025,6,357.55,COMPLETED
6212,1129,2026-08-09,P016,3,373.34,CANCELLED
6213,1200,2026-08-17,P015,5,463.20,CANCELLED
6214,1007,2026-08-15,P013,2,494.43,COMPLETED
6215,1081,2026-08-26,P018,5,319.62,COMPLETED
6216,1109,2026-08-19,P002,6,340.54,COMPLETED
6217,1024,2026-08-08,P039,1,427.10,CANCELLED
6218,1199,2026-08-21,P010,3,84.57,COMPLETED
6219,1121,2026-08-17,P018,7,401.93,COMPLETED
6220,1187,2026-08-23,P050,2,329.30,CANCELLED
6221,1136,2026-08-24,P015,4,201.38,RETURNED
6222,1084,2026-08-12,P044,1,471.73,CANCELLED
6223,1200,2026-08-01,P046,4,136.73,RETURNED
6224,1093,2026-08-19,P003,2,209.13,RETURNED
6225,1178,2026-08-04,P017,2,102.60,COMPLETED
6226,1161,2026-08-08,P017,5,409.96,RETURNED
6227,1122,2026-08-09,P030,4,437.09,COMPLETED
6228,1125,2026-08-01,P037,7,94.63,COMPLETED
6229,1032,2026-08-23,P020,6,439.37,COMPLETED
6230,1157,2026-08-20,P048,6,134.99,CANCELLED
6231,1022,2026-08-14,P048,6,153.91,CANCELLED
6232,1034,2026-08-27,P031,6,423.92,COMPLETED
6233,1029,2026-08-06,P027,1,483.94,COMPLETED
6234,1079,2026-08-21,P030,8,110.30,RETURNED
6235,1082,2026-08-22,P038,5,351.59,COMPLETED
6236,1105,2026-08-08,P046,6,340.34,COMPLETED
6237,1109,2026-08-18,P018,4,413.42,RETURNED
6238,1176,2026-08-20,P044,8,362.03,COMPLETED
6239,1120,2026-08-02,P036,2,228.03,COMPLETED
6240,1087,2026-08-05,P029,5,321.77,CANCELLED
6241,1070,2026-08-03,P050,4,30.07,RETURNED
6242,1074,2026-08-10,P012,5,54.03,COMPLETED
6243,1139,2026-08-11,P013,6,389.20,COMPLETED
6244,1121,2026-08-16,P046,3,340.51,COMPLETED
6245,1143,2026-08-13,P008,8,291.15,COMPLETED
6246,1084,2026-08-02,P025,3,213.13,COMPLETED
6247,1121,2026-08-21,P007,8,475.79,COMPLETED
6248,1187,2026-08-11,P005,3,442.93,RETURNED
6249,1134,2026-08-15,P039,1,340.82,COMPLETED
6250,1148,2026-08-03,P008,1,248.94,COMPLETED
6251,1103,2026-08-14,P017,2,47.27,COMPLETED
6252,1150,2026-08-13,P033,2,484.24,COMPLETED
6253,1078,2026-08-02,P012,8,187.99,COMPLETED
6254,1198,2026-08-16,P043,4,480.21,RETURNED
6255,1048,2026-08-18,P016,6,485.33,CANCELLED
6256,1144,2026-08-24,P044,8,485.54,CANCELLED
6257,1144,2026-08-15,P036,1,37.69,COMPLETED
6258,1045,2026-08-21,P022,3,176.91,COMPLETED
6259,1187,2026-08-06,P050,2,377.97,RETURNED
6260,1042,2026-08-27,P049,1,279.79,COMPLETED
6261,1150,2026-08-13,P004,8,290.16,RETURNED
6262,1005,2026-08-14,P010,7,211.85,RETURNED
6263,1053,2026-08-14,P036,6,456.18,COMPLETED
6264,1105,2026-08-27,P020,6,235.09,CANCELLED
6265,1197,2026-08-25,P046,3,487.79,COMPLETED
6266,1191,2026-08-27,P031,1,102.57,COMPLETED
6267,1063,2026-08-27,P032,1,229.04,RETURNED
6268,1132,2026-08-25,P049,1,268.59,CANCELLED
6269,1149,2026-08-23,P015,7,378.22,COMPLETED
6270,1193,2026-08-02,P046,8,402.27,COMPLETED
6271,1070,2026-08-19,P039,4,143.75,COMPLETED
6272,1078,2026-08-22,P035,7,250.94,CANCELLED
6273,1089,2026-08-14,P004,3,311.69,CANCELLED
6274,1069,2026-08-26,P022,5,339.87,CANCELLED
6275,1121,2026-08-11,P026,8,75.28,COMPLETED
6276,1154,2026-08-22,P033,5,54.01,COMPLETED
6277,1151,2026-08-17,P018,2,228.91,CANCELLED
6278,1011,2026-08-16,P013,6,11.71,COMPLETED
6279,1016,2026-08-11,P012,3,379.85,CANCELLED
6280,1058,2026-08-06,P004,7,309.61,COMPLETED
6281,1066,2026-08-05,P023,7,335.02,COMPLETED
6282,1003,2026-08-12,P040,8,119.11,COMPLETED
6283,1011,2026-08-15,P047,5,390.02,CANCELLED
6284,1132,2026-08-08,P022,6,52.41,COMPLETED
6285,1103,2026-08-21,P048,3,143.16,CANCELLED
6286,1182,2026-08-12,P036,2,71.32,COMPLETED
6287,1092,2026-08-16,P014,1,40.31,CANCELLED
6288,1054,2026-08-24,P013,7,304.23,COMPLETED
6289,1067,2026-08-16,P009,7,122.97,COMPLETED
6290,1041,2026-08-18,P050,6,351.60,RETURNED
6291,1057,2026-08-08,P032,8,78.51,COMPLETED
6292,1054,2026-08-06,P007,6,377.95,COMPLETED
6293,1197,2026-08-08,P047,4,361.56,COMPLETED
6294,1054,2026-08-01,P017,5,79.86,COMPLETED
6295,1051,2026-08-07,P013,8,15.46,COMPLETED
6296,1162,2026-08-25,P041,4,344.57,RETURNED
6297,1094,2026-08-26,P026,4,271.35,COMPLETED
6298,1141,2026-08-05,P041,6,326.38,COMPLETED
6299,1026,2026-08-09,P038,8,117.37,RETURNED
6300,1176,2026-08-26,P044,6,378.84,COMPLETED
6301,1099,2026-08-16,P035,7,289.97,COMPLETED
6302,1181,2026-08-21,P023,7,154.94,COMPLETED
6303,1126,2026-08-10,P043,3,56.97,RETURNED
6304,1172,2026-08-26,P011,4,237.15,CANCELLED
6305,1183,2026-08-10,P010,1,168.37,CANCELLED
6306,1093,2026-08-07,P040,7,265.97,COMPLETED
6307,1143,2026-08-09,P014,3,267.82,RETURNED
6308,1158,2026-08-02,P039,4,305.58,CANCELLED
6309,1021,2026-08-22,P045,4,342.08,COMPLETED
6310,1153,2026-08-01,P033,4,90.84,COMPLETED
6311,1093,2026-08-25,P050,7,482.34,COMPLETED
6312,1003,2026-08-22,P026,1,72.61,CANCELLED
6313,1197,2026-08-14,P003,7,322.57,CANCELLED
6314,1077,2026-08-21,P032,8,119.35,CANCELLED
6315,1146,2026-08-16,P037,2,436.71,RETURNED
6316,1150,2026-08-14,P023,4,79.74,RETURNED
6317,1086,2026-08-03,P012,1,123.24,COMPLETED
6318,1040,2026-08-05,P007,8,196.76,COMPLETED
6319,1174,2026-08-12,P029,7,128.59,COMPLETED
6320,1155,2026-08-07,P017,7,121.65,RETURNED
6321,1143,2026-08-11,P037,5,13.54,COMPLETED
6322,1112,2026-08-11,P050,5,213.23,COMPLETED
6323,1132,2026-08-07,P032,2,240.27,COMPLETED
6324,1024,2026-08-02,P002,1,83.31,COMPLETED
6325,1098,2026-08-24,P043,8,470.61,CANCELLED
6326,1100,2026-08-08,P043,3,181.95,CANCELLED
6327,1187,2026-08-07,P014,3,93.31,COMPLETED
6328,1055,2026-08-17,P039,8,141.27,COMPLETED
6329,1025,2026-08-14,P038,7,12.49,COMPLETED
6330,1133,2026-08-02,P028,1,158.16,CANCELLED
6331,1054,2026-08-24,P048,1,376.42,COMPLETED
6332,1194,2026-08-14,P029,5,159.06,RETURNED
6333,1132,2026-08-19,P023,4,335.59,RETURNED
6334,1111,2026-08-12,P004,5,54.77,RETURNED
6335,1127,2026-08-22,P007,1,303.74,CANCELLED
6336,1144,2026-08-10,P007,6,322.87,COMPLETED
6337,1064,2026-08-10,P046,6,378.10,COMPLETED
6338,1077,2026-08-14,P017,7,481.07,CANCELLED
6339,1060,2026-08-26,P035,4,347.45,CANCELLED
6340,1183,2026-08-25,P021,1,374.66,COMPLETED
6341,1100,2026-08-17,P028,1,333.00,COMPLETED
6342,1078,2026-08-03,P048,4,226.83,CANCELLED
6343,1193,2026-08-15,P035,2,300.77,RETURNED
6344,1068,2026-08-08,P023,8,143.99,COMPLETED
6345,1159,2026-08-20,P014,7,258.97,RETURNED
6346,1083,2026-08-02,P004,7,87.29,COMPLETED
6347,1147,2026-08-08,P042,1,260.64,RETURNED
6348,1156,2026-08-27,P041,7,147.41,COMPLETED
6349,1060,2026-08-09,P023,4,156.10,COMPLETED
6350,1046,2026-08-17,P008,7,301.48,COMPLETED
6351,1100,2026-08-27,P003,2,346.15,COMPLETED
6352,1134,2026-08-17,P035,8,41.11,COMPLETED
6353,1108,2026-08-07,P040,6,435.21,COMPLETED
6354,1077,2026-08-13,P038,7,10.34,COMPLETED
6355,1113,2026-08-07,P018,8,207.16,CANCELLED
6356,1021,2026-08-14,P028,2,331.97,COMPLETED
6357,1087,2026-08-06,P003,3,66.74,COMPLETED
6358,1090,2026-08-24,P036,7,352.39,CANCELLED
6359,1164,2026-08-23,P003,2,322.85,COMPLETED
6360,1134,2026-08-26,P039,5,70.09,COMPLETED
6361,1140,2026-08-07,P027,4,192.68,CANCELLED
6362,1132,2026-08-01,P021,2,409.31,COMPLETED
6363,1007,2026-08-24,P011,1,385.55,RETURNED
6364,1133,2026-08-11,P001,8,104.58,COMPLETED
6365,1076,2026-08-01,P023,2,100.34,CANCELLED
6366,1144,2026-08-04,P004,2,456.50,CANCELLED
6367,1156,2026-08-24,P037,2,302.89,RETURNED
6368,1161,2026-08-04,P047,4,457.54,COMPLETED
6369,1148,2026-08-02,P007,6,174.66,RETURNED
6370,1021,2026-08-08,P033,7,270.80,CANCELLED
6371,1002,2026-08-26,P035,8,47.63,COMPLETED
6372,1038,2026-08-21,P039,5,309.06,COMPLETED
6373,1143,2026-08-23,P046,3,378.09,COMPLETED
6374,1180,2026-08-01,P007,8,460.02,RETURNED
6375,1152,2026-08-14,P015,2,85.31,COMPLETED
6376,1050,2026-08-27,P018,3,46.37,RETURNED
6377,1011,2026-08-12,P037,3,481.24,COMPLETED
6378,1055,2026-08-02,P031,1,472.40,COMPLETED
6379,1143,2026-08-16,P023,8,187.98,CANCELLED
6380,1002,2026-08-05,P025,8,134.89,CANCELLED
6381,1047,2026-08-04,P027,2,348.35,COMPLETED
6382,1016,2026-08-24,P025,1,328.34,RETURNED
6383,1110,2026-08-27,P021,6,472.16,CANCELLED
6384,1031,2026-08-22,P036,2,92.33,CANCELLED
6385,1032,2026-08-02,P043,2,275.60,COMPLETED
6386,1158,2026-08-22,P039,4,438.65,COMPLETED
6387,1092,2026-08-07,P038,1,99.23,RETURNED
6388,1035,2026-08-25,P004,8,294.60,CANCELLED
6389,1073,2026-08-26,P043,3,118.37,COMPLETED
6390,1177,2026-08-20,P033,7,281.94,RETURNED
6391,1150,2026-08-27,P046,2,424.45,CANCELLED
6392,1104,2026-08-21,P036,2,289.65,COMPLETED
6393,1042,2026-08-10,P006,6,25.11,COMPLETED
6394,1109,2026-08-05,P001,1,422.85,RETURNED
6395,1199,2026-08-04,P007,7,395.15,RETURNED
6396,1192,2026-08-25,P027,1,134.05,COMPLETED
6397,1128,2026-08-18,P007,2,348.98,COMPLETED
6398,1145,2026-08-02,P021,4,143.86,COMPLETED
6399,1104,2026-08-09,P001,6,24.62,RETURNED
6400,1129,2026-08-22,P003,6,416.03,CANCELLED
6401,1117,2026-08-27,P017,3,349.23,COMPLETED
6402,1057,2026-08-13,P044,7,301.12,RETURNED
6403,1011,2026-08-21,P032,6,290.03,COMPLETED
6404,1037,2026-08-05,P043,5,48.31,RETURNED
6405,1092,2026-08-22,P030,1,152.27,CANCELLED
6406,1049,2026-08-14,P044,3,164.94,RETURNED
6407,1100,2026-08-10,P039,8,209.06,COMPLETED
6408,1025,2026-08-20,P026,6,105.67,COMPLETED
6409,1162,2026-08-16,P026,3,266.97,COMPLETED
6410,1097,2026-08-16,P034,5,339.43,COMPLETED
6411,1176,2026-08-19,P025,1,76.03,COMPLETED
6412,1022,2026-08-20,P008,8,479.08,CANCELLED
6413,1139,2026-08-13,P026,3,386.68,CANCELLED
6414,1134,2026-08-01,P009,4,161.14,COMPLETED
6415,1153,2026-08-26,P041,7,439.30,CANCELLED
6416,1095,2026-08-16,P025,1,71.22,COMPLETED
6417,1176,2026-08-27,P019,8,375.55,COMPLETED
6418,1128,2026-08-06,P009,2,449.45,COMPLETED
6419,1071,2026-08-03,P012,3,167.92,COMPLETED
6420,1191,2026-08-11,P025,3,177.37,COMPLETED
6421,1134,2026-08-01,P040,6,375.11,COMPLETED
6422,1116,2026-08-20,P012,7,440.50,COMPLETED
6423,1039,2026-08-12,P001,1,176.34,COMPLETED
6424,1197,2026-08-24,P006,4,171.92,COMPLETED
6425,1096,2026-08-24,P027,2,262.37,COMPLETED
6426,1039,2026-08-11,P016,4,151.20,COMPLETED
6427,1022,2026-08-05,P010,2,13.25,RETURNED
6428,1058,2026-08-09,P047,5,445.66,COMPLETED
6429,1165,2026-08-26,P005,5,455.30,COMPLETED
6430,1068,2026-08-01,P045,8,260.88,COMPLETED
6431,1124,2026-08-22,P038,8,439.22,RETURNED
6432,1039,2026-08-05,P007,5,32.11,COMPLETED
6433,1056,2026-08-14,P032,3,121.76,RETURNED
6434,1168,2026-08-19,P001,2,256.10,COMPLETED
6435,1080,2026-08-26,P011,7,83.80,CANCELLED
6436,1158,2026-08-12,P049,8,264.47,CANCELLED
6437,1093,2026-08-26,P033,4,342.85,CANCELLED
6438,1089,2026-08-15,P009,5,390.39,CANCELLED
6439,1137,2026-08-07,P010,5,256.11,COMPLETED
6440,1039,2026-08-24,P021,8,413.74,COMPLETED
6441,1083,2026-08-10,P013,3,72.85,COMPLETED
6442,1135,2026-08-04,P044,2,450.53,RETURNED
6443,1085,2026-08-25,P003,3,281.23,COMPLETED
6444,1142,2026-08-09,P048,6,189.11,RETURNED
6445,1068,2026-08-06,P029,8,87.83,CANCELLED
6446,1097,2026-08-16,P046,7,196.05,COMPLETED
6447,1127,2026-08-18,P020,3,274.76,COMPLETED
6448,1171,2026-08-23,P009,8,48.72,COMPLETED
6449,1019,2026-08-21,P044,8,163.57,COMPLETED
6450,1155,2026-08-23,P013,7,282.17,COMPLETED
6451,1025,2026-08-12,P043,3,204.10,COMPLETED
6452,1022,2026-08-16,P017,5,358.82,COMPLETED
6453,1032,2026-08-08,P001,1,321.43,CANCELLED
6454,1092,2026-08-03,P010,5,461.77,RETURNED
6455,1091,2026-08-26,P046,7,466.37,CANCELLED
6456,1055,2026-08-10,P005,5,466.47,RETURNED
6457,1032,2026-08-26,P044,8,57.38,COMPLETED
6458,1071,2026-08-08,P038,4,411.16,CANCELLED
6459,1120,2026-08-06,P002,7,422.58,COMPLETED
6460,1163,2026-08-01,P020,1,375.69,COMPLETED
6461,1128,2026-08-10,P024,5,303.88,RETURNED
6462,1184,2026-08-23,P027,6,408.72,COMPLETED
6463,1122,2026-08-24,P033,2,420.56,CANCELLED
6464,1147,2026-08-02,P038,3,66.65,COMPLETED
6465,1112,2026-08-16,P015,5,116.50,RETURNED
6466,1150,2026-08-05,P003,8,452.48,COMPLETED
6467,1048,2026-08-07,P015,2,88.49,RETURNED
6468,1113,2026-08-11,P001,5,282.81,COMPLETED
6469,1080,2026-08-15,P047,4,346.02,RETURNED
6470,1080,2026-08-07,P030,7,282.23,CANCELLED
6471,1118,2026-08-24,P002,8,135.36,COMPLETED
6472,1196,2026-08-13,P023,7,211.45,CANCELLED
6473,1116,2026-08-01,P025,1,339.38,COMPLETED
6474,1047,2026-08-06,P044,3,68.87,RETURNED
6475,1055,2026-08-05,P033,2,294.70,CANCELLED
6476,1067,2026-08-18,P049,3,245.57,CANCELLED
6477,1056,2026-08-05,P039,7,138.10,COMPLETED
6478,1185,2026-08-07,P050,1,454.09,COMPLETED
6479,1170,2026-08-21,P049,7,289.26,COMPLETED
6480,1102,2026-08-13,P003,7,333.47,COMPLETED
6481,1025,2026-08-18,P012,6,494.38,COMPLETED
6482,1088,2026-08-09,P034,5,110.74,COMPLETED
6483,1134,2026-08-19,P043,2,65.11,COMPLETED
6484,1040,2026-08-26,P017,7,182.23,COMPLETED
6485,1192,2026-08-04,P016,1,437.73,CANCELLED
6486,1182,2026-08-18,P002,2,242.18,COMPLETED
6487,1065,2026-08-18,P041,4,396.75,RETURNED
6488,1187,2026-08-04,P022,2,347.76,RETURNED
6489,1142,2026-08-12,P041,6,371.68,COMPLETED
6490,1160,2026-08-19,P016,5,91.79,CANCELLED
6491,1054,2026-08-19,P049,4,461.48,CANCELLED
6492,1128,2026-08-07,P012,7,174.86,CANCELLED
6493,1127,2026-08-13,P031,8,219.56,CANCELLED
6494,1144,2026-08-12,P028,4,186.83,COMPLETED
6495,1066,2026-08-07,P039,5,53.76,COMPLETED
6496,1143,2026-08-19,P002,6,117.83,RETURNED
6497,1126,2026-08-21,P009,5,97.79,COMPLETED
6498,1126,2026-08-07,P026,1,342.99,COMPLETED
6499,1020,2026-08-12,P006,1,26.25,COMPLETED
6500,1135,2026-08-20,P001,2,173.81,COMPLETED
6501,1106,2026-08-10,P017,3,377.20,CANCELLED
6502,1067,2026-08-20,P038,3,381.49,RETURNED
6503,1186,2026-08-01,P034,2,11.24,CANCELLED
6504,1065,2026-08-04,P030,7,390.90,RETURNED
6505,1169,2026-08-01,P039,5,421.23,RETURNED
6506,1124,2026-08-03,P015,6,490.81,RETURNED
6507,1157,2026-08-22,P037,1,196.90,CANCELLED
6508,1047,2026-08-15,P003,4,199.68,RETURNED
6509,1047,2026-08-22,P049,7,67.90,COMPLETED
6510,1058,2026-08-15,P044,3,221.85,COMPLETED
6511,1100,2026-08-02,P037,6,259.37,RETURNED
6512,1093,2026-08-15,P040,3,448.94,CANCELLED
6513,1175,2026-08-04,P029,6,187.34,RETURNED
6514,1126,2026-08-07,P030,3,386.43,COMPLETED
6515,1079,2026-08-04,P044,2,343.83,RETURNED
6516,1053,2026-08-04,P041,8,341.20,COMPLETED
6517,1151,2026-08-24,P028,7,12.26,RETURNED
6518,1177,2026-08-11,P035,7,259.11,RETURNED
6519,1194,2026-08-14,P034,2,27.12,COMPLETED
6520,1089,2026-08-22,P033,8,108.23,CANCELLED
6521,1179,2026-08-16,P013,5,416.35,CANCELLED
6522,1014,2026-08-09,P011,5,443.02,CANCELLED
6523,1127,2026-08-07,P043,3,250.10,CANCELLED
6524,1068,2026-08-26,P048,6,301.32,COMPLETED
6525,1100,2026-08-17,P025,8,331.35,RETURNED
6526,1191,2026-08-09,P006,5,486.50,COMPLETED
6527,1114,2026-08-12,P017,4,144.79,COMPLETED
6528,1034,2026-08-21,P017,1,361.28,COMPLETED
6529,1127,2026-08-25,P011,6,128.26,RETURNED
6530,1070,2026-08-21,P044,1,283.99,RETURNED
6531,1059,2026-08-20,P042,7,164.26,RETURNED
6532,1061,2026-08-09,P029,6,439.99,COMPLETED
6533,1124,2026-08-09,P034,1,388.70,COMPLETED
6534,1051,2026-08-12,P047,4,270.73,RETURNED
6535,1048,2026-08-12,P047,7,294.37,RETURNED
6536,1098,2026-08-04,P020,4,209.47,RETURNED
6537,1008,2026-08-02,P031,5,407.60,COMPLETED
6538,1071,2026-08-15,P006,4,37.13,COMPLETED
6539,1181,2026-08-01,P017,7,117.03,COMPLETED
6540,1189,2026-08-11,P010,2,32.49,CANCELLED
6541,1116,2026-08-12,P041,4,435.98,RETURNED
6542,1075,2026-08-14,P026,4,109.02,CANCELLED
6543,1101,2026-08-09,P028,7,140.57,COMPLETED
6544,1035,2026-08-08,P032,4,426.87,COMPLETED
6545,1086,2026-08-27,P039,8,139.58,COMPLETED
6546,1195,2026-08-26,P037,1,357.27,COMPLETED
6547,1023,2026-08-27,P002,2,36.15,COMPLETED
6548,1124,2026-08-21,P035,8,223.74,COMPLETED
6549,1077,2026-08-22,P034,6,66.34,COMPLETED
6550,1163,2026-08-19,P031,8,243.13,COMPLETED
6551,1006,2026-08-17,P028,4,497.96,COMPLETED
6552,1083,2026-08-09,P029,5,115.33,COMPLETED
6553,1054,2026-08-09,P022,8,268.77,COMPLETED
6554,1197,2026-08-26,P042,6,337.65,COMPLETED
6555,1120,2026-08-14,P002,1,101.01,CANCELLED
6556,1194,2026-08-17,P031,8,173.72,COMPLETED
6557,1180,2026-08-16,P035,2,321.89,COMPLETED
6558,1185,2026-08-06,P026,3,127.19,COMPLETED
6559,1126,2026-08-07,P030,2,72.41,COMPLETED
6560,1027,2026-08-12,P045,5,480.38,COMPLETED
6561,1129,2026-08-08,P029,8,211.50,COMPLETED
6562,1017,2026-08-11,P049,1,249.75,COMPLETED
6563,1094,2026-08-21,P008,7,424.06,COMPLETED
6564,1127,2026-08-27,P003,7,140.99,CANCELLED
6565,1175,2026-08-17,P042,4,383.06,COMPLETED
6566,1051,2026-08-15,P001,5,261.02,COMPLETED
6567,1111,2026-08-09,P022,6,236.60,COMPLETED
6568,1068,2026-08-23,P040,1,435.31,COMPLETED
6569,1158,2026-08-16,P001,3,261.90,COMPLETED
6570,1130,2026-08-04,P016,8,281.50,CANCELLED
6571,1022,2026-08-26,P028,5,130.40,CANCELLED
6572,1129,2026-08-24,P018,6,375.60,COMPLETED
6573,1169,2026-08-09,P037,1,279.90,COMPLETED
6574,1048,2026-08-24,P041,4,21.74,COMPLETED
6575,1183,2026-08-15,P022,6,223.50,COMPLETED
6576,1093,2026-08-14,P011,1,70.86,COMPLETED
6577,1156,2026-08-27,P039,1,450.48,RETURNED
6578,1006,2026-08-13,P039,7,105.96,COMPLETED
6579,1103,2026-08-08,P023,6,426.35,COMPLETED
6580,1153,2026-08-01,P042,4,24.38,RETURNED
6581,1016,2026-08-04,P012,6,144.84,CANCELLED
6582,1038,2026-08-07,P041,3,22.62,RETURNED
6583,1084,2026-08-12,P001,4,55.77,COMPLETED
6584,1171,2026-08-10,P035,3,108.23,COMPLETED
6585,1178,2026-08-23,P025,1,381.45,RETURNED
6586,1032,2026-08-05,P045,1,157.47,COMPLETED
6587,1015,2026-08-19,P023,4,455.92,COMPLETED
6588,1056,2026-08-17,P034,5,357.32,COMPLETED
6589,1053,2026-08-15,P038,8,304.00,RETURNED
6590,1184,2026-08-24,P022,3,142.74,COMPLETED
6591,1022,2026-08-08,P035,2,193.63,COMPLETED
6592,1049,2026-08-16,P049,3,431.19,RETURNED
6593,1034,2026-08-05,P038,7,466.58,COMPLETED
6594,1093,2026-08-04,P024,6,100.49,CANCELLED
6595,1135,2026-08-22,P043,7,389.26,COMPLETED
6596,1063,2026-08-11,P004,6,299.96,RETURNED
6597,1159,2026-08-04,P022,7,366.69,COMPLETED
6598,1173,2026-08-09,P022,8,199.96,COMPLETED
6599,1073,2026-08-27,P038,5,261.12,COMPLETED
6600,1131,2026-08-23,P037,6,371.18,COMPLETED
6601,1183,2026-08-21,P019,5,151.17,COMPLETED
6602,1106,2026-08-08,P039,6,23.11,COMPLETED
6603,1199,2026-08-12,P014,6,304.65,COMPLETED
6604,1130,2026-08-11,P049,2,430.81,COMPLETED
6605,1199,2026-08-22,P022,3,228.85,COMPLETED
6606,1127,2026-08-15,P018,8,317.52,COMPLETED
6607,1182,2026-08-19,P008,3,191.27,COMPLETED
6608,1074,2026-08-07,P048,8,82.71,RETURNED
6609,1121,2026-08-26,P040,4,246.44,COMPLETED
6610,1073,2026-08-01,P022,8,40.44,COMPLETED
6611,1080,2026-08-20,P037,5,278.24,CANCELLED
6612,1028,2026-08-15,P028,5,461.79,CANCELLED
6613,1088,2026-08-05,P027,4,342.09,CANCELLED
6614,1151,2026-08-04,P015,3,171.65,COMPLETED
6615,1111,2026-08-01,P029,3,390.50,COMPLETED
6616,1032,2026-08-20,P010,1,194.05,COMPLETED
6617,1102,2026-08-16,P024,3,342.97,COMPLETED
6618,1095,2026-08-26,P008,2,471.54,COMPLETED
6619,1164,2026-08-09,P004,2,253.25,COMPLETED
6620,1087,2026-08-11,P036,5,480.59,COMPLETED
6621,1160,2026-08-26,P022,5,183.06,COMPLETED
6622,1109,2026-08-14,P036,3,479.53,COMPLETED
6623,1169,2026-08-07,P031,6,399.22,CANCELLED
6624,1157,2026-08-14,P023,1,284.64,COMPLETED
6625,1107,2026-08-10,P049,2,24.68,COMPLETED
6626,1023,2026-08-10,P024,4,48.93,COMPLETED
6627,1197,2026-08-22,P011,8,283.99,COMPLETED
6628,1058,2026-08-21,P026,8,295.70,RETURNED
6629,1158,2026-08-13,P044,1,391.43,COMPLETED
6630,1148,2026-08-03,P034,7,27.66,RETURNED
6631,1007,2026-08-18,P006,6,326.65,COMPLETED
6632,1142,2026-08-12,P013,6,397.13,RETURNED
6633,1053,2026-08-03,P012,2,62.93,COMPLETED
6634,1009,2026-08-06,P040,7,149.67,COMPLETED
6635,1147,2026-08-22,P028,4,356.73,COMPLETED
6636,1001,2026-08-16,P043,1,100.62,COMPLETED
6637,1168,2026-08-18,P005,8,264.19,RETURNED
6638,1073,2026-08-18,P029,4,268.82,RETURNED
6639,1111,2026-08-04,P026,7,388.73,COMPLETED
6640,1035,2026-08-24,P048,5,441.53,COMPLETED
6641,1180,2026-08-18,P006,4,156.50,COMPLETED
6642,1104,2026-08-10,P028,3,374.00,COMPLETED
6643,1106,2026-08-16,P020,5,82.96,COMPLETED
6644,1144,2026-08-01,P013,5,236.92,COMPLETED
6645,1112,2026-08-25,P027,8,303.64,COMPLETED
6646,1175,2026-08-15,P045,6,263.96,RETURNED
6647,1078,2026-08-16,P018,8,414.15,RETURNED
6648,1135,2026-08-19,P029,3,162.44,COMPLETED
6649,1157,2026-08-10,P014,5,198.17,RETURNED
6650,1084,2026-08-20,P022,6,132.17,CANCELLED
6651,1051,2026-08-13,P040,5,330.26,COMPLETED
6652,1150,2026-08-01,P049,3,317.04,COMPLETED
6653,1151,2026-08-18,P025,7,141.45,CANCELLED
6654,1032,2026-08-14,P043,2,479.78,RETURNED
6655,1038,2026-08-06,P016,3,292.50,COMPLETED
6656,1036,2026-08-09,P012,7,284.49,COMPLETED
6657,1125,2026-08-08,P046,8,111.82,RETURNED
6658,1100,2026-08-25,P044,5,36.08,COMPLETED
6659,1078,2026-08-07,P046,7,251.05,RETURNED
6660,1014,2026-08-11,P017,8,255.71,COMPLETED
6661,1084,2026-08-11,P044,7,346.38,CANCELLED
6662,1171,2026-08-22,P024,7,329.35,CANCELLED
6663,1001,2026-08-17,P004,7,285.20,COMPLETED
6664,1034,2026-08-11,P026,2,426.37,CANCELLED
6665,1066,2026-08-21,P039,7,137.96,COMPLETED
6666,1043,2026-08-07,P030,7,458.59,COMPLETED
6667,1112,2026-08-12,P023,7,62.61,COMPLETED
6668,1016,2026-08-09,P019,5,97.01,COMPLETED
6669,1117,2026-08-03,P046,7,227.11,COMPLETED
6670,1084,2026-08-12,P006,3,34.85,RETURNED
6671,1169,2026-08-03,P002,6,338.63,COMPLETED
6672,1061,2026-08-14,P015,6,317.40,COMPLETED
6673,1023,2026-08-18,P041,6,34.33,COMPLETED
6674,1182,2026-08-07,P037,3,418.15,RETURNED
6675,1053,2026-08-16,P012,7,211.27,CANCELLED
6676,1033,2026-08-22,P014,1,391.91,COMPLETED
6677,1011,2026-08-18,P048,2,10.77,RETURNED
6678,1126,2026-08-20,P003,2,370.97,COMPLETED
6679,1021,2026-08-12,P034,3,72.19,COMPLETED
6680,1168,2026-08-12,P050,8,451.09,COMPLETED
6681,1154,2026-08-19,P002,7,187.31,COMPLETED
6682,1047,2026-08-05,P023,8,19.28,RETURNED
6683,1029,2026-08-20,P019,7,56.88,COMPLETED
6684,1002,2026-08-11,P041,4,31.93,CANCELLED
6685,1011,2026-08-16,P028,6,70.52,COMPLETED
6686,1036,2026-08-01,P007,3,449.59,CANCELLED
6687,1052,2026-08-18,P030,8,150.88,COMPLETED
6688,1040,2026-08-10,P003,8,127.21,COMPLETED
6689,1114,2026-08-08,P019,2,308.70,COMPLETED
6690,1109,2026-08-26,P027,2,98.01,COMPLETED
6691,1052,2026-08-13,P026,1,96.01,COMPLETED
6692,1006,2026-08-14,P027,6,176.48,COMPLETED
6693,1087,2026-08-09,P010,8,169.67,CANCELLED
6694,1173,2026-08-15,P016,3,448.18,CANCELLED
6695,1037,2026-08-21,P030,8,376.22,COMPLETED
6696,1092,2026-08-04,P048,1,13.77,CANCELLED
6697,1149,2026-08-18,P001,8,30.42,COMPLETED
6698,1046,2026-08-15,P006,2,388.57,RETURNED
6699,1177,2026-08-03,P039,7,232.28,COMPLETED
6700,1094,2026-08-26,P013,3,486.20,RETURNED
6701,1060,2026-08-26,P002,4,382.52,COMPLETED
6702,1180,2026-08-09,P021,5,369.70,COMPLETED
6703,1015,2026-08-14,P029,6,241.81,RETURNED
6704,1028,2026-08-10,P046,4,81.19,RETURNED
6705,1046,2026-08-08,P026,1,82.47,COMPLETED
6706,1176,2026-08-14,P022,6,317.76,COMPLETED
6707,1009,2026-08-19,P020,1,79.92,COMPLETED
6708,1079,2026-08-25,P035,2,168.27,RETURNED
6709,1156,2026-08-02,P015,6,58.28,COMPLETED
6710,1186,2026-08-10,P016,7,389.60,COMPLETED
6711,1002,2026-08-14,P021,4,384.34,CANCELLED
6712,1050,2026-08-23,P030,6,352.95,COMPLETED
6713,1198,2026-08-01,P017,5,68.56,COMPLETED
6714,1166,2026-08-15,P010,8,26.17,COMPLETED
6715,1192,2026-08-26,P018,8,15.25,CANCELLED
6716,1088,2026-08-02,P046,2,411.27,RETURNED
6717,1161,2026-08-06,P037,4,432.68,CANCELLED
6718,1139,2026-08-03,P024,8,324.55,CANCELLED
6719,1155,2026-08-17,P029,2,232.47,COMPLETED
6720,1127,2026-08-02,P048,6,306.11,COMPLETED
6721,1180,2026-08-23,P005,4,24.96,COMPLETED
6722,1151,2026-08-22,P006,6,363.34,CANCELLED
6723,1167,2026-08-20,P005,4,131.20,CANCELLED
6724,1097,2026-08-19,P019,4,497.56,CANCELLED
6725,1012,2026-08-01,P025,5,364.11,COMPLETED
6726,1091,2026-08-23,P010,5,464.76,COMPLETED
6727,1095,2026-08-19,P030,4,466.38,COMPLETED
6728,1098,2026-08-22,P024,8,427.72,COMPLETED
6729,1004,2026-08-19,P031,5,202.06,RETURNED
6730,1168,2026-08-21,P047,6,218.44,COMPLETED
6731,1041,2026-08-15,P027,2,294.67,COMPLETED
6732,1162,2026-08-25,P043,3,489.31,CANCELLED
6733,1112,2026-08-26,P033,2,69.43,COMPLETED
6734,1156,2026-08-24,P015,2,22.93,CANCELLED
6735,1018,2026-08-27,P038,1,297.94,COMPLETED
6736,1018,2026-08-19,P042,1,409.15,CANCELLED
6737,1035,2026-08-02,P032,1,437.46,CANCELLED
6738,1089,2026-08-22,P043,3,268.42,RETURNED
6739,1127,2026-08-15,P004,8,413.41,COMPLETED
6740,1099,2026-08-09,P033,8,75.72,COMPLETED
6741,1110,2026-08-04,P042,2,285.95,RETURNED
6742,1126,2026-08-13,P029,5,222.67,COMPLETED
6743,1093,2026-08-21,P025,6,481.26,RETURNED
6744,1043,2026-08-22,P010,2,495.34,COMPLETED
6745,1095,2026-08-12,P026,2,485.76,COMPLETED
6746,1188,2026-08-24,P034,8,400.57,RETURNED
6747,1127,2026-08-06,P023,6,31.99,COMPLETED
6748,1185,2026-08-14,P034,8,376.03,CANCELLED
6749,1139,2026-08-21,P008,8,102.68,RETURNED
6750,1128,2026-08-05,P017,2,250.13,RETURNED
6751,1156,2026-08-15,P016,5,254.57,COMPLETED
6752,1079,2026-08-20,P014,6,330.76,RETURNED
6753,1149,2026-08-08,P038,6,199.45,CANCELLED
6754,1038,2026-08-25,P050,2,96.95,COMPLETED
6755,1016,2026-08-27,P045,2,309.70,CANCELLED
6756,1032,2026-08-09,P010,7,323.80,CANCELLED
6757,1023,2026-08-26,P037,8,64.85,CANCELLED
6758,1062,2026-08-19,P044,4,113.30,COMPLETED
6759,1143,2026-08-07,P031,2,130.20,RETURNED
6760,1101,2026-08-07,P034,1,167.26,COMPLETED
6761,1061,2026-08-17,P022,8,193.22,COMPLETED
6762,1014,2026-08-06,P009,7,347.88,RETURNED
6763,1126,2026-08-22,P017,5,390.02,CANCELLED
6764,1143,2026-08-17,P011,2,65.73,CANCELLED
6765,1095,2026-08-19,P008,4,152.29,CANCELLED
6766,1036,2026-08-08,P038,3,402.32,COMPLETED
6767,1131,2026-08-03,P028,8,325.95,COMPLETED
6768,1071,2026-08-01,P044,4,288.15,CANCELLED
6769,1124,2026-08-12,P045,1,164.97,CANCELLED
6770,1145,2026-08-24,P006,8,392.68,CANCELLED
6771,1033,2026-08-10,P043,4,46.34,COMPLETED
6772,1053,2026-08-07,P023,5,323.96,COMPLETED
6773,1085,2026-08-17,P032,2,43.67,COMPLETED
6774,1118,2026-08-02,P011,3,450.97,COMPLETED
6775,1188,2026-08-20,P013,5,262.63,CANCELLED
6776,1091,2026-08-19,P027,6,230.85,COMPLETED
6777,1148,2026-08-20,P007,5,106.57,CANCELLED
6778,1118,2026-08-18,P001,7,446.06,RETURNED
6779,1103,2026-08-18,P037,6,169.01,COMPLETED
6780,1028,2026-08-08,P004,5,140.35,COMPLETED
6781,1125,2026-08-01,P050,5,81.49,RETURNED
6782,1090,2026-08-16,P018,5,314.89,RETURNED
6783,1001,2026-08-05,P007,2,461.20,RETURNED
6784,1164,2026-08-26,P040,2,257.42,CANCELLED
6785,1040,2026-08-20,P049,2,114.92,RETURNED
6786,1083,2026-08-08,P014,6,229.67,RETURNED
6787,1084,2026-08-10,P046,2,59.37,CANCELLED
6788,1095,2026-08-02,P026,4,156.79,COMPLETED
6789,1106,2026-08-21,P019,2,436.62,COMPLETED
6790,1086,2026-08-13,P021,3,157.93,COMPLETED
6791,1046,2026-08-14,P008,3,11.59,COMPLETED
6792,1160,2026-08-11,P046,5,398.59,COMPLETED
6793,1002,2026-08-05,P032,4,289.11,COMPLETED
6794,1076,2026-08-25,P015,8,130.60,COMPLETED
6795,1160,2026-08-13,P022,7,457.40,COMPLETED
6796,1013,2026-08-16,P027,1,363.16,COMPLETED
6797,1135,2026-08-26,P005,4,463.91,COMPLETED
6798,1049,2026-08-15,P022,6,63.09,COMPLETED
6799,1189,2026-08-03,P006,5,319.88,COMPLETED
6800,1163,2026-08-01,P007,3,91.07,CANCELLED
6801,1132,2026-08-11,P003,7,43.01,RETURNED
6802,1022,2026-08-11,P034,7,134.02,COMPLETED
6803,1173,2026-08-09,P013,2,103.96,CANCELLED
6804,1004,2026-08-13,P009,6,368.10,RETURNED
6805,1111,2026-08-11,P045,2,171.08,COMPLETED
6806,1157,2026-08-18,P007,2,225.23,COMPLETED
6807,1145,2026-08-24,P004,8,278.91,COMPLETED
6808,1044,2026-08-06,P006,5,300.40,RETURNED
6809,1041,2026-08-04,P037,2,328.70,RETURNED
6810,1075,2026-08-20,P008,5,256.85,COMPLETED
6811,1132,2026-08-01,P024,2,116.04,CANCELLED
6812,1073,2026-08-19,P011,4,294.44,CANCELLED
6813,1031,2026-08-11,P011,3,12.80,COMPLETED
6814,1011,2026-08-04,P010,8,157.97,COMPLETED
6815,1112,2026-08-20,P040,5,353.90,RETURNED
6816,1160,2026-08-17,P020,7,207.59,RETURNED
6817,1154,2026-08-03,P008,3,237.04,COMPLETED
6818,1172,2026-08-22,P021,7,233.96,RETURNED
6819,1070,2026-08-04,P045,7,162.96,RETURNED
6820,1039,2026-08-04,P047,6,103.78,COMPLETED
6821,1026,2026-08-18,P013,1,447.29,COMPLETED
6822,1056,2026-08-17,P007,6,442.51,COMPLETED
6823,1061,2026-08-13,P019,3,444.73,COMPLETED
6824,1004,2026-08-18,P047,5,467.70,COMPLETED
6825,1101,2026-08-05,P031,5,203.32,COMPLETED
6826,1041,2026-08-21,P001,4,499.55,COMPLETED
6827,1194,2026-08-11,P017,4,469.27,COMPLETED
6828,1011,2026-08-08,P029,7,226.10,CANCELLED
6829,1035,2026-08-13,P040,1,162.36,COMPLETED
6830,1110,2026-08-21,P046,8,323.50,CANCELLED
6831,1139,2026-08-16,P045,5,35.39,CANCELLED
6832,1115,2026-08-16,P042,3,46.77,COMPLETED
6833,1014,2026-08-06,P002,5,422.99,COMPLETED
6834,1095,2026-08-27,P005,4,352.49,COMPLETED
6835,1038,2026-08-23,P019,8,483.60,CANCELLED
6836,1047,2026-08-26,P028,3,178.89,COMPLETED
6837,1171,2026-08-10,P035,2,224.07,RETURNED
6838,1125,2026-08-22,P028,4,300.83,COMPLETED
6839,1057,2026-08-19,P036,6,352.66,COMPLETED
6840,1131,2026-08-26,P037,3,399.57,COMPLETED
6841,1161,2026-08-13,P011,4,485.42,CANCELLED
6842,1123,2026-08-18,P048,7,262.83,COMPLETED
6843,1060,2026-08-09,P023,3,328.85,CANCELLED
6844,1158,2026-08-25,P039,4,48.75,COMPLETED
6845,1021,2026-08-19,P047,4,44.68,CANCELLED
6846,1167,2026-08-22,P013,3,340.49,COMPLETED
6847,1185,2026-08-08,P004,5,356.48,COMPLETED
6848,1168,2026-08-01,P001,8,491.87,CANCELLED
6849,1143,2026-08-16,P036,6,13.00,COMPLETED
6850,1157,2026-08-19,P040,5,332.73,CANCELLED
6851,1130,2026-08-07,P027,6,233.47,CANCELLED
6852,1003,2026-08-05,P021,2,126.46,RETURNED
6853,1066,2026-08-12,P036,2,309.33,COMPLETED
6854,1044,2026-08-24,P011,6,146.17,COMPLETED
6855,1051,2026-08-19,P013,6,174.96,COMPLETED
6856,1090,2026-08-24,P019,6,310.04,COMPLETED
6857,1177,2026-08-19,P023,7,112.00,COMPLETED
6858,1106,2026-08-24,P032,2,22.70,COMPLETED
6859,1110,2026-08-11,P015,2,339.54,CANCELLED
6860,1003,2026-08-25,P022,6,369.73,COMPLETED
6861,1128,2026-08-09,P010,2,250.71,COMPLETED
6862,1180,2026-08-08,P032,5,75.81,RETURNED
6863,1011,2026-08-26,P046,8,435.50,COMPLETED
6864,1140,2026-08-27,P008,3,116.07,COMPLETED
6865,1135,2026-08-17,P040,2,226.26,RETURNED
6866,1079,2026-08-25,P044,4,183.12,CANCELLED
6867,1031,2026-08-24,P005,6,439.89,COMPLETED
6868,1109,2026-08-15,P016,6,474.52,CANCELLED
6869,1079,2026-08-27,P039,4,44.46,COMPLETED
6870,1137,2026-08-08,P033,2,449.86,CANCELLED
6871,1111,2026-08-06,P047,4,36.38,COMPLETED
6872,1007,2026-08-26,P002,5,339.93,COMPLETED
6873,1005,2026-08-27,P016,2,259.62,CANCELLED
6874,1174,2026-08-10,P003,6,360.48,COMPLETED
6875,1078,2026-08-05,P005,2,255.39,COMPLETED
6876,1035,2026-08-01,P034,2,229.39,COMPLETED
6877,1141,2026-08-14,P031,2,218.06,RETURNED
6878,1017,2026-08-15,P019,4,100.02,RETURNED
6879,1003,2026-08-20,P014,8,432.32,COMPLETED
6880,1080,2026-08-01,P043,5,101.98,CANCELLED
6881,1079,2026-08-09,P020,4,364.88,COMPLETED
6882,1017,2026-08-04,P003,1,211.57,COMPLETED
6883,1004,2026-08-10,P041,7,10.95,COMPLETED
6884,1087,2026-08-04,P024,4,69.76,COMPLETED
6885,1035,2026-08-24,P004,8,289.90,CANCELLED
6886,1033,2026-08-25,P044,3,345.47,COMPLETED
6887,1178,2026-08-20,P030,6,217.40,COMPLETED
6888,1200,2026-08-22,P005,2,249.67,RETURNED
6889,1117,2026-08-26,P032,8,360.50,CANCELLED
6890,1017,2026-08-16,P014,8,459.73,RETURNED
6891,1033,2026-08-16,P014,8,331.58,RETURNED
6892,1147,2026-08-18,P015,2,271.19,RETURNED
6893,1130,2026-08-15,P031,3,30.44,COMPLETED
6894,1151,2026-08-02,P017,5,187.01,COMPLETED
6895,1022,2026-08-11,P042,7,465.40,CANCELLED
6896,1138,2026-08-27,P036,4,147.47,COMPLETED
6897,1187,2026-08-16,P044,7,391.64,COMPLETED
6898,1125,2026-08-08,P021,2,180.44,RETURNED
6899,1028,2026-08-11,P050,4,454.51,RETURNED
6900,1101,2026-08-21,P047,6,126.83,COMPLETED
6901,1079,2026-08-02,P039,6,451.26,COMPLETED
6902,1115,2026-08-25,P006,4,295.93,RETURNED
6903,1106,2026-08-11,P015,5,25.24,RETURNED
6904,1003,2026-08-11,P009,7,449.24,COMPLETED
6905,1020,2026-08-24,P050,8,482.13,COMPLETED
6906,1072,2026-08-07,P012,8,283.87,COMPLETED
6907,1167,2026-08-22,P023,6,185.93,COMPLETED
6908,1069,2026-08-25,P019,4,340.15,COMPLETED
6909,1179,2026-08-15,P033,7,233.46,RETURNED
6910,1187,2026-08-18,P009,3,325.73,COMPLETED
6911,1117,2026-08-25,P050,1,372.73,COMPLETED
6912,1006,2026-08-22,P050,1,463.53,RETURNED
6913,1018,2026-08-10,P008,8,382.31,COMPLETED
6914,1114,2026-08-10,P024,7,61.77,CANCELLED
6915,1072,2026-08-18,P007,1,447.33,COMPLETED
6916,1105,2026-08-23,P031,5,280.46,COMPLETED
6917,1070,2026-08-17,P010,7,135.98,CANCELLED
6918,1128,2026-08-05,P004,5,157.30,COMPLETED
6919,1030,2026-08-19,P002,7,240.31,COMPLETED
6920,1004,2026-08-17,P015,8,238.44,COMPLETED
6921,1013,2026-08-06,P045,6,236.99,COMPLETED
6922,1194,2026-08-22,P002,5,119.82,CANCELLED
6923,1097,2026-08-08,P043,3,160.90,CANCELLED
6924,1066,2026-08-25,P039,8,332.06,COMPLETED
6925,1015,2026-08-25,P017,4,323.15,COMPLETED
6926,1114,2026-08-17,P040,2,403.37,RETURNED
6927,1147,2026-08-24,P011,3,137.95,COMPLETED
6928,1136,2026-08-15,P008,1,148.43,COMPLETED
6929,1131,2026-08-22,P028,4,39.00,COMPLETED
6930,1068,2026-08-08,P023,3,131.26,CANCELLED
6931,1032,2026-08-27,P011,6,57.48,CANCELLED
6932,1122,2026-08-12,P004,2,449.79,COMPLETED
6933,1195,2026-08-08,P030,5,128.60,COMPLETED
6934,1098,2026-08-07,P044,3,183.51,CANCELLED
6935,1177,2026-08-10,P022,1,486.53,COMPLETED
6936,1167,2026-08-13,P043,3,164.45,COMPLETED
6937,1087,2026-08-07,P017,2,45.79,COMPLETED
6938,1007,2026-08-21,P041,2,65.64,COMPLETED
6939,1027,2026-08-01,P016,7,15.67,CANCELLED
6940,1009,2026-08-21,P024,4,35.85,COMPLETED
6941,1080,2026-08-06,P017,2,489.11,COMPLETED
6942,1113,2026-08-21,P042,7,394.25,COMPLETED
6943,1144,2026-08-24,P017,6,409.99,COMPLETED
6944,1105,2026-08-11,P007,7,68.76,COMPLETED
6945,1037,2026-08-22,P027,5,142.37,COMPLETED
6946,1085,2026-08-18,P021,5,427.00,COMPLETED
6947,1040,2026-08-15,P026,6,272.30,RETURNED
6948,1028,2026-08-05,P018,6,39.41,RETURNED
6949,1047,2026-08-19,P013,5,484.07,COMPLETED
6950,1152,2026-08-07,P015,6,282.03,COMPLETED
6951,1172,2026-08-17,P048,1,349.90,COMPLETED
6952,1008,2026-08-21,P022,3,258.91,COMPLETED
6953,1128,2026-08-26,P046,8,164.91,RETURNED
6954,1093,2026-08-03,P017,8,406.06,COMPLETED
6955,1181,2026-08-05,P045,6,98.61,CANCELLED
6956,1074,2026-08-16,P050,8,246.39,COMPLETED
6957,1151,2026-08-19,P016,7,139.63,COMPLETED
6958,1014,2026-08-10,P004,7,148.33,CANCELLED
6959,1131,2026-08-01,P009,7,288.47,CANCELLED
6960,1190,2026-08-10,P043,7,71.69,CANCELLED
6961,1128,2026-08-12,P030,6,403.14,RETURNED
6962,1075,2026-08-08,P042,6,452.57,CANCELLED
6963,1006,2026-08-01,P017,2,78.46,COMPLETED
6964,1065,2026-08-15,P023,3,431.26,COMPLETED
6965,1194,2026-08-20,P028,7,31.33,COMPLETED
6966,1162,2026-08-19,P048,4,79.25,COMPLETED
6967,1037,2026-08-15,P026,1,225.78,COMPLETED
6968,1076,2026-08-12,P013,2,356.26,COMPLETED
6969,1056,2026-08-22,P009,7,389.19,COMPLETED
6970,1178,2026-08-02,P050,4,377.26,RETURNED
6971,1153,2026-08-10,P033,4,340.25,RETURNED
6972,1118,2026-08-09,P036,5,469.54,RETURNED
6973,1063,2026-08-12,P028,3,345.98,COMPLETED
6974,1068,2026-08-26,P037,8,299.85,CANCELLED
6975,1079,2026-08-24,P039,5,174.70,COMPLETED
6976,1188,2026-08-23,P033,6,422.93,COMPLETED
6977,1186,2026-08-06,P007,8,365.32,CANCELLED
6978,1169,2026-08-23,P010,5,343.72,CANCELLED
6979,1034,2026-08-24,P010,2,269.25,COMPLETED
6980,1054,2026-08-01,P026,3,114.51,COMPLETED
6981,1105,2026-08-16,P018,7,60.16,COMPLETED
6982,1072,2026-08-25,P047,5,489.46,CANCELLED
6983,1042,2026-08-11,P036,6,58.66,CANCELLED
6984,1005,2026-08-08,P023,2,478.93,COMPLETED
6985,1155,2026-08-05,P011,3,270.63,COMPLETED
6986,1087,2026-08-16,P038,5,342.79,COMPLETED
6987,1108,2026-08-06,P032,3,226.75,CANCELLED
6988,1160,2026-08-26,P014,5,99.45,COMPLETED
6989,1193,2026-08-23,P015,5,116.34,CANCELLED
6990,1134,2026-08-07,P014,3,360.57,RETURNED
6991,1089,2026-08-14,P008,3,49.11,COMPLETED
6992,1126,2026-08-01,P029,3,195.88,COMPLETED
6993,1161,2026-08-03,P041,5,104.92,COMPLETED
6994,1146,2026-08-23,P043,7,478.64,CANCELLED
6995,1128,2026-08-26,P005,6,116.12,COMPLETED
6996,1007,2026-08-12,P023,8,131.83,COMPLETED
6997,1117,2026-08-01,P015,4,42.09,COMPLETED
6998,1160,2026-08-22,P014,6,35.35,COMPLETED
6999,1059,2026-08-15,P007,8,426.50,COMPLETED
7000,1071,2026-08-20,P006,8,494.56,COMPLETED
7001,1197,2026-08-17,P011,6,35.32,CANCELLED
7002,1179,2026-08-22,P002,6,307.20,RETURNED
7003,1005,2026-08-05,P001,7,276.61,RETURNED
7004,1008,2026-08-02,P036,8,83.86,CANCELLED
7005,1032,2026-08-03,P034,3,472.45,RETURNED
7006,1063,2026-08-25,P039,5,180.11,COMPLETED
7007,1034,2026-08-19,P016,7,388.49,COMPLETED
7008,1200,2026-08-03,P040,6,407.24,RETURNED
7009,1030,2026-08-24,P030,8,473.58,COMPLETED
7010,1051,2026-08-15,P001,1,106.87,RETURNED
7011,1001,2026-08-17,P039,1,399.24,COMPLETED
7012,1044,2026-08-03,P047,8,174.75,COMPLETED
7013,1013,2026-08-04,P029,4,467.05,RETURNED
7014,1090,2026-08-21,P034,7,251.88,CANCELLED
7015,1087,2026-08-11,P001,6,344.56,RETURNED
7016,1012,2026-08-11,P019,2,158.79,RETURNED
7017,1064,2026-08-27,P026,8,96.23,CANCELLED
7018,1033,2026-08-20,P029,5,341.81,COMPLETED
7019,1027,2026-08-17,P035,7,478.16,COMPLETED
7020,1058,2026-08-10,P042,3,29.29,RETURNED
7021,1175,2026-08-09,P045,6,457.52,COMPLETED
7022,1099,2026-08-13,P017,3,61.96,COMPLETED
7023,1074,2026-08-10,P007,4,430.57,CANCELLED
7024,1009,2026-08-26,P029,7,230.07,RETURNED
7025,1189,2026-08-22,P045,7,286.18,COMPLETED
7026,1159,2026-08-18,P005,6,228.79,COMPLETED
7027,1112,2026-08-02,P030,7,326.36,COMPLETED
7028,1130,2026-08-14,P029,5,475.31,RETURNED
7029,1082,2026-08-08,P014,8,273.61,CANCELLED
7030,1041,2026-08-16,P018,1,45.51,RETURNED
7031,1069,2026-08-07,P023,2,221.27,RETURNED
7032,1067,2026-08-17,P016,3,463.89,CANCELLED
7033,1001,2026-08-18,P019,1,142.50,COMPLETED
7034,1018,2026-08-16,P033,4,200.60,CANCELLED
7035,1046,2026-08-12,P028,7,395.32,RETURNED
7036,1199,2026-08-05,P050,1,418.50,COMPLETED
7037,1054,2026-08-22,P022,3,240.12,CANCELLED
7038,1124,2026-08-04,P012,3,188.46,COMPLETED
7039,1142,2026-08-05,P050,4,12.38,COMPLETED
7040,1030,2026-08-15,P024,6,395.96,COMPLETED
7041,1199,2026-08-05,P025,5,99.00,CANCELLED
7042,1186,2026-08-01,P001,1,294.36,COMPLETED
7043,1156,2026-08-16,P003,4,209.56,COMPLETED
7044,1069,2026-08-01,P005,4,451.92,COMPLETED
7045,1049,2026-08-27,P009,7,175.81,RETURNED
7046,1138,2026-08-17,P018,6,222.50,RETURNED
7047,1113,2026-08-22,P002,8,434.21,CANCELLED
7048,1007,2026-08-26,P032,1,218.83,COMPLETED
7049,1062,2026-08-13,P016,2,417.47,CANCELLED
7050,1188,2026-08-02,P038,1,394.13,COMPLETED
7051,1073,2026-08-24,P013,8,496.00,CANCELLED
7052,1187,2026-08-18,P041,8,50.40,CANCELLED
7053,1021,2026-08-08,P023,8,223.96,CANCELLED
7054,1002,2026-08-23,P048,8,402.00,COMPLETED
7055,1112,2026-08-09,P028,6,418.34,COMPLETED
7056,1139,2026-08-17,P047,3,152.33,CANCELLED
7057,1126,2026-08-10,P033,2,144.29,COMPLETED
7058,1186,2026-08-08,P047,2,132.84,RETURNED
7059,1054,2026-08-17,P046,8,94.83,COMPLETED
7060,1042,2026-08-22,P009,3,50.26,COMPLETED
7061,1150,2026-08-23,P034,4,292.36,COMPLETED
7062,1007,2026-08-04,P001,6,285.96,CANCELLED
7063,1036,2026-08-23,P043,2,113.69,COMPLETED
7064,1067,2026-08-10,P050,5,474.56,COMPLETED
7065,1124,2026-08-14,P005,8,462.59,COMPLETED
7066,1119,2026-08-27,P042,5,64.13,CANCELLED
7067,1107,2026-08-13,P036,1,155.38,RETURNED
7068,1026,2026-08-27,P026,4,292.60,COMPLETED
7069,1126,2026-08-12,P043,8,329.92,CANCELLED
7070,1122,2026-08-25,P047,7,466.78,CANCELLED
7071,1124,2026-08-13,P026,7,432.05,COMPLETED
7072,1129,2026-08-18,P043,6,71.60,COMPLETED
7073,1080,2026-08-21,P022,3,297.20,COMPLETED
7074,1016,2026-08-06,P019,2,250.60,RETURNED
7075,1152,2026-08-20,P036,8,269.32,RETURNED
7076,1077,2026-08-16,P048,3,239.33,COMPLETED
7077,1020,2026-08-05,P044,3,12.42,RETURNED
7078,1156,2026-08-12,P011,1,212.94,RETURNED
7079,1060,2026-08-27,P042,8,393.98,RETURNED
7080,1098,2026-08-14,P031,5,27.00,COMPLETED
7081,1111,2026-08-10,P013,7,431.81,RETURNED
7082,1023,2026-08-02,P017,4,89.49,COMPLETED
7083,1179,2026-08-02,P013,4,53.59,RETURNED
7084,1006,2026-08-27,P006,4,128.49,COMPLETED
7085,1103,2026-08-04,P023,5,337.61,COMPLETED
7086,1128,2026-08-17,P021,6,178.14,COMPLETED
7087,1146,2026-08-05,P026,5,184.18,COMPLETED
7088,1106,2026-08-11,P039,2,145.48,CANCELLED
7089,1134,2026-08-09,P014,6,232.86,COMPLETED
7090,1140,2026-08-03,P013,8,479.25,RETURNED
7091,1085,2026-08-15,P023,2,331.80,CANCELLED
7092,1064,2026-08-14,P043,7,486.95,COMPLETED
7093,1191,2026-08-26,P035,6,358.19,CANCELLED
7094,1168,2026-08-22,P035,5,43.46,COMPLETED
7095,1178,2026-08-11,P008,7,452.94,RETURNED
7096,1189,2026-08-20,P028,2,389.71,COMPLETED
7097,1079,2026-08-09,P041,7,467.79,CANCELLED
7098,1101,2026-08-14,P044,3,300.04,RETURNED
7099,1093,2026-08-10,P008,3,221.49,CANCELLED
7100,1124,2026-08-19,P037,8,103.71,RETURNED
7101,1002,2026-08-02,P009,2,408.20,CANCELLED
7102,1015,2026-08-27,P044,2,307.29,RETURNED
7103,1049,2026-08-11,P035,3,419.98,CANCELLED
7104,1032,2026-08-06,P050,2,458.40,COMPLETED
7105,1163,2026-08-21,P018,2,290.34,COMPLETED
7106,1079,2026-08-24,P047,7,94.05,COMPLETED
7107,1025,2026-08-14,P026,3,83.75,COMPLETED
7108,1061,2026-08-14,P039,7,116.36,COMPLETED
7109,1040,2026-08-22,P019,6,27.87,COMPLETED
7110,1083,2026-08-24,P016,3,197.80,RETURNED
7111,1014,2026-08-03,P042,5,17.10,CANCELLED
7112,1153,2026-08-11,P049,6,472.76,RETURNED
7113,1071,2026-08-27,P011,5,42.12,COMPLETED
7114,1049,2026-08-05,P049,5,269.32,COMPLETED
7115,1004,2026-08-02,P049,8,147.21,RETURNED
7116,1132,2026-08-07,P004,4,471.41,RETURNED
7117,1068,2026-08-21,P018,8,21.98,COMPLETED
7118,1159,2026-08-10,P001,4,52.16,CANCELLED
7119,1045,2026-08-16,P016,2,337.94,COMPLETED
7120,1034,2026-08-23,P049,4,469.96,CANCELLED
7121,1091,2026-08-16,P022,4,249.86,COMPLETED
7122,1033,2026-08-15,P029,7,41.79,COMPLETED
7123,1080,2026-08-16,P036,4,175.40,COMPLETED
7124,1047,2026-08-10,P025,8,469.43,CANCELLED
7125,1175,2026-08-14,P016,2,176.40,RETURNED
7126,1046,2026-08-07,P030,3,307.54,COMPLETED
7127,1089,2026-08-27,P004,3,481.24,COMPLETED
7128,1057,2026-08-07,P041,5,416.95,COMPLETED
7129,1121,2026-08-19,P040,1,223.97,RETURNED
7130,1074,2026-08-20,P029,6,257.08,CANCELLED
7131,1145,2026-08-07,P005,4,355.38,COMPLETED
7132,1029,2026-08-20,P045,1,118.31,RETURNED
7133,1089,2026-08-04,P039,3,493.33,COMPLETED
7134,1171,2026-08-19,P006,6,164.38,COMPLETED
7135,1190,2026-08-26,P006,3,51.30,CANCELLED
7136,1009,2026-08-22,P046,3,491.68,CANCELLED
7137,1012,2026-08-21,P001,6,303.04,COMPLETED
7138,1065,2026-08-27,P014,5,102.90,CANCELLED
7139,1042,2026-08-09,P048,5,132.98,RETURNED
7140,1065,2026-08-26,P010,7,298.24,COMPLETED
7141,1119,2026-08-23,P041,1,319.45,COMPLETED
7142,1129,2026-08-06,P016,8,205.01,COMPLETED
7143,1161,2026-08-06,P033,8,259.22,CANCELLED
7144,1028,2026-08-18,P004,6,337.64,RETURNED
7145,1096,2026-08-07,P014,4,274.80,COMPLETED
7146,1016,2026-08-01,P043,1,298.12,CANCELLED
7147,1188,2026-08-07,P028,3,177.63,CANCELLED
7148,1095,2026-08-15,P036,6,149.01,CANCELLED
7149,1169,2026-08-04,P020,8,91.19,CANCELLED
7150,1071,2026-08-21,P027,1,128.25,COMPLETED
7151,1097,2026-08-08,P023,3,358.75,CANCELLED
7152,1198,2026-08-17,P005,5,469.75,COMPLETED
7153,1086,2026-08-10,P008,7,370.08,CANCELLED
7154,1194,2026-08-11,P005,8,109.97,RETURNED
7155,1128,2026-08-12,P026,2,395.93,RETURNED
7156,1145,2026-08-22,P024,7,185.90,RETURNED
7157,1004,2026-08-14,P003,6,396.64,COMPLETED
7158,1081,2026-08-23,P010,4,229.37,COMPLETED
7159,1133,2026-08-19,P017,7,371.01,COMPLETED
7160,1048,2026-08-03,P009,1,286.34,COMPLETED
7161,1123,2026-08-03,P038,5,175.87,COMPLETED
7162,1034,2026-08-27,P015,4,232.05,CANCELLED
7163,1018,2026-08-13,P019,7,32.09,COMPLETED
7164,1048,2026-08-14,P040,5,114.86,CANCELLED
7165,1125,2026-08-02,P010,2,118.13,COMPLETED
7166,1159,2026-08-19,P050,3,69.71,COMPLETED
7167,1172,2026-08-12,P013,3,162.58,RETURNED
7168,1095,2026-08-05,P003,3,307.60,COMPLETED
7169,1035,2026-08-23,P036,5,288.21,COMPLETED
7170,1174,2026-08-01,P042,8,404.58,RETURNED
7171,1014,2026-08-26,P035,6,107.09,CANCELLED
7172,1169,2026-08-18,P019,4,333.02,CANCELLED
7173,1007,2026-08-13,P004,8,346.65,CANCELLED
7174,1103,2026-08-17,P028,3,162.24,CANCELLED
7175,1057,2026-08-13,P028,5,347.04,COMPLETED
7176,1105,2026-08-22,P033,5,113.08,COMPLETED
7177,1005,2026-08-22,P034,6,453.66,COMPLETED
7178,1163,2026-08-11,P028,3,173.76,COMPLETED
7179,1097,2026-08-19,P025,8,398.45,RETURNED
7180,1200,2026-08-25,P010,3,113.25,COMPLETED
7181,1162,2026-08-15,P020,3,249.04,CANCELLED
7182,1015,2026-08-18,P047,3,242.05,COMPLETED
7183,1173,2026-08-15,P044,3,104.29,COMPLETED
7184,1111,2026-08-09,P027,5,438.87,CANCELLED
7185,1077,2026-08-04,P039,1,183.18,CANCELLED
7186,1132,2026-08-03,P026,1,490.36,COMPLETED
7187,1192,2026-08-17,P034,7,381.30,RETURNED
7188,1065,2026-08-16,P039,3,143.20,COMPLETED
7189,1195,2026-08-01,P042,4,343.29,RETURNED
7190,1110,2026-08-12,P040,2,264.87,COMPLETED
7191,1077,2026-08-14,P018,2,122.48,COMPLETED
7192,1061,2026-08-18,P007,4,350.75,RETURNED
7193,1149,2026-08-08,P048,1,69.44,COMPLETED
7194,1018,2026-08-09,P009,8,216.21,COMPLETED
7195,1064,2026-08-16,P041,8,305.21,RETURNED
7196,1173,2026-08-18,P011,1,54.62,COMPLETED
7197,1056,2026-08-26,P007,1,47.62,RETURNED
7198,1002,2026-08-25,P041,6,98.39,COMPLETED
7199,1056,2026-08-08,P005,2,188.27,COMPLETED
7200,1176,2026-08-08,P014,7,322.21,COMPLETED
7201,1046,2026-08-10,P006,1,300.89,COMPLETED
7202,1032,2026-08-16,P036,1,99.96,RETURNED
7203,1029,2026-08-14,P012,8,101.78,RETURNED
7204,1063,2026-08-12,P007,1,449.81,CANCELLED
7205,1148,2026-08-16,P045,6,205.44,COMPLETED
7206,1168,2026-08-01,P038,1,348.23,COMPLETED
7207,1055,2026-08-15,P049,7,435.72,COMPLETED
7208,1066,2026-08-10,P014,5,269.50,RETURNED
7209,1019,2026-08-25,P021,8,65.73,COMPLETED
7210,1159,2026-08-24,P008,8,159.18,COMPLETED
7211,1177,2026-08-15,P036,1,449.98,CANCELLED
7212,1137,2026-08-01,P012,3,246.49,COMPLETED
7213,1061,2026-08-09,P043,1,32.83,RETURNED
7214,1183,2026-08-01,P037,4,148.69,COMPLETED
7215,1098,2026-08-06,P043,4,92.19,COMPLETED
7216,1182,2026-08-01,P014,6,431.95,COMPLETED
7217,1036,2026-08-09,P044,2,277.73,COMPLETED
7218,1093,2026-08-06,P010,8,198.35,COMPLETED
7219,1026,2026-08-06,P028,2,117.92,CANCELLED
7220,1043,2026-08-19,P034,6,365.52,COMPLETED
7221,1007,2026-08-06,P007,7,252.11,COMPLETED
7222,1029,2026-08-13,P028,8,257.71,CANCELLED
7223,1154,2026-08-26,P001,7,371.06,COMPLETED
7224,1130,2026-08-11,P026,2,173.22,COMPLETED
7225,1060,2026-08-25,P050,3,221.83,COMPLETED
7226,1147,2026-08-06,P020,3,29.99,COMPLETED
7227,1006,2026-08-16,P019,6,112.27,COMPLETED
7228,1134,2026-08-12,P018,4,48.03,COMPLETED
7229,1083,2026-08-02,P021,6,23.46,COMPLETED
7230,1042,2026-08-17,P036,5,255.88,COMPLETED
7231,1060,2026-08-14,P032,8,228.82,RETURNED
7232,1126,2026-08-09,P004,7,231.52,COMPLETED
7233,1167,2026-08-18,P029,4,498.13,CANCELLED
7234,1087,2026-08-09,P033,5,417.08,COMPLETED
7235,1002,2026-08-11,P006,6,361.76,CANCELLED
7236,1165,2026-08-06,P039,8,91.83,CANCELLED
7237,1145,2026-08-08,P002,3,278.76,COMPLETED
7238,1093,2026-08-23,P007,4,73.91,COMPLETED
7239,1050,2026-08-25,P017,3,40.97,COMPLETED
7240,1137,2026-08-14,P002,4,426.42,COMPLETED
7241,1046,2026-08-20,P020,1,188.30,COMPLETED
7242,1173,2026-08-13,P031,6,41.47,COMPLETED
7243,1118,2026-08-16,P004,2,362.32,CANCELLED
7244,1113,2026-08-09,P037,6,470.19,CANCELLED
7245,1162,2026-08-17,P043,7,476.54,COMPLETED
7246,1115,2026-08-06,P048,5,416.43,RETURNED
7247,1140,2026-08-01,P044,5,321.01,COMPLETED
7248,1032,2026-08-08,P007,2,293.00,COMPLETED
7249,1128,2026-08-27,P045,6,352.36,CANCELLED
7250,1019,2026-08-15,P038,8,213.89,COMPLETED
7251,1189,2026-08-05,P002,5,286.60,COMPLETED
7252,1025,2026-08-16,P029,1,288.44,CANCELLED
7253,1124,2026-08-10,P030,6,46.80,COMPLETED
7254,1143,2026-08-05,P001,3,336.09,COMPLETED
7255,1079,2026-08-23,P029,6,479.05,RETURNED
7256,1035,2026-08-06,P021,8,235.62,COMPLETED
7257,1091,2026-08-24,P041,3,39.07,RETURNED
7258,1135,2026-08-21,P037,3,270.74,RETURNED
7259,1129,2026-08-16,P032,4,186.77,COMPLETED
7260,1049,2026-08-15,P014,3,313.51,COMPLETED
7261,1161,2026-08-23,P002,8,446.96,COMPLETED
7262,1157,2026-08-23,P016,5,24.71,RETURNED
7263,1051,2026-08-17,P046,7,336.33,RETURNED
7264,1074,2026-08-26,P035,5,385.24,COMPLETED
7265,1064,2026-08-09,P038,3,341.89,RETURNED
7266,1101,2026-08-08,P044,6,364.19,COMPLETED
7267,1142,2026-08-05,P047,4,305.38,RETURNED
7268,1040,2026-08-14,P031,8,208.58,COMPLETED
7269,1080,2026-08-11,P001,4,416.91,CANCELLED
7270,1027,2026-08-21,P027,3,37.70,CANCELLED
7271,1016,2026-08-07,P008,4,142.38,COMPLETED
7272,1102,2026-08-23,P045,3,55.01,COMPLETED
7273,1107,2026-08-09,P014,6,96.76,CANCELLED
7274,1056,2026-08-06,P013,7,99.15,COMPLETED
7275,1069,2026-08-15,P024,1,148.82,COMPLETED
7276,1168,2026-08-26,P020,2,372.70,COMPLETED
7277,1022,2026-08-09,P005,5,467.67,COMPLETED
7278,1148,2026-08-15,P017,6,139.92,COMPLETED
7279,1074,2026-08-19,P011,6,244.25,COMPLETED
7280,1161,2026-08-21,P050,5,98.02,COMPLETED
7281,1094,2026-08-13,P005,4,257.78,COMPLETED
7282,1105,2026-08-20,P018,2,70.28,CANCELLED
7283,1170,2026-08-21,P025,3,452.02,COMPLETED
7284,1113,2026-08-06,P047,8,95.03,COMPLETED
7285,1160,2026-08-11,P040,4,329.39,RETURNED
7286,1146,2026-08-16,P008,6,384.69,COMPLETED
7287,1081,2026-08-08,P008,1,39.97,COMPLETED
7288,1057,2026-08-12,P018,2,400.50,CANCELLED
7289,1061,2026-08-19,P004,3,459.53,COMPLETED
7290,1190,2026-08-15,P013,3,137.44,COMPLETED
7291,1104,2026-08-01,P020,2,78.75,COMPLETED
7292,1175,2026-08-24,P025,8,272.19,COMPLETED
7293,1163,2026-08-10,P005,4,374.94,COMPLETED
7294,1108,2026-08-21,P048,7,16.49,RETURNED
7295,1097,2026-08-13,P039,2,365.44,CANCELLED
7296,1156,2026-08-08,P007,8,457.44,COMPLETED
7297,1126,2026-08-26,P039,2,264.25,COMPLETED
7298,1020,2026-08-13,P050,6,14.39,COMPLETED
7299,1003,2026-08-15,P007,2,181.50,COMPLETED
7300,1187,2026-08-06,P013,6,11.09,COMPLETED
7301,1066,2026-08-14,P049,1,10.81,COMPLETED
7302,1159,2026-08-06,P035,8,90.88,CANCELLED
7303,1029,2026-08-26,P012,4,323.05,COMPLETED
7304,1068,2026-08-18,P048,7,445.40,RETURNED
7305,1010,2026-08-18,P030,5,79.09,RETURNED
7306,1163,2026-08-13,P049,7,312.76,CANCELLED
7307,1016,2026-08-17,P042,5,90.32,COMPLETED
7308,1070,2026-08-10,P009,2,146.35,COMPLETED
7309,1058,2026-08-13,P032,1,324.40,COMPLETED
7310,1091,2026-08-08,P038,7,43.19,COMPLETED
7311,1182,2026-08-06,P039,6,372.54,COMPLETED
7312,1179,2026-08-15,P028,6,333.25,COMPLETED
7313,1156,2026-08-25,P033,8,354.14,COMPLETED
7314,1081,2026-08-19,P032,4,24.07,CANCELLED
7315,1154,2026-08-19,P042,8,333.44,RETURNED
7316,1112,2026-08-27,P002,4,201.08,CANCELLED
7317,1151,2026-08-10,P014,2,29.78,RETURNED
7318,1198,2026-08-09,P018,2,165.06,COMPLETED
7319,1088,2026-08-19,P028,1,487.87,COMPLETED
7320,1162,2026-08-05,P027,6,386.07,RETURNED
7321,1004,2026-08-21,P040,7,218.51,CANCELLED
7322,1120,2026-08-07,P026,6,160.55,COMPLETED
7323,1044,2026-08-16,P006,6,424.18,COMPLETED
7324,1043,2026-08-03,P043,5,73.47,COMPLETED
7325,1074,2026-08-13,P007,5,420.85,RETURNED
7326,1089,2026-08-01,P038,3,428.76,COMPLETED
7327,1156,2026-08-02,P041,6,491.51,COMPLETED
7328,1087,2026-08-11,P011,7,193.02,COMPLETED
7329,1117,2026-08-21,P049,4,240.61,RETURNED
7330,1186,2026-08-11,P027,1,413.25,COMPLETED
7331,1058,2026-08-25,P032,6,234.79,COMPLETED
7332,1192,2026-08-18,P010,6,366.44,COMPLETED
7333,1085,2026-08-03,P048,3,93.56,RETURNED
7334,1152,2026-08-27,P041,5,215.46,COMPLETED
7335,1198,2026-08-03,P011,8,404.66,COMPLETED
7336,1145,2026-08-16,P044,3,314.37,CANCELLED
7337,1160,2026-08-11,P026,3,112.42,CANCELLED
7338,1058,2026-08-09,P043,1,79.68,RETURNED
7339,1001,2026-08-11,P004,5,28.64,RETURNED
7340,1183,2026-08-09,P006,2,177.82,COMPLETED
7341,1190,2026-08-10,P021,3,213.28,CANCELLED
7342,1140,2026-08-11,P022,4,420.21,COMPLETED
7343,1156,2026-08-23,P031,4,341.10,CANCELLED
7344,1158,2026-08-23,P019,4,173.52,CANCELLED
7345,1112,2026-08-03,P048,5,74.11,COMPLETED
7346,1091,2026-08-01,P010,5,39.18,COMPLETED
7347,1105,2026-08-13,P005,4,110.20,COMPLETED
7348,1049,2026-08-17,P029,8,267.53,COMPLETED
7349,1090,2026-08-17,P039,3,328.85,COMPLETED
7350,1011,2026-08-22,P019,4,348.86,COMPLETED
7351,1099,2026-08-23,P004,2,245.67,COMPLETED
7352,1096,2026-08-07,P019,4,39.97,COMPLETED
7353,1168,2026-08-03,P028,5,132.40,COMPLETED
7354,1162,2026-08-22,P039,3,341.72,COMPLETED
7355,1142,2026-08-03,P035,4,240.90,COMPLETED
7356,1018,2026-08-24,P003,3,345.24,RETURNED
7357,1186,2026-08-08,P027,7,247.91,CANCELLED
7358,1107,2026-08-15,P022,8,232.91,CANCELLED
7359,1077,2026-08-13,P022,5,184.97,RETURNED
7360,1130,2026-08-02,P008,4,132.60,RETURNED
7361,1198,2026-08-11,P048,5,109.00,COMPLETED
7362,1160,2026-08-04,P014,1,78.46,RETURNED
7363,1013,2026-08-11,P035,6,110.66,RETURNED
7364,1064,2026-08-24,P013,3,104.15,COMPLETED
7365,1018,2026-08-07,P020,6,342.57,RETURNED
7366,1008,2026-08-11,P030,6,375.89,COMPLETED
7367,1111,2026-08-05,P009,7,132.70,CANCELLED
7368,1184,2026-08-01,P007,7,225.61,COMPLETED
7369,1077,2026-08-21,P020,2,375.71,RETURNED
7370,1108,2026-08-16,P019,7,87.02,RETURNED
7371,1117,2026-08-08,P045,5,333.84,RETURNED
7372,1150,2026-08-15,P019,4,36.72,COMPLETED
7373,1044,2026-08-14,P023,6,414.28,COMPLETED
7374,1190,2026-08-22,P050,1,87.26,COMPLETED
7375,1197,2026-08-17,P008,4,232.44,COMPLETED
7376,1136,2026-08-12,P050,3,273.14,RETURNED
7377,1184,2026-08-20,P038,2,299.95,COMPLETED
7378,1099,2026-08-27,P044,6,476.33,COMPLETED
7379,1180,2026-08-20,P038,2,377.08,COMPLETED
7380,1076,2026-08-11,P020,7,331.84,CANCELLED
7381,1150,2026-08-09,P001,6,80.75,COMPLETED
7382,1044,2026-08-09,P020,2,484.58,COMPLETED
7383,1094,2026-08-24,P022,7,252.80,COMPLETED
7384,1129,2026-08-16,P038,1,395.86,CANCELLED
7385,1089,2026-08-25,P049,8,303.57,COMPLETED
7386,1012,2026-08-04,P048,5,194.12,RETURNED
7387,1037,2026-08-22,P049,4,217.52,COMPLETED
7388,1179,2026-08-02,P002,3,454.72,COMPLETED
7389,1119,2026-08-26,P031,5,336.36,COMPLETED
7390,1180,2026-08-27,P028,8,128.24,COMPLETED
7391,1026,2026-08-22,P015,4,61.86,COMPLETED
7392,1033,2026-08-01,P044,8,297.83,COMPLETED
7393,1083,2026-08-13,P012,5,181.52,CANCELLED
7394,1184,2026-08-12,P033,5,327.32,COMPLETED
7395,1129,2026-08-05,P022,7,250.04,COMPLETED
7396,1101,2026-08-12,P034,1,217.22,RETURNED
7397,1120,2026-08-03,P008,6,185.70,COMPLETED
7398,1021,2026-08-12,P027,7,341.90,CANCELLED
7399,1145,2026-08-18,P016,5,490.37,CANCELLED
7400,1105,2026-08-24,P041,4,200.12,COMPLETED
7401,1179,2026-08-11,P027,6,163.66,COMPLETED
7402,1086,2026-08-03,P027,4,111.45,COMPLETED
7403,1096,2026-08-06,P005,3,137.79,RETURNED
7404,1104,2026-08-05,P005,6,203.51,RETURNED
7405,1165,2026-08-05,P046,2,474.91,CANCELLED
7406,1080,2026-08-19,P036,8,424.38,CANCELLED
7407,1135,2026-08-19,P031,8,281.19,RETURNED
7408,1022,2026-08-25,P037,7,372.37,CANCELLED
7409,1127,2026-08-08,P041,1,180.28,COMPLETED
7410,1047,2026-08-09,P012,4,200.45,COMPLETED
7411,1035,2026-08-27,P016,2,216.76,COMPLETED
7412,1104,2026-08-04,P038,3,246.51,COMPLETED
7413,1028,2026-08-04,P049,8,201.32,RETURNED
7414,1175,2026-08-03,P042,7,129.42,COMPLETED
7415,1058,2026-08-27,P025,6,337.00,COMPLETED
7416,1004,2026-08-14,P027,3,95.15,COMPLETED
7417,1165,2026-08-12,P048,7,240.52,COMPLETED
7418,1159,2026-08-16,P047,8,193.12,COMPLETED
7419,1001,2026-08-06,P020,5,402.19,COMPLETED
7420,1191,2026-08-27,P011,1,116.37,CANCELLED
7421,1033,2026-08-07,P020,1,116.82,RETURNED
7422,1178,2026-08-06,P025,8,159.26,COMPLETED
7423,1186,2026-08-24,P015,6,72.39,COMPLETED
7424,1143,2026-08-27,P033,7,49.62,COMPLETED
7425,1139,2026-08-01,P001,4,419.05,CANCELLED
7426,1106,2026-08-27,P009,6,257.73,COMPLETED
7427,1167,2026-08-18,P043,6,107.94,COMPLETED
7428,1042,2026-08-23,P033,2,56.00,COMPLETED
7429,1008,2026-08-15,P014,8,399.63,CANCELLED
7430,1101,2026-08-14,P042,7,202.69,RETURNED
7431,1019,2026-08-10,P042,8,95.84,COMPLETED
7432,1084,2026-08-06,P038,7,476.31,RETURNED
7433,1052,2026-08-09,P044,6,14.98,CANCELLED
7434,1171,2026-08-20,P043,1,361.39,RETURNED
7435,1126,2026-08-09,P024,1,417.98,COMPLETED
7436,1028,2026-08-12,P043,4,336.48,COMPLETED
7437,1033,2026-08-05,P045,5,372.42,CANCELLED
7438,1026,2026-08-23,P038,6,213.13,COMPLETED
7439,1104,2026-08-02,P033,4,36.71,CANCELLED
7440,1018,2026-08-18,P009,1,233.48,CANCELLED
7441,1160,2026-08-11,P019,3,149.18,RETURNED
7442,1041,2026-08-20,P047,2,255.24,RETURNED
7443,1044,2026-08-17,P001,4,258.76,COMPLETED
7444,1120,2026-08-11,P029,2,145.50,CANCELLED
7445,1063,2026-08-14,P026,5,291.43,COMPLETED
7446,1089,2026-08-14,P009,6,225.83,RETURNED
7447,1193,2026-08-06,P025,3,354.54,COMPLETED
7448,1182,2026-08-27,P037,6,331.71,COMPLETED
7449,1068,2026-08-05,P038,5,285.33,COMPLETED
7450,1082,2026-08-07,P030,5,372.77,CANCELLED
7451,1020,2026-08-27,P047,7,433.09,COMPLETED
7452,1088,2026-08-18,P002,7,178.20,COMPLETED
7453,1153,2026-08-23,P023,2,351.75,CANCELLED
7454,1037,2026-08-24,P014,8,262.63,RETURNED
7455,1194,2026-08-23,P038,6,480.04,COMPLETED
7456,1149,2026-08-13,P050,1,462.60,COMPLETED
7457,1008,2026-08-03,P027,3,322.19,CANCELLED
7458,1105,2026-08-04,P003,6,338.96,RETURNED
7459,1113,2026-08-16,P009,1,497.67,COMPLETED
7460,1058,2026-08-22,P041,3,24.24,COMPLETED
7461,1041,2026-08-18,P001,2,472.32,RETURNED
7462,1123,2026-08-20,P028,7,204.05,COMPLETED
7463,1052,2026-08-15,P042,3,472.69,CANCELLED
7464,1129,2026-08-08,P015,5,389.43,CANCELLED
7465,1118,2026-08-12,P041,7,246.68,COMPLETED
7466,1169,2026-08-19,P021,1,180.28,CANCELLED
7467,1050,2026-08-26,P038,5,421.11,CANCELLED
7468,1067,2026-08-16,P026,8,26.64,CANCELLED
7469,1065,2026-08-07,P047,4,47.19,RETURNED
7470,1109,2026-08-01,P036,6,142.57,RETURNED
7471,1013,2026-08-16,P049,4,362.15,COMPLETED
7472,1015,2026-08-17,P011,7,271.56,COMPLETED
7473,1151,2026-08-07,P012,2,76.93,CANCELLED
7474,1070,2026-08-27,P032,7,72.61,RETURNED
7475,1133,2026-08-02,P004,1,286.14,COMPLETED
7476,1099,2026-08-01,P008,2,391.99,COMPLETED
7477,1004,2026-08-20,P003,8,386.60,COMPLETED
7478,1009,2026-08-03,P029,1,483.43,COMPLETED
7479,1113,2026-08-17,P049,6,136.24,COMPLETED
7480,1073,2026-08-21,P016,5,366.95,CANCELLED
7481,1163,2026-08-25,P003,4,411.94,RETURNED
7482,1028,2026-08-20,P037,5,61.27,RETURNED
7483,1135,2026-08-11,P015,7,253.93,COMPLETED
7484,1090,2026-08-04,P019,4,479.94,COMPLETED
7485,1182,2026-08-22,P012,5,330.83,COMPLETED
7486,1150,2026-08-21,P042,2,60.75,COMPLETED
7487,1192,2026-08-07,P001,6,304.57,RETURNED
7488,1073,2026-08-10,P005,3,334.30,COMPLETED
7489,1190,2026-08-11,P038,8,314.51,COMPLETED
7490,1036,2026-08-24,P016,4,382.56,RETURNED
7491,1120,2026-08-18,P025,8,342.90,CANCELLED
7492,1187,2026-08-02,P034,7,417.38,RETURNED
7493,1200,2026-08-11,P020,2,448.18,COMPLETED
7494,1121,2026-08-21,P036,4,286.45,COMPLETED
7495,1172,2026-08-18,P045,8,150.52,COMPLETED
7496,1105,2026-08-01,P016,2,260.16,COMPLETED
7497,1176,2026-08-23,P029,4,320.48,COMPLETED
7498,1063,2026-08-06,P033,7,378.53,COMPLETED
7499,1080,2026-08-01,P036,8,69.98,COMPLETED
7500,1058,2026-08-18,P007,6,67.44,COMPLETED
7501,1015,2026-08-27,P022,8,259.58,CANCELLED
7502,1116,2026-08-27,P032,8,208.94,COMPLETED
7503,1171,2026-08-19,P036,3,493.89,RETURNED
7504,1059,2026-08-20,P004,3,383.99,COMPLETED
7505,1113,2026-08-17,P018,8,166.60,COMPLETED
7506,1004,2026-08-12,P014,3,126.73,CANCELLED
7507,1136,2026-08-01,P031,7,224.57,COMPLETED
7508,1153,2026-08-20,P031,3,140.48,COMPLETED
7509,1120,2026-08-13,P005,6,177.39,COMPLETED
7510,1107,2026-08-13,P031,5,292.33,COMPLETED
7511,1191,2026-08-23,P020,6,56.42,COMPLETED
7512,1046,2026-08-08,P023,8,184.64,CANCELLED
7513,1077,2026-08-24,P044,5,486.56,RETURNED
7514,1083,2026-08-18,P009,3,491.72,CANCELLED
7515,1134,2026-08-21,P024,1,356.53,COMPLETED
7516,1081,2026-08-25,P048,2,411.28,CANCELLED
7517,1140,2026-08-16,P023,4,395.80,COMPLETED
7518,1189,2026-08-11,P027,8,219.63,CANCELLED
7519,1106,2026-08-02,P049,6,39.54,RETURNED
7520,1054,2026-08-01,P005,4,256.96,RETURNED
7521,1180,2026-08-08,P004,5,222.62,COMPLETED
7522,1110,2026-08-25,P004,8,166.82,COMPLETED
7523,1089,2026-08-21,P025,5,375.81,COMPLETED
7524,1200,2026-08-23,P035,4,428.51,RETURNED
7525,1093,2026-08-05,P009,4,157.32,COMPLETED
7526,1087,2026-08-25,P005,6,231.51,COMPLETED
7527,1164,2026-08-11,P009,8,428.08,CANCELLED
7528,1052,2026-08-07,P011,1,413.70,COMPLETED
7529,1097,2026-08-22,P008,3,237.35,RETURNED
7530,1184,2026-08-24,P045,7,388.72,RETURNED
7531,1119,2026-08-21,P048,7,294.20,COMPLETED
7532,1047,2026-08-16,P014,7,364.44,CANCELLED
7533,1089,2026-08-01,P042,4,345.42,COMPLETED
7534,1178,2026-08-16,P012,8,378.53,CANCELLED
7535,1049,2026-08-17,P008,2,289.69,RETURNED
7536,1072,2026-08-05,P006,3,364.71,COMPLETED
7537,1193,2026-08-23,P045,4,78.35,COMPLETED
7538,1062,2026-08-25,P044,7,100.86,RETURNED
7539,1093,2026-08-09,P018,2,456.60,COMPLETED
7540,1139,2026-08-12,P040,5,41.57,COMPLETED
7541,1197,2026-08-11,P001,4,51.91,COMPLETED
7542,1008,2026-08-08,P013,6,207.15,COMPLETED
7543,1049,2026-08-17,P021,3,221.24,COMPLETED
7544,1115,2026-08-20,P038,1,161.09,RETURNED
7545,1110,2026-08-13,P033,6,227.08,RETURNED
7546,1024,2026-08-23,P013,7,330.58,COMPLETED
7547,1107,2026-08-25,P012,6,39.24,RETURNED
7548,1161,2026-08-14,P014,6,199.11,COMPLETED
7549,1175,2026-08-15,P034,7,34.76,RETURNED
7550,1044,2026-08-06,P024,4,19.94,RETURNED
7551,1167,2026-08-15,P041,3,265.13,COMPLETED
7552,1171,2026-08-13,P014,8,467.13,CANCELLED
7553,1063,2026-08-07,P002,2,204.35,RETURNED
7554,1121,2026-08-10,P011,7,30.52,CANCELLED
7555,1054,2026-08-05,P045,1,125.45,CANCELLED
7556,1073,2026-08-10,P043,1,262.63,CANCELLED
7557,1111,2026-08-10,P016,2,319.53,COMPLETED
7558,1175,2026-08-21,P003,4,430.64,COMPLETED
7559,1177,2026-08-04,P007,1,359.53,CANCELLED
7560,1111,2026-08-14,P012,4,386.62,COMPLETED
7561,1082,2026-08-17,P020,5,187.79,COMPLETED
7562,1085,2026-08-10,P030,1,271.38,RETURNED
7563,1148,2026-08-13,P023,3,89.79,COMPLETED
7564,1131,2026-08-25,P020,2,320.59,RETURNED
7565,1188,2026-08-14,P050,2,27.83,CANCELLED
7566,1016,2026-08-24,P012,1,372.49,CANCELLED
7567,1005,2026-08-01,P041,5,215.23,COMPLETED
7568,1086,2026-08-15,P013,5,310.12,RETURNED
7569,1185,2026-08-27,P025,2,455.42,COMPLETED
7570,1007,2026-08-10,P027,5,45.57,CANCELLED
7571,1074,2026-08-21,P021,8,277.39,CANCELLED
7572,1111,2026-08-08,P023,3,455.50,COMPLETED
7573,1055,2026-08-06,P050,5,84.91,RETURNED
7574,1191,2026-08-19,P017,4,179.81,COMPLETED
7575,1165,2026-08-15,P001,2,402.12,CANCELLED
7576,1096,2026-08-25,P002,3,312.11,COMPLETED
7577,1164,2026-08-08,P048,1,495.33,COMPLETED
7578,1025,2026-08-27,P017,7,222.52,RETURNED
7579,1169,2026-08-11,P013,4,465.74,COMPLETED
7580,1148,2026-08-16,P049,2,134.81,COMPLETED
7581,1017,2026-08-12,P011,5,370.42,RETURNED
7582,1195,2026-08-26,P038,3,153.43,COMPLETED
7583,1047,2026-08-06,P033,1,412.14,RETURNED
7584,1047,2026-08-03,P004,6,395.21,RETURNED
7585,1113,2026-08-19,P026,6,77.96,RETURNED
7586,1041,2026-08-01,P027,2,486.37,RETURNED
7587,1012,2026-08-14,P021,3,173.74,COMPLETED
7588,1035,2026-08-16,P018,4,493.56,RETURNED
7589,1076,2026-08-03,P016,4,444.83,COMPLETED
7590,1190,2026-08-08,P049,3,189.03,COMPLETED
7591,1039,2026-08-16,P016,5,304.17,RETURNED
7592,1195,2026-08-08,P044,5,154.89,COMPLETED
7593,1054,2026-08-16,P039,7,183.84,RETURNED
7594,1188,2026-08-19,P036,5,85.64,COMPLETED
7595,1007,2026-08-24,P034,1,103.63,CANCELLED
7596,1074,2026-08-21,P036,5,412.35,CANCELLED
7597,1152,2026-08-21,P042,4,416.45,COMPLETED
7598,1086,2026-08-17,P004,6,407.95,COMPLETED
7599,1086,2026-08-22,P038,8,333.79,COMPLETED
7600,1033,2026-08-27,P014,6,67.78,CANCELLED
7601,1158,2026-08-16,P004,3,61.34,CANCELLED
7602,1147,2026-08-09,P045,5,136.01,COMPLETED
7603,1121,2026-08-19,P008,2,348.99,CANCELLED
7604,1182,2026-08-09,P017,1,24.49,COMPLETED
7605,1136,2026-08-13,P026,5,458.52,COMPLETED
7606,1123,2026-08-22,P019,8,379.61,COMPLETED
7607,1002,2026-08-20,P029,7,208.38,COMPLETED
7608,1015,2026-08-08,P050,7,195.44,COMPLETED
7609,1038,2026-08-26,P001,8,139.03,RETURNED
7610,1133,2026-08-04,P039,1,104.55,COMPLETED
7611,1034,2026-08-17,P035,3,184.24,RETURNED
7612,1056,2026-08-21,P038,5,12.33,COMPLETED
7613,1005,2026-08-25,P009,6,67.31,CANCELLED
7614,1113,2026-08-20,P024,6,246.74,COMPLETED
7615,1075,2026-08-23,P036,7,215.18,COMPLETED
7616,1103,2026-08-07,P031,2,219.40,RETURNED
7617,1067,2026-08-03,P042,8,164.40,RETURNED
7618,1125,2026-08-03,P025,4,175.77,COMPLETED
7619,1057,2026-08-06,P001,4,380.37,COMPLETED
7620,1094,2026-08-20,P009,6,127.76,CANCELLED
7621,1154,2026-08-02,P036,6,102.22,CANCELLED
7622,1008,2026-08-08,P006,5,355.36,COMPLETED
7623,1078,2026-08-09,P030,8,419.53,COMPLETED
7624,1168,2026-08-09,P029,8,108.84,CANCELLED
7625,1158,2026-08-02,P003,5,382.82,RETURNED
7626,1155,2026-08-14,P020,8,271.66,COMPLETED
7627,1087,2026-08-27,P037,7,488.56,CANCELLED
7628,1025,2026-08-15,P050,4,308.70,COMPLETED
7629,1065,2026-08-22,P002,4,388.92,COMPLETED
7630,1103,2026-08-16,P035,4,455.18,RETURNED
7631,1191,2026-08-04,P002,1,264.26,COMPLETED
7632,1128,2026-08-26,P021,2,355.82,CANCELLED
7633,1009,2026-08-20,P031,5,446.30,COMPLETED
7634,1129,2026-08-26,P043,2,449.94,RETURNED
7635,1174,2026-08-15,P047,8,402.92,CANCELLED
7636,1130,2026-08-19,P030,2,199.73,COMPLETED
7637,1196,2026-08-08,P005,7,131.15,COMPLETED
7638,1085,2026-08-02,P029,5,273.63,RETURNED
7639,1029,2026-08-23,P010,7,230.13,CANCELLED
7640,1141,2026-08-11,P005,8,350.18,RETURNED
7641,1126,2026-08-05,P049,2,91.46,RETURNED
7642,1043,2026-08-20,P017,6,456.78,RETURNED
7643,1104,2026-08-22,P002,2,316.02,RETURNED
7644,1090,2026-08-10,P044,2,362.33,RETURNED
7645,1050,2026-08-25,P030,6,439.08,COMPLETED
7646,1107,2026-08-02,P014,5,115.11,COMPLETED
7647,1104,2026-08-17,P032,6,190.52,COMPLETED
7648,1160,2026-08-16,P017,2,223.25,COMPLETED
7649,1079,2026-08-18,P001,2,142.78,COMPLETED
7650,1114,2026-08-02,P024,5,27.74,CANCELLED
7651,1032,2026-08-02,P004,3,126.84,CANCELLED
7652,1156,2026-08-10,P032,1,227.82,COMPLETED
7653,1042,2026-08-19,P012,7,266.79,RETURNED
7654,1079,2026-08-17,P010,6,377.09,CANCELLED
7655,1151,2026-08-07,P046,5,136.73,CANCELLED
7656,1096,2026-08-19,P008,3,449.10,RETURNED
7657,1105,2026-08-16,P041,4,408.10,COMPLETED
7658,1094,2026-08-09,P033,8,369.05,CANCELLED
7659,1124,2026-08-27,P005,4,477.83,COMPLETED
7660,1151,2026-08-27,P048,6,101.88,COMPLETED
7661,1178,2026-08-12,P032,1,400.09,CANCELLED
7662,1103,2026-08-04,P001,6,105.57,COMPLETED
7663,1180,2026-08-16,P002,5,464.91,COMPLETED
7664,1016,2026-08-02,P003,3,181.60,COMPLETED
7665,1105,2026-08-04,P044,4,451.19,CANCELLED
7666,1123,2026-08-16,P050,8,182.54,COMPLETED
7667,1115,2026-08-15,P037,2,495.40,CANCELLED
7668,1190,2026-08-04,P021,8,220.69,COMPLETED
7669,1179,2026-08-14,P030,5,97.44,COMPLETED
7670,1054,2026-08-19,P033,1,346.90,RETURNED
7671,1185,2026-08-21,P027,2,248.67,CANCELLED
7672,1043,2026-08-13,P029,3,467.13,COMPLETED
7673,1019,2026-08-05,P026,6,162.89,COMPLETED
7674,1080,2026-08-19,P027,2,166.10,COMPLETED
7675,1014,2026-08-16,P019,3,174.38,CANCELLED
7676,1132,2026-08-26,P011,8,494.53,COMPLETED
7677,1006,2026-08-22,P026,4,223.56,COMPLETED
7678,1048,2026-08-11,P026,6,26.08,COMPLETED
7679,1160,2026-08-08,P031,5,24.46,COMPLETED
7680,1198,2026-08-03,P044,3,85.82,COMPLETED
7681,1112,2026-08-27,P026,7,198.10,COMPLETED
7682,1189,2026-08-10,P041,1,168.92,COMPLETED
7683,1167,2026-08-09,P008,3,317.33,CANCELLED
7684,1058,2026-08-19,P045,5,118.41,COMPLETED
7685,1120,2026-08-17,P036,7,457.61,COMPLETED
7686,1133,2026-08-12,P003,2,127.48,COMPLETED
7687,1058,2026-08-15,P025,4,101.53,CANCELLED
7688,1086,2026-08-18,P024,7,155.34,COMPLETED
7689,1008,2026-08-14,P029,2,164.50,COMPLETED
7690,1128,2026-08-24,P001,6,336.14,COMPLETED
7691,1103,2026-08-06,P035,6,27.70,CANCELLED
7692,1033,2026-08-26,P050,5,151.75,COMPLETED
7693,1082,2026-08-11,P036,7,331.34,CANCELLED
7694,1064,2026-08-20,P021,3,438.39,CANCELLED
7695,1048,2026-08-01,P022,1,197.61,COMPLETED
7696,1195,2026-08-03,P038,6,52.82,CANCELLED
7697,1150,2026-08-23,P013,6,47.02,CANCELLED
7698,1056,2026-08-17,P005,5,298.10,COMPLETED
7699,1065,2026-08-15,P022,4,140.89,RETURNED
7700,1160,2026-08-21,P032,1,337.83,CANCELLED
7701,1069,2026-08-23,P027,3,64.88,COMPLETED
7702,1020,2026-08-13,P021,5,344.79,COMPLETED
7703,1064,2026-08-23,P010,7,387.31,COMPLETED
7704,1199,2026-08-05,P029,5,452.44,COMPLETED
7705,1001,2026-08-24,P007,2,490.31,COMPLETED
7706,1185,2026-08-17,P029,2,92.23,COMPLETED
7707,1143,2026-08-20,P039,5,31.34,COMPLETED
7708,1078,2026-08-08,P036,8,386.35,COMPLETED
7709,1132,2026-08-26,P008,3,448.18,CANCELLED
7710,1004,2026-08-25,P034,4,14.06,COMPLETED
7711,1168,2026-08-11,P033,1,171.55,COMPLETED
7712,1050,2026-08-18,P014,2,141.21,COMPLETED
7713,1009,2026-08-23,P036,1,176.56,COMPLETED
7714,1182,2026-08-23,P015,1,176.16,COMPLETED
7715,1152,2026-08-21,P038,7,407.08,COMPLETED
7716,1200,2026-08-21,P016,3,481.10,COMPLETED
7717,1146,2026-08-04,P020,7,353.81,CANCELLED
7718,1020,2026-08-01,P011,3,480.79,COMPLETED
7719,1199,2026-08-14,P017,8,416.44,COMPLETED
7720,1176,2026-08-17,P047,2,83.03,COMPLETED
7721,1041,2026-08-19,P004,4,204.30,CANCELLED
7722,1144,2026-08-27,P017,5,314.73,RETURNED
7723,1045,2026-08-23,P025,6,303.42,COMPLETED
7724,1058,2026-08-19,P006,3,10.24,COMPLETED
7725,1176,2026-08-24,P023,7,191.03,CANCELLED
7726,1101,2026-08-23,P023,2,381.92,CANCELLED
7727,1074,2026-08-17,P037,2,113.43,RETURNED
7728,1129,2026-08-12,P037,1,158.57,CANCELLED
7729,1091,2026-08-10,P003,2,204.99,RETURNED
7730,1181,2026-08-13,P037,3,439.06,COMPLETED
7731,1058,2026-08-07,P002,3,386.74,CANCELLED
7732,1142,2026-08-05,P032,5,447.74,CANCELLED
7733,1106,2026-08-09,P007,2,459.26,COMPLETED
7734,1200,2026-08-22,P024,6,409.22,CANCELLED
7735,1031,2026-08-09,P033,6,276.60,COMPLETED
7736,1052,2026-08-23,P037,6,429.07,COMPLETED
7737,1095,2026-08-10,P018,1,263.86,COMPLETED
7738,1122,2026-08-27,P033,3,340.91,RETURNED
7739,1004,2026-08-12,P028,2,298.86,RETURNED
7740,1051,2026-08-13,P012,6,196.64,COMPLETED
7741,1118,2026-08-22,P028,7,407.02,COMPLETED
7742,1061,2026-08-05,P006,4,213.02,COMPLETED
7743,1066,2026-08-16,P008,6,123.04,RETURNED
7744,1163,2026-08-07,P031,6,482.97,RETURNED
7745,1035,2026-08-27,P033,1,88.89,COMPLETED
7746,1174,2026-08-03,P002,8,253.60,CANCELLED
7747,1005,2026-08-05,P009,5,187.80,CANCELLED
7748,1058,2026-08-22,P050,5,141.05,COMPLETED
7749,1165,2026-08-22,P019,4,146.01,COMPLETED
7750,1056,2026-08-20,P012,2,25.02,COMPLETED
7751,1111,2026-08-24,P043,2,415.22,CANCELLED
7752,1109,2026-08-15,P041,1,445.33,CANCELLED
7753,1166,2026-08-24,P041,5,240.64,COMPLETED
7754,1025,2026-08-25,P006,1,359.09,COMPLETED
7755,1131,2026-08-10,P017,1,280.14,COMPLETED
7756,1045,2026-08-24,P026,8,424.63,COMPLETED
7757,1115,2026-08-26,P031,2,324.78,CANCELLED
7758,1049,2026-08-26,P048,6,325.73,COMPLETED
7759,1152,2026-08-05,P015,3,169.01,RETURNED
7760,1093,2026-08-05,P049,3,139.20,CANCELLED
7761,1117,2026-08-16,P030,8,387.28,COMPLETED
7762,1013,2026-08-12,P011,8,340.48,COMPLETED
7763,1026,2026-08-22,P019,6,101.48,RETURNED
7764,1059,2026-08-10,P046,7,497.69,CANCELLED
7765,1102,2026-08-07,P046,4,295.39,RETURNED
7766,1005,2026-08-16,P049,5,96.41,COMPLETED
7767,1161,2026-08-15,P045,6,451.11,RETURNED
7768,1129,2026-08-25,P039,4,190.57,COMPLETED
7769,1099,2026-08-15,P037,8,37.43,COMPLETED
7770,1062,2026-08-22,P009,3,267.85,COMPLETED
7771,1021,2026-08-05,P027,6,162.14,CANCELLED
7772,1114,2026-08-19,P042,5,211.64,CANCELLED
7773,1195,2026-08-17,P037,2,264.71,RETURNED
7774,1107,2026-08-26,P048,7,115.47,COMPLETED
7775,1075,2026-08-08,P050,6,313.02,COMPLETED
7776,1017,2026-08-26,P008,3,355.09,RETURNED
7777,1162,2026-08-11,P022,8,94.73,COMPLETED
7778,1127,2026-08-03,P032,5,235.71,RETURNED
7779,1051,2026-08-14,P033,3,206.50,RETURNED
7780,1145,2026-08-13,P040,6,153.11,CANCELLED
7781,1182,2026-08-22,P031,8,289.39,RETURNED
7782,1035,2026-08-21,P002,3,406.94,COMPLETED
7783,1008,2026-08-18,P007,2,21.39,COMPLETED
7784,1153,2026-08-06,P004,7,337.22,CANCELLED
7785,1126,2026-08-06,P021,6,52.05,RETURNED
7786,1150,2026-08-11,P050,2,134.15,COMPLETED
7787,1162,2026-08-19,P045,7,228.20,COMPLETED
7788,1068,2026-08-22,P041,1,10.77,COMPLETED
7789,1070,2026-08-17,P011,8,451.10,COMPLETED
7790,1185,2026-08-16,P045,5,439.52,RETURNED
7791,1169,2026-08-13,P009,7,181.29,RETURNED
7792,1089,2026-08-10,P008,4,428.21,CANCELLED
7793,1085,2026-08-04,P005,8,86.09,COMPLETED
7794,1066,2026-08-21,P014,4,433.68,COMPLETED
7795,1119,2026-08-11,P024,4,472.83,CANCELLED
7796,1055,2026-08-22,P017,8,253.88,COMPLETED
7797,1124,2026-08-13,P021,6,270.70,COMPLETED
7798,1182,2026-08-07,P042,2,14.45,RETURNED
7799,1121,2026-08-15,P031,2,135.81,COMPLETED
7800,1008,2026-08-21,P027,3,435.05,COMPLETED
7801,1068,2026-08-22,P026,1,245.87,CANCELLED
7802,1128,2026-08-23,P043,7,306.08,COMPLETED
7803,1192,2026-08-16,P006,3,398.89,CANCELLED
7804,1059,2026-08-04,P024,3,152.02,CANCELLED
7805,1189,2026-08-14,P004,4,393.49,COMPLETED
7806,1100,2026-08-05,P037,6,381.01,COMPLETED
7807,1084,2026-08-23,P035,3,442.95,CANCELLED
7808,1082,2026-08-24,P047,7,249.91,COMPLETED
7809,1170,2026-08-16,P032,2,375.60,COMPLETED
7810,1077,2026-08-17,P030,4,329.70,CANCELLED
7811,1019,2026-08-09,P012,7,377.09,CANCELLED
7812,1164,2026-08-03,P039,5,308.60,COMPLETED
7813,1061,2026-08-22,P007,7,338.39,RETURNED
7814,1113,2026-08-13,P022,3,431.71,CANCELLED
7815,1149,2026-08-23,P049,5,135.28,COMPLETED
7816,1155,2026-08-19,P022,6,41.18,CANCELLED
7817,1016,2026-08-13,P042,4,499.43,CANCELLED
7818,1031,2026-08-07,P004,7,81.10,COMPLETED
7819,1015,2026-08-22,P029,2,200.53,RETURNED
7820,1129,2026-08-15,P007,1,436.84,COMPLETED
7821,1193,2026-08-07,P013,6,384.92,CANCELLED
7822,1094,2026-08-24,P011,4,306.13,CANCELLED
7823,1153,2026-08-21,P021,3,385.06,RETURNED
7824,1121,2026-08-24,P045,7,225.93,COMPLETED
7825,1152,2026-08-11,P038,6,156.12,COMPLETED
7826,1178,2026-08-16,P038,2,492.99,RETURNED
7827,1181,2026-08-13,P036,2,169.57,COMPLETED
7828,1169,2026-08-27,P009,8,14.64,RETURNED
7829,1027,2026-08-08,P014,4,390.21,COMPLETED
7830,1068,2026-08-13,P027,4,240.77,COMPLETED
7831,1195,2026-08-06,P035,2,132.36,RETURNED
7832,1124,2026-08-10,P006,2,186.26,COMPLETED
7833,1045,2026-08-24,P045,2,267.89,COMPLETED
7834,1193,2026-08-03,P006,6,400.28,CANCELLED
7835,1154,2026-08-14,P011,6,174.64,COMPLETED
7836,1034,2026-08-08,P045,6,187.15,RETURNED
7837,1112,2026-08-11,P013,8,337.41,COMPLETED
7838,1141,2026-08-26,P050,3,386.21,COMPLETED
7839,1092,2026-08-20,P010,4,400.72,RETURNED
7840,1186,2026-08-15,P013,8,60.90,COMPLETED
7841,1041,2026-08-26,P027,7,157.16,RETURNED
7842,1128,2026-08-22,P018,5,426.74,CANCELLED
7843,1117,2026-08-09,P044,6,167.27,COMPLETED
7844,1003,2026-08-17,P008,4,60.33,RETURNED
7845,1013,2026-08-12,P035,1,267.90,CANCELLED
7846,1090,2026-08-11,P049,7,372.62,COMPLETED
7847,1167,2026-08-24,P001,6,276.04,COMPLETED
7848,1144,2026-08-17,P042,1,63.35,RETURNED
7849,1126,2026-08-22,P017,7,248.38,COMPLETED
7850,1055,2026-08-16,P029,7,48.90,RETURNED
7851,1099,2026-08-26,P041,7,194.69,COMPLETED
7852,1057,2026-08-13,P015,6,128.70,COMPLETED
7853,1191,2026-08-27,P037,8,226.92,CANCELLED
7854,1148,2026-08-08,P010,4,476.81,COMPLETED
7855,1044,2026-08-26,P033,7,460.74,COMPLETED
7856,1047,2026-08-20,P014,2,179.01,CANCELLED
7857,1164,2026-08-10,P032,4,279.21,COMPLETED
7858,1043,2026-08-10,P008,6,34.64,RETURNED
7859,1163,2026-08-10,P001,1,166.55,COMPLETED
7860,1007,2026-08-16,P040,3,378.26,CANCELLED
7861,1020,2026-08-21,P018,7,90.28,COMPLETED
7862,1105,2026-08-19,P025,8,230.94,COMPLETED
7863,1156,2026-08-19,P036,6,294.49,COMPLETED
7864,1185,2026-08-15,P015,5,247.50,CANCELLED
7865,1113,2026-08-14,P042,6,110.44,RETURNED
7866,1077,2026-08-17,P033,6,266.75,RETURNED
7867,1093,2026-08-22,P029,6,452.55,COMPLETED
7868,1157,2026-08-08,P035,2,401.90,COMPLETED
7869,1186,2026-08-09,P039,5,479.47,CANCELLED
7870,1145,2026-08-03,P021,7,129.15,COMPLETED
7871,1123,2026-08-11,P031,8,132.98,COMPLETED
7872,1021,2026-08-08,P010,8,323.70,COMPLETED
7873,1114,2026-08-17,P024,5,262.45,CANCELLED
7874,1159,2026-08-27,P006,2,394.87,RETURNED
7875,1127,2026-08-25,P038,8,172.73,RETURNED
7876,1153,2026-08-08,P003,3,367.93,COMPLETED
7877,1082,2026-08-02,P019,6,298.71,COMPLETED
7878,1098,2026-08-24,P021,2,224.69,RETURNED
7879,1187,2026-08-12,P037,5,25.88,COMPLETED
7880,1048,2026-08-19,P019,4,145.85,CANCELLED
7881,1035,2026-08-05,P013,8,60.54,RETURNED
7882,1015,2026-08-08,P050,4,469.49,CANCELLED
7883,1050,2026-08-11,P046,4,109.07,COMPLETED
7884,1150,2026-08-20,P043,8,163.75,RETURNED
7885,1041,2026-08-01,P033,7,498.79,COMPLETED
7886,1001,2026-08-24,P034,2,301.26,CANCELLED
7887,1084,2026-08-18,P041,8,384.31,CANCELLED
7888,1122,2026-08-17,P013,3,391.35,CANCELLED
7889,1121,2026-08-14,P030,4,33.23,COMPLETED
7890,1099,2026-08-19,P027,4,435.14,COMPLETED
7891,1128,2026-08-19,P033,8,332.10,COMPLETED
7892,1194,2026-08-11,P004,1,397.57,COMPLETED
7893,1114,2026-08-09,P046,6,334.26,COMPLETED
7894,1157,2026-08-20,P047,7,86.97,COMPLETED
7895,1114,2026-08-22,P040,2,18.44,COMPLETED
7896,1038,2026-08-23,P026,3,347.97,COMPLETED
7897,1089,2026-08-05,P019,8,263.23,CANCELLED
7898,1078,2026-08-08,P043,1,172.96,COMPLETED
7899,1031,2026-08-24,P005,6,218.42,CANCELLED
7900,1142,2026-08-15,P050,6,109.62,CANCELLED
7901,1081,2026-08-06,P036,5,402.76,COMPLETED
7902,1130,2026-08-23,P043,8,338.59,RETURNED
7903,1183,2026-08-10,P021,1,252.47,COMPLETED
7904,1190,2026-08-23,P026,1,188.64,COMPLETED
7905,1134,2026-08-20,P014,8,79.55,RETURNED
7906,1190,2026-08-12,P045,1,387.02,COMPLETED
7907,1012,2026-08-12,P027,2,400.78,RETURNED
7908,1200,2026-08-14,P009,8,99.02,RETURNED
7909,1063,2026-08-04,P036,6,200.18,CANCELLED
7910,1047,2026-08-26,P031,1,415.69,RETURNED
7911,1143,2026-08-11,P050,4,230.40,COMPLETED
7912,1186,2026-08-04,P037,5,489.48,COMPLETED
7913,1027,2026-08-10,P031,2,119.12,COMPLETED
7914,1145,2026-08-01,P003,7,347.36,RETURNED
7915,1144,2026-08-12,P017,4,26.34,RETURNED
7916,1196,2026-08-07,P034,7,391.40,COMPLETED
7917,1138,2026-08-14,P026,8,89.32,CANCELLED
7918,1103,2026-08-11,P031,7,32.50,CANCELLED
7919,1115,2026-08-12,P016,6,286.42,COMPLETED
7920,1082,2026-08-10,P048,2,407.33,CANCELLED
7921,1004,2026-08-16,P019,3,183.36,COMPLETED
7922,1192,2026-08-06,P035,6,347.34,RETURNED
7923,1139,2026-08-24,P021,2,22.64,COMPLETED
7924,1088,2026-08-17,P032,8,84.11,RETURNED
7925,1162,2026-08-10,P010,6,394.25,COMPLETED
7926,1030,2026-08-17,P002,1,84.93,COMPLETED
7927,1120,2026-08-03,P048,6,39.04,COMPLETED
7928,1098,2026-08-19,P001,4,67.30,RETURNED
7929,1175,2026-08-22,P008,2,219.78,COMPLETED
7930,1112,2026-08-11,P006,6,318.55,COMPLETED
7931,1071,2026-08-21,P029,5,18.16,COMPLETED
7932,1080,2026-08-02,P022,1,30.30,RETURNED
7933,1142,2026-08-10,P038,1,474.99,COMPLETED
7934,1147,2026-08-05,P040,8,21.32,COMPLETED
7935,1079,2026-08-21,P040,7,161.98,COMPLETED
7936,1190,2026-08-11,P045,7,328.07,RETURNED
7937,1101,2026-08-02,P014,4,396.37,RETURNED
7938,1036,2026-08-07,P011,7,153.51,COMPLETED
7939,1191,2026-08-12,P007,6,387.90,CANCELLED
7940,1017,2026-08-02,P049,4,125.50,COMPLETED
7941,1166,2026-08-21,P041,3,137.71,RETURNED
7942,1064,2026-08-21,P043,7,206.68,RETURNED
7943,1067,2026-08-02,P023,1,367.52,COMPLETED
7944,1186,2026-08-19,P036,1,143.88,RETURNED
7945,1043,2026-08-26,P021,7,252.95,COMPLETED
7946,1097,2026-08-10,P008,1,346.84,CANCELLED
7947,1128,2026-08-02,P001,8,113.27,RETURNED
7948,1105,2026-08-17,P035,2,444.89,RETURNED
7949,1059,2026-08-04,P041,4,447.73,RETURNED
7950,1174,2026-08-10,P012,7,305.34,RETURNED
7951,1098,2026-08-04,P017,6,36.78,COMPLETED
7952,1040,2026-08-09,P024,7,198.68,CANCELLED
7953,1090,2026-08-08,P015,2,85.85,CANCELLED
7954,1152,2026-08-04,P033,3,226.27,CANCELLED
7955,1042,2026-08-13,P049,3,387.44,RETURNED
7956,1164,2026-08-12,P038,8,397.97,COMPLETED
7957,1143,2026-08-16,P004,5,188.29,RETURNED
7958,1060,2026-08-21,P042,8,68.67,COMPLETED
7959,1025,2026-08-03,P028,6,389.26,COMPLETED
7960,1022,2026-08-09,P017,3,197.50,COMPLETED
7961,1086,2026-08-15,P003,2,449.36,COMPLETED
7962,1111,2026-08-09,P017,2,191.29,COMPLETED
7963,1107,2026-08-12,P048,3,303.80,RETURNED
7964,1169,2026-08-10,P044,6,135.91,RETURNED
7965,1187,2026-08-26,P030,2,419.26,RETURNED
7966,1125,2026-08-02,P028,5,301.52,COMPLETED
7967,1050,2026-08-01,P029,4,407.19,COMPLETED
7968,1189,2026-08-20,P011,7,466.14,COMPLETED
7969,1001,2026-08-06,P046,8,338.36,CANCELLED
7970,1067,2026-08-10,P049,2,162.39,COMPLETED
7971,1032,2026-08-01,P013,3,223.31,COMPLETED
7972,1091,2026-08-07,P022,5,85.91,CANCELLED
7973,1111,2026-08-03,P047,4,80.26,COMPLETED
7974,1066,2026-08-27,P008,2,111.83,COMPLETED
7975,1148,2026-08-12,P043,2,422.81,COMPLETED
7976,1161,2026-08-09,P024,3,436.66,COMPLETED
7977,1103,2026-08-16,P035,6,13.25,RETURNED
7978,1071,2026-08-21,P042,1,260.17,RETURNED
7979,1121,2026-08-06,P005,1,224.91,COMPLETED
7980,1009,2026-08-13,P045,4,110.71,COMPLETED
7981,1027,2026-08-22,P047,4,249.47,COMPLETED
7982,1116,2026-08-05,P016,7,240.23,COMPLETED
7983,1115,2026-08-05,P047,7,71.43,CANCELLED
7984,1158,2026-08-15,P022,5,222.86,RETURNED
7985,1075,2026-08-26,P049,2,294.51,CANCELLED
7986,1118,2026-08-18,P049,8,323.68,COMPLETED
7987,1075,2026-08-19,P018,3,488.06,RETURNED
7988,1052,2026-08-20,P027,4,395.81,CANCELLED
7989,1187,2026-08-12,P049,8,86.92,CANCELLED
7990,1155,2026-08-14,P001,5,357.57,COMPLETED
7991,1113,2026-08-08,P042,7,328.08,RETURNED
7992,1020,2026-08-07,P026,3,25.56,COMPLETED
7993,1124,2026-08-23,P029,4,438.40,RETURNED
7994,1011,2026-08-01,P014,6,129.23,RETURNED
7995,1027,2026-08-22,P042,4,102.81,COMPLETED
7996,1027,2026-08-26,P026,2,260.92,CANCELLED
7997,1109,2026-08-09,P009,1,87.18,RETURNED
7998,1057,2026-08-02,P033,2,436.94,RETURNED
7999,1019,2026-08-27,P008,6,477.97,COMPLETED
8000,1140,2026-08-09,P007,4,286.05,COMPLETED
8001,1023,2026-08-16,P021,4,137.44,RETURNED
8002,1097,2026-08-26,P050,2,20.53,CANCELLED
8003,1061,2026-08-01,P046,7,424.56,CANCELLED
8004,1010,2026-08-12,P010,1,151.95,CANCELLED
8005,1080,2026-08-21,P032,3,406.77,RETURNED
8006,1087,2026-08-21,P007,3,80.86,RETURNED
8007,1110,2026-08-23,P042,3,435.72,COMPLETED
8008,1107,2026-08-26,P009,4,175.30,COMPLETED
8009,1083,2026-08-02,P031,5,26.25,RETURNED
8010,1005,2026-08-19,P026,8,462.38,COMPLETED
8011,1157,2026-08-23,P031,2,28.21,COMPLETED
8012,1108,2026-08-06,P024,7,270.18,COMPLETED
8013,1024,2026-08-18,P049,4,215.19,CANCELLED
8014,1011,2026-08-18,P029,3,65.72,COMPLETED
8015,1176,2026-08-16,P030,4,36.42,COMPLETED
8016,1050,2026-08-09,P040,4,293.50,COMPLETED
8017,1014,2026-08-20,P022,3,22.82,CANCELLED
8018,1124,2026-08-06,P001,7,400.08,COMPLETED
8019,1132,2026-08-21,P021,5,251.29,CANCELLED
8020,1044,2026-08-20,P030,3,40.92,COMPLETED
8021,1045,2026-08-18,P010,2,445.98,RETURNED
8022,1148,2026-08-26,P030,4,94.73,COMPLETED
8023,1029,2026-08-25,P019,6,135.40,RETURNED
8024,1076,2026-08-22,P032,4,279.83,COMPLETED
8025,1130,2026-08-10,P035,4,324.03,CANCELLED
8026,1069,2026-08-26,P030,5,186.89,RETURNED
8027,1162,2026-08-02,P037,1,243.02,COMPLETED
8028,1056,2026-08-24,P026,5,379.23,CANCELLED
8029,1090,2026-08-20,P024,4,244.24,COMPLETED
8030,1087,2026-08-21,P035,1,147.27,COMPLETED
8031,1004,2026-08-18,P048,8,186.83,CANCELLED
8032,1158,2026-08-24,P038,8,484.96,COMPLETED
8033,1038,2026-08-24,P007,4,66.63,COMPLETED
8034,1151,2026-08-26,P046,4,385.28,RETURNED
8035,1061,2026-08-01,P008,5,104.54,COMPLETED
8036,1068,2026-08-22,P002,7,294.54,COMPLETED
8037,1008,2026-08-02,P006,2,163.07,RETURNED
8038,1054,2026-08-22,P021,4,494.60,COMPLETED
8039,1045,2026-08-01,P025,7,91.53,COMPLETED
8040,1100,2026-08-22,P048,4,47.86,COMPLETED
8041,1059,2026-08-05,P015,7,205.32,COMPLETED
8042,1141,2026-08-13,P010,2,153.49,COMPLETED
8043,1022,2026-08-04,P045,1,41.27,CANCELLED
8044,1190,2026-08-04,P017,5,165.05,COMPLETED
8045,1164,2026-08-11,P037,2,305.82,COMPLETED
8046,1182,2026-08-01,P001,2,303.03,COMPLETED
8047,1113,2026-08-27,P015,6,212.40,COMPLETED
8048,1094,2026-08-06,P039,7,498.89,COMPLETED
8049,1062,2026-08-03,P024,8,401.89,COMPLETED
8050,1008,2026-08-09,P010,2,127.51,COMPLETED
8051,1026,2026-08-26,P004,7,244.68,CANCELLED
8052,1006,2026-08-14,P011,6,373.82,COMPLETED
8053,1094,2026-08-19,P029,3,483.76,CANCELLED
8054,1078,2026-08-15,P038,5,49.77,COMPLETED
8055,1087,2026-08-12,P013,8,51.87,COMPLETED
8056,1160,2026-08-05,P040,8,433.23,CANCELLED
8057,1032,2026-08-23,P021,6,89.98,RETURNED
8058,1187,2026-08-15,P036,2,206.51,COMPLETED
8059,1082,2026-08-04,P008,8,485.69,COMPLETED
8060,1068,2026-08-03,P008,5,89.62,COMPLETED
8061,1079,2026-08-10,P027,5,497.06,CANCELLED
8062,1053,2026-08-07,P029,2,458.50,COMPLETED
8063,1183,2026-08-24,P017,8,448.89,COMPLETED
8064,1103,2026-08-19,P039,1,344.37,COMPLETED
8065,1139,2026-08-10,P023,6,330.78,CANCELLED
8066,1002,2026-08-24,P008,1,104.11,COMPLETED
8067,1023,2026-08-16,P030,7,442.64,COMPLETED
8068,1010,2026-08-13,P008,2,111.09,COMPLETED
8069,1137,2026-08-22,P015,3,231.45,COMPLETED
8070,1008,2026-08-22,P016,2,232.99,COMPLETED
8071,1109,2026-08-16,P017,7,185.25,COMPLETED
8072,1171,2026-08-01,P050,2,289.17,COMPLETED
8073,1186,2026-08-10,P004,3,392.76,CANCELLED
8074,1020,2026-08-18,P008,3,427.38,CANCELLED
8075,1177,2026-08-09,P012,4,142.90,COMPLETED
8076,1065,2026-08-22,P031,2,419.75,COMPLETED
8077,1037,2026-08-10,P018,7,471.89,RETURNED
8078,1016,2026-08-05,P042,3,122.12,CANCELLED
8079,1021,2026-08-10,P028,3,373.75,RETURNED
8080,1133,2026-08-09,P039,7,36.86,COMPLETED
8081,1061,2026-08-04,P018,6,310.56,CANCELLED
8082,1193,2026-08-13,P032,6,81.96,COMPLETED
8083,1195,2026-08-14,P015,5,169.13,COMPLETED
8084,1081,2026-08-14,P001,5,294.44,CANCELLED
8085,1074,2026-08-02,P007,6,326.33,COMPLETED
8086,1168,2026-08-23,P007,4,243.14,COMPLETED
8087,1191,2026-08-21,P016,5,323.98,COMPLETED
8088,1140,2026-08-25,P039,1,473.77,COMPLETED
8089,1148,2026-08-21,P044,8,272.41,COMPLETED
8090,1143,2026-08-15,P050,7,36.22,RETURNED
8091,1179,2026-08-08,P044,1,144.40,COMPLETED
8092,1126,2026-08-21,P020,5,322.98,CANCELLED
8093,1058,2026-08-08,P024,4,141.06,RETURNED
8094,1155,2026-08-16,P031,4,221.69,COMPLETED
8095,1093,2026-08-04,P010,7,255.96,COMPLETED
8096,1180,2026-08-27,P031,4,47.49,COMPLETED
8097,1145,2026-08-02,P014,5,491.91,CANCELLED
8098,1030,2026-08-01,P034,2,456.85,COMPLETED
8099,1179,2026-08-20,P029,7,282.93,COMPLETED
8100,1092,2026-08-21,P011,1,371.50,RETURNED
8101,1169,2026-08-01,P023,6,364.89,COMPLETED
8102,1147,2026-08-20,P010,6,246.72,RETURNED
8103,1040,2026-08-03,P025,5,228.99,CANCELLED
8104,1053,2026-08-17,P048,1,204.40,RETURNED
8105,1110,2026-08-20,P041,3,151.13,COMPLETED
8106,1010,2026-08-03,P045,6,432.30,CANCELLED
8107,1157,2026-08-06,P002,8,261.27,RETURNED
8108,1052,2026-08-18,P006,1,202.94,COMPLETED
8109,1150,2026-08-05,P022,2,235.57,RETURNED
8110,1042,2026-08-05,P014,3,391.47,COMPLETED
8111,1125,2026-08-03,P032,3,171.37,COMPLETED
8112,1182,2026-08-12,P014,1,414.04,RETURNED
8113,1045,2026-08-12,P045,7,70.41,CANCELLED
8114,1067,2026-08-23,P006,2,479.41,COMPLETED
8115,1182,2026-08-09,P032,3,253.43,COMPLETED
8116,1126,2026-08-05,P015,4,164.62,CANCELLED
8117,1026,2026-08-09,P044,3,455.02,COMPLETED
8118,1065,2026-08-24,P012,3,15.81,COMPLETED
8119,1067,2026-08-15,P008,4,449.23,COMPLETED
8120,1182,2026-08-21,P040,8,42.10,COMPLETED
8121,1170,2026-08-05,P022,6,34.70,RETURNED
8122,1165,2026-08-05,P001,6,120.85,RETURNED
8123,1190,2026-08-12,P044,6,347.65,RETURNED
8124,1181,2026-08-16,P039,8,307.82,COMPLETED
8125,1047,2026-08-13,P032,5,338.99,COMPLETED
8126,1057,2026-08-15,P034,6,232.38,COMPLETED
8127,1039,2026-08-14,P006,2,72.55,COMPLETED
8128,1163,2026-08-11,P005,2,59.97,COMPLETED
8129,1008,2026-08-21,P031,4,34.86,COMPLETED
8130,1174,2026-08-07,P003,6,473.31,COMPLETED
8131,1072,2026-08-09,P034,7,487.43,COMPLETED
8132,1036,2026-08-23,P047,2,93.56,COMPLETED
8133,1009,2026-08-06,P036,4,429.49,CANCELLED
8134,1083,2026-08-26,P046,4,266.62,CANCELLED
8135,1027,2026-08-02,P016,5,111.53,CANCELLED
8136,1113,2026-08-01,P034,6,285.31,COMPLETED
8137,1029,2026-08-16,P028,3,70.71,RETURNED
8138,1014,2026-08-06,P034,3,194.13,COMPLETED
8139,1096,2026-08-20,P007,4,228.72,RETURNED
8140,1140,2026-08-08,P020,2,463.45,COMPLETED
8141,1051,2026-08-23,P029,4,274.75,COMPLETED
8142,1060,2026-08-21,P035,8,445.07,COMPLETED
8143,1115,2026-08-04,P004,4,398.56,COMPLETED
8144,1079,2026-08-19,P024,5,203.89,COMPLETED
8145,1125,2026-08-10,P001,1,225.41,COMPLETED
8146,1083,2026-08-11,P042,4,459.93,RETURNED
8147,1068,2026-08-17,P036,3,428.49,COMPLETED
8148,1008,2026-08-22,P043,2,391.74,RETURNED
8149,1191,2026-08-26,P015,3,286.68,RETURNED
8150,1035,2026-08-11,P047,1,404.93,RETURNED
8151,1142,2026-08-09,P049,8,245.81,COMPLETED
8152,1057,2026-08-11,P030,8,370.80,COMPLETED
8153,1026,2026-08-12,P021,7,387.37,COMPLETED
8154,1005,2026-08-07,P025,1,228.66,CANCELLED
8155,1170,2026-08-14,P045,8,39.82,CANCELLED
8156,1147,2026-08-07,P005,4,54.40,CANCELLED
8157,1152,2026-08-23,P022,2,499.46,COMPLETED
8158,1063,2026-08-24,P032,4,22.53,COMPLETED
8159,1066,2026-08-24,P044,2,422.10,COMPLETED
8160,1020,2026-08-08,P030,8,251.52,COMPLETED
8161,1162,2026-08-25,P042,4,247.97,COMPLETED
8162,1138,2026-08-01,P038,7,57.79,COMPLETED
8163,1095,2026-08-02,P034,1,150.53,COMPLETED
8164,1025,2026-08-02,P026,8,80.50,COMPLETED
8165,1178,2026-08-27,P020,5,229.90,COMPLETED
8166,1123,2026-08-10,P016,7,283.85,COMPLETED
8167,1109,2026-08-12,P022,6,39.70,COMPLETED
8168,1057,2026-08-19,P025,1,174.29,CANCELLED
8169,1116,2026-08-20,P011,2,73.40,COMPLETED
8170,1170,2026-08-20,P039,6,243.58,COMPLETED
8171,1180,2026-08-08,P021,6,350.71,COMPLETED
8172,1193,2026-08-18,P027,2,288.50,RETURNED
8173,1112,2026-08-26,P021,5,146.06,CANCELLED
8174,1115,2026-08-24,P017,2,413.94,COMPLETED
8175,1067,2026-08-06,P004,1,485.17,COMPLETED
8176,1171,2026-08-03,P021,6,462.39,CANCELLED
8177,1045,2026-08-16,P004,5,14.71,COMPLETED
8178,1081,2026-08-24,P039,7,326.53,RETURNED
8179,1007,2026-08-22,P005,4,27.36,COMPLETED
8180,1009,2026-08-09,P023,2,158.58,RETURNED
8181,1005,2026-08-02,P037,7,318.74,COMPLETED
8182,1070,2026-08-27,P028,5,393.88,COMPLETED
8183,1013,2026-08-10,P001,5,12.72,COMPLETED
8184,1183,2026-08-10,P027,1,21.02,COMPLETED
8185,1099,2026-08-12,P034,5,315.40,COMPLETED
8186,1093,2026-08-10,P027,8,181.99,COMPLETED
8187,1102,2026-08-10,P028,3,431.24,COMPLETED
8188,1022,2026-08-11,P013,8,216.81,RETURNED
8189,1190,2026-08-02,P006,8,305.19,COMPLETED
8190,1028,2026-08-17,P025,2,93.61,COMPLETED
8191,1173,2026-08-06,P008,6,39.34,COMPLETED
8192,1079,2026-08-19,P016,6,304.81,COMPLETED
8193,1019,2026-08-11,P050,1,225.20,CANCELLED
8194,1176,2026-08-09,P018,2,319.66,CANCELLED
8195,1185,2026-08-26,P043,8,429.81,CANCELLED
8196,1177,2026-08-07,P015,2,316.66,COMPLETED
8197,1118,2026-08-23,P026,4,69.60,CANCELLED
8198,1097,2026-08-02,P007,3,187.49,CANCELLED
8199,1072,2026-08-17,P025,5,461.11,RETURNED
8200,1165,2026-08-14,P033,5,189.08,RETURNED
8201,1079,2026-08-25,P006,3,133.13,RETURNED
8202,1198,2026-08-08,P005,3,259.16,COMPLETED
8203,1162,2026-08-26,P009,4,433.33,COMPLETED
8204,1183,2026-08-24,P039,5,386.04,COMPLETED
8205,1084,2026-08-25,P037,8,376.60,COMPLETED
8206,1077,2026-08-23,P034,5,458.57,RETURNED
8207,1148,2026-08-10,P043,1,445.64,COMPLETED
8208,1140,2026-08-13,P017,6,426.86,CANCELLED
8209,1075,2026-08-08,P036,3,325.74,RETURNED
8210,1123,2026-08-16,P049,1,325.57,COMPLETED
8211,1173,2026-08-16,P031,7,336.38,CANCELLED
8212,1121,2026-08-26,P014,5,428.31,CANCELLED
8213,1071,2026-08-17,P010,1,167.60,COMPLETED
8214,1117,2026-08-04,P008,2,428.95,CANCELLED
8215,1112,2026-08-05,P030,8,160.24,CANCELLED
8216,1178,2026-08-14,P040,7,379.24,COMPLETED
8217,1094,2026-08-19,P011,2,304.68,CANCELLED
8218,1148,2026-08-27,P043,5,71.83,RETURNED
8219,1149,2026-08-07,P032,2,229.68,COMPLETED
8220,1115,2026-08-17,P021,6,216.03,RETURNED
8221,1168,2026-08-04,P028,1,317.89,COMPLETED
8222,1170,2026-08-26,P020,7,247.62,COMPLETED
8223,1124,2026-08-26,P008,8,243.96,COMPLETED
8224,1120,2026-08-02,P004,6,404.43,COMPLETED
8225,1093,2026-08-12,P024,1,351.63,COMPLETED
8226,1159,2026-08-09,P045,5,27.53,RETURNED
8227,1083,2026-08-18,P009,6,234.56,COMPLETED
8228,1069,2026-08-13,P048,4,250.40,RETURNED
8229,1087,2026-08-09,P046,6,174.95,CANCELLED
8230,1087,2026-08-13,P045,7,113.16,COMPLETED
8231,1086,2026-08-06,P002,1,357.21,RETURNED
8232,1176,2026-08-11,P029,4,392.37,COMPLETED
8233,1161,2026-08-16,P046,8,74.06,COMPLETED
8234,1173,2026-08-16,P033,7,290.17,RETURNED
8235,1143,2026-08-16,P038,1,473.91,COMPLETED
8236,1166,2026-08-27,P028,3,370.34,CANCELLED
8237,1109,2026-08-01,P040,4,210.78,RETURNED
8238,1112,2026-08-01,P044,3,391.16,COMPLETED
8239,1198,2026-08-09,P039,3,324.30,COMPLETED
8240,1124,2026-08-07,P039,6,32.63,CANCELLED
8241,1058,2026-08-26,P031,2,221.85,CANCELLED
8242,1066,2026-08-25,P009,8,343.57,COMPLETED
8243,1074,2026-08-16,P037,2,215.84,COMPLETED
8244,1175,2026-08-19,P028,2,200.90,RETURNED
8245,1176,2026-08-11,P031,1,428.72,COMPLETED
8246,1026,2026-08-11,P025,3,178.69,RETURNED
8247,1122,2026-08-03,P034,6,219.27,COMPLETED
8248,1123,2026-08-16,P043,3,112.00,COMPLETED
8249,1194,2026-08-01,P048,2,106.37,COMPLETED
8250,1198,2026-08-27,P031,1,79.30,COMPLETED
8251,1111,2026-08-08,P037,3,417.29,COMPLETED
8252,1026,2026-08-25,P036,5,315.52,COMPLETED
8253,1164,2026-08-03,P023,7,339.64,RETURNED
8254,1178,2026-08-20,P012,2,67.81,RETURNED
8255,1011,2026-08-10,P016,7,451.54,COMPLETED
8256,1154,2026-08-04,P007,3,281.12,COMPLETED
8257,1025,2026-08-14,P006,6,299.16,COMPLETED
8258,1145,2026-08-01,P048,4,414.94,COMPLETED
8259,1175,2026-08-12,P028,7,492.09,RETURNED
8260,1075,2026-08-09,P013,3,116.25,RETURNED
8261,1092,2026-08-22,P044,4,363.30,COMPLETED
8262,1122,2026-08-06,P047,5,198.60,CANCELLED
8263,1162,2026-08-08,P050,5,317.63,COMPLETED
8264,1188,2026-08-02,P012,4,14.77,CANCELLED
8265,1021,2026-08-16,P030,3,345.05,RETURNED
8266,1092,2026-08-07,P003,2,206.51,COMPLETED
8267,1114,2026-08-12,P040,4,87.39,RETURNED
8268,1168,2026-08-05,P041,5,432.34,COMPLETED
8269,1037,2026-08-22,P026,4,348.58,RETURNED
8270,1125,2026-08-23,P038,8,383.53,COMPLETED
8271,1021,2026-08-24,P011,5,431.70,RETURNED
8272,1125,2026-08-14,P031,8,91.21,COMPLETED
8273,1022,2026-08-16,P004,7,460.47,COMPLETED
8274,1043,2026-08-01,P039,8,195.91,CANCELLED
8275,1192,2026-08-20,P019,7,163.61,COMPLETED
8276,1020,2026-08-24,P043,6,248.18,RETURNED
8277,1006,2026-08-02,P017,3,18.94,COMPLETED
8278,1027,2026-08-23,P037,1,235.49,COMPLETED
8279,1177,2026-08-05,P016,5,132.18,CANCELLED
8280,1113,2026-08-02,P034,3,216.94,COMPLETED
8281,1092,2026-08-10,P021,7,118.79,COMPLETED
8282,1017,2026-08-03,P043,4,191.32,COMPLETED
8283,1131,2026-08-01,P020,2,362.45,COMPLETED
8284,1024,2026-08-13,P015,8,423.24,CANCELLED
8285,1184,2026-08-02,P005,1,364.71,CANCELLED
8286,1116,2026-08-09,P024,4,55.22,CANCELLED
8287,1002,2026-08-01,P012,8,499.47,COMPLETED
8288,1055,2026-08-23,P016,8,114.42,RETURNED
8289,1002,2026-08-16,P007,1,50.88,COMPLETED
8290,1020,2026-08-19,P036,3,212.73,RETURNED
8291,1174,2026-08-06,P017,3,475.16,COMPLETED
8292,1135,2026-08-01,P025,7,47.90,COMPLETED
8293,1014,2026-08-09,P011,7,464.00,COMPLETED
8294,1139,2026-08-03,P047,5,132.28,COMPLETED
8295,1022,2026-08-27,P005,5,416.05,RETURNED
8296,1009,2026-08-23,P020,1,497.01,COMPLETED
8297,1192,2026-08-02,P016,2,448.15,COMPLETED
8298,1084,2026-08-23,P040,2,290.37,CANCELLED
8299,1154,2026-08-02,P050,3,246.14,COMPLETED
8300,1194,2026-08-26,P032,5,400.38,CANCELLED
8301,1084,2026-08-20,P017,7,214.40,RETURNED
8302,1082,2026-08-27,P031,6,194.25,COMPLETED
8303,1080,2026-08-01,P026,5,92.88,COMPLETED
8304,1068,2026-08-25,P043,1,199.53,RETURNED
8305,1195,2026-08-14,P032,2,392.38,COMPLETED
8306,1041,2026-08-09,P032,2,371.98,CANCELLED
8307,1143,2026-08-04,P007,2,157.05,CANCELLED
8308,1006,2026-08-02,P005,6,482.61,RETURNED
8309,1126,2026-08-16,P003,6,183.52,RETURNED
8310,1141,2026-08-06,P025,7,251.03,COMPLETED
8311,1075,2026-08-02,P006,5,142.71,COMPLETED
8312,1067,2026-08-09,P050,3,315.82,COMPLETED
8313,1162,2026-08-24,P002,7,251.91,RETURNED
8314,1012,2026-08-18,P005,1,352.99,COMPLETED
8315,1172,2026-08-27,P033,2,121.39,CANCELLED
8316,1065,2026-08-25,P040,3,211.25,CANCELLED
8317,1017,2026-08-02,P027,5,80.06,RETURNED
8318,1002,2026-08-22,P029,2,154.46,CANCELLED
8319,1003,2026-08-22,P003,2,225.18,CANCELLED
8320,1057,2026-08-18,P028,2,451.82,COMPLETED
8321,1058,2026-08-19,P039,8,85.54,CANCELLED
8322,1175,2026-08-13,P004,7,371.23,COMPLETED
8323,1022,2026-08-09,P021,2,434.12,COMPLETED
8324,1021,2026-08-01,P045,8,221.89,CANCELLED
8325,1138,2026-08-12,P001,2,358.08,COMPLETED
8326,1046,2026-08-15,P033,8,281.26,COMPLETED
8327,1027,2026-08-12,P034,6,233.71,CANCELLED
8328,1111,2026-08-16,P028,8,401.58,CANCELLED
8329,1041,2026-08-05,P012,2,306.01,RETURNED
8330,1031,2026-08-25,P017,4,156.70,COMPLETED
8331,1041,2026-08-01,P029,3,64.26,COMPLETED
8332,1137,2026-08-24,P015,6,314.86,COMPLETED
8333,1072,2026-08-14,P045,8,456.68,COMPLETED
8334,1198,2026-08-17,P003,2,93.58,COMPLETED
8335,1177,2026-08-19,P030,5,405.99,CANCELLED
8336,1172,2026-08-19,P050,1,54.40,COMPLETED
8337,1016,2026-08-11,P035,7,400.82,COMPLETED
8338,1144,2026-08-14,P035,2,374.06,COMPLETED
8339,1169,2026-08-05,P003,6,250.54,COMPLETED
8340,1189,2026-08-13,P042,3,361.66,CANCELLED
8341,1058,2026-08-23,P024,4,234.26,COMPLETED
8342,1160,2026-08-20,P007,6,443.65,COMPLETED
8343,1097,2026-08-04,P049,7,224.67,COMPLETED
8344,1147,2026-08-14,P026,7,84.32,COMPLETED
8345,1192,2026-08-18,P013,7,462.61,CANCELLED
8346,1063,2026-08-02,P025,3,392.47,RETURNED
8347,1016,2026-08-16,P040,4,463.80,COMPLETED
8348,1093,2026-08-06,P003,6,437.81,RETURNED
8349,1005,2026-08-01,P040,7,311.08,CANCELLED
8350,1167,2026-08-18,P036,8,411.50,CANCELLED
8351,1074,2026-08-04,P008,4,321.64,COMPLETED
8352,1083,2026-08-02,P035,1,224.14,COMPLETED
8353,1062,2026-08-17,P046,5,496.23,RETURNED
8354,1071,2026-08-08,P028,1,380.67,COMPLETED
8355,1183,2026-08-08,P027,6,419.91,COMPLETED
8356,1099,2026-08-23,P018,8,444.92,RETURNED
8357,1160,2026-08-22,P001,4,240.45,COMPLETED
8358,1014,2026-08-10,P041,8,442.95,COMPLETED
8359,1121,2026-08-24,P001,4,38.27,COMPLETED
8360,1117,2026-08-16,P028,1,88.30,COMPLETED
8361,1002,2026-08-12,P044,2,498.92,COMPLETED
8362,1031,2026-08-11,P040,1,449.58,RETURNED
8363,1124,2026-08-11,P014,8,170.92,RETURNED
8364,1047,2026-08-17,P032,1,275.55,COMPLETED
8365,1043,2026-08-01,P033,7,88.36,COMPLETED
8366,1089,2026-08-26,P021,1,227.76,COMPLETED
8367,1036,2026-08-06,P035,1,191.52,COMPLETED
8368,1015,2026-08-03,P008,6,422.68,COMPLETED
8369,1021,2026-08-11,P006,3,133.92,CANCELLED
8370,1199,2026-08-18,P023,8,339.52,COMPLETED
8371,1160,2026-08-24,P048,6,69.82,COMPLETED
8372,1007,2026-08-17,P023,5,53.02,COMPLETED
8373,1006,2026-08-27,P046,5,59.90,COMPLETED
8374,1011,2026-08-16,P018,5,319.66,COMPLETED
8375,1155,2026-08-03,P014,6,219.63,COMPLETED
8376,1180,2026-08-26,P040,3,241.68,COMPLETED
8377,1150,2026-08-26,P017,7,285.26,CANCELLED
8378,1052,2026-08-08,P003,8,420.31,RETURNED
8379,1053,2026-08-05,P039,6,97.30,COMPLETED
8380,1051,2026-08-13,P027,1,189.81,COMPLETED
8381,1032,2026-08-15,P014,2,82.87,CANCELLED
8382,1036,2026-08-07,P042,5,311.67,COMPLETED
8383,1111,2026-08-18,P025,2,288.07,RETURNED
8384,1054,2026-08-10,P028,4,221.03,COMPLETED
8385,1079,2026-08-22,P048,4,51.18,COMPLETED
8386,1108,2026-08-23,P036,5,192.69,COMPLETED
8387,1150,2026-08-12,P021,1,379.53,COMPLETED
8388,1168,2026-08-10,P007,7,353.61,RETURNED
8389,1200,2026-08-15,P015,8,439.93,COMPLETED
8390,1003,2026-08-22,P018,1,73.08,COMPLETED
8391,1057,2026-08-26,P045,4,127.93,RETURNED
8392,1146,2026-08-17,P025,4,60.79,COMPLETED
8393,1157,2026-08-25,P047,3,168.95,COMPLETED
8394,1007,2026-08-16,P050,1,136.67,COMPLETED
8395,1110,2026-08-08,P033,7,465.15,COMPLETED
8396,1167,2026-08-15,P010,1,407.77,CANCELLED
8397,1123,2026-08-02,P047,3,237.41,RETURNED
8398,1052,2026-08-20,P027,7,476.66,RETURNED
8399,1125,2026-08-01,P013,6,110.53,RETURNED
8400,1012,2026-08-02,P037,3,108.61,CANCELLED
8401,1149,2026-08-01,P035,2,308.27,COMPLETED
8402,1162,2026-08-10,P044,8,254.99,CANCELLED
8403,1102,2026-08-12,P009,2,266.58,COMPLETED
8404,1104,2026-08-01,P030,7,421.35,RETURNED
8405,1167,2026-08-22,P005,3,257.69,CANCELLED
8406,1097,2026-08-18,P050,7,15.52,CANCELLED
8407,1041,2026-08-26,P032,2,438.87,RETURNED
8408,1042,2026-08-02,P024,5,366.19,COMPLETED
8409,1129,2026-08-18,P002,5,194.94,CANCELLED
8410,1153,2026-08-18,P009,2,342.03,COMPLETED
8411,1157,2026-08-21,P040,5,59.42,CANCELLED
8412,1032,2026-08-20,P003,8,14.11,RETURNED
8413,1186,2026-08-02,P001,4,139.56,RETURNED
8414,1067,2026-08-18,P017,6,443.67,RETURNED
8415,1070,2026-08-15,P035,1,472.62,COMPLETED
8416,1082,2026-08-07,P035,5,214.07,CANCELLED
8417,1163,2026-08-23,P009,8,458.83,CANCELLED
8418,1018,2026-08-02,P043,3,58.98,RETURNED
8419,1109,2026-08-23,P048,1,216.95,CANCELLED
8420,1164,2026-08-10,P039,1,166.89,RETURNED
8421,1007,2026-08-16,P034,5,119.06,CANCELLED
8422,1055,2026-08-24,P029,1,422.51,RETURNED
8423,1062,2026-08-06,P029,6,355.96,COMPLETED
8424,1135,2026-08-05,P034,7,370.13,CANCELLED
8425,1021,2026-08-01,P022,5,496.55,COMPLETED
8426,1188,2026-08-16,P029,2,125.12,COMPLETED
8427,1043,2026-08-23,P008,2,149.02,CANCELLED
8428,1036,2026-08-22,P018,6,199.97,CANCELLED
8429,1065,2026-08-20,P016,5,483.08,COMPLETED
8430,1140,2026-08-27,P011,2,253.42,CANCELLED
8431,1158,2026-08-08,P031,1,182.41,CANCELLED
8432,1080,2026-08-14,P001,3,25.69,CANCELLED
8433,1103,2026-08-17,P017,5,360.34,COMPLETED
8434,1115,2026-08-25,P019,2,172.71,CANCELLED
8435,1158,2026-08-13,P045,3,67.25,CANCELLED
8436,1088,2026-08-17,P041,6,422.82,COMPLETED
8437,1077,2026-08-11,P010,6,335.35,COMPLETED
8438,1045,2026-08-11,P040,7,206.93,COMPLETED
8439,1042,2026-08-19,P009,1,497.05,CANCELLED
8440,1171,2026-08-16,P002,5,31.40,COMPLETED
8441,1133,2026-08-11,P011,5,61.06,CANCELLED
8442,1172,2026-08-23,P035,4,282.98,RETURNED
8443,1052,2026-08-07,P035,4,311.91,RETURNED
8444,1092,2026-08-17,P042,7,77.54,COMPLETED
8445,1106,2026-08-14,P028,7,101.49,COMPLETED
8446,1096,2026-08-02,P032,4,186.60,COMPLETED
8447,1080,2026-08-21,P013,1,284.18,CANCELLED
8448,1198,2026-08-21,P038,2,355.96,COMPLETED
8449,1161,2026-08-14,P024,3,245.71,COMPLETED
8450,1187,2026-08-21,P005,7,25.41,COMPLETED
8451,1074,2026-08-27,P025,7,212.17,COMPLETED
8452,1155,2026-08-19,P003,7,46.98,RETURNED
8453,1028,2026-08-03,P028,1,33.01,CANCELLED
8454,1080,2026-08-12,P047,6,161.36,COMPLETED
8455,1133,2026-08-02,P018,1,57.08,CANCELLED
8456,1195,2026-08-05,P042,8,366.32,COMPLETED
8457,1081,2026-08-26,P012,1,456.55,COMPLETED
8458,1051,2026-08-11,P004,8,346.39,CANCELLED
8459,1106,2026-08-25,P026,4,87.34,COMPLETED
8460,1028,2026-08-27,P003,7,289.08,CANCELLED
8461,1017,2026-08-02,P008,7,377.99,CANCELLED
8462,1065,2026-08-03,P001,4,337.78,COMPLETED
8463,1105,2026-08-12,P018,1,475.73,COMPLETED
8464,1066,2026-08-05,P016,8,497.03,COMPLETED
8465,1106,2026-08-27,P022,5,383.77,COMPLETED
8466,1082,2026-08-14,P013,6,39.83,COMPLETED
8467,1068,2026-08-16,P006,8,339.24,COMPLETED
8468,1096,2026-08-14,P045,1,86.91,RETURNED
8469,1141,2026-08-12,P035,4,361.35,CANCELLED
8470,1144,2026-08-11,P032,6,303.76,COMPLETED
8471,1186,2026-08-19,P005,3,39.07,COMPLETED
8472,1136,2026-08-11,P048,3,481.51,COMPLETED
8473,1026,2026-08-25,P026,4,34.37,COMPLETED
8474,1169,2026-08-24,P016,4,20.03,COMPLETED
8475,1072,2026-08-20,P019,8,234.41,COMPLETED
8476,1038,2026-08-08,P038,4,390.10,COMPLETED
8477,1128,2026-08-12,P045,8,267.40,COMPLETED
8478,1121,2026-08-23,P030,1,154.52,COMPLETED
8479,1159,2026-08-09,P031,7,362.49,COMPLETED
8480,1076,2026-08-26,P007,4,334.13,RETURNED
8481,1161,2026-08-26,P043,1,210.94,COMPLETED
8482,1114,2026-08-01,P036,1,302.25,COMPLETED
8483,1043,2026-08-10,P038,3,310.67,RETURNED
8484,1067,2026-08-08,P009,2,195.84,COMPLETED
8485,1130,2026-08-05,P023,3,217.60,RETURNED
8486,1197,2026-08-16,P012,1,484.08,COMPLETED
8487,1165,2026-08-17,P024,2,10.86,CANCELLED
8488,1136,2026-08-19,P048,2,187.21,COMPLETED
8489,1090,2026-08-08,P025,5,342.49,COMPLETED
8490,1058,2026-08-04,P019,3,497.01,COMPLETED
8491,1120,2026-08-09,P045,5,37.38,COMPLETED
8492,1167,2026-08-17,P014,1,213.06,COMPLETED
8493,1157,2026-08-24,P042,4,299.55,COMPLETED
8494,1139,2026-08-08,P048,6,467.15,COMPLETED
8495,1054,2026-08-11,P045,1,373.79,COMPLETED
8496,1026,2026-08-05,P005,3,45.93,COMPLETED
8497,1025,2026-08-13,P043,5,322.32,RETURNED
8498,1197,2026-08-03,P032,6,135.45,RETURNED
8499,1163,2026-08-17,P030,4,385.94,COMPLETED
8500,1008,2026-08-16,P029,1,191.26,COMPLETED
8501,1185,2026-08-20,P002,6,474.03,CANCELLED
8502,1048,2026-08-05,P029,7,337.68,CANCELLED
8503,1196,2026-08-06,P013,5,359.76,COMPLETED
8504,1001,2026-08-14,P050,6,231.97,CANCELLED
8505,1126,2026-08-20,P003,1,135.11,CANCELLED
8506,1133,2026-08-17,P032,4,226.06,CANCELLED
8507,1167,2026-08-22,P013,6,89.91,RETURNED
8508,1050,2026-08-19,P025,7,419.54,RETURNED
8509,1077,2026-08-26,P024,2,407.27,COMPLETED
8510,1151,2026-08-09,P035,2,434.52,COMPLETED
8511,1184,2026-08-17,P037,6,231.66,COMPLETED
8512,1038,2026-08-17,P048,3,205.89,RETURNED
8513,1091,2026-08-01,P007,2,215.51,COMPLETED
8514,1073,2026-08-20,P029,6,91.31,RETURNED
8515,1093,2026-08-27,P042,8,479.29,COMPLETED
8516,1053,2026-08-24,P005,4,104.60,CANCELLED
8517,1171,2026-08-19,P014,4,44.90,COMPLETED
8518,1099,2026-08-27,P005,8,171.44,RETURNED
8519,1119,2026-08-27,P025,7,377.23,COMPLETED
8520,1006,2026-08-21,P002,1,79.82,COMPLETED
8521,1079,2026-08-06,P043,8,268.89,RETURNED
8522,1134,2026-08-25,P043,6,445.02,CANCELLED
8523,1163,2026-08-02,P009,1,182.01,COMPLETED
8524,1108,2026-08-08,P013,1,438.55,COMPLETED
8525,1056,2026-08-20,P032,1,172.14,CANCELLED
8526,1143,2026-08-20,P030,4,93.60,RETURNED
8527,1128,2026-08-27,P019,3,357.37,CANCELLED
8528,1132,2026-08-25,P044,3,97.70,RETURNED
8529,1020,2026-08-16,P048,6,105.27,COMPLETED
8530,1053,2026-08-06,P035,5,382.23,CANCELLED
8531,1115,2026-08-05,P039,1,227.79,COMPLETED
8532,1167,2026-08-24,P020,2,162.14,COMPLETED
8533,1030,2026-08-21,P038,5,406.51,RETURNED
8534,1174,2026-08-13,P037,5,164.63,CANCELLED
8535,1142,2026-08-06,P018,5,337.87,COMPLETED
8536,1115,2026-08-19,P043,3,385.79,COMPLETED
8537,1059,2026-08-12,P043,8,428.32,CANCELLED
8538,1114,2026-08-17,P004,6,12.71,COMPLETED
8539,1040,2026-08-22,P023,2,448.89,COMPLETED
8540,1050,2026-08-21,P006,2,397.25,RETURNED
8541,1005,2026-08-14,P031,8,73.98,COMPLETED
8542,1190,2026-08-19,P024,2,144.21,CANCELLED
8543,1104,2026-08-14,P047,2,313.43,CANCELLED
8544,1024,2026-08-22,P047,7,400.14,COMPLETED
8545,1001,2026-08-02,P050,5,124.95,COMPLETED
8546,1096,2026-08-01,P022,3,202.18,CANCELLED
8547,1108,2026-08-13,P042,5,236.10,CANCELLED
8548,1186,2026-08-12,P009,8,442.38,RETURNED
8549,1078,2026-08-21,P006,8,245.05,COMPLETED
8550,1084,2026-08-11,P040,1,222.28,COMPLETED
8551,1014,2026-08-26,P040,3,128.24,COMPLETED
8552,1180,2026-08-14,P032,3,67.47,COMPLETED
8553,1086,2026-08-14,P015,2,420.47,CANCELLED
8554,1199,2026-08-08,P019,1,167.77,COMPLETED
8555,1182,2026-08-18,P034,1,475.96,COMPLETED
8556,1052,2026-08-21,P004,7,82.98,RETURNED
8557,1015,2026-08-26,P031,7,64.60,COMPLETED
8558,1032,2026-08-27,P026,1,221.60,RETURNED
8559,1118,2026-08-02,P004,4,222.40,COMPLETED
8560,1031,2026-08-19,P030,1,141.91,RETURNED
8561,1111,2026-08-21,P044,8,227.10,COMPLETED
8562,1009,2026-08-04,P037,5,212.08,RETURNED
8563,1070,2026-08-13,P040,1,279.26,CANCELLED
8564,1039,2026-08-27,P039,2,432.87,RETURNED
8565,1193,2026-08-08,P032,1,261.43,RETURNED
8566,1116,2026-08-17,P037,5,358.95,RETURNED
8567,1056,2026-08-17,P030,3,135.42,COMPLETED
8568,1190,2026-08-20,P026,7,493.24,RETURNED
8569,1115,2026-08-22,P017,7,498.15,RETURNED
8570,1200,2026-08-06,P003,4,15.98,RETURNED
8571,1084,2026-08-23,P017,8,41.75,CANCELLED
8572,1091,2026-08-27,P002,6,299.30,COMPLETED
8573,1056,2026-08-26,P025,4,427.49,CANCELLED
8574,1084,2026-08-05,P025,2,42.16,CANCELLED
8575,1138,2026-08-25,P011,2,145.74,RETURNED
8576,1104,2026-08-06,P020,5,378.65,RETURNED
8577,1116,2026-08-21,P006,2,323.95,CANCELLED
8578,1072,2026-08-26,P043,6,37.41,COMPLETED
8579,1096,2026-08-22,P037,4,333.72,CANCELLED
8580,1138,2026-08-21,P006,4,239.90,COMPLETED
8581,1132,2026-08-04,P047,2,188.64,COMPLETED
8582,1149,2026-08-23,P002,4,196.79,COMPLETED
8583,1078,2026-08-09,P028,8,301.13,COMPLETED
8584,1089,2026-08-10,P044,5,39.39,RETURNED
8585,1195,2026-08-03,P015,6,58.14,RETURNED
8586,1145,2026-08-09,P006,3,252.31,COMPLETED
8587,1137,2026-08-20,P039,3,222.67,COMPLETED
8588,1013,2026-08-01,P041,7,479.04,CANCELLED
8589,1075,2026-08-27,P020,2,447.34,COMPLETED
8590,1100,2026-08-14,P007,7,436.83,COMPLETED
8591,1156,2026-08-16,P018,8,345.57,COMPLETED
8592,1121,2026-08-01,P004,7,445.40,RETURNED
8593,1191,2026-08-01,P023,6,372.79,RETURNED
8594,1003,2026-08-05,P017,5,499.48,RETURNED
8595,1176,2026-08-21,P038,8,247.42,COMPLETED
8596,1002,2026-08-23,P003,8,96.55,COMPLETED
8597,1017,2026-08-02,P048,4,50.92,RETURNED
8598,1151,2026-08-14,P036,2,229.19,RETURNED
8599,1176,2026-08-14,P020,3,388.86,RETURNED
8600,1166,2026-08-10,P007,8,215.48,RETURNED
8601,1055,2026-08-09,P012,6,433.28,COMPLETED
8602,1035,2026-08-03,P026,1,50.55,COMPLETED
8603,1035,2026-08-07,P010,5,466.81,CANCELLED
8604,1122,2026-08-25,P004,8,351.71,RETURNED
8605,1043,2026-08-11,P028,5,426.66,RETURNED
8606,1191,2026-08-06,P024,4,312.33,COMPLETED
8607,1066,2026-08-09,P035,4,350.12,COMPLETED
8608,1002,2026-08-03,P008,4,266.07,COMPLETED
8609,1155,2026-08-11,P018,6,243.87,COMPLETED
8610,1027,2026-08-22,P014,6,436.35,RETURNED
8611,1064,2026-08-18,P011,6,491.51,COMPLETED
8612,1195,2026-08-16,P014,6,16.82,RETURNED
8613,1082,2026-08-16,P011,4,67.53,COMPLETED
8614,1061,2026-08-05,P017,4,82.13,COMPLETED
8615,1190,2026-08-04,P031,4,288.78,RETURNED
8616,1043,2026-08-14,P036,6,472.14,COMPLETED
8617,1096,2026-08-16,P002,4,444.38,COMPLETED
8618,1084,2026-08-14,P050,5,429.78,COMPLETED
8619,1079,2026-08-24,P034,1,499.52,COMPLETED
8620,1174,2026-08-20,P035,5,30.42,COMPLETED
8621,1189,2026-08-17,P023,7,101.72,RETURNED
8622,1188,2026-08-15,P048,3,292.50,CANCELLED
8623,1041,2026-08-01,P041,7,439.56,COMPLETED
8624,1098,2026-08-17,P002,8,364.73,RETURNED
8625,1035,2026-08-02,P044,6,182.51,COMPLETED
8626,1181,2026-08-14,P043,3,380.31,COMPLETED
8627,1006,2026-08-14,P005,8,192.91,COMPLETED
8628,1163,2026-08-12,P029,4,426.56,COMPLETED
8629,1197,2026-08-25,P007,4,419.42,COMPLETED
8630,1194,2026-08-15,P025,8,463.19,RETURNED
8631,1125,2026-08-17,P006,7,113.66,COMPLETED
8632,1008,2026-08-15,P045,8,13.87,COMPLETED
8633,1150,2026-08-08,P036,3,274.42,COMPLETED
8634,1168,2026-08-26,P050,3,355.18,COMPLETED
8635,1085,2026-08-22,P029,7,402.52,COMPLETED
8636,1100,2026-08-07,P018,8,398.13,COMPLETED
8637,1084,2026-08-11,P025,2,87.68,COMPLETED
8638,1169,2026-08-06,P014,3,15.89,COMPLETED
8639,1174,2026-08-25,P018,7,417.25,COMPLETED
8640,1133,2026-08-19,P004,7,69.79,CANCELLED
8641,1187,2026-08-03,P028,7,31.74,RETURNED
8642,1068,2026-08-19,P022,4,306.55,COMPLETED
8643,1136,2026-08-02,P013,7,332.43,RETURNED
8644,1019,2026-08-24,P025,3,312.01,COMPLETED
8645,1178,2026-08-19,P012,7,17.21,CANCELLED
8646,1028,2026-08-17,P049,6,353.54,COMPLETED
8647,1163,2026-08-08,P001,7,328.95,COMPLETED
8648,1167,2026-08-13,P049,6,329.16,CANCELLED
8649,1176,2026-08-06,P038,6,317.01,CANCELLED
8650,1055,2026-08-20,P021,5,45.93,COMPLETED
8651,1141,2026-08-18,P033,1,341.91,RETURNED
8652,1024,2026-08-13,P001,1,267.39,CANCELLED
8653,1045,2026-08-04,P014,5,301.96,CANCELLED
8654,1106,2026-08-01,P033,4,392.18,COMPLETED
8655,1170,2026-08-17,P033,6,490.96,COMPLETED
8656,1125,2026-08-09,P009,5,112.62,COMPLETED
8657,1183,2026-08-27,P046,4,95.16,CANCELLED
8658,1144,2026-08-16,P015,7,114.08,COMPLETED
8659,1130,2026-08-23,P004,2,345.13,COMPLETED
8660,1012,2026-08-08,P050,5,352.23,RETURNED
8661,1198,2026-08-16,P025,8,171.43,RETURNED
8662,1143,2026-08-23,P008,5,96.52,RETURNED
8663,1135,2026-08-25,P048,1,42.20,CANCELLED
8664,1024,2026-08-09,P046,8,91.40,COMPLETED
8665,1099,2026-08-04,P023,2,88.15,RETURNED
8666,1002,2026-08-23,P014,8,161.49,COMPLETED
8667,1019,2026-08-05,P032,4,62.38,RETURNED
8668,1005,2026-08-04,P020,8,395.41,COMPLETED
8669,1127,2026-08-23,P021,4,435.64,RETURNED
8670,1137,2026-08-18,P021,2,437.71,RETURNED
8671,1056,2026-08-26,P002,3,21.85,COMPLETED
8672,1117,2026-08-04,P011,7,178.59,CANCELLED
8673,1089,2026-08-03,P015,2,14.75,COMPLETED
8674,1018,2026-08-02,P030,1,487.05,RETURNED
8675,1017,2026-08-22,P015,3,381.29,CANCELLED
8676,1140,2026-08-21,P042,3,86.49,COMPLETED
8677,1009,2026-08-03,P012,4,334.63,COMPLETED
8678,1080,2026-08-19,P001,2,417.94,COMPLETED
8679,1100,2026-08-25,P006,5,200.20,COMPLETED
8680,1120,2026-08-27,P032,7,27.57,COMPLETED
8681,1191,2026-08-16,P019,3,27.80,COMPLETED
8682,1053,2026-08-02,P045,1,222.61,COMPLETED
8683,1093,2026-08-08,P002,4,480.69,COMPLETED
8684,1084,2026-08-13,P005,3,216.39,COMPLETED
8685,1031,2026-08-10,P032,5,195.15,COMPLETED
8686,1187,2026-08-02,P022,6,336.12,COMPLETED
8687,1008,2026-08-07,P038,4,332.19,CANCELLED
8688,1151,2026-08-15,P010,4,37.00,COMPLETED
8689,1164,2026-08-01,P013,8,161.61,COMPLETED
8690,1062,2026-08-19,P016,7,213.29,RETURNED
8691,1058,2026-08-02,P043,4,399.72,RETURNED
8692,1057,2026-08-12,P039,8,146.20,COMPLETED
8693,1005,2026-08-19,P045,6,438.06,COMPLETED
8694,1037,2026-08-01,P044,5,59.97,CANCELLED
8695,1183,2026-08-16,P020,6,31.46,CANCELLED
8696,1069,2026-08-17,P026,4,327.71,COMPLETED
8697,1066,2026-08-01,P050,1,120.32,COMPLETED
8698,1173,2026-08-27,P047,6,260.33,COMPLETED
8699,1016,2026-08-13,P007,5,324.99,RETURNED
8700,1044,2026-08-04,P001,1,78.82,COMPLETED
8701,1134,2026-08-13,P036,6,61.53,RETURNED
8702,1153,2026-08-01,P008,7,374.62,CANCELLED
8703,1088,2026-08-25,P008,6,25.85,RETURNED
8704,1119,2026-08-06,P031,7,409.23,COMPLETED
8705,1025,2026-08-26,P026,1,147.48,COMPLETED
8706,1132,2026-08-22,P041,3,340.08,COMPLETED
8707,1138,2026-08-07,P048,7,179.43,RETURNED
8708,1043,2026-08-27,P001,8,394.45,COMPLETED
8709,1143,2026-08-01,P032,5,424.21,COMPLETED
8710,1173,2026-08-01,P022,4,197.89,COMPLETED
8711,1076,2026-08-10,P006,8,194.53,COMPLETED
8712,1182,2026-08-10,P048,3,364.07,CANCELLED
8713,1087,2026-08-04,P014,8,469.45,COMPLETED
8714,1091,2026-08-10,P001,6,294.43,RETURNED
8715,1159,2026-08-02,P002,1,81.12,CANCELLED
8716,1051,2026-08-24,P021,6,159.45,CANCELLED
8717,1177,2026-08-09,P009,3,407.61,RETURNED
8718,1024,2026-08-09,P003,4,212.29,RETURNED
8719,1015,2026-08-01,P042,3,137.92,RETURNED
8720,1171,2026-08-04,P020,5,357.79,CANCELLED
8721,1108,2026-08-02,P001,3,419.66,CANCELLED
8722,1110,2026-08-10,P001,2,251.07,COMPLETED
8723,1083,2026-08-06,P013,6,93.20,COMPLETED
8724,1116,2026-08-07,P027,5,374.07,COMPLETED
8725,1089,2026-08-06,P020,1,454.67,COMPLETED
8726,1009,2026-08-16,P007,6,140.29,CANCELLED
8727,1090,2026-08-08,P050,8,310.89,RETURNED
8728,1115,2026-08-09,P013,3,281.32,RETURNED
8729,1157,2026-08-07,P048,4,380.02,CANCELLED
8730,1196,2026-08-20,P035,2,22.89,COMPLETED
8731,1091,2026-08-26,P028,7,329.34,COMPLETED
8732,1098,2026-08-05,P019,1,392.91,CANCELLED
8733,1123,2026-08-09,P025,7,419.99,COMPLETED
8734,1085,2026-08-15,P004,6,197.38,RETURNED
8735,1175,2026-08-09,P005,6,38.40,COMPLETED
8736,1004,2026-08-08,P038,3,184.53,RETURNED
8737,1037,2026-08-06,P034,7,68.70,COMPLETED
8738,1028,2026-08-21,P017,6,384.71,COMPLETED
8739,1086,2026-08-17,P010,3,167.94,COMPLETED
8740,1173,2026-08-08,P047,3,470.03,RETURNED
8741,1145,2026-08-25,P008,7,175.30,RETURNED
8742,1145,2026-08-25,P034,2,431.94,COMPLETED
8743,1053,2026-08-25,P039,6,100.98,COMPLETED
8744,1111,2026-08-11,P032,4,17.41,COMPLETED
8745,1059,2026-08-01,P036,4,407.81,RETURNED
8746,1111,2026-08-10,P041,1,61.26,CANCELLED
8747,1179,2026-08-15,P045,7,300.31,COMPLETED
8748,1085,2026-08-19,P001,2,369.88,CANCELLED
8749,1091,2026-08-04,P032,8,27.15,COMPLETED
8750,1181,2026-08-25,P018,5,180.69,COMPLETED
8751,1064,2026-08-14,P033,2,445.92,CANCELLED
8752,1142,2026-08-26,P042,7,240.70,COMPLETED
8753,1163,2026-08-08,P021,2,388.14,COMPLETED
8754,1081,2026-08-14,P039,8,218.06,CANCELLED
8755,1047,2026-08-20,P048,3,285.97,CANCELLED
8756,1056,2026-08-08,P011,3,360.84,COMPLETED
8757,1049,2026-08-08,P044,8,380.46,RETURNED
8758,1104,2026-08-03,P049,1,169.97,COMPLETED
8759,1068,2026-08-22,P005,2,462.72,COMPLETED
8760,1115,2026-08-10,P026,4,20.32,RETURNED
8761,1148,2026-08-21,P050,4,83.65,RETURNED
8762,1141,2026-08-15,P006,7,407.22,CANCELLED
8763,1161,2026-08-02,P006,6,407.07,RETURNED
8764,1041,2026-08-04,P044,8,398.30,COMPLETED
8765,1062,2026-08-06,P029,4,219.60,COMPLETED
8766,1137,2026-08-24,P003,4,236.62,COMPLETED
8767,1068,2026-08-07,P013,2,267.51,COMPLETED
8768,1173,2026-08-03,P031,4,178.78,COMPLETED
8769,1037,2026-08-26,P027,7,377.31,COMPLETED
8770,1074,2026-08-03,P030,2,372.82,CANCELLED
8771,1066,2026-08-06,P030,1,228.16,RETURNED
8772,1080,2026-08-16,P008,4,369.16,COMPLETED
8773,1107,2026-08-27,P020,6,466.55,CANCELLED
8774,1200,2026-08-07,P026,2,329.43,RETURNED
8775,1104,2026-08-18,P026,6,300.30,COMPLETED
8776,1166,2026-08-16,P034,1,16.76,RETURNED
8777,1012,2026-08-09,P008,4,278.92,COMPLETED
8778,1189,2026-08-18,P007,6,242.22,CANCELLED
8779,1136,2026-08-12,P004,7,14.79,COMPLETED
8780,1172,2026-08-03,P009,1,378.02,COMPLETED
8781,1048,2026-08-10,P036,7,405.15,RETURNED
8782,1120,2026-08-26,P014,3,221.79,COMPLETED
8783,1140,2026-08-23,P030,7,26.65,COMPLETED
8784,1021,2026-08-25,P017,7,418.90,RETURNED
8785,1049,2026-08-07,P029,2,262.98,COMPLETED
8786,1052,2026-08-25,P034,3,298.84,COMPLETED
8787,1059,2026-08-10,P001,6,13.31,RETURNED
8788,1029,2026-08-26,P042,4,145.82,COMPLETED
8789,1066,2026-08-13,P038,5,250.14,COMPLETED
8790,1177,2026-08-24,P027,8,106.82,RETURNED
8791,1060,2026-08-26,P047,2,109.70,CANCELLED
8792,1042,2026-08-21,P041,3,445.15,CANCELLED
8793,1094,2026-08-26,P023,2,283.55,COMPLETED
8794,1129,2026-08-22,P035,3,188.87,COMPLETED
8795,1102,2026-08-02,P032,3,53.30,COMPLETED
8796,1063,2026-08-14,P033,1,329.32,COMPLETED
8797,1117,2026-08-03,P026,8,382.02,COMPLETED
8798,1004,2026-08-05,P031,8,161.79,COMPLETED
8799,1019,2026-08-14,P001,5,270.07,COMPLETED
8800,1023,2026-08-23,P027,1,131.61,CANCELLED
8801,1131,2026-08-18,P043,2,95.08,COMPLETED
8802,1139,2026-08-15,P022,4,304.85,RETURNED
8803,1040,2026-08-08,P012,1,390.78,CANCELLED
8804,1147,2026-08-21,P023,2,144.21,COMPLETED
8805,1199,2026-08-19,P027,6,130.09,RETURNED
8806,1199,2026-08-17,P012,3,129.06,COMPLETED
8807,1131,2026-08-15,P027,3,319.85,COMPLETED
8808,1173,2026-08-22,P050,2,176.92,COMPLETED
8809,1100,2026-08-08,P032,1,410.62,RETURNED
8810,1072,2026-08-01,P025,2,342.79,CANCELLED
8811,1020,2026-08-02,P010,2,145.71,RETURNED
8812,1027,2026-08-01,P011,5,154.48,COMPLETED
8813,1033,2026-08-18,P019,4,381.07,RETURNED
8814,1104,2026-08-15,P012,5,256.86,COMPLETED
8815,1143,2026-08-27,P028,8,276.82,COMPLETED
8816,1034,2026-08-16,P029,4,403.46,CANCELLED
8817,1195,2026-08-14,P013,1,354.71,RETURNED
8818,1181,2026-08-21,P016,6,323.90,CANCELLED
8819,1198,2026-08-18,P031,1,219.06,COMPLETED
8820,1065,2026-08-03,P042,7,300.90,COMPLETED
8821,1063,2026-08-14,P044,7,466.43,COMPLETED
8822,1022,2026-08-16,P033,6,214.08,COMPLETED
8823,1116,2026-08-12,P031,4,177.90,CANCELLED
8824,1177,2026-08-17,P040,6,285.80,COMPLETED
8825,1138,2026-08-11,P044,4,212.86,RETURNED
8826,1080,2026-08-23,P035,4,225.51,RETURNED
8827,1097,2026-08-06,P003,4,381.71,COMPLETED
8828,1002,2026-08-05,P012,5,140.82,COMPLETED
8829,1016,2026-08-27,P010,7,253.30,COMPLETED
8830,1151,2026-08-16,P036,3,312.75,RETURNED
8831,1186,2026-08-03,P001,7,381.92,COMPLETED
8832,1042,2026-08-15,P038,7,112.08,COMPLETED
8833,1131,2026-08-01,P047,4,418.68,COMPLETED
8834,1024,2026-08-10,P041,4,250.51,COMPLETED
8835,1097,2026-08-14,P021,1,261.13,COMPLETED
8836,1199,2026-08-04,P007,1,266.76,RETURNED
8837,1001,2026-08-27,P032,8,459.79,RETURNED
8838,1061,2026-08-07,P009,4,342.42,RETURNED
8839,1121,2026-08-10,P024,1,91.57,RETURNED
8840,1011,2026-08-10,P005,3,185.89,CANCELLED
8841,1082,2026-08-12,P031,8,188.58,COMPLETED
8842,1039,2026-08-17,P036,7,113.97,COMPLETED
8843,1194,2026-08-01,P001,8,338.12,COMPLETED
8844,1087,2026-08-13,P021,1,437.01,CANCELLED
8845,1147,2026-08-07,P026,5,66.74,COMPLETED
8846,1098,2026-08-25,P008,1,375.72,CANCELLED
8847,1050,2026-08-26,P006,2,333.40,CANCELLED
8848,1178,2026-08-13,P011,7,20.21,COMPLETED
8849,1119,2026-08-10,P045,6,194.54,RETURNED
8850,1059,2026-08-03,P049,2,153.74,CANCELLED
8851,1086,2026-08-20,P024,8,170.79,COMPLETED
8852,1049,2026-08-13,P018,1,198.41,COMPLETED
8853,1061,2026-08-14,P034,1,192.63,RETURNED
8854,1151,2026-08-06,P028,5,307.92,RETURNED
8855,1140,2026-08-13,P046,7,365.71,COMPLETED
8856,1133,2026-08-17,P036,8,381.32,COMPLETED
8857,1006,2026-08-10,P013,2,151.67,CANCELLED
8858,1067,2026-08-08,P022,5,267.96,COMPLETED
8859,1145,2026-08-05,P016,7,69.26,CANCELLED
8860,1041,2026-08-20,P042,1,434.31,RETURNED
8861,1177,2026-08-07,P019,1,304.32,COMPLETED
8862,1022,2026-08-07,P013,2,346.39,COMPLETED
8863,1113,2026-08-23,P039,6,171.88,RETURNED
8864,1122,2026-08-20,P012,1,460.65,COMPLETED
8865,1194,2026-08-13,P036,7,393.00,CANCELLED
8866,1165,2026-08-05,P014,4,38.13,CANCELLED
8867,1051,2026-08-12,P029,8,433.12,COMPLETED
8868,1014,2026-08-21,P019,6,63.49,COMPLETED
8869,1124,2026-08-08,P025,7,247.98,CANCELLED
8870,1169,2026-08-20,P045,6,404.23,COMPLETED
8871,1034,2026-08-24,P018,3,362.56,RETURNED
8872,1021,2026-08-13,P038,8,116.88,CANCELLED
8873,1116,2026-08-16,P038,6,170.93,COMPLETED
8874,1155,2026-08-26,P020,3,24.75,COMPLETED
8875,1138,2026-08-09,P046,1,462.06,RETURNED
8876,1053,2026-08-23,P036,5,452.06,RETURNED
8877,1115,2026-08-05,P026,7,421.82,RETURNED
8878,1100,2026-08-09,P025,2,125.42,CANCELLED
8879,1155,2026-08-09,P038,7,422.18,CANCELLED
8880,1123,2026-08-20,P034,1,264.49,CANCELLED
8881,1077,2026-08-08,P008,2,493.58,RETURNED
8882,1010,2026-08-23,P048,4,168.54,RETURNED
8883,1075,2026-08-10,P017,1,346.63,CANCELLED
8884,1116,2026-08-09,P009,3,234.44,COMPLETED
8885,1039,2026-08-10,P031,5,178.36,RETURNED
8886,1086,2026-08-14,P017,2,39.85,CANCELLED
8887,1071,2026-08-27,P004,3,279.31,CANCELLED
8888,1063,2026-08-11,P040,2,437.32,COMPLETED
8889,1062,2026-08-09,P029,7,400.94,RETURNED
8890,1106,2026-08-06,P034,1,121.91,RETURNED
8891,1005,2026-08-20,P036,2,341.22,COMPLETED
8892,1001,2026-08-18,P047,8,245.35,CANCELLED
8893,1148,2026-08-12,P042,1,62.09,RETURNED
8894,1101,2026-08-07,P029,3,492.71,RETURNED
8895,1101,2026-08-16,P016,5,388.87,COMPLETED
8896,1018,2026-08-25,P034,8,391.08,CANCELLED
8897,1113,2026-08-06,P048,7,209.13,RETURNED
8898,1060,2026-08-14,P015,2,207.84,RETURNED
8899,1031,2026-08-13,P016,4,397.65,COMPLETED
8900,1105,2026-08-07,P009,3,374.67,COMPLETED
8901,1157,2026-08-22,P017,7,158.55,CANCELLED
8902,1071,2026-08-13,P037,6,406.49,CANCELLED
8903,1058,2026-08-15,P026,1,391.09,COMPLETED
8904,1145,2026-08-09,P042,4,410.39,COMPLETED
8905,1168,2026-08-10,P030,2,74.66,CANCELLED
8906,1167,2026-08-06,P003,1,453.48,COMPLETED
8907,1158,2026-08-23,P016,3,433.38,COMPLETED
8908,1007,2026-08-17,P044,3,270.99,RETURNED
8909,1099,2026-08-06,P021,1,184.12,COMPLETED
8910,1110,2026-08-10,P040,6,205.70,CANCELLED
8911,1021,2026-08-20,P039,1,28.79,COMPLETED
8912,1081,2026-08-07,P009,4,53.84,COMPLETED
8913,1032,2026-08-01,P021,5,447.25,CANCELLED
8914,1038,2026-08-11,P030,5,350.64,CANCELLED
8915,1024,2026-08-17,P042,7,488.27,COMPLETED
8916,1187,2026-08-16,P037,8,408.94,COMPLETED
8917,1085,2026-08-26,P028,4,120.84,RETURNED
8918,1142,2026-08-10,P018,3,19.76,COMPLETED
8919,1097,2026-08-26,P006,6,229.40,CANCELLED
8920,1184,2026-08-27,P050,3,443.27,COMPLETED
8921,1004,2026-08-02,P014,7,147.86,COMPLETED
8922,1167,2026-08-18,P032,5,40.87,COMPLETED
8923,1095,2026-08-22,P009,3,322.84,COMPLETED
8924,1093,2026-08-09,P019,7,191.03,CANCELLED
8925,1169,2026-08-24,P004,2,72.46,COMPLETED
8926,1106,2026-08-25,P030,5,371.34,COMPLETED
8927,1014,2026-08-14,P005,5,158.33,RETURNED
8928,1131,2026-08-27,P039,3,355.63,COMPLETED
8929,1055,2026-08-10,P022,4,415.40,COMPLETED
8930,1184,2026-08-27,P028,3,178.00,COMPLETED
8931,1166,2026-08-27,P001,7,404.99,CANCELLED
8932,1064,2026-08-23,P033,2,419.49,COMPLETED
8933,1019,2026-08-23,P016,8,399.59,COMPLETED
8934,1070,2026-08-25,P040,1,236.97,COMPLETED
8935,1179,2026-08-17,P035,6,19.04,COMPLETED
8936,1089,2026-08-22,P043,5,35.38,COMPLETED
8937,1090,2026-08-25,P005,5,214.66,COMPLETED
8938,1170,2026-08-02,P041,7,312.24,CANCELLED
8939,1185,2026-08-04,P023,2,315.88,RETURNED
8940,1040,2026-08-15,P022,4,323.20,COMPLETED
8941,1081,2026-08-26,P035,1,123.70,COMPLETED
8942,1196,2026-08-13,P039,5,121.67,COMPLETED
8943,1177,2026-08-09,P021,3,278.05,COMPLETED
8944,1043,2026-08-22,P050,1,39.98,COMPLETED
8945,1013,2026-08-04,P031,6,467.70,RETURNED
8946,1088,2026-08-16,P044,4,17.40,COMPLETED
8947,1062,2026-08-19,P049,1,426.07,COMPLETED
8948,1191,2026-08-21,P040,4,473.34,COMPLETED
8949,1085,2026-08-13,P044,3,22.30,COMPLETED
8950,1186,2026-08-25,P025,6,356.36,COMPLETED
8951,1096,2026-08-17,P025,5,307.43,COMPLETED
8952,1057,2026-08-24,P015,8,277.72,RETURNED
8953,1008,2026-08-08,P038,5,111.69,COMPLETED
8954,1141,2026-08-03,P029,6,383.31,RETURNED
8955,1145,2026-08-06,P022,1,342.64,CANCELLED
8956,1133,2026-08-06,P013,4,305.96,COMPLETED
8957,1144,2026-08-22,P028,2,284.82,COMPLETED
8958,1163,2026-08-21,P045,5,208.06,COMPLETED
8959,1088,2026-08-27,P027,8,379.31,COMPLETED
8960,1097,2026-08-22,P041,6,342.67,CANCELLED
8961,1115,2026-08-01,P007,4,456.98,RETURNED
8962,1116,2026-08-26,P022,8,184.77,COMPLETED
8963,1009,2026-08-26,P032,1,335.62,COMPLETED
8964,1103,2026-08-22,P038,3,32.37,COMPLETED
8965,1006,2026-08-15,P041,5,112.00,CANCELLED
8966,1065,2026-08-27,P031,5,460.60,CANCELLED
8967,1077,2026-08-07,P041,3,30.30,COMPLETED
8968,1123,2026-08-27,P016,5,16.39,COMPLETED
8969,1139,2026-08-19,P042,8,49.55,RETURNED
8970,1047,2026-08-24,P004,1,69.19,COMPLETED
8971,1047,2026-08-25,P040,7,249.27,COMPLETED
8972,1162,2026-08-24,P017,7,313.01,COMPLETED
8973,1199,2026-08-14,P026,2,489.61,CANCELLED
8974,1017,2026-08-22,P002,7,144.55,CANCELLED
8975,1114,2026-08-23,P022,4,179.82,CANCELLED
8976,1182,2026-08-12,P002,3,494.44,RETURNED
8977,1196,2026-08-08,P049,2,477.31,COMPLETED
8978,1099,2026-08-01,P006,1,46.87,RETURNED
8979,1041,2026-08-08,P037,3,54.38,COMPLETED
8980,1190,2026-08-02,P025,8,154.65,CANCELLED
8981,1010,2026-08-23,P036,5,113.29,CANCELLED
8982,1170,2026-08-01,P016,5,82.70,COMPLETED
8983,1034,2026-08-13,P020,8,78.74,CANCELLED
8984,1122,2026-08-27,P008,5,492.89,COMPLETED
8985,1016,2026-08-13,P028,1,397.46,CANCELLED
8986,1117,2026-08-21,P034,4,250.81,RETURNED
8987,1032,2026-08-20,P035,3,45.48,COMPLETED
8988,1156,2026-08-02,P002,1,234.97,RETURNED
8989,1137,2026-08-22,P047,5,240.75,COMPLETED
8990,1117,2026-08-24,P004,2,331.10,COMPLETED
8991,1164,2026-08-25,P044,7,143.00,CANCELLED
8992,1095,2026-08-24,P030,6,274.28,COMPLETED
8993,1188,2026-08-15,P015,1,444.34,CANCELLED
8994,1082,2026-08-21,P041,8,436.64,RETURNED
8995,1155,2026-08-25,P006,5,386.42,COMPLETED
8996,1124,2026-08-27,P034,4,373.72,COMPLETED
8997,1056,2026-08-18,P050,7,164.10,COMPLETED
8998,1055,2026-08-18,P013,1,151.62,COMPLETED
8999,1140,2026-08-07,P012,1,139.23,COMPLETED
9000,1001,2026-08-26,P002,8,425.84,COMPLETED
9001,1068,2026-08-13,P029,8,181.26,COMPLETED
9002,1183,2026-08-07,P006,7,404.42,CANCELLED
9003,1027,2026-08-07,P031,3,177.33,COMPLETED
9004,1090,2026-08-27,P033,4,35.82,COMPLETED
9005,1045,2026-08-03,P025,8,402.74,COMPLETED
9006,1140,2026-08-22,P050,4,434.13,COMPLETED
9007,1164,2026-08-26,P041,5,281.16,COMPLETED
9008,1021,2026-08-18,P007,7,441.47,COMPLETED
9009,1078,2026-08-25,P020,6,256.04,COMPLETED
9010,1175,2026-08-02,P050,7,490.97,CANCELLED
9011,1035,2026-08-16,P029,3,55.45,COMPLETED
9012,1001,2026-08-23,P037,7,263.10,RETURNED
9013,1110,2026-08-04,P015,8,499.63,COMPLETED
9014,1108,2026-08-05,P031,2,173.57,COMPLETED
9015,1004,2026-08-27,P029,8,66.13,COMPLETED
9016,1111,2026-08-13,P018,7,267.73,CANCELLED
9017,1122,2026-08-24,P016,5,59.42,COMPLETED
9018,1146,2026-08-20,P022,5,219.59,COMPLETED
9019,1048,2026-08-21,P022,8,152.99,COMPLETED
9020,1098,2026-08-11,P035,8,227.69,RETURNED
9021,1193,2026-08-27,P015,8,361.55,RETURNED
9022,1099,2026-08-12,P003,2,200.13,COMPLETED
9023,1167,2026-08-24,P016,3,487.34,CANCELLED
9024,1174,2026-08-24,P047,1,58.93,COMPLETED
9025,1016,2026-08-20,P044,6,359.12,CANCELLED
9026,1197,2026-08-26,P007,2,182.06,RETURNED
9027,1162,2026-08-20,P048,7,366.91,COMPLETED
9028,1079,2026-08-05,P032,4,38.40,CANCELLED
9029,1108,2026-08-05,P005,6,361.69,COMPLETED
9030,1162,2026-08-12,P015,6,346.48,COMPLETED
9031,1033,2026-08-26,P049,5,54.90,RETURNED
9032,1141,2026-08-22,P048,1,222.86,RETURNED
9033,1187,2026-08-03,P027,6,362.62,CANCELLED
9034,1148,2026-08-02,P035,4,23.09,COMPLETED
9035,1056,2026-08-12,P017,2,323.06,COMPLETED
9036,1083,2026-08-09,P028,4,209.63,RETURNED
9037,1162,2026-08-02,P049,8,227.03,COMPLETED
9038,1180,2026-08-10,P017,8,81.04,COMPLETED
9039,1037,2026-08-23,P007,7,237.24,RETURNED
9040,1159,2026-08-16,P027,5,128.29,COMPLETED
9041,1164,2026-08-16,P013,5,73.94,COMPLETED
9042,1134,2026-08-13,P031,4,367.39,COMPLETED
9043,1086,2026-08-20,P007,3,296.01,CANCELLED
9044,1151,2026-08-22,P003,3,284.47,RETURNED
9045,1040,2026-08-10,P025,6,139.76,COMPLETED
9046,1058,2026-08-15,P007,8,453.83,COMPLETED
9047,1197,2026-08-11,P036,2,74.01,CANCELLED
9048,1002,2026-08-13,P017,7,119.24,COMPLETED
9049,1191,2026-08-20,P017,8,487.62,COMPLETED
9050,1047,2026-08-15,P050,7,177.13,COMPLETED
9051,1103,2026-08-10,P034,7,423.95,COMPLETED
9052,1046,2026-08-25,P005,2,211.99,CANCELLED
9053,1064,2026-08-12,P024,2,236.07,COMPLETED
9054,1165,2026-08-21,P030,5,170.57,COMPLETED
9055,1006,2026-08-23,P023,6,13.48,CANCELLED
9056,1012,2026-08-09,P032,6,357.52,CANCELLED
9057,1133,2026-08-14,P020,5,271.99,COMPLETED
9058,1117,2026-08-08,P028,4,68.28,COMPLETED
9059,1156,2026-08-16,P019,4,106.29,RETURNED
9060,1093,2026-08-06,P009,3,460.88,COMPLETED
9061,1004,2026-08-27,P043,2,199.58,COMPLETED
9062,1125,2026-08-12,P028,4,161.52,COMPLETED
9063,1068,2026-08-10,P007,7,62.25,COMPLETED
9064,1026,2026-08-21,P019,2,25.98,CANCELLED
9065,1148,2026-08-08,P033,2,318.38,COMPLETED
9066,1073,2026-08-26,P036,6,264.69,COMPLETED
9067,1122,2026-08-22,P005,2,75.99,COMPLETED
9068,1083,2026-08-15,P025,8,351.68,RETURNED
9069,1155,2026-08-11,P001,4,415.52,RETURNED
9070,1125,2026-08-04,P037,8,148.07,COMPLETED
9071,1008,2026-08-01,P049,1,331.94,RETURNED
9072,1163,2026-08-20,P003,3,91.62,CANCELLED
9073,1196,2026-08-09,P025,2,306.46,COMPLETED
9074,1178,2026-08-18,P037,5,26.14,COMPLETED
9075,1033,2026-08-15,P027,7,133.40,COMPLETED
9076,1135,2026-08-18,P001,8,483.42,COMPLETED
9077,1046,2026-08-08,P027,7,166.92,COMPLETED
9078,1140,2026-08-01,P002,1,188.88,COMPLETED
9079,1064,2026-08-17,P001,1,13.39,COMPLETED
9080,1040,2026-08-11,P035,4,233.47,CANCELLED
9081,1186,2026-08-17,P042,8,318.52,COMPLETED
9082,1019,2026-08-02,P004,4,14.94,RETURNED
9083,1044,2026-08-03,P011,7,289.84,COMPLETED
9084,1166,2026-08-23,P026,8,195.45,COMPLETED
9085,1090,2026-08-04,P045,6,141.87,COMPLETED
9086,1200,2026-08-19,P044,1,228.22,COMPLETED
9087,1043,2026-08-15,P045,3,313.63,RETURNED
9088,1105,2026-08-10,P014,3,334.48,COMPLETED
9089,1043,2026-08-18,P046,4,160.11,CANCELLED
9090,1069,2026-08-07,P040,8,325.98,COMPLETED
9091,1037,2026-08-12,P050,2,35.98,COMPLETED
9092,1135,2026-08-08,P033,6,187.99,COMPLETED
9093,1167,2026-08-15,P015,3,447.19,COMPLETED
9094,1156,2026-08-13,P007,4,327.34,CANCELLED
9095,1143,2026-08-03,P032,1,181.57,COMPLETED
9096,1039,2026-08-07,P038,1,352.12,CANCELLED
9097,1154,2026-08-03,P043,5,362.59,COMPLETED
9098,1120,2026-08-26,P037,5,41.60,COMPLETED
9099,1048,2026-08-21,P030,3,329.52,RETURNED
9100,1068,2026-08-25,P035,2,144.67,COMPLETED
9101,1158,2026-08-26,P008,2,285.59,CANCELLED
9102,1087,2026-08-21,P034,3,261.53,COMPLETED
9103,1066,2026-08-18,P003,8,142.52,COMPLETED
9104,1142,2026-08-19,P050,3,216.24,RETURNED
9105,1006,2026-08-13,P032,6,370.16,COMPLETED
9106,1170,2026-08-01,P002,1,283.15,COMPLETED
9107,1128,2026-08-15,P019,1,49.36,COMPLETED
9108,1176,2026-08-25,P010,6,228.72,RETURNED
9109,1179,2026-08-05,P049,6,178.48,COMPLETED
9110,1180,2026-08-21,P045,7,255.11,RETURNED
9111,1187,2026-08-09,P001,7,410.80,COMPLETED
9112,1144,2026-08-04,P008,6,350.34,COMPLETED
9113,1040,2026-08-25,P018,4,196.29,COMPLETED
9114,1174,2026-08-10,P003,5,394.51,COMPLETED
9115,1178,2026-08-05,P003,6,66.88,CANCELLED
9116,1079,2026-08-21,P045,8,453.03,COMPLETED
9117,1093,2026-08-25,P031,7,34.80,CANCELLED
9118,1125,2026-08-06,P019,5,271.00,CANCELLED
9119,1014,2026-08-13,P044,4,476.80,RETURNED
9120,1172,2026-08-07,P035,6,225.34,RETURNED
9121,1173,2026-08-01,P004,2,430.74,COMPLETED
9122,1165,2026-08-23,P030,7,132.42,COMPLETED
9123,1068,2026-08-21,P050,2,257.40,COMPLETED
9124,1004,2026-08-02,P021,3,86.88,RETURNED
9125,1055,2026-08-16,P050,6,233.78,CANCELLED
9126,1123,2026-08-18,P025,3,466.07,COMPLETED
9127,1089,2026-08-15,P009,6,366.56,COMPLETED
9128,1099,2026-08-17,P035,7,283.15,COMPLETED
9129,1069,2026-08-01,P033,7,383.48,CANCELLED
9130,1080,2026-08-17,P033,3,332.34,CANCELLED
9131,1014,2026-08-04,P012,4,32.03,COMPLETED
9132,1068,2026-08-12,P022,5,208.55,COMPLETED
9133,1131,2026-08-08,P023,5,227.91,COMPLETED
9134,1131,2026-08-19,P019,5,321.36,COMPLETED
9135,1031,2026-08-15,P045,1,150.46,COMPLETED
9136,1191,2026-08-12,P025,1,171.18,COMPLETED
9137,1110,2026-08-25,P039,4,246.37,COMPLETED
9138,1134,2026-08-21,P007,2,427.85,RETURNED
9139,1166,2026-08-13,P029,2,106.93,COMPLETED
9140,1072,2026-08-21,P011,6,169.59,COMPLETED
9141,1064,2026-08-19,P042,2,335.93,COMPLETED
9142,1158,2026-08-10,P030,2,311.84,CANCELLED
9143,1002,2026-08-24,P007,2,49.68,CANCELLED
9144,1050,2026-08-15,P025,8,154.31,COMPLETED
9145,1001,2026-08-27,P038,5,277.30,RETURNED
9146,1067,2026-08-11,P015,3,224.86,CANCELLED
9147,1155,2026-08-19,P014,5,240.46,COMPLETED
9148,1133,2026-08-25,P035,8,201.31,RETURNED
9149,1162,2026-08-07,P048,7,49.93,COMPLETED
9150,1099,2026-08-23,P020,8,404.54,COMPLETED
9151,1049,2026-08-17,P006,1,274.44,RETURNED
9152,1018,2026-08-14,P045,6,89.66,CANCELLED
9153,1008,2026-08-27,P021,1,323.69,COMPLETED
9154,1108,2026-08-22,P002,2,75.74,COMPLETED
9155,1036,2026-08-11,P041,8,156.60,RETURNED
9156,1160,2026-08-25,P024,5,463.95,RETURNED
9157,1083,2026-08-25,P024,8,217.49,RETURNED
9158,1107,2026-08-27,P034,2,323.79,COMPLETED
9159,1062,2026-08-08,P029,1,253.04,COMPLETED
9160,1079,2026-08-04,P007,4,180.79,COMPLETED
9161,1067,2026-08-24,P021,4,384.81,RETURNED
9162,1095,2026-08-23,P045,3,108.89,RETURNED
9163,1082,2026-08-02,P032,3,151.60,COMPLETED
9164,1180,2026-08-04,P030,7,496.97,COMPLETED
9165,1073,2026-08-25,P039,4,173.14,COMPLETED
9166,1127,2026-08-17,P045,7,108.57,COMPLETED
9167,1066,2026-08-05,P041,4,58.82,COMPLETED
9168,1098,2026-08-05,P001,2,31.79,CANCELLED
9169,1071,2026-08-13,P014,4,416.90,COMPLETED
9170,1167,2026-08-09,P048,7,11.01,CANCELLED
9171,1102,2026-08-07,P018,4,365.03,COMPLETED
9172,1152,2026-08-23,P036,7,322.78,CANCELLED
9173,1025,2026-08-02,P024,3,172.08,COMPLETED
9174,1025,2026-08-09,P031,4,474.08,COMPLETED
9175,1130,2026-08-21,P024,4,337.59,COMPLETED
9176,1044,2026-08-09,P025,5,272.63,COMPLETED
9177,1063,2026-08-21,P022,3,412.75,COMPLETED
9178,1044,2026-08-21,P017,8,85.34,COMPLETED
9179,1061,2026-08-11,P003,6,403.36,CANCELLED
9180,1157,2026-08-03,P002,2,496.77,COMPLETED
9181,1155,2026-08-09,P009,6,331.45,CANCELLED
9182,1014,2026-08-12,P033,3,106.20,CANCELLED
9183,1171,2026-08-02,P015,6,215.23,COMPLETED
9184,1103,2026-08-11,P016,6,475.51,RETURNED
9185,1040,2026-08-12,P036,2,267.65,COMPLETED
9186,1100,2026-08-07,P038,8,155.57,RETURNED
9187,1184,2026-08-02,P024,1,438.37,CANCELLED
9188,1052,2026-08-23,P034,4,414.55,COMPLETED
9189,1100,2026-08-15,P001,3,208.97,RETURNED
9190,1065,2026-08-22,P030,5,14.92,COMPLETED
9191,1081,2026-08-01,P001,2,232.94,COMPLETED
9192,1083,2026-08-14,P034,7,180.03,RETURNED
9193,1083,2026-08-25,P035,1,326.31,CANCELLED
9194,1192,2026-08-19,P046,8,434.02,COMPLETED
9195,1047,2026-08-06,P003,4,92.93,COMPLETED
9196,1062,2026-08-08,P045,1,40.02,COMPLETED
9197,1110,2026-08-19,P037,2,435.03,CANCELLED
9198,1064,2026-08-27,P025,2,372.10,COMPLETED
9199,1024,2026-08-11,P020,2,383.27,COMPLETED
9200,1040,2026-08-27,P036,1,488.20,CANCELLED
9201,1056,2026-08-04,P011,3,409.71,RETURNED
9202,1184,2026-08-14,P050,2,142.09,COMPLETED
9203,1077,2026-08-21,P009,5,465.65,COMPLETED
9204,1062,2026-08-09,P002,3,93.70,COMPLETED
9205,1015,2026-08-08,P001,3,389.26,COMPLETED
9206,1135,2026-08-04,P039,4,73.41,COMPLETED
9207,1061,2026-08-18,P022,3,139.73,COMPLETED
9208,1183,2026-08-21,P015,8,287.92,COMPLETED
9209,1098,2026-08-08,P008,3,306.04,CANCELLED
9210,1189,2026-08-14,P045,3,298.31,RETURNED
9211,1097,2026-08-09,P019,7,370.27,COMPLETED
9212,1093,2026-08-25,P014,8,234.60,CANCELLED
9213,1049,2026-08-03,P001,5,11.70,CANCELLED
9214,1061,2026-08-02,P025,1,202.13,COMPLETED
9215,1032,2026-08-05,P047,8,474.72,COMPLETED
9216,1042,2026-08-14,P027,8,421.36,COMPLETED
9217,1151,2026-08-16,P010,4,220.37,COMPLETED
9218,1117,2026-08-11,P013,8,356.77,RETURNED
9219,1050,2026-08-24,P033,3,348.69,COMPLETED
9220,1153,2026-08-03,P011,5,221.77,COMPLETED
9221,1058,2026-08-06,P013,3,473.61,RETURNED
9222,1084,2026-08-24,P012,2,106.46,COMPLETED
9223,1008,2026-08-07,P025,6,304.68,COMPLETED
9224,1181,2026-08-16,P019,1,387.99,COMPLETED
9225,1077,2026-08-24,P005,2,499.35,COMPLETED
9226,1048,2026-08-10,P038,6,462.98,COMPLETED
9227,1173,2026-08-09,P002,6,200.06,RETURNED
9228,1059,2026-08-22,P045,4,291.89,COMPLETED
9229,1041,2026-08-02,P045,5,213.34,RETURNED
9230,1118,2026-08-23,P018,4,106.34,COMPLETED
9231,1142,2026-08-12,P047,4,430.94,COMPLETED
9232,1150,2026-08-07,P024,8,259.15,RETURNED
9233,1196,2026-08-03,P003,1,176.77,RETURNED
9234,1124,2026-08-21,P024,5,176.74,RETURNED
9235,1048,2026-08-12,P023,1,259.30,CANCELLED
9236,1179,2026-08-05,P044,4,99.13,COMPLETED
9237,1144,2026-08-01,P027,1,246.21,COMPLETED
9238,1078,2026-08-18,P033,7,305.47,COMPLETED
9239,1185,2026-08-13,P041,8,149.71,COMPLETED
9240,1064,2026-08-06,P048,2,141.75,COMPLETED
9241,1011,2026-08-21,P036,7,436.03,CANCELLED
9242,1036,2026-08-19,P030,3,335.64,COMPLETED
9243,1034,2026-08-24,P044,3,173.14,COMPLETED
9244,1027,2026-08-26,P008,5,447.23,COMPLETED
9245,1106,2026-08-25,P012,6,183.99,COMPLETED
9246,1105,2026-08-03,P029,3,217.18,CANCELLED
9247,1146,2026-08-21,P017,1,395.12,COMPLETED
9248,1078,2026-08-24,P031,6,288.53,COMPLETED
9249,1069,2026-08-08,P011,4,217.90,COMPLETED
9250,1184,2026-08-27,P010,6,382.27,COMPLETED
9251,1186,2026-08-14,P047,6,142.62,COMPLETED
9252,1076,2026-08-05,P015,7,320.62,COMPLETED
9253,1089,2026-08-02,P010,4,244.44,COMPLETED
9254,1017,2026-08-07,P022,2,31.08,CANCELLED
9255,1008,2026-08-18,P040,4,328.77,COMPLETED
9256,1048,2026-08-08,P011,2,376.25,COMPLETED
9257,1114,2026-08-06,P019,7,145.06,CANCELLED
9258,1113,2026-08-18,P042,8,40.25,CANCELLED
9259,1106,2026-08-10,P041,5,90.03,COMPLETED
9260,1189,2026-08-02,P002,8,491.51,CANCELLED
9261,1188,2026-08-17,P005,2,369.93,COMPLETED
9262,1075,2026-08-04,P034,3,154.22,COMPLETED
9263,1077,2026-08-12,P009,7,306.94,COMPLETED
9264,1151,2026-08-04,P042,8,160.62,COMPLETED
9265,1018,2026-08-01,P004,5,135.53,COMPLETED
9266,1177,2026-08-15,P005,3,352.33,COMPLETED
9267,1073,2026-08-19,P037,3,499.60,RETURNED
9268,1107,2026-08-07,P019,1,359.34,COMPLETED
9269,1016,2026-08-09,P030,2,73.74,COMPLETED
9270,1053,2026-08-22,P005,5,345.68,COMPLETED
9271,1003,2026-08-26,P014,6,191.53,COMPLETED
9272,1010,2026-08-12,P025,8,279.32,CANCELLED
9273,1092,2026-08-01,P042,7,227.99,COMPLETED
9274,1059,2026-08-09,P023,2,139.79,COMPLETED
9275,1090,2026-08-11,P008,7,20.30,COMPLETED
9276,1122,2026-08-24,P004,3,466.35,COMPLETED
9277,1139,2026-08-03,P025,6,391.43,COMPLETED
9278,1021,2026-08-04,P046,6,69.86,CANCELLED
9279,1066,2026-08-06,P014,8,424.57,COMPLETED
9280,1010,2026-08-20,P026,4,138.99,COMPLETED
9281,1003,2026-08-21,P041,7,482.11,COMPLETED
9282,1082,2026-08-23,P023,8,101.52,COMPLETED
9283,1128,2026-08-04,P005,1,253.42,COMPLETED
9284,1083,2026-08-05,P047,1,224.97,COMPLETED
9285,1186,2026-08-18,P048,5,167.23,COMPLETED
9286,1112,2026-08-10,P047,1,278.91,COMPLETED
9287,1033,2026-08-24,P021,7,340.38,COMPLETED
9288,1026,2026-08-27,P044,4,209.68,COMPLETED
9289,1152,2026-08-19,P007,4,393.25,COMPLETED
9290,1153,2026-08-25,P040,1,22.61,RETURNED
9291,1160,2026-08-04,P029,3,418.97,COMPLETED
9292,1165,2026-08-26,P012,3,334.27,RETURNED
9293,1079,2026-08-17,P047,8,430.23,COMPLETED
9294,1092,2026-08-11,P017,5,315.08,COMPLETED
9295,1039,2026-08-10,P026,6,412.21,CANCELLED
9296,1137,2026-08-09,P046,3,244.81,CANCELLED
9297,1072,2026-08-21,P036,7,421.52,COMPLETED
9298,1197,2026-08-03,P011,1,173.79,RETURNED
9299,1120,2026-08-21,P010,3,352.43,COMPLETED
9300,1127,2026-08-07,P031,1,370.60,CANCELLED
9301,1117,2026-08-20,P030,4,334.98,RETURNED
9302,1131,2026-08-03,P045,1,251.65,COMPLETED
9303,1058,2026-08-09,P041,1,256.63,COMPLETED
9304,1196,2026-08-03,P007,4,103.59,COMPLETED
9305,1047,2026-08-15,P043,3,36.83,COMPLETED
9306,1182,2026-08-26,P025,7,198.82,COMPLETED
9307,1039,2026-08-01,P038,2,228.65,COMPLETED
9308,1098,2026-08-24,P042,2,342.81,CANCELLED
9309,1109,2026-08-02,P050,7,476.04,COMPLETED
9310,1001,2026-08-03,P044,1,281.79,COMPLETED
9311,1047,2026-08-20,P043,1,373.72,CANCELLED
9312,1106,2026-08-13,P002,8,116.01,RETURNED
9313,1053,2026-08-14,P014,4,445.11,RETURNED
9314,1101,2026-08-20,P045,6,31.58,CANCELLED
9315,1184,2026-08-21,P022,8,219.82,COMPLETED
9316,1087,2026-08-01,P004,1,327.82,RETURNED
9317,1161,2026-08-02,P040,4,31.10,COMPLETED
9318,1152,2026-08-12,P049,1,349.00,RETURNED
9319,1095,2026-08-27,P028,1,182.23,COMPLETED
9320,1192,2026-08-10,P019,2,296.67,COMPLETED
9321,1017,2026-08-05,P026,5,113.48,COMPLETED
9322,1153,2026-08-12,P041,1,352.59,RETURNED
9323,1024,2026-08-20,P038,1,225.71,COMPLETED
9324,1080,2026-08-25,P040,2,373.57,RETURNED
9325,1068,2026-08-07,P040,7,251.72,COMPLETED
9326,1024,2026-08-08,P029,3,420.42,CANCELLED
9327,1197,2026-08-09,P031,2,487.30,CANCELLED
9328,1178,2026-08-15,P043,6,191.96,COMPLETED
9329,1087,2026-08-09,P042,4,414.61,COMPLETED
9330,1115,2026-08-24,P023,2,172.88,COMPLETED
9331,1138,2026-08-06,P016,6,35.69,RETURNED
9332,1150,2026-08-13,P004,1,454.52,COMPLETED
9333,1110,2026-08-14,P029,8,152.66,COMPLETED
9334,1053,2026-08-13,P050,8,476.24,COMPLETED
9335,1170,2026-08-03,P045,6,131.68,CANCELLED
9336,1035,2026-08-10,P032,4,303.24,COMPLETED
9337,1118,2026-08-17,P035,2,93.68,COMPLETED
9338,1139,2026-08-25,P006,1,111.67,COMPLETED
9339,1037,2026-08-04,P001,1,132.05,RETURNED
9340,1025,2026-08-05,P050,4,135.97,CANCELLED
9341,1089,2026-08-01,P032,1,292.63,RETURNED
9342,1103,2026-08-18,P026,6,65.75,COMPLETED
9343,1102,2026-08-19,P017,1,254.35,COMPLETED
9344,1152,2026-08-09,P019,1,147.54,CANCELLED
9345,1166,2026-08-23,P010,2,222.74,COMPLETED
9346,1177,2026-08-23,P029,3,492.74,COMPLETED
9347,1069,2026-08-14,P050,2,19.14,COMPLETED
9348,1047,2026-08-06,P034,7,19.47,COMPLETED
9349,1085,2026-08-26,P038,7,184.29,COMPLETED
9350,1130,2026-08-03,P026,6,197.70,COMPLETED
9351,1172,2026-08-20,P038,4,426.41,CANCELLED
9352,1156,2026-08-09,P005,6,103.19,RETURNED
9353,1076,2026-08-02,P036,3,124.31,CANCELLED
9354,1078,2026-08-14,P020,2,394.60,COMPLETED
9355,1197,2026-08-08,P029,4,338.12,COMPLETED
9356,1016,2026-08-13,P033,1,314.04,COMPLETED
9357,1189,2026-08-15,P030,6,119.13,RETURNED
9358,1056,2026-08-10,P007,8,202.25,RETURNED
9359,1047,2026-08-23,P046,4,330.42,RETURNED
9360,1152,2026-08-01,P011,1,87.64,CANCELLED
9361,1052,2026-08-18,P019,6,86.96,CANCELLED
9362,1041,2026-08-24,P008,2,165.50,CANCELLED
9363,1134,2026-08-16,P039,7,370.22,CANCELLED
9364,1110,2026-08-02,P021,2,19.67,RETURNED
9365,1041,2026-08-20,P046,8,256.00,COMPLETED
9366,1093,2026-08-05,P036,6,425.29,COMPLETED
9367,1085,2026-08-25,P017,4,282.83,COMPLETED
9368,1161,2026-08-21,P022,5,363.73,COMPLETED
9369,1141,2026-08-23,P026,4,441.82,COMPLETED
9370,1097,2026-08-17,P025,4,375.79,RETURNED
9371,1066,2026-08-25,P019,1,266.36,RETURNED
9372,1036,2026-08-17,P039,7,498.25,CANCELLED
9373,1047,2026-08-26,P044,6,494.22,RETURNED
9374,1089,2026-08-23,P043,4,434.24,COMPLETED
9375,1154,2026-08-01,P007,8,18.16,RETURNED
9376,1179,2026-08-02,P032,5,355.68,RETURNED
9377,1016,2026-08-14,P033,1,47.09,COMPLETED
9378,1019,2026-08-08,P012,5,406.59,RETURNED
9379,1166,2026-08-17,P048,3,305.42,COMPLETED
9380,1131,2026-08-12,P014,5,379.25,COMPLETED
9381,1028,2026-08-25,P020,8,284.43,CANCELLED
9382,1090,2026-08-25,P002,5,80.91,CANCELLED
9383,1035,2026-08-26,P003,5,118.96,COMPLETED
9384,1016,2026-08-20,P042,6,414.77,COMPLETED
9385,1086,2026-08-15,P022,7,229.15,COMPLETED
9386,1192,2026-08-02,P021,6,103.15,CANCELLED
9387,1167,2026-08-26,P015,7,359.36,CANCELLED
9388,1100,2026-08-15,P005,4,116.47,COMPLETED
9389,1022,2026-08-06,P023,5,241.16,COMPLETED
9390,1039,2026-08-27,P040,7,369.95,COMPLETED
9391,1165,2026-08-14,P018,7,357.30,RETURNED
9392,1068,2026-08-25,P042,3,480.76,COMPLETED
9393,1020,2026-08-14,P029,5,277.38,RETURNED
9394,1191,2026-08-06,P032,8,343.78,CANCELLED
9395,1018,2026-08-07,P017,1,383.61,CANCELLED
9396,1066,2026-08-01,P050,2,251.37,COMPLETED
9397,1186,2026-08-20,P004,7,160.22,COMPLETED
9398,1174,2026-08-27,P033,3,170.43,COMPLETED
9399,1168,2026-08-22,P028,6,464.34,COMPLETED
9400,1143,2026-08-15,P031,4,316.68,CANCELLED
9401,1001,2026-08-16,P009,7,170.96,COMPLETED
9402,1073,2026-08-10,P023,8,383.33,COMPLETED
9403,1002,2026-08-07,P050,8,143.55,COMPLETED
9404,1092,2026-08-18,P042,3,214.89,CANCELLED
9405,1171,2026-08-11,P025,3,289.33,CANCELLED
9406,1095,2026-08-12,P049,7,97.59,COMPLETED
9407,1200,2026-08-11,P020,5,16.80,RETURNED
9408,1093,2026-08-21,P040,4,306.48,COMPLETED
9409,1077,2026-08-11,P041,4,205.66,COMPLETED
9410,1068,2026-08-06,P029,1,429.46,COMPLETED
9411,1127,2026-08-11,P026,5,443.87,COMPLETED
9412,1197,2026-08-17,P046,4,309.06,COMPLETED
9413,1177,2026-08-03,P039,8,198.69,COMPLETED
9414,1062,2026-08-27,P033,8,40.59,RETURNED
9415,1133,2026-08-11,P029,3,434.41,COMPLETED
9416,1167,2026-08-12,P050,4,143.00,COMPLETED
9417,1150,2026-08-08,P040,1,74.41,CANCELLED
9418,1080,2026-08-23,P018,4,279.07,COMPLETED
9419,1158,2026-08-26,P050,5,39.74,COMPLETED
9420,1109,2026-08-27,P033,1,157.76,RETURNED
9421,1116,2026-08-13,P026,1,274.24,COMPLETED
9422,1045,2026-08-27,P032,5,469.67,COMPLETED
9423,1027,2026-08-10,P008,8,404.56,COMPLETED
9424,1138,2026-08-15,P006,8,104.83,COMPLETED
9425,1104,2026-08-14,P011,2,421.06,COMPLETED
9426,1122,2026-08-24,P006,8,113.70,COMPLETED
9427,1075,2026-08-24,P002,8,106.77,COMPLETED
9428,1107,2026-08-03,P050,2,204.92,COMPLETED
9429,1173,2026-08-14,P043,3,162.25,CANCELLED
9430,1101,2026-08-20,P012,7,244.96,COMPLETED
9431,1119,2026-08-17,P037,3,98.28,COMPLETED
9432,1167,2026-08-05,P036,5,252.08,CANCELLED
9433,1117,2026-08-15,P007,1,493.58,CANCELLED
9434,1069,2026-08-27,P034,8,55.08,RETURNED
9435,1086,2026-08-12,P030,8,308.75,RETURNED
9436,1081,2026-08-12,P010,3,104.22,RETURNED
9437,1007,2026-08-17,P040,1,490.73,COMPLETED
9438,1114,2026-08-10,P016,2,119.13,COMPLETED
9439,1074,2026-08-11,P031,5,73.00,COMPLETED
9440,1133,2026-08-03,P012,6,439.15,COMPLETED
9441,1086,2026-08-03,P006,2,415.06,CANCELLED
9442,1007,2026-08-03,P028,1,230.96,CANCELLED
9443,1156,2026-08-16,P013,7,487.82,COMPLETED
9444,1101,2026-08-07,P020,2,398.74,COMPLETED
9445,1076,2026-08-08,P011,4,104.65,COMPLETED
9446,1093,2026-08-11,P016,1,429.07,COMPLETED
9447,1023,2026-08-23,P003,3,409.52,COMPLETED
9448,1179,2026-08-06,P026,6,474.49,CANCELLED
9449,1151,2026-08-11,P043,2,153.19,RETURNED
9450,1060,2026-08-12,P007,8,240.90,CANCELLED
9451,1169,2026-08-01,P047,6,220.01,COMPLETED
9452,1018,2026-08-12,P018,4,101.44,COMPLETED
9453,1050,2026-08-11,P026,5,191.74,CANCELLED
9454,1111,2026-08-20,P016,4,224.10,CANCELLED
9455,1080,2026-08-21,P047,5,491.66,COMPLETED
9456,1104,2026-08-19,P013,2,24.88,COMPLETED
9457,1195,2026-08-26,P013,7,431.12,RETURNED
9458,1182,2026-08-05,P002,1,194.73,COMPLETED
9459,1157,2026-08-05,P009,5,81.94,COMPLETED
9460,1068,2026-08-03,P014,3,140.51,COMPLETED
9461,1124,2026-08-02,P035,7,305.01,COMPLETED
9462,1035,2026-08-02,P008,4,256.29,COMPLETED
9463,1039,2026-08-05,P047,1,115.61,RETURNED
9464,1153,2026-08-20,P003,4,297.89,COMPLETED
9465,1200,2026-08-12,P044,1,392.69,COMPLETED
9466,1126,2026-08-20,P028,6,470.71,COMPLETED
9467,1100,2026-08-14,P033,1,364.32,COMPLETED
9468,1008,2026-08-08,P001,1,162.08,COMPLETED
9469,1134,2026-08-22,P002,5,436.38,COMPLETED
9470,1071,2026-08-26,P014,4,68.07,COMPLETED
9471,1127,2026-08-14,P017,1,458.70,COMPLETED
9472,1028,2026-08-06,P008,2,370.33,COMPLETED
9473,1190,2026-08-09,P042,6,313.53,RETURNED
9474,1122,2026-08-05,P039,2,381.70,COMPLETED
9475,1160,2026-08-20,P043,7,422.80,COMPLETED
9476,1075,2026-08-20,P005,2,125.12,CANCELLED
9477,1180,2026-08-21,P037,7,165.33,COMPLETED
9478,1078,2026-08-01,P035,6,489.35,COMPLETED
9479,1146,2026-08-26,P002,7,22.28,COMPLETED
9480,1022,2026-08-14,P022,1,62.63,COMPLETED
9481,1099,2026-08-24,P019,7,18.84,COMPLETED
9482,1051,2026-08-20,P042,5,188.32,COMPLETED
9483,1016,2026-08-20,P001,8,111.71,RETURNED
9484,1096,2026-08-14,P013,1,473.50,COMPLETED
9485,1046,2026-08-07,P050,1,185.82,COMPLETED
9486,1174,2026-08-14,P036,3,464.26,RETURNED
9487,1077,2026-08-24,P039,1,433.44,CANCELLED
9488,1142,2026-08-02,P045,5,211.78,COMPLETED
9489,1025,2026-08-11,P044,6,490.97,CANCELLED
9490,1073,2026-08-19,P003,4,89.86,COMPLETED
9491,1173,2026-08-25,P019,8,380.79,COMPLETED
9492,1146,2026-08-03,P007,4,191.11,COMPLETED
9493,1197,2026-08-08,P026,2,349.87,CANCELLED
9494,1174,2026-08-15,P024,1,315.99,COMPLETED
9495,1097,2026-08-03,P034,6,341.46,COMPLETED
9496,1037,2026-08-09,P038,4,306.99,COMPLETED
9497,1139,2026-08-02,P041,3,170.02,COMPLETED
9498,1140,2026-08-16,P003,4,308.28,COMPLETED
9499,1121,2026-08-16,P014,1,115.03,COMPLETED
9500,1142,2026-08-05,P036,1,190.43,CANCELLED
9501,1053,2026-08-19,P045,5,264.49,COMPLETED
9502,1142,2026-08-15,P005,5,265.05,COMPLETED
9503,1090,2026-08-09,P045,1,364.18,COMPLETED
9504,1191,2026-08-09,P005,1,166.52,RETURNED
9505,1182,2026-08-04,P025,4,358.10,COMPLETED
9506,1071,2026-08-16,P033,1,11.15,COMPLETED
9507,1198,2026-08-10,P048,2,364.63,COMPLETED
9508,1130,2026-08-22,P007,4,336.07,COMPLETED
9509,1043,2026-08-24,P021,5,342.41,COMPLETED
9510,1093,2026-08-08,P028,7,81.59,COMPLETED
9511,1040,2026-08-09,P043,5,59.55,RETURNED
9512,1015,2026-08-18,P040,8,40.01,COMPLETED
9513,1038,2026-08-22,P038,3,69.37,COMPLETED
9514,1029,2026-08-04,P008,8,405.09,COMPLETED
9515,1193,2026-08-10,P046,4,87.20,COMPLETED
9516,1194,2026-08-20,P009,7,377.23,CANCELLED
9517,1100,2026-08-27,P027,2,74.54,RETURNED
9518,1164,2026-08-10,P004,2,459.27,COMPLETED
9519,1054,2026-08-03,P015,2,90.70,COMPLETED
9520,1098,2026-08-04,P022,7,232.83,COMPLETED
9521,1063,2026-08-21,P012,7,328.76,COMPLETED
9522,1079,2026-08-18,P007,4,200.23,COMPLETED
9523,1044,2026-08-08,P012,5,147.96,RETURNED
9524,1155,2026-08-01,P042,8,139.28,COMPLETED
9525,1187,2026-08-11,P037,4,261.09,COMPLETED
9526,1196,2026-08-11,P047,6,13.63,COMPLETED
9527,1060,2026-08-06,P026,2,223.64,COMPLETED
9528,1022,2026-08-11,P002,8,251.00,RETURNED
9529,1032,2026-08-16,P004,3,238.76,COMPLETED
9530,1090,2026-08-19,P048,2,459.02,CANCELLED
9531,1087,2026-08-19,P006,2,192.83,RETURNED
9532,1095,2026-08-10,P011,6,361.91,RETURNED
9533,1082,2026-08-14,P009,5,130.94,COMPLETED
9534,1142,2026-08-04,P020,8,107.14,COMPLETED
9535,1172,2026-08-09,P011,8,463.83,RETURNED
9536,1006,2026-08-18,P010,1,334.95,RETURNED
9537,1099,2026-08-03,P021,8,494.60,COMPLETED
9538,1038,2026-08-21,P003,4,362.31,COMPLETED
9539,1133,2026-08-21,P049,6,422.09,COMPLETED
9540,1196,2026-08-08,P025,2,152.59,COMPLETED
9541,1056,2026-08-24,P004,6,121.30,COMPLETED
9542,1004,2026-08-09,P008,2,117.61,COMPLETED
9543,1078,2026-08-07,P020,2,148.03,COMPLETED
9544,1165,2026-08-03,P031,5,131.68,RETURNED
9545,1096,2026-08-22,P022,1,482.62,RETURNED
9546,1122,2026-08-05,P002,3,446.87,COMPLETED
9547,1145,2026-08-14,P030,1,372.84,CANCELLED
9548,1189,2026-08-20,P034,8,310.16,CANCELLED
9549,1172,2026-08-23,P038,3,182.25,CANCELLED
9550,1055,2026-08-21,P023,5,48.15,COMPLETED
9551,1159,2026-08-15,P040,7,395.27,CANCELLED
9552,1181,2026-08-15,P026,3,353.28,COMPLETED
9553,1011,2026-08-07,P029,7,257.95,COMPLETED
9554,1013,2026-08-04,P043,5,254.56,COMPLETED
9555,1025,2026-08-21,P005,3,72.79,COMPLETED
9556,1003,2026-08-27,P047,8,409.13,COMPLETED
9557,1095,2026-08-05,P037,3,478.55,COMPLETED
9558,1142,2026-08-08,P006,3,113.01,COMPLETED
9559,1020,2026-08-08,P028,4,64.74,CANCELLED
9560,1079,2026-08-24,P027,8,160.63,RETURNED
9561,1029,2026-08-16,P039,1,248.99,RETURNED
9562,1029,2026-08-26,P008,6,449.78,COMPLETED
9563,1150,2026-08-16,P004,8,72.91,COMPLETED
9564,1095,2026-08-16,P034,2,167.76,CANCELLED
9565,1034,2026-08-01,P014,3,207.15,CANCELLED
9566,1131,2026-08-06,P035,5,176.07,COMPLETED
9567,1053,2026-08-23,P029,7,372.98,COMPLETED
9568,1142,2026-08-26,P032,5,236.23,COMPLETED
9569,1178,2026-08-01,P030,1,184.92,COMPLETED
9570,1162,2026-08-03,P020,8,269.02,COMPLETED
9571,1125,2026-08-02,P017,1,86.51,RETURNED
9572,1079,2026-08-20,P015,5,93.29,CANCELLED
9573,1110,2026-08-20,P004,4,208.95,COMPLETED
9574,1189,2026-08-10,P030,7,395.05,COMPLETED
9575,1135,2026-08-04,P011,2,209.49,CANCELLED
9576,1076,2026-08-23,P029,8,325.86,CANCELLED
9577,1133,2026-08-10,P048,7,224.70,COMPLETED
9578,1061,2026-08-12,P045,3,236.78,COMPLETED
9579,1134,2026-08-21,P007,2,323.89,COMPLETED
9580,1073,2026-08-14,P008,8,170.28,COMPLETED
9581,1197,2026-08-26,P041,6,145.87,COMPLETED
9582,1164,2026-08-11,P002,8,302.61,CANCELLED
9583,1114,2026-08-20,P042,1,243.33,COMPLETED
9584,1096,2026-08-27,P022,5,319.15,COMPLETED
9585,1051,2026-08-01,P007,1,44.91,COMPLETED
9586,1090,2026-08-04,P038,3,240.67,COMPLETED
9587,1142,2026-08-04,P023,3,291.60,CANCELLED
9588,1094,2026-08-15,P024,3,136.58,COMPLETED
9589,1027,2026-08-26,P032,3,169.99,CANCELLED
9590,1040,2026-08-10,P042,6,221.22,CANCELLED
9591,1192,2026-08-10,P018,3,382.06,COMPLETED
9592,1191,2026-08-15,P009,5,85.68,COMPLETED
9593,1071,2026-08-01,P005,3,72.32,COMPLETED
9594,1104,2026-08-14,P003,5,453.21,CANCELLED
9595,1183,2026-08-06,P004,7,176.82,COMPLETED
9596,1108,2026-08-24,P004,5,261.64,RETURNED
9597,1113,2026-08-14,P011,8,475.79,COMPLETED
9598,1042,2026-08-02,P008,1,291.05,RETURNED
9599,1160,2026-08-11,P013,7,363.13,COMPLETED
9600,1109,2026-08-02,P047,6,368.91,COMPLETED
9601,1100,2026-08-02,P041,7,447.86,COMPLETED
9602,1134,2026-08-22,P017,6,458.48,COMPLETED
9603,1102,2026-08-22,P017,6,72.04,RETURNED
9604,1191,2026-08-09,P002,2,60.71,COMPLETED
9605,1146,2026-08-26,P025,3,26.26,CANCELLED
9606,1106,2026-08-13,P010,1,155.76,COMPLETED
9607,1031,2026-08-06,P045,2,419.89,CANCELLED
9608,1122,2026-08-11,P038,2,305.13,COMPLETED
9609,1134,2026-08-19,P028,7,23.46,COMPLETED
9610,1174,2026-08-08,P014,2,475.17,COMPLETED
9611,1012,2026-08-06,P019,3,26.08,COMPLETED
9612,1118,2026-08-03,P011,1,466.57,COMPLETED
9613,1153,2026-08-05,P022,8,134.36,RETURNED
9614,1125,2026-08-19,P019,4,369.60,COMPLETED
9615,1125,2026-08-18,P050,7,26.16,CANCELLED
9616,1136,2026-08-23,P029,8,337.16,COMPLETED
9617,1017,2026-08-17,P014,1,67.86,COMPLETED
9618,1149,2026-08-21,P010,6,94.34,COMPLETED
9619,1043,2026-08-17,P010,4,188.41,COMPLETED
9620,1070,2026-08-15,P019,8,174.36,RETURNED
9621,1062,2026-08-26,P041,1,204.79,COMPLETED
9622,1157,2026-08-09,P026,5,279.63,RETURNED
9623,1029,2026-08-09,P046,7,26.98,COMPLETED
9624,1191,2026-08-14,P024,2,204.05,COMPLETED
9625,1150,2026-08-21,P016,5,73.60,COMPLETED
9626,1031,2026-08-22,P020,8,37.29,CANCELLED
9627,1191,2026-08-03,P049,7,310.20,COMPLETED
9628,1019,2026-08-10,P004,8,338.00,COMPLETED
9629,1167,2026-08-20,P042,7,334.38,COMPLETED
9630,1192,2026-08-09,P003,5,50.45,COMPLETED
9631,1009,2026-08-07,P011,8,237.81,RETURNED
9632,1009,2026-08-22,P022,7,234.62,COMPLETED
9633,1044,2026-08-07,P016,6,212.64,CANCELLED
9634,1071,2026-08-27,P026,3,490.38,COMPLETED
9635,1102,2026-08-25,P001,6,491.26,COMPLETED
9636,1022,2026-08-18,P038,6,437.44,RETURNED
9637,1101,2026-08-02,P047,7,166.91,COMPLETED
9638,1125,2026-08-06,P039,3,339.91,COMPLETED
9639,1126,2026-08-25,P033,2,47.70,COMPLETED
9640,1183,2026-08-04,P011,3,180.34,CANCELLED
9641,1075,2026-08-06,P009,2,208.66,COMPLETED
9642,1064,2026-08-05,P035,3,462.79,COMPLETED
9643,1123,2026-08-03,P025,8,171.87,COMPLETED
9644,1125,2026-08-16,P011,7,193.44,COMPLETED
9645,1094,2026-08-22,P034,5,432.79,RETURNED
9646,1128,2026-08-08,P038,7,222.12,RETURNED
9647,1073,2026-08-07,P004,4,498.57,RETURNED
9648,1056,2026-08-07,P026,4,241.23,COMPLETED
9649,1107,2026-08-12,P034,3,427.43,CANCELLED
9650,1006,2026-08-13,P031,1,275.63,RETURNED
9651,1014,2026-08-12,P002,7,174.59,COMPLETED
9652,1094,2026-08-06,P001,3,247.42,RETURNED
9653,1005,2026-08-07,P018,7,332.92,CANCELLED
9654,1061,2026-08-01,P015,3,284.55,CANCELLED
9655,1175,2026-08-26,P008,2,139.78,COMPLETED
9656,1046,2026-08-26,P032,8,151.46,RETURNED
9657,1176,2026-08-08,P027,3,319.12,RETURNED
9658,1084,2026-08-20,P017,5,438.28,COMPLETED
9659,1033,2026-08-16,P040,7,373.30,COMPLETED
9660,1188,2026-08-24,P037,4,470.55,RETURNED
9661,1008,2026-08-07,P044,3,378.48,CANCELLED
9662,1158,2026-08-06,P023,2,393.17,RETURNED
9663,1171,2026-08-17,P027,2,319.01,COMPLETED
9664,1130,2026-08-22,P049,1,298.87,COMPLETED
9665,1160,2026-08-20,P014,1,138.76,COMPLETED
9666,1069,2026-08-13,P050,3,224.42,COMPLETED
9667,1093,2026-08-11,P039,3,100.98,COMPLETED
9668,1035,2026-08-05,P045,7,249.38,CANCELLED
9669,1027,2026-08-06,P021,3,448.87,COMPLETED
9670,1199,2026-08-08,P007,3,166.84,CANCELLED
9671,1048,2026-08-20,P037,4,390.88,CANCELLED
9672,1181,2026-08-09,P043,6,57.34,CANCELLED
9673,1140,2026-08-11,P026,2,216.82,COMPLETED
9674,1084,2026-08-25,P007,5,418.29,COMPLETED
9675,1185,2026-08-07,P001,7,218.79,COMPLETED
9676,1039,2026-08-27,P042,8,168.62,RETURNED
9677,1123,2026-08-13,P005,7,374.50,COMPLETED
9678,1035,2026-08-17,P043,2,113.98,COMPLETED
9679,1147,2026-08-15,P008,3,104.72,RETURNED
9680,1103,2026-08-23,P022,2,273.30,COMPLETED
9681,1111,2026-08-02,P038,7,469.26,RETURNED
9682,1118,2026-08-11,P048,2,485.27,CANCELLED
9683,1159,2026-08-21,P049,6,184.05,RETURNED
9684,1106,2026-08-03,P038,7,499.11,CANCELLED
9685,1036,2026-08-13,P013,1,372.91,CANCELLED
9686,1147,2026-08-09,P023,5,290.33,COMPLETED
9687,1002,2026-08-10,P048,4,230.65,COMPLETED
9688,1076,2026-08-07,P039,5,487.18,COMPLETED
9689,1031,2026-08-14,P032,3,220.61,CANCELLED
9690,1070,2026-08-16,P010,5,357.02,COMPLETED
9691,1175,2026-08-05,P020,2,430.34,COMPLETED
9692,1152,2026-08-21,P031,2,406.94,COMPLETED
9693,1175,2026-08-17,P037,2,337.39,COMPLETED
9694,1027,2026-08-08,P030,5,227.44,COMPLETED
9695,1152,2026-08-04,P024,1,334.20,RETURNED
9696,1189,2026-08-08,P014,6,17.22,COMPLETED
9697,1077,2026-08-06,P021,8,59.55,COMPLETED
9698,1056,2026-08-24,P021,6,52.91,CANCELLED
9699,1182,2026-08-24,P019,4,492.50,COMPLETED
9700,1155,2026-08-03,P044,8,481.89,COMPLETED
9701,1051,2026-08-13,P049,4,465.59,COMPLETED
9702,1180,2026-08-09,P023,8,317.83,COMPLETED
9703,1163,2026-08-07,P033,4,469.03,COMPLETED
9704,1106,2026-08-11,P035,5,62.80,RETURNED
9705,1139,2026-08-05,P009,3,25.98,RETURNED
9706,1142,2026-08-21,P045,5,177.09,COMPLETED
9707,1031,2026-08-06,P044,5,179.82,RETURNED
9708,1170,2026-08-14,P042,2,380.70,RETURNED
9709,1095,2026-08-03,P019,7,374.34,RETURNED
9710,1078,2026-08-20,P021,4,62.32,COMPLETED
9711,1052,2026-08-24,P014,7,175.97,RETURNED
9712,1107,2026-08-14,P030,2,395.48,COMPLETED
9713,1110,2026-08-13,P001,2,221.23,COMPLETED
9714,1175,2026-08-09,P002,4,120.99,CANCELLED
9715,1021,2026-08-25,P009,4,197.45,CANCELLED
9716,1107,2026-08-23,P039,5,247.10,COMPLETED
9717,1117,2026-08-08,P034,2,95.30,RETURNED
9718,1100,2026-08-10,P040,1,334.89,CANCELLED
9719,1037,2026-08-05,P004,7,228.69,COMPLETED
9720,1051,2026-08-03,P005,7,93.15,RETURNED
9721,1114,2026-08-25,P036,2,325.98,CANCELLED
9722,1126,2026-08-11,P017,7,348.22,COMPLETED
9723,1037,2026-08-25,P041,2,307.69,COMPLETED
9724,1116,2026-08-12,P022,4,439.74,COMPLETED
9725,1027,2026-08-26,P028,1,137.64,COMPLETED
9726,1188,2026-08-10,P018,4,275.34,COMPLETED
9727,1097,2026-08-08,P031,8,71.59,COMPLETED
9728,1151,2026-08-10,P041,6,225.60,COMPLETED
9729,1034,2026-08-19,P023,5,53.62,COMPLETED
9730,1105,2026-08-20,P044,6,202.24,COMPLETED
9731,1042,2026-08-07,P033,6,326.70,RETURNED
9732,1054,2026-08-06,P010,4,66.78,RETURNED
9733,1056,2026-08-20,P020,7,248.23,COMPLETED
9734,1028,2026-08-12,P039,6,312.62,CANCELLED
9735,1132,2026-08-25,P024,8,210.55,RETURNED
9736,1183,2026-08-13,P042,3,79.46,COMPLETED
9737,1051,2026-08-08,P027,8,349.23,CANCELLED
9738,1119,2026-08-06,P008,8,57.51,CANCELLED
9739,1088,2026-08-12,P039,4,482.95,COMPLETED
9740,1095,2026-08-12,P004,4,306.69,CANCELLED
9741,1169,2026-08-22,P009,6,256.25,RETURNED
9742,1016,2026-08-09,P039,7,125.38,RETURNED
9743,1134,2026-08-24,P022,8,354.90,COMPLETED
9744,1149,2026-08-23,P014,5,69.49,RETURNED
9745,1145,2026-08-10,P046,4,51.72,COMPLETED
9746,1092,2026-08-09,P017,3,456.23,COMPLETED
9747,1119,2026-08-24,P025,1,294.10,COMPLETED
9748,1093,2026-08-10,P032,3,279.62,COMPLETED
9749,1200,2026-08-02,P024,5,21.07,COMPLETED
9750,1120,2026-08-24,P002,8,321.94,COMPLETED
9751,1111,2026-08-12,P025,5,461.24,COMPLETED
9752,1169,2026-08-02,P029,8,396.78,RETURNED
9753,1171,2026-08-26,P042,8,167.03,COMPLETED
9754,1168,2026-08-19,P023,1,203.66,COMPLETED
9755,1044,2026-08-20,P015,5,21.33,COMPLETED
9756,1186,2026-08-26,P003,7,60.25,COMPLETED
9757,1132,2026-08-04,P010,2,254.52,RETURNED
9758,1037,2026-08-05,P021,3,35.80,COMPLETED
9759,1002,2026-08-25,P012,4,312.91,RETURNED
9760,1189,2026-08-23,P006,6,31.93,COMPLETED
9761,1115,2026-08-15,P012,5,452.41,RETURNED
9762,1095,2026-08-19,P021,1,357.06,COMPLETED
9763,1178,2026-08-08,P040,8,256.97,COMPLETED
9764,1180,2026-08-09,P050,8,179.02,COMPLETED
9765,1073,2026-08-11,P019,7,464.85,COMPLETED
9766,1054,2026-08-27,P016,7,123.63,RETURNED
9767,1107,2026-08-18,P022,5,443.31,COMPLETED
9768,1075,2026-08-19,P036,1,111.52,COMPLETED
9769,1076,2026-08-26,P006,1,283.99,COMPLETED
9770,1013,2026-08-02,P026,2,216.90,COMPLETED
9771,1011,2026-08-22,P013,5,404.23,COMPLETED
9772,1075,2026-08-21,P008,4,438.47,CANCELLED
9773,1161,2026-08-22,P013,8,372.25,COMPLETED
9774,1182,2026-08-10,P041,4,468.29,COMPLETED
9775,1185,2026-08-25,P010,8,64.41,COMPLETED
9776,1099,2026-08-21,P043,3,55.09,COMPLETED
9777,1057,2026-08-14,P005,4,288.80,RETURNED
9778,1171,2026-08-13,P034,8,495.79,COMPLETED
9779,1007,2026-08-22,P035,2,334.09,COMPLETED
9780,1143,2026-08-05,P016,4,460.02,CANCELLED
9781,1198,2026-08-19,P044,8,455.82,COMPLETED
9782,1082,2026-08-26,P016,6,230.37,COMPLETED
9783,1017,2026-08-14,P005,5,142.51,RETURNED
9784,1200,2026-08-21,P029,4,180.85,COMPLETED
9785,1145,2026-08-17,P045,7,132.02,CANCELLED
9786,1170,2026-08-06,P011,5,405.55,COMPLETED
9787,1037,2026-08-17,P004,5,484.24,COMPLETED
9788,1160,2026-08-03,P005,8,320.50,COMPLETED
9789,1154,2026-08-11,P042,1,307.53,COMPLETED
9790,1094,2026-08-21,P050,4,314.83,CANCELLED
9791,1158,2026-08-05,P022,7,311.70,COMPLETED
9792,1184,2026-08-19,P031,2,22.03,COMPLETED
9793,1048,2026-08-08,P029,4,460.64,CANCELLED
9794,1076,2026-08-11,P035,4,474.54,COMPLETED
9795,1101,2026-08-06,P034,5,292.48,RETURNED
9796,1143,2026-08-19,P024,3,125.38,RETURNED
9797,1007,2026-08-12,P005,6,372.15,COMPLETED
9798,1180,2026-08-22,P045,2,491.18,COMPLETED
9799,1079,2026-08-22,P036,5,158.34,COMPLETED
9800,1070,2026-08-16,P004,3,11.92,COMPLETED
9801,1049,2026-08-04,P044,8,16.82,COMPLETED
9802,1116,2026-08-06,P030,2,364.06,COMPLETED
9803,1200,2026-08-20,P017,1,75.63,RETURNED
9804,1007,2026-08-17,P014,4,291.34,COMPLETED
9805,1014,2026-08-01,P015,5,61.86,CANCELLED
9806,1039,2026-08-05,P049,2,36.85,RETURNED
9807,1115,2026-08-15,P021,3,301.77,COMPLETED
9808,1119,2026-08-04,P004,3,221.35,COMPLETED
9809,1168,2026-08-16,P048,7,387.36,COMPLETED
9810,1041,2026-08-07,P023,1,400.41,COMPLETED
9811,1137,2026-08-15,P040,7,220.41,RETURNED
9812,1126,2026-08-06,P019,2,453.99,CANCELLED
9813,1055,2026-08-06,P020,2,428.11,COMPLETED
9814,1164,2026-08-19,P040,6,285.24,COMPLETED
9815,1017,2026-08-13,P038,6,204.90,COMPLETED
9816,1009,2026-08-20,P038,6,424.04,RETURNED
9817,1077,2026-08-10,P032,5,46.79,COMPLETED
9818,1051,2026-08-07,P049,8,219.52,CANCELLED
9819,1107,2026-08-25,P019,3,180.94,RETURNED
9820,1128,2026-08-12,P028,7,455.78,CANCELLED
9821,1083,2026-08-19,P044,6,450.34,CANCELLED
9822,1144,2026-08-16,P027,1,167.56,COMPLETED
9823,1154,2026-08-27,P047,1,204.19,RETURNED
9824,1018,2026-08-14,P007,5,433.51,COMPLETED
9825,1036,2026-08-19,P022,1,163.38,CANCELLED
9826,1043,2026-08-17,P028,8,11.36,COMPLETED
9827,1012,2026-08-13,P047,8,312.49,RETURNED
9828,1105,2026-08-02,P001,5,347.43,CANCELLED
9829,1009,2026-08-08,P046,3,257.22,COMPLETED
9830,1119,2026-08-04,P022,7,79.69,COMPLETED
9831,1158,2026-08-26,P011,3,23.53,COMPLETED
9832,1197,2026-08-11,P050,3,63.85,COMPLETED
9833,1173,2026-08-18,P047,1,95.53,COMPLETED
9834,1035,2026-08-09,P032,7,489.74,CANCELLED
9835,1025,2026-08-08,P019,6,478.60,RETURNED
9836,1121,2026-08-15,P041,5,299.15,COMPLETED
9837,1153,2026-08-11,P022,2,74.46,COMPLETED
9838,1140,2026-08-12,P021,4,367.76,COMPLETED
9839,1170,2026-08-21,P019,4,172.43,RETURNED
9840,1089,2026-08-20,P015,2,222.30,COMPLETED
9841,1141,2026-08-25,P046,6,80.14,CANCELLED
9842,1002,2026-08-21,P037,6,48.79,COMPLETED
9843,1078,2026-08-03,P049,2,253.30,RETURNED
9844,1032,2026-08-15,P006,4,385.41,COMPLETED
9845,1109,2026-08-20,P002,7,127.02,RETURNED
9846,1014,2026-08-18,P021,2,465.37,COMPLETED
9847,1100,2026-08-10,P041,6,306.53,COMPLETED
9848,1069,2026-08-20,P004,8,450.94,COMPLETED
9849,1094,2026-08-23,P050,6,312.33,RETURNED
9850,1075,2026-08-07,P023,5,456.43,RETURNED
9851,1005,2026-08-24,P046,5,92.33,COMPLETED
9852,1076,2026-08-06,P006,1,341.19,RETURNED
9853,1146,2026-08-06,P003,7,167.06,CANCELLED
9854,1085,2026-08-18,P003,8,95.29,COMPLETED
9855,1031,2026-08-10,P039,2,173.95,COMPLETED
9856,1115,2026-08-19,P049,4,234.42,CANCELLED
9857,1149,2026-08-01,P025,8,415.92,COMPLETED
9858,1172,2026-08-22,P028,7,55.41,RETURNED
9859,1094,2026-08-09,P007,2,113.51,COMPLETED
9860,1143,2026-08-27,P014,5,396.21,CANCELLED
9861,1093,2026-08-20,P038,6,489.35,COMPLETED
9862,1189,2026-08-18,P004,3,247.35,CANCELLED
9863,1107,2026-08-19,P039,3,444.24,COMPLETED
9864,1173,2026-08-27,P043,6,200.44,COMPLETED
9865,1006,2026-08-20,P034,1,223.13,COMPLETED
9866,1003,2026-08-16,P011,7,70.96,COMPLETED
9867,1007,2026-08-12,P040,2,332.43,COMPLETED
9868,1086,2026-08-12,P050,7,295.93,CANCELLED
9869,1050,2026-08-07,P036,5,304.44,COMPLETED
9870,1123,2026-08-21,P023,7,108.21,RETURNED
9871,1022,2026-08-17,P016,5,300.21,RETURNED
9872,1136,2026-08-24,P032,8,446.39,COMPLETED
9873,1170,2026-08-04,P045,2,318.64,COMPLETED
9874,1122,2026-08-04,P040,4,124.49,COMPLETED
9875,1025,2026-08-22,P018,3,112.15,COMPLETED
9876,1114,2026-08-06,P001,5,49.95,CANCELLED
9877,1129,2026-08-25,P032,2,80.83,RETURNED
9878,1131,2026-08-14,P032,4,130.39,RETURNED
9879,1186,2026-08-21,P005,1,422.42,COMPLETED
9880,1013,2026-08-22,P033,3,94.61,COMPLETED
9881,1133,2026-08-06,P019,1,159.57,COMPLETED
9882,1132,2026-08-11,P050,2,305.82,RETURNED
9883,1151,2026-08-04,P023,7,441.55,CANCELLED
9884,1037,2026-08-04,P043,1,402.60,COMPLETED
9885,1162,2026-08-20,P012,1,17.28,RETURNED
9886,1196,2026-08-10,P007,3,75.22,CANCELLED
9887,1200,2026-08-02,P042,2,274.20,COMPLETED
9888,1127,2026-08-21,P044,2,126.89,COMPLETED
9889,1016,2026-08-07,P022,5,27.11,CANCELLED
9890,1164,2026-08-19,P006,3,172.73,CANCELLED
9891,1089,2026-08-08,P034,4,130.51,COMPLETED
9892,1195,2026-08-08,P011,7,255.41,COMPLETED
9893,1157,2026-08-03,P045,6,429.77,CANCELLED
9894,1074,2026-08-20,P026,7,280.99,COMPLETED
9895,1116,2026-08-03,P001,2,198.83,COMPLETED
9896,1036,2026-08-14,P007,3,31.34,COMPLETED
9897,1199,2026-08-09,P043,1,233.96,CANCELLED
9898,1163,2026-08-14,P022,5,362.33,COMPLETED
9899,1033,2026-08-13,P008,3,415.78,COMPLETED
9900,1026,2026-08-24,P007,6,31.48,COMPLETED
9901,1097,2026-08-09,P035,5,462.77,RETURNED
9902,1145,2026-08-11,P006,1,299.05,RETURNED
9903,1172,2026-08-10,P047,5,184.43,RETURNED
9904,1076,2026-08-09,P030,8,78.99,COMPLETED
9905,1065,2026-08-22,P020,1,151.53,COMPLETED
9906,1093,2026-08-22,P027,2,229.41,COMPLETED
9907,1068,2026-08-19,P025,5,297.53,COMPLETED
9908,1079,2026-08-04,P027,5,157.52,COMPLETED
9909,1075,2026-08-16,P048,5,263.24,COMPLETED
9910,1131,2026-08-06,P049,6,75.97,RETURNED
9911,1082,2026-08-18,P002,7,156.02,RETURNED
9912,1065,2026-08-20,P016,4,448.58,COMPLETED
9913,1061,2026-08-16,P039,5,86.08,COMPLETED
9914,1159,2026-08-08,P032,7,354.42,COMPLETED
9915,1125,2026-08-09,P032,4,311.47,CANCELLED
9916,1093,2026-08-05,P017,8,371.53,COMPLETED
9917,1082,2026-08-06,P049,5,66.64,COMPLETED
9918,1174,2026-08-23,P014,4,427.39,COMPLETED
9919,1122,2026-08-25,P009,2,101.16,COMPLETED
9920,1012,2026-08-08,P029,8,457.74,COMPLETED
9921,1123,2026-08-03,P004,8,179.31,COMPLETED
9922,1153,2026-08-14,P039,4,88.99,RETURNED
9923,1054,2026-08-22,P015,8,469.62,COMPLETED
9924,1136,2026-08-06,P022,2,496.19,RETURNED
9925,1175,2026-08-07,P035,8,189.20,COMPLETED
9926,1023,2026-08-14,P034,4,87.97,RETURNED
9927,1187,2026-08-09,P004,6,440.72,RETURNED
9928,1145,2026-08-17,P046,6,384.96,RETURNED
9929,1026,2026-08-17,P039,2,268.61,RETURNED
9930,1128,2026-08-09,P046,3,285.07,RETURNED
9931,1165,2026-08-08,P001,5,76.10,CANCELLED
9932,1151,2026-08-09,P048,4,108.23,COMPLETED
9933,1051,2026-08-11,P013,4,407.27,COMPLETED
9934,1197,2026-08-19,P039,8,359.02,CANCELLED
9935,1145,2026-08-05,P044,1,142.49,COMPLETED
9936,1199,2026-08-06,P013,5,82.68,COMPLETED
9937,1196,2026-08-01,P030,2,343.54,COMPLETED
9938,1035,2026-08-04,P019,7,104.43,COMPLETED
9939,1044,2026-08-01,P020,8,384.80,COMPLETED
9940,1189,2026-08-16,P002,4,421.11,CANCELLED
9941,1043,2026-08-04,P024,3,50.94,CANCELLED
9942,1020,2026-08-20,P004,7,467.92,COMPLETED
9943,1129,2026-08-10,P043,2,288.76,COMPLETED
9944,1075,2026-08-16,P042,3,498.23,RETURNED
9945,1113,2026-08-12,P025,3,499.79,RETURNED
9946,1139,2026-08-19,P014,2,184.27,COMPLETED
9947,1148,2026-08-03,P023,8,251.57,COMPLETED
9948,1015,2026-08-14,P007,7,185.56,RETURNED
9949,1076,2026-08-02,P002,1,192.49,COMPLETED
9950,1030,2026-08-15,P043,8,201.03,COMPLETED
9951,1087,2026-08-08,P031,2,200.59,COMPLETED
9952,1005,2026-08-03,P014,1,491.63,CANCELLED
9953,1080,2026-08-14,P016,6,241.02,RETURNED
9954,1061,2026-08-25,P036,8,496.93,COMPLETED
9955,1024,2026-08-26,P048,8,486.05,RETURNED
9956,1100,2026-08-09,P015,6,256.43,COMPLETED
9957,1020,2026-08-06,P035,2,95.28,COMPLETED
9958,1122,2026-08-07,P009,7,104.91,COMPLETED
9959,1153,2026-08-27,P043,2,55.75,RETURNED
9960,1185,2026-08-02,P006,4,477.96,COMPLETED
9961,1113,2026-08-05,P002,7,84.91,COMPLETED
9962,1173,2026-08-02,P019,7,393.34,RETURNED
9963,1041,2026-08-24,P010,3,341.48,RETURNED
9964,1101,2026-08-06,P022,6,147.86,COMPLETED
9965,1020,2026-08-16,P028,7,119.04,RETURNED
9966,1153,2026-08-03,P004,5,191.59,COMPLETED
9967,1192,2026-08-13,P019,6,120.40,COMPLETED
9968,1066,2026-08-27,P028,4,226.07,CANCELLED
9969,1033,2026-08-15,P011,7,375.22,CANCELLED
9970,1127,2026-08-23,P020,8,201.02,CANCELLED
9971,1092,2026-08-19,P049,1,145.97,COMPLETED
9972,1194,2026-08-06,P011,3,154.18,COMPLETED
9973,1038,2026-08-12,P024,7,137.75,COMPLETED
9974,1097,2026-08-20,P018,8,270.88,COMPLETED
9975,1168,2026-08-16,P026,2,312.52,COMPLETED
9976,1193,2026-08-23,P033,4,152.12,RETURNED
9977,1110,2026-08-16,P003,4,43.86,COMPLETED
9978,1061,2026-08-12,P037,7,424.48,RETURNED
9979,1025,2026-08-12,P050,3,464.22,COMPLETED
9980,1024,2026-08-09,P023,3,134.98,COMPLETED
9981,1164,2026-08-22,P030,5,114.70,RETURNED
9982,1107,2026-08-26,P036,1,354.84,COMPLETED
9983,1184,2026-08-17,P048,4,175.82,COMPLETED
9984,1083,2026-08-12,P017,4,219.31,RETURNED
9985,1115,2026-08-15,P037,6,385.11,RETURNED
9986,1090,2026-08-25,P047,8,137.37,COMPLETED
9987,1078,2026-08-06,P014,1,368.30,CANCELLED
9988,1084,2026-08-17,P026,3,400.66,RETURNED
9989,1136,2026-08-09,P021,8,444.24,COMPLETED
9990,1165,2026-08-26,P028,8,266.02,CANCELLED
9991,1195,2026-08-06,P033,6,123.96,COMPLETED
9992,1104,2026-08-11,P029,1,276.23,RETURNED
9993,1028,2026-08-22,P039,5,192.83,COMPLETED
9994,1106,2026-08-22,P031,3,403.70,COMPLETED
9995,1044,2026-08-21,P014,3,237.44,CANCELLED
9996,1186,2026-08-04,P010,1,439.73,RETURNED
9997,1165,2026-08-26,P025,6,435.55,COMPLETED
9998,1144,2026-08-11,P032,2,402.79,COMPLETED
9999,1047,2026-08-15,P003,1,189.46,RETURNED
10000,1057,2026-08-23,P044,4,194.37,COMPLETED
