order_id,customer_id,order_date,product_id,quantity,unit_price,status
10001,1105,2026-08-03,P018,5,162.76,COMPLETED
10002,1145,2026-08-20,P043,8,87.28,COMPLETED
10003,1127,2026-08-03,P021,1,113.55,RETURNED
10004,1185,2026-08-01,P015,7,288.46,COMPLETED
10005,1024,2026-08-23,P030,5,29.50,COMPLETED
10006,1193,2026-08-27,P016,4,443.48,CANCELLED
10007,1068,2026-08-01,P027,8,59.66,CANCELLED
10008,1122,2026-08-19,P045,1,280.43,COMPLETED
10009,1028,2026-08-16,P027,4,485.84,RETURNED
10010,1157,2026-08-26,P011,3,229.24,CANCELLED
10011,1022,2026-08-10,P003,7,463.97,COMPLETED
10012,1014,2026-08-13,P001,8,240.62,RETURNED
10013,1132,2026-08-23,P014,8,36.97,COMPLETED
10014,1019,2026-08-12,P035,7,196.83,COMPLETED
10015,1087,2026-08-13,P016,2,11.58,CANCELLED
10016,1006,2026-08-02,P007,1,254.82,COMPLETED
10017,1030,2026-08-05,P011,3,74.88,CANCELLED
10018,1158,2026-08-18,P003,4,438.25,COMPLETED
10019,1020,2026-08-04,P049,1,69.73,RETURNED
10020,1069,2026-08-03,P047,7,287.48,RETURNED
10021,1119,2026-08-04,P028,1,393.62,RETURNED
10022,1011,2026-08-17,P008,8,423.11,COMPLETED
10023,1199,2026-08-20,P028,5,48.88,COMPLETED
10024,1191,2026-08-27,P010,3,283.73,COMPLETED
10025,1035,2026-08-04,P038,7,136.07,COMPLETED
10026,1115,2026-08-17,P010,7,69.56,COMPLETED
10027,1040,2026-08-03,P021,8,19.68,COMPLETED
10028,1010,2026-08-10,P011,7,164.91,COMPLETED
10029,1022,2026-08-24,P034,3,451.51,COMPLETED
10030,1013,2026-08-11,P022,5,321.89,CANCELLED
10031,1044,2026-08-12,P019,6,10.97,COMPLETED
10032,1063,2026-08-09,P024,3,215.28,COMPLETED
10033,1162,2026-08-08,P021,2,333.14,COMPLETED
10034,1032,2026-08-17,P044,8,253.89,COMPLETED
10035,1103,2026-08-05,P006,1,85.74,COMPLETED
10036,1028,2026-08-20,P050,3,17.03,RETURNED
10037,1188,2026-08-14,P030,8,218.40,COMPLETED
10038,1191,2026-08-10,P032,3,97.16,RETURNED
10039,1158,2026-08-01,P004,8,456.89,COMPLETED
10040,1059,2026-08-27,P003,5,309.95,RETURNED
10041,1115,2026-08-13,P049,7,201.79,CANCELLED
10042,1041,2026-08-06,P046,7,25.51,RETURNED
10043,1154,2026-08-14,P005,5,423.73,COMPLETED
10044,1107,2026-08-09,P020,8,70.27,RETURNED
10045,1083,2026-08-11,P041,5,493.84,RETURNED
10046,1089,2026-08-09,P030,5,455.55,CANCELLED
10047,1163,2026-08-23,P029,2,130.11,COMPLETED
10048,1120,2026-08-12,P033,4,134.79,RETURNED
10049,1119,2026-08-07,P050,3,265.35,COMPLETED
10050,1197,2026-08-05,P025,3,404.85,CANCELLED
10051,1137,2026-08-11,P041,5,380.53,COMPLETED
10052,1197,2026-08-05,P039,8,432.01,COMPLETED
10053,1071,2026-08-14,P042,5,177.95,COMPLETED
10054,1040,2026-08-07,P042,1,362.84,COMPLETED
10055,1084,2026-08-10,P049,4,198.53,RETURNED
10056,1052,2026-08-10,P036,6,450.57,RETURNED
10057,1064,2026-08-06,P020,4,76.86,COMPLETED
10058,1100,2026-08-24,P027,4,117.00,RETURNED
10059,1199,2026-08-26,P049,3,493.06,RETURNED
10060,1198,2026-08-20,P031,7,409.82,COMPLETED
10061,1057,2026-08-10,P045,3,335.62,RETURNED
10062,1060,2026-08-18,P041,1,65.39,CANCELLED
10063,1157,2026-08-21,P005,7,45.88,COMPLETED
10064,1003,2026-08-22,P007,8,246.09,COMPLETED
10065,1092,2026-08-03,P048,2,463.43,RETURNED
10066,1055,2026-08-04,P005,7,420.49,COMPLETED
10067,1019,2026-08-08,P008,5,88.62,COMPLETED
10068,1104,2026-08-18,P022,8,438.90,COMPLETED
10069,1154,2026-08-19,P029,2,194.42,COMPLETED
10070,1191,2026-08-01,P039,6,444.62,COMPLETED
10071,1168,2026-08-04,P039,6,41.53,RETURNED
10072,1165,2026-08-27,P038,2,40.44,COMPLETED
10073,1036,2026-08-10,P030,4,17.41,CANCELLED
10074,1174,2026-08-08,P025,3,377.51,COMPLETED
10075,1165,2026-08-13,P027,5,81.56,COMPLETED
10076,1135,2026-08-18,P012,1,418.76,CANCELLED
10077,1114,2026-08-07,P027,3,436.95,COMPLETED
10078,1064,2026-08-23,P006,2,52.98,COMPLETED
10079,1153,2026-08-15,P033,6,122.05,CANCELLED
10080,1048,2026-08-03,P028,5,63.30,COMPLETED
10081,1097,2026-08-05,P043,4,25.06,COMPLETED
10082,1073,2026-08-24,P013,7,445.42,RETURNED
10083,1187,2026-08-24,P033,4,418.53,COMPLETED
10084,1186,2026-08-14,P009,8,157.23,RETURNED
10085,1014,2026-08-24,P023,6,455.06,RETURNED
10086,1143,2026-08-10,P038,8,137.19,COMPLETED
10087,1131,2026-08-16,P038,6,75.46,CANCELLED
10088,1086,2026-08-26,P039,3,329.33,CANCELLED
10089,1074,2026-08-19,P022,3,101.70,COMPLETED
10090,1167,2026-08-23,P018,5,22.93,COMPLETED
10091,1077,2026-08-04,P041,1,14.62,RETURNED
10092,1195,2026-08-20,P031,7,68.04,CANCELLED
10093,1096,2026-08-17,P014,6,402.10,RETURNED
10094,1113,2026-08-24,P046,1,363.44,RETURNED
10095,1033,2026-08-18,P048,7,198.33,CANCELLED
10096,1056,2026-08-20,P016,3,426.30,RETURNED
10097,1188,2026-08-11,P001,4,463.93,COMPLETED
10098,1189,2026-08-24,P023,3,330.63,COMPLETED
10099,1047,2026-08-20,P041,6,431.72,COMPLETED
10100,1125,2026-08-13,P043,4,232.67,COMPLETED
10101,1041,2026-08-04,P020,3,410.40,COMPLETED
10102,1032,2026-08-17,P015,8,405.28,COMPLETED
10103,1090,2026-08-24,P008,2,40.63,CANCELLED
10104,1051,2026-08-08,P027,4,188.77,COMPLETED
10105,1023,2026-08-10,P022,3,70.92,CANCELLED
10106,1142,2026-08-19,P032,5,162.62,RETURNED
10107,1018,2026-08-16,P015,2,234.23,COMPLETED
10108,1179,2026-08-22,P043,4,180.78,RETURNED
10109,1090,2026-08-22,P018,2,457.36,RETURNED
10110,1041,2026-08-25,P047,3,172.09,CANCELLED
10111,1051,2026-08-07,P044,7,395.17,COMPLETED
10112,1040,2026-08-04,P001,7,50.40,RETURNED
10113,1108,2026-08-20,P043,3,467.33,RETURNED
10114,1040,2026-08-22,P043,8,283.59,CANCELLED
10115,1057,2026-08-16,P026,6,60.42,CANCELLED
10116,1152,2026-08-26,P029,3,33.10,COMPLETED
10117,1152,2026-08-02,P007,7,194.00,COMPLETED
10118,1189,2026-08-24,P026,6,483.25,RETURNED
10119,1108,2026-08-11,P019,5,152.74,RETURNED
10120,1022,2026-08-08,P006,4,58.68,COMPLETED
10121,1008,2026-08-13,P011,6,162.97,CANCELLED
10122,1011,2026-08-24,P026,3,58.70,COMPLETED
10123,1105,2026-08-23,P016,4,377.60,COMPLETED
10124,1141,2026-08-08,P021,6,372.45,COMPLETED
10125,1091,2026-08-05,P026,2,219.49,COMPLETED
10126,1189,2026-08-07,P016,1,419.89,RETURNED
10127,1172,2026-08-17,P019,8,48.48,RETURNED
10128,1079,2026-08-10,P013,6,477.08,COMPLETED
10129,1087,2026-08-01,P044,8,326.41,CANCELLED
10130,1075,2026-08-24,P008,8,239.75,COMPLETED
10131,1129,2026-08-14,P014,6,435.23,COMPLETED
10132,1045,2026-08-13,P024,4,108.31,COMPLETED
10133,1051,2026-08-26,P003,4,355.84,COMPLETED
10134,1130,2026-08-15,P025,6,237.03,CANCELLED
10135,1048,2026-08-02,P022,8,499.82,COMPLETED
10136,1012,2026-08-15,P025,7,219.56,RETURNED
10137,1093,2026-08-21,P046,6,19.45,COMPLETED
10138,1108,2026-08-14,P033,2,474.80,RETURNED
10139,1189,2026-08-14,P014,6,179.61,COMPLETED
10140,1028,2026-08-13,P042,5,253.26,COMPLETED
10141,1004,2026-08-03,P044,3,339.52,COMPLETED
10142,1132,2026-08-07,P014,7,264.99,COMPLETED
10143,1002,2026-08-19,P005,7,34.54,RETURNED
10144,1132,2026-08-22,P032,3,13.79,COMPLETED
10145,1142,2026-08-13,P008,4,270.27,RETURNED
10146,1145,2026-08-07,P007,3,243.61,RETURNED
10147,1028,2026-08-19,P040,4,283.93,RETURNED
10148,1086,2026-08-16,P001,3,57.20,COMPLETED
10149,1093,2026-08-17,P030,2,238.02,CANCELLED
10150,1009,2026-08-24,P034,1,60.25,CANCELLED
10151,1082,2026-08-23,P048,8,345.00,COMPLETED
10152,1153,2026-08-05,P006,7,74.27,COMPLETED
10153,1028,2026-08-05,P026,4,92.35,CANCELLED
10154,1126,2026-08-11,P013,2,248.87,COMPLETED
10155,1197,2026-08-07,P030,2,424.42,COMPLETED
10156,1084,2026-08-19,P009,4,66.70,CANCELLED
10157,1089,2026-08-22,P022,7,402.05,RETURNED
10158,1095,2026-08-08,P005,8,217.31,COMPLETED
10159,1193,2026-08-17,P028,3,167.04,COMPLETED
10160,1029,2026-08-04,P030,7,115.10,COMPLETED
10161,1065,2026-08-16,P035,2,385.96,COMPLETED
10162,1189,2026-08-14,P013,3,272.15,COMPLETED
10163,1007,2026-08-04,P013,4,394.26,COMPLETED
10164,1122,2026-08-10,P020,7,16.06,RETURNED
10165,1078,2026-08-14,P042,8,169.62,COMPLETED
10166,1065,2026-08-14,P035,6,159.24,COMPLETED
10167,1143,2026-08-04,P043,8,116.66,COMPLETED
10168,1084,2026-08-04,P033,3,448.20,RETURNED
10169,1011,2026-08-16,P050,8,146.95,COMPLETED
10170,1088,2026-08-02,P005,4,387.07,COMPLETED
10171,1140,2026-08-10,P046,7,192.97,CANCELLED
10172,1110,2026-08-11,P045,7,313.63,COMPLETED
10173,1076,2026-08-18,P031,8,396.71,CANCELLED
10174,1043,2026-08-03,P022,4,160.88,COMPLETED
10175,1023,2026-08-21,P002,4,139.17,CANCELLED
10176,1035,2026-08-12,P040,8,415.23,RETURNED
10177,1094,2026-08-15,P027,7,421.05,COMPLETED
10178,1128,2026-08-23,P041,1,439.58,COMPLETED
10179,1097,2026-08-08,P029,4,114.86,CANCELLED
10180,1025,2026-08-15,P003,5,162.58,RETURNED
10181,1032,2026-08-09,P048,4,296.85,COMPLETED
10182,1015,2026-08-17,P001,3,493.26,COMPLETED
10183,1189,2026-08-22,P016,5,27.23,COMPLETED
10184,1176,2026-08-24,P008,3,243.90,CANCELLED
10185,1014,2026-08-07,P014,3,409.61,COMPLETED
10186,1102,2026-08-22,P019,1,224.20,CANCELLED
10187,1129,2026-08-23,P018,6,57.26,CANCELLED
10188,1165,2026-08-17,P040,8,360.91,CANCELLED
10189,1129,2026-08-17,P041,5,181.33,CANCELLED
10190,1149,2026-08-20,P031,6,237.97,COMPLETED
10191,1023,2026-08-04,P030,5,438.16,RETURNED
10192,1166,2026-08-27,P040,5,214.20,COMPLETED
10193,1164,2026-08-13,P046,3,401.96,RETURNED
10194,1138,2026-08-26,P042,6,57.25,COMPLETED
10195,1102,2026-08-05,P026,8,338.60,RETURNED
10196,1006,2026-08-14,P015,5,81.59,COMPLETED
10197,1059,2026-08-13,P004,6,39.63,COMPLETED
10198,1070,2026-08-05,P049,5,55.95,COMPLETED
10199,1096,2026-08-02,P007,8,498.87,COMPLETED
10200,1145,2026-08-07,P019,6,97.11,RETURNED
10201,1064,2026-08-12,P046,8,224.25,RETURNED
10202,1139,2026-08-14,P018,2,496.97,RETURNED
10203,1198,2026-08-06,P021,8,36.33,COMPLETED
10204,1102,2026-08-17,P005,7,275.95,COMPLETED
10205,1097,2026-08-23,P010,8,211.48,COMPLETED
10206,1162,2026-08-21,P021,4,174.28,CANCELLED
10207,1185,2026-08-25,P015,2,496.57,COMPLETED
10208,1132,2026-08-12,P041,4,467.91,COMPLETED
10209,1165,2026-08-22,P037,5,283.65,RETURNED
10210,1017,2026-08-23,P012,6,130.06,COMPLETED
10211,1011,2026-08-02,P020,6,292.72,COMPLETED
10212,1072,2026-08-25,P007,1,435.15,CANCELLED
10213,1065,2026-08-02,P012,4,208.18,COMPLETED
10214,1056,2026-08-26,P005,8,364.19,COMPLETED
10215,1075,2026-08-10,P041,3,162.55,CANCELLED
10216,1101,2026-08-04,P011,8,436.85,COMPLETED
10217,1121,2026-08-25,P039,8,394.00,COMPLETED
10218,1165,2026-08-24,P040,3,481.29,COMPLETED
10219,1127,2026-08-04,P009,1,409.67,CANCELLED
10220,1088,2026-08-09,P006,3,49.64,CANCELLED
10221,1188,2026-08-25,P032,6,492.44,RETURNED
10222,1037,2026-08-14,P018,4,49.29,COMPLETED
10223,1021,2026-08-22,P040,5,297.52,CANCELLED
10224,1102,2026-08-23,P026,6,55.11,COMPLETED
10225,1124,2026-08-16,P004,2,145.41,CANCELLED
10226,1112,2026-08-11,P011,7,391.65,COMPLETED
10227,1115,2026-08-15,P030,6,351.19,COMPLETED
10228,1017,2026-08-22,P037,8,70.26,RETURNED
10229,1168,2026-08-19,P039,4,428.59,COMPLETED
10230,1123,2026-08-16,P001,7,363.44,CANCELLED
10231,1044,2026-08-21,P042,1,10.71,CANCELLED
10232,1189,2026-08-19,P018,7,389.69,COMPLETED
10233,1075,2026-08-11,P013,3,226.80,COMPLETED
10234,1140,2026-08-23,P032,1,117.51,RETURNED
10235,1074,2026-08-21,P028,1,215.82,COMPLETED
10236,1023,2026-08-27,P043,5,371.52,RETURNED
10237,1131,2026-08-14,P032,5,304.52,COMPLETED
10238,1002,2026-08-20,P014,4,352.40,RETURNED
10239,1104,2026-08-05,P033,3,195.26,CANCELLED
10240,1096,2026-08-01,P048,4,240.51,CANCELLED
10241,1074,2026-08-18,P021,6,395.20,CANCELLED
10242,1055,2026-08-23,P001,7,444.54,RETURNED
10243,1108,2026-08-05,P019,5,376.15,COMPLETED
10244,1039,2026-08-01,P012,2,119.02,COMPLETED
10245,1020,2026-08-15,P009,6,19.34,COMPLETED
10246,1062,2026-08-14,P045,7,159.90,COMPLETED
10247,1081,2026-08-24,P024,1,290.28,CANCELLED
10248,1146,2026-08-08,P010,2,150.37,CANCELLED
10249,1169,2026-08-14,P017,3,81.29,CANCELLED
10250,1143,2026-08-15,P010,7,11.20,RETURNED
10251,1016,2026-08-02,P004,8,481.28,COMPLETED
10252,1184,2026-08-09,P034,6,267.55,CANCELLED
10253,1168,2026-08-09,P038,2,318.19,COMPLETED
10254,1155,2026-08-20,P016,7,310.18,COMPLETED
10255,1051,2026-08-25,P047,4,130.43,COMPLETED
10256,1142,2026-08-17,P033,8,411.28,COMPLETED
10257,1136,2026-08-18,P010,7,265.78,COMPLETED
10258,1054,2026-08-17,P036,2,480.20,CANCELLED
10259,1097,2026-08-18,P023,2,456.41,COMPLETED
10260,1010,2026-08-24,P032,3,132.24,RETURNED
10261,1126,2026-08-27,P015,4,245.16,COMPLETED
10262,1134,2026-08-05,P002,2,294.08,CANCELLED
10263,1153,2026-08-17,P026,5,462.56,COMPLETED
10264,1075,2026-08-22,P012,4,465.48,RETURNED
10265,1102,2026-08-27,P030,6,38.18,COMPLETED
10266,1162,2026-08-24,P028,3,210.08,COMPLETED
10267,1116,2026-08-18,P026,2,450.15,CANCELLED
10268,1138,2026-08-15,P027,8,405.20,CANCELLED
10269,1124,2026-08-22,P005,4,353.60,RETURNED
10270,1148,2026-08-03,P029,1,185.85,COMPLETED
10271,1093,2026-08-14,P014,4,116.43,CANCELLED
10272,1041,2026-08-09,P017,1,337.63,COMPLETED
10273,1061,2026-08-13,P016,2,37.11,COMPLETED
10274,1100,2026-08-09,P023,8,254.07,COMPLETED
10275,1029,2026-08-17,P040,5,392.16,RETURNED
10276,1021,2026-08-27,P014,7,379.60,COMPLETED
10277,1061,2026-08-19,P024,5,20.50,CANCELLED
10278,1053,2026-08-06,P039,5,238.88,RETURNED
10279,1102,2026-08-12,P043,8,385.08,RETURNED
10280,1036,2026-08-11,P036,1,15.51,COMPLETED
10281,1183,2026-08-27,P045,4,258.98,COMPLETED
10282,1160,2026-08-17,P038,1,23.24,RETURNED
10283,1180,2026-08-14,P037,7,450.70,COMPLETED
10284,1081,2026-08-26,P045,5,325.99,COMPLETED
10285,1158,2026-08-11,P002,2,436.90,COMPLETED
10286,1089,2026-08-17,P047,8,376.34,RETURNED
10287,1074,2026-08-16,P021,6,143.88,COMPLETED
10288,1101,2026-08-13,P007,5,313.12,COMPLETED
10289,1147,2026-08-16,P039,8,363.58,CANCELLED
10290,1037,2026-08-15,P045,3,83.25,CANCELLED
10291,1022,2026-08-10,P049,7,367.93,COMPLETED
10292,1003,2026-08-08,P010,4,475.40,CANCELLED
10293,1094,2026-08-01,P048,3,235.51,COMPLETED
10294,1157,2026-08-16,P031,7,404.42,CANCELLED
10295,1178,2026-08-23,P003,4,429.63,COMPLETED
10296,1142,2026-08-04,P025,5,185.59,RETURNED
10297,1112,2026-08-22,P034,1,67.34,COMPLETED
10298,1002,2026-08-05,P004,1,254.00,COMPLETED
10299,1094,2026-08-13,P034,2,475.95,COMPLETED
10300,1170,2026-08-19,P011,4,434.65,COMPLETED
10301,1112,2026-08-09,P022,5,166.22,COMPLETED
10302,1078,2026-08-07,P048,3,72.31,RETURNED
10303,1022,2026-08-20,P013,5,147.02,RETURNED
10304,1115,2026-08-26,P026,6,331.42,RETURNED
10305,1014,2026-08-20,P016,4,112.22,RETURNED
10306,1084,2026-08-03,P038,6,222.64,COMPLETED
10307,1169,2026-08-16,P044,1,181.12,CANCELLED
10308,1004,2026-08-20,P028,6,357.11,COMPLETED
10309,1017,2026-08-14,P009,2,328.89,RETURNED
10310,1129,2026-08-16,P042,5,30.11,COMPLETED
10311,1007,2026-08-03,P044,8,415.45,CANCELLED
10312,1038,2026-08-19,P005,4,418.08,COMPLETED
10313,1133,2026-08-11,P038,3,277.16,RETURNED
10314,1148,2026-08-25,P016,7,76.13,COMPLETED
10315,1015,2026-08-25,P024,3,280.72,COMPLETED
10316,1099,2026-08-03,P004,6,33.19,RETURNED
10317,1039,2026-08-07,P042,2,289.77,CANCELLED
10318,1140,2026-08-02,P023,5,353.83,RETURNED
10319,1157,2026-08-19,P036,7,169.71,COMPLETED
10320,1004,2026-08-18,P039,5,143.45,COMPLETED
10321,1079,2026-08-18,P030,7,183.07,COMPLETED
10322,1165,2026-08-20,P004,3,453.19,COMPLETED
10323,1121,2026-08-09,P003,8,159.97,COMPLETED
10324,1008,2026-08-13,P047,7,85.06,COMPLETED
10325,1002,2026-08-27,P038,6,202.32,COMPLETED
10326,1093,2026-08-09,P001,7,437.09,COMPLETED
10327,1014,2026-08-05,P027,4,459.32,CANCELLED
10328,1111,2026-08-21,P004,6,431.28,COMPLETED
10329,1131,2026-08-01,P024,6,312.61,COMPLETED
10330,1125,2026-08-23,P035,8,219.82,RETURNED
10331,1064,2026-08-07,P038,8,290.74,COMPLETED
10332,1058,2026-08-20,P030,5,248.88,COMPLETED
10333,1084,2026-08-19,P010,1,355.42,COMPLETED
10334,1005,2026-08-23,P038,7,405.93,COMPLETED
10335,1070,2026-08-01,P032,3,233.23,COMPLETED
10336,1173,2026-08-25,P042,5,101.77,COMPLETED
10337,1162,2026-08-06,P038,2,59.35,COMPLETED
10338,1196,2026-08-05,P044,7,327.54,COMPLETED
10339,1162,2026-08-08,P036,8,230.51,COMPLETED
10340,1064,2026-08-26,P001,4,474.70,RETURNED
10341,1068,2026-08-18,P024,4,57.89,COMPLETED
10342,1197,2026-08-08,P001,8,271.67,COMPLETED
10343,1051,2026-08-10,P048,7,116.27,COMPLETED
10344,1040,2026-08-17,P024,8,139.49,CANCELLED
10345,1142,2026-08-11,P026,7,482.56,CANCELLED
10346,1086,2026-08-25,P036,1,376.48,COMPLETED
10347,1143,2026-08-02,P037,1,360.61,COMPLETED
10348,1084,2026-08-23,P031,4,276.79,COMPLETED
10349,1070,2026-08-02,P015,2,428.09,RETURNED
10350,1028,2026-08-23,P036,6,232.49,COMPLETED
10351,1183,2026-08-16,P018,8,314.29,RETURNED
10352,1136,2026-08-24,P034,2,401.56,COMPLETED
10353,1070,2026-08-12,P028,2,478.03,CANCELLED
10354,1117,2026-08-03,P006,6,133.74,COMPLETED
10355,1107,2026-08-01,P010,7,460.17,CANCELLED
10356,1093,2026-08-13,P019,7,272.80,COMPLETED
10357,1163,2026-08-22,P044,6,125.12,CANCELLED
10358,1128,2026-08-08,P028,8,466.27,CANCELLED
10359,1012,2026-08-12,P011,6,312.96,COMPLETED
10360,1034,2026-08-09,P015,5,462.15,RETURNED
10361,1098,2026-08-04,P028,7,98.69,COMPLETED
10362,1028,2026-08-17,P034,5,310.81,CANCELLED
10363,1042,2026-08-04,P036,5,198.61,RETURNED
10364,1086,2026-08-08,P035,7,116.78,COMPLETED
10365,1052,2026-08-22,P006,6,378.41,COMPLETED
10366,1051,2026-08-03,P023,4,47.84,CANCELLED
10367,1002,2026-08-04,P011,2,473.66,CANCELLED
10368,1077,2026-08-17,P020,5,242.66,CANCELLED
10369,1192,2026-08-27,P012,4,228.35,COMPLETED
10370,1098,2026-08-25,P005,2,246.47,RETURNED
10371,1044,2026-08-23,P023,7,283.21,RETURNED
10372,1134,2026-08-18,P018,6,336.48,COMPLETED
10373,1193,2026-08-04,P021,4,320.95,CANCELLED
10374,1079,2026-08-10,P029,1,268.58,COMPLETED
10375,1123,2026-08-01,P010,8,105.70,RETURNED
10376,1125,2026-08-21,P023,7,61.13,CANCELLED
10377,1147,2026-08-11,P004,8,247.70,CANCELLED
10378,1068,2026-08-04,P010,4,372.98,COMPLETED
10379,1153,2026-08-04,P021,2,257.96,COMPLETED
10380,1170,2026-08-11,P009,6,48.18,COMPLETED
10381,1132,2026-08-04,P028,6,461.73,COMPLETED
10382,1110,2026-08-10,P050,5,12.97,COMPLETED
10383,1167,2026-08-22,P043,8,33.50,CANCELLED
10384,1084,2026-08-09,P014,2,159.10,COMPLETED
10385,1006,2026-08-16,P007,6,423.14,COMPLETED
10386,1173,2026-08-13,P007,2,145.28,CANCELLED
10387,1090,2026-08-22,P031,5,496.93,COMPLETED
10388,1133,2026-08-07,P018,8,218.48,COMPLETED
10389,1019,2026-08-24,P041,2,108.79,CANCELLED
10390,1002,2026-08-17,P032,2,17.64,COMPLETED
10391,1027,2026-08-19,P043,6,246.14,COMPLETED
10392,1092,2026-08-12,P007,2,162.70,COMPLETED
10393,1199,2026-08-19,P013,6,170.18,RETURNED
10394,1010,2026-08-16,P030,4,197.99,COMPLETED
10395,1020,2026-08-20,P034,7,218.91,COMPLETED
10396,1134,2026-08-18,P034,5,128.21,COMPLETED
10397,1120,2026-08-13,P046,5,269.44,COMPLETED
10398,1155,2026-08-07,P003,1,413.36,CANCELLED
10399,1099,2026-08-01,P018,5,364.50,COMPLETED
10400,1170,2026-08-11,P001,1,125.69,CANCELLED
10401,1183,2026-08-22,P047,1,138.24,COMPLETED
10402,1132,2026-08-22,P031,1,260.70,COMPLETED
10403,1127,2026-08-07,P041,1,23.98,CANCELLED
10404,1117,2026-08-08,P012,3,405.81,COMPLETED
10405,1110,2026-08-07,P040,8,118.77,COMPLETED
10406,1038,2026-08-02,P042,5,417.26,CANCELLED
10407,1067,2026-08-02,P030,6,296.72,COMPLETED
10408,1037,2026-08-12,P011,4,170.41,CANCELLED
10409,1053,2026-08-25,P004,6,137.49,COMPLETED
10410,1197,2026-08-07,P020,8,445.43,COMPLETED
10411,1089,2026-08-04,P040,4,341.75,RETURNED
10412,1016,2026-08-14,P041,5,81.08,CANCELLED
10413,1157,2026-08-27,P036,1,360.36,RETURNED
10414,1066,2026-08-23,P001,8,86.60,COMPLETED
10415,1063,2026-08-03,P008,5,330.82,CANCELLED
10416,1156,2026-08-10,P040,2,397.65,COMPLETED
10417,1108,2026-08-23,P020,4,222.76,COMPLETED
10418,1074,2026-08-21,P012,3,352.09,CANCELLED
10419,1139,2026-08-02,P049,1,212.24,RETURNED
10420,1134,2026-08-22,P017,3,91.95,COMPLETED
10421,1158,2026-08-12,P013,8,308.52,RETURNED
10422,1077,2026-08-21,P024,6,462.66,RETURNED
10423,1017,2026-08-19,P042,3,86.25,CANCELLED
10424,1153,2026-08-09,P018,8,167.82,RETURNED
10425,1094,2026-08-15,P021,8,184.13,COMPLETED
10426,1052,2026-08-06,P035,6,497.67,COMPLETED
10427,1089,2026-08-14,P050,8,209.84,CANCELLED
10428,1001,2026-08-02,P006,4,49.34,COMPLETED
10429,1165,2026-08-05,P049,2,130.24,RETURNED
10430,1165,2026-08-16,P050,6,395.15,COMPLETED
10431,1189,2026-08-06,P033,2,157.64,COMPLETED
10432,1199,2026-08-27,P049,6,151.38,COMPLETED
10433,1130,2026-08-25,P034,8,151.38,COMPLETED
10434,1052,2026-08-20,P036,7,443.93,COMPLETED
10435,1074,2026-08-12,P014,3,192.11,COMPLETED
10436,1177,2026-08-20,P016,4,469.73,COMPLETED
10437,1126,2026-08-06,P013,2,182.47,COMPLETED
10438,1006,2026-08-26,P028,7,215.79,RETURNED
10439,1066,2026-08-24,P031,3,486.34,COMPLETED
10440,1107,2026-08-12,P007,8,391.96,COMPLETED
10441,1020,2026-08-18,P003,1,335.59,COMPLETED
10442,1027,2026-08-27,P046,1,89.54,COMPLETED
10443,1028,2026-08-07,P012,6,480.98,COMPLETED
10444,1058,2026-08-27,P009,7,302.19,COMPLETED
10445,1026,2026-08-05,P017,6,456.50,COMPLETED
10446,1161,2026-08-06,P009,7,411.23,CANCELLED
10447,1068,2026-08-24,P021,3,65.76,COMPLETED
10448,1010,2026-08-16,P018,2,174.68,COMPLETED
10449,1113,2026-08-04,P032,7,249.36,RETURNED
10450,1021,2026-08-17,P044,1,385.23,COMPLETED
10451,1026,2026-08-21,P014,6,383.16,COMPLETED
10452,1045,2026-08-14,P046,5,101.24,CANCELLED
10453,1069,2026-08-07,P027,6,184.11,RETURNED
10454,1184,2026-08-22,P025,1,111.74,RETURNED
10455,1088,2026-08-23,P029,4,52.41,COMPLETED
10456,1052,2026-08-19,P046,8,131.20,RETURNED
10457,1087,2026-08-04,P009,6,153.71,CANCELLED
10458,1200,2026-08-18,P011,8,224.15,CANCELLED
10459,1085,2026-08-01,P028,3,440.63,COMPLETED
10460,1157,2026-08-01,P049,4,17.13,RETURNED
10461,1021,2026-08-18,P039,7,259.33,COMPLETED
10462,1112,2026-08-01,P032,8,350.97,RETURNED
10463,1028,2026-08-13,P037,4,337.26,COMPLETED
10464,1175,2026-08-21,P030,5,285.36,COMPLETED
10465,1169,2026-08-13,P006,2,94.93,RETURNED
10466,1075,2026-08-23,P006,1,27.70,COMPLETED
10467,1084,2026-08-11,P034,2,252.28,CANCELLED
10468,1053,2026-08-07,P013,8,113.26,COMPLETED
10469,1199,2026-08-16,P038,1,73.98,RETURNED
10470,1129,2026-08-13,P028,7,481.77,RETURNED
10471,1023,2026-08-12,P025,5,114.14,COMPLETED
10472,1178,2026-08-03,P026,1,359.07,COMPLETED
10473,1158,2026-08-25,P017,2,159.30,CANCELLED
10474,1176,2026-08-07,P019,7,369.69,COMPLETED
10475,1113,2026-08-03,P032,1,176.56,COMPLETED
10476,1175,2026-08-22,P004,1,466.80,COMPLETED
10477,1011,2026-08-15,P036,6,290.90,RETURNED
10478,1157,2026-08-19,P029,6,278.52,RETURNED
10479,1077,2026-08-07,P014,6,435.15,COMPLETED
10480,1146,2026-08-06,P018,4,58.91,COMPLETED
10481,1182,2026-08-06,P036,2,92.72,CANCELLED
10482,1195,2026-08-02,P001,7,78.08,RETURNED
10483,1175,2026-08-17,P018,2,280.26,COMPLETED
10484,1078,2026-08-21,P048,2,165.31,COMPLETED
10485,1016,2026-08-10,P036,1,185.55,COMPLETED
10486,1173,2026-08-01,P018,2,354.98,CANCELLED
10487,1154,2026-08-21,P045,5,360.44,CANCELLED
10488,1047,2026-08-08,P011,7,134.78,CANCELLED
10489,1178,2026-08-10,P018,8,76.47,COMPLETED
10490,1055,2026-08-23,P039,3,149.84,CANCELLED
10491,1007,2026-08-01,P035,5,71.98,COMPLETED
10492,1071,2026-08-15,P009,5,356.84,COMPLETED
10493,1180,2026-08-22,P045,4,465.26,CANCELLED
10494,1048,2026-08-17,P029,6,378.22,CANCELLED
10495,1026,2026-08-17,P036,3,19.39,RETURNED
10496,1197,2026-08-04,P025,3,84.68,CANCELLED
10497,1200,2026-08-04,P050,5,443.02,RETURNED
10498,1003,2026-08-02,P039,8,10.78,CANCELLED
10499,1173,2026-08-19,P016,1,307.62,COMPLETED
10500,1020,2026-08-04,P031,6,315.15,COMPLETED
10501,1113,2026-08-21,P004,4,125.51,COMPLETED
10502,1062,2026-08-22,P032,6,448.70,RETURNED
10503,1014,2026-08-16,P020,1,270.38,COMPLETED
10504,1141,2026-08-15,P030,8,461.30,COMPLETED
10505,1023,2026-08-25,P032,6,107.17,COMPLETED
10506,1062,2026-08-02,P015,2,168.43,COMPLETED
10507,1048,2026-08-01,P022,4,463.23,CANCELLED
10508,1196,2026-08-19,P017,7,143.09,COMPLETED
10509,1026,2026-08-07,P023,4,44.27,COMPLETED
10510,1157,2026-08-20,P019,7,256.54,RETURNED
10511,1106,2026-08-25,P042,5,87.36,CANCELLED
10512,1055,2026-08-07,P002,2,190.30,RETURNED
10513,1165,2026-08-27,P042,1,498.44,COMPLETED
10514,1092,2026-08-23,P025,2,130.91,COMPLETED
10515,1023,2026-08-07,P014,7,221.73,CANCELLED
10516,1181,2026-08-10,P013,7,442.02,COMPLETED
10517,1048,2026-08-03,P033,5,169.16,COMPLETED
10518,1176,2026-08-07,P014,3,441.86,COMPLETED
10519,1184,2026-08-17,P039,6,365.34,CANCELLED
10520,1153,2026-08-25,P027,4,358.90,COMPLETED
10521,1062,2026-08-15,P042,8,164.49,COMPLETED
10522,1156,2026-08-12,P032,3,68.45,COMPLETED
10523,1111,2026-08-22,P019,7,154.16,COMPLETED
10524,1189,2026-08-05,P042,4,465.52,COMPLETED
10525,1079,2026-08-11,P017,5,30.05,CANCELLED
10526,1116,2026-08-17,P022,4,14.09,COMPLETED
10527,1128,2026-08-04,P041,7,106.44,COMPLETED
10528,1065,2026-08-07,P007,5,289.85,COMPLETED
10529,1155,2026-08-22,P041,6,71.43,CANCELLED
10530,1043,2026-08-07,P030,7,467.83,COMPLETED
10531,1104,2026-08-24,P017,2,101.87,COMPLETED
10532,1108,2026-08-10,P033,4,199.88,CANCELLED
10533,1079,2026-08-20,P025,7,244.59,CANCELLED
10534,1132,2026-08-21,P027,3,199.34,COMPLETED
10535,1053,2026-08-01,P015,2,348.55,COMPLETED
10536,1116,2026-08-16,P001,3,407.77,COMPLETED
10537,1124,2026-08-21,P008,7,336.48,RETURNED
10538,1155,2026-08-19,P019,7,44.55,RETURNED
10539,1189,2026-08-04,P030,6,68.62,COMPLETED
10540,1190,2026-08-14,P003,2,487.59,COMPLETED
10541,1084,2026-08-18,P045,5,295.75,COMPLETED
10542,1132,2026-08-13,P012,1,411.37,COMPLETED
10543,1182,2026-08-17,P026,8,287.49,COMPLETED
10544,1145,2026-08-10,P025,2,379.13,CANCELLED
10545,1159,2026-08-03,P013,6,311.36,COMPLETED
10546,1116,2026-08-24,P034,6,477.06,RETURNED
10547,1012,2026-08-02,P028,6,400.46,RETURNED
10548,1181,2026-08-01,P050,4,36.87,COMPLETED
10549,1187,2026-08-10,P049,8,370.99,COMPLETED
10550,1121,2026-08-03,P014,3,34.14,COMPLETED
10551,1136,2026-08-27,P041,3,452.94,COMPLETED
10552,1025,2026-08-21,P045,6,354.09,COMPLETED
10553,1010,2026-08-19,P030,3,490.96,COMPLETED
10554,1053,2026-08-05,P016,4,32.40,COMPLETED
10555,1148,2026-08-24,P035,3,119.07,RETURNED
10556,1179,2026-08-22,P008,6,43.13,COMPLETED
10557,1121,2026-08-21,P016,8,383.92,RETURNED
10558,1113,2026-08-27,P036,8,304.79,CANCELLED
10559,1041,2026-08-13,P016,8,471.67,CANCELLED
10560,1152,2026-08-01,P050,5,99.35,CANCELLED
10561,1078,2026-08-26,P017,7,171.23,COMPLETED
10562,1070,2026-08-26,P013,7,176.02,COMPLETED
10563,1098,2026-08-13,P034,3,411.83,COMPLETED
10564,1158,2026-08-10,P041,5,406.65,COMPLETED
10565,1045,2026-08-19,P038,8,79.20,RETURNED
10566,1195,2026-08-03,P001,2,112.16,RETURNED
10567,1056,2026-08-09,P038,4,461.82,COMPLETED
10568,1141,2026-08-10,P008,2,293.81,COMPLETED
10569,1064,2026-08-23,P013,8,299.53,COMPLETED
10570,1117,2026-08-21,P049,6,497.90,COMPLETED
10571,1073,2026-08-19,P019,6,35.87,COMPLETED
10572,1152,2026-08-06,P011,8,57.44,RETURNED
10573,1134,2026-08-18,P018,1,79.62,COMPLETED
10574,1105,2026-08-25,P006,2,400.13,CANCELLED
10575,1105,2026-08-19,P012,4,489.69,COMPLETED
10576,1135,2026-08-27,P050,1,264.62,COMPLETED
10577,1062,2026-08-04,P033,7,124.00,COMPLETED
10578,1189,2026-08-07,P021,8,16.83,CANCELLED
10579,1063,2026-08-23,P031,5,47.46,CANCELLED
10580,1187,2026-08-06,P022,3,213.05,RETURNED
10581,1033,2026-08-09,P024,2,362.17,RETURNED
10582,1111,2026-08-07,P015,6,51.00,COMPLETED
10583,1031,2026-08-16,P027,2,496.72,COMPLETED
10584,1106,2026-08-26,P033,5,360.13,COMPLETED
10585,1049,2026-08-26,P011,8,62.13,RETURNED
10586,1046,2026-08-02,P039,2,390.26,COMPLETED
10587,1026,2026-08-11,P036,6,345.72,COMPLETED
10588,1014,2026-08-17,P007,2,458.69,COMPLETED
10589,1197,2026-08-13,P048,1,74.51,COMPLETED
10590,1152,2026-08-08,P026,6,320.59,RETURNED
10591,1070,2026-08-06,P004,1,57.71,RETURNED
10592,1087,2026-08-04,P028,3,349.69,COMPLETED
10593,1098,2026-08-26,P026,2,205.56,COMPLETED
10594,1144,2026-08-05,P038,8,56.59,COMPLETED
10595,1132,2026-08-15,P050,5,436.70,CANCELLED
10596,1051,2026-08-03,P035,2,428.34,COMPLETED
10597,1114,2026-08-10,P048,8,338.05,COMPLETED
10598,1196,2026-08-12,P048,2,16.19,COMPLETED
10599,1161,2026-08-16,P036,4,495.77,COMPLETED
10600,1056,2026-08-06,P008,3,471.38,COMPLETED
10601,1045,2026-08-23,P020,5,420.91,COMPLETED
10602,1006,2026-08-27,P018,5,371.60,COMPLETED
10603,1137,2026-08-10,P041,7,287.87,RETURNED
10604,1145,2026-08-10,P027,3,400.24,COMPLETED
10605,1024,2026-08-10,P038,1,382.76,CANCELLED
10606,1093,2026-08-14,P001,4,130.90,COMPLETED
10607,1023,2026-08-09,P043,2,313.04,COMPLETED
10608,1114,2026-08-07,P050,1,115.09,CANCELLED
10609,1100,2026-08-13,P045,2,243.59,COMPLETED
10610,1069,2026-08-13,P027,7,282.62,COMPLETED
10611,1008,2026-08-26,P039,3,400.00,RETURNED
10612,1197,2026-08-16,P034,3,270.16,COMPLETED
10613,1147,2026-08-17,P026,2,271.93,RETURNED
10614,1066,2026-08-05,P017,4,392.56,COMPLETED
10615,1080,2026-08-11,P032,6,225.57,CANCELLED
10616,1200,2026-08-06,P037,2,397.53,CANCELLED
10617,1182,2026-08-07,P038,7,84.83,COMPLETED
10618,1070,2026-08-14,P038,1,475.66,COMPLETED
10619,1041,2026-08-04,P013,8,370.45,COMPLETED
10620,1015,2026-08-20,P045,1,40.64,CANCELLED
10621,1113,2026-08-14,P009,7,128.96,COMPLETED
10622,1148,2026-08-23,P014,6,395.47,COMPLETED
10623,1193,2026-08-17,P042,5,366.06,COMPLETED
10624,1200,2026-08-26,P024,5,245.90,CANCELLED
10625,1082,2026-08-03,P025,3,417.53,COMPLETED
10626,1110,2026-08-13,P021,5,59.41,CANCELLED
10627,1086,2026-08-13,P030,7,234.20,COMPLETED
10628,1127,2026-08-03,P002,2,78.77,COMPLETED
10629,1161,2026-08-17,P034,1,349.37,RETURNED
10630,1126,2026-08-07,P041,6,289.14,RETURNED
10631,1105,2026-08-26,P012,3,403.96,COMPLETED
10632,1118,2026-08-24,P027,6,77.25,COMPLETED
10633,1061,2026-08-12,P013,1,358.60,COMPLETED
10634,1133,2026-08-27,P027,5,272.40,COMPLETED
10635,1172,2026-08-17,P045,7,339.42,RETURNED
10636,1065,2026-08-24,P014,4,378.40,COMPLETED
10637,1171,2026-08-05,P032,3,300.41,RETURNED
10638,1032,2026-08-12,P045,4,74.08,COMPLETED
10639,1150,2026-08-03,P035,4,117.31,RETURNED
10640,1004,2026-08-27,P018,4,14.70,COMPLETED
10641,1108,2026-08-02,P023,4,250.09,RETURNED
10642,1078,2026-08-10,P003,1,61.96,COMPLETED
10643,1038,2026-08-14,P023,6,370.53,CANCELLED
10644,1190,2026-08-18,P039,8,28.27,COMPLETED
10645,1037,2026-08-20,P044,6,309.19,CANCELLED
10646,1050,2026-08-24,P026,1,142.90,RETURNED
10647,1050,2026-08-03,P050,2,263.00,RETURNED
10648,1139,2026-08-14,P013,5,270.01,CANCELLED
10649,1107,2026-08-05,P006,7,297.51,CANCELLED
10650,1114,2026-08-23,P043,4,200.54,CANCELLED
10651,1118,2026-08-03,P021,8,459.42,COMPLETED
10652,1175,2026-08-20,P037,7,360.77,COMPLETED
10653,1160,2026-08-22,P007,3,347.58,COMPLETED
10654,1140,2026-08-09,P047,8,463.32,COMPLETED
10655,1036,2026-08-22,P017,5,57.18,COMPLETED
10656,1193,2026-08-27,P031,3,399.51,COMPLETED
10657,1121,2026-08-12,P022,1,398.37,COMPLETED
10658,1068,2026-08-02,P019,6,220.68,RETURNED
10659,1152,2026-08-03,P046,7,226.53,COMPLETED
10660,1147,2026-08-01,P008,2,120.61,RETURNED
10661,1072,2026-08-07,P046,8,40.50,COMPLETED
10662,1062,2026-08-10,P018,3,20.76,RETURNED
10663,1192,2026-08-27,P012,5,113.78,RETURNED
10664,1080,2026-08-22,P002,2,468.45,COMPLETED
10665,1137,2026-08-13,P028,3,162.86,COMPLETED
10666,1193,2026-08-26,P012,6,421.94,COMPLETED
10667,1059,2026-08-14,P015,3,245.95,COMPLETED
10668,1082,2026-08-17,P050,1,128.53,COMPLETED
10669,1073,2026-08-10,P016,7,331.10,COMPLETED
10670,1011,2026-08-27,P039,2,488.50,COMPLETED
10671,1027,2026-08-10,P032,7,285.44,CANCELLED
10672,1121,2026-08-26,P037,4,38.05,COMPLETED
10673,1185,2026-08-19,P037,2,350.59,RETURNED
10674,1108,2026-08-21,P005,5,204.43,CANCELLED
10675,1193,2026-08-01,P003,6,67.87,COMPLETED
10676,1042,2026-08-23,P021,6,207.94,CANCELLED
10677,1015,2026-08-23,P047,7,75.17,RETURNED
10678,1089,2026-08-02,P030,3,268.07,RETURNED
10679,1007,2026-08-23,P004,6,193.07,COMPLETED
10680,1110,2026-08-10,P050,5,46.11,CANCELLED
10681,1096,2026-08-22,P047,4,30.22,CANCELLED
10682,1040,2026-08-06,P012,8,192.75,COMPLETED
10683,1139,2026-08-06,P037,2,230.99,COMPLETED
10684,1006,2026-08-27,P021,4,286.58,COMPLETED
10685,1059,2026-08-15,P042,1,67.59,CANCELLED
10686,1008,2026-08-23,P043,7,354.18,CANCELLED
10687,1056,2026-08-06,P010,1,339.17,COMPLETED
10688,1037,2026-08-17,P015,4,417.13,CANCELLED
10689,1122,2026-08-16,P040,6,216.02,COMPLETED
10690,1084,2026-08-13,P014,7,434.02,COMPLETED
10691,1076,2026-08-09,P033,2,484.13,COMPLETED
10692,1144,2026-08-05,P039,7,328.27,RETURNED
10693,1113,2026-08-18,P023,1,444.88,CANCELLED
10694,1089,2026-08-21,P034,5,224.23,COMPLETED
10695,1101,2026-08-22,P020,8,279.08,COMPLETED
10696,1115,2026-08-03,P037,3,145.75,COMPLETED
10697,1033,2026-08-09,P042,7,273.70,RETURNED
10698,1089,2026-08-22,P010,6,54.69,COMPLETED
10699,1054,2026-08-22,P021,8,487.93,COMPLETED
10700,1101,2026-08-03,P016,8,245.47,COMPLETED
10701,1144,2026-08-21,P031,2,144.13,CANCELLED
10702,1105,2026-08-15,P050,5,228.02,COMPLETED
10703,1020,2026-08-19,P002,8,332.88,COMPLETED
10704,1046,2026-08-03,P032,8,427.76,CANCELLED
10705,1105,2026-08-19,P043,7,484.63,RETURNED
10706,1183,2026-08-17,P019,7,224.67,COMPLETED
10707,1008,2026-08-01,P043,6,346.16,COMPLETED
10708,1037,2026-08-16,P005,5,207.69,CANCELLED
10709,1085,2026-08-07,P006,5,388.10,RETURNED
10710,1198,2026-08-24,P008,7,430.20,COMPLETED
10711,1076,2026-08-08,P005,2,74.99,COMPLETED
10712,1129,2026-08-23,P042,3,318.03,CANCELLED
10713,1188,2026-08-20,P028,1,270.51,RETURNED
10714,1164,2026-08-14,P017,6,396.04,CANCELLED
10715,1027,2026-08-27,P032,7,405.81,COMPLETED
10716,1158,2026-08-26,P027,6,287.67,CANCELLED
10717,1177,2026-08-02,P022,2,497.92,COMPLETED
10718,1079,2026-08-23,P005,3,100.15,COMPLETED
10719,1096,2026-08-09,P022,7,478.83,COMPLETED
10720,1144,2026-08-23,P029,6,361.95,COMPLETED
10721,1062,2026-08-11,P009,2,195.90,COMPLETED
10722,1119,2026-08-27,P046,3,87.96,COMPLETED
10723,1129,2026-08-03,P004,4,329.73,COMPLETED
10724,1154,2026-08-05,P034,2,375.89,COMPLETED
10725,1176,2026-08-02,P021,5,226.99,COMPLETED
10726,1064,2026-08-12,P019,8,345.38,COMPLETED
10727,1156,2026-08-05,P005,3,122.16,COMPLETED
10728,1163,2026-08-05,P016,2,279.40,CANCELLED
10729,1064,2026-08-13,P023,5,315.60,RETURNED
10730,1100,2026-08-17,P039,1,266.94,RETURNED
10731,1148,2026-08-27,P030,8,111.09,COMPLETED
10732,1110,2026-08-17,P010,5,380.90,CANCELLED
10733,1161,2026-08-04,P010,4,238.46,COMPLETED
10734,1135,2026-08-10,P018,7,426.17,COMPLETED
10735,1098,2026-08-19,P026,1,304.93,COMPLETED
10736,1051,2026-08-19,P004,5,239.01,CANCELLED
10737,1185,2026-08-05,P022,7,152.60,RETURNED
10738,1069,2026-08-18,P018,8,96.95,COMPLETED
10739,1187,2026-08-13,P034,4,50.23,COMPLETED
10740,1011,2026-08-26,P038,3,346.79,COMPLETED
10741,1176,2026-08-15,P037,5,297.10,COMPLETED
10742,1037,2026-08-19,P009,2,345.86,COMPLETED
10743,1025,2026-08-06,P009,2,177.20,RETURNED
10744,1131,2026-08-12,P018,2,113.00,COMPLETED
10745,1184,2026-08-11,P025,5,421.71,COMPLETED
10746,1001,2026-08-06,P050,4,249.39,RETURNED
10747,1020,2026-08-15,P040,8,243.29,COMPLETED
10748,1041,2026-08-25,P047,1,110.76,CANCELLED
10749,1195,2026-08-01,P030,8,128.54,RETURNED
10750,1110,2026-08-24,P030,5,127.52,COMPLETED
10751,1163,2026-08-18,P015,5,216.88,COMPLETED
10752,1054,2026-08-25,P009,1,410.35,COMPLETED
10753,1063,2026-08-08,P029,6,407.39,CANCELLED
10754,1092,2026-08-16,P036,4,37.01,COMPLETED
10755,1109,2026-08-18,P048,3,47.81,COMPLETED
10756,1157,2026-08-25,P027,6,305.23,RETURNED
10757,1024,2026-08-05,P009,3,143.00,COMPLETED
10758,1094,2026-08-05,P033,6,476.80,RETURNED
10759,1044,2026-08-20,P045,4,370.37,COMPLETED
10760,1069,2026-08-01,P008,8,276.29,COMPLETED
10761,1170,2026-08-25,P027,6,239.01,CANCELLED
10762,1159,2026-08-02,P046,8,254.13,COMPLETED
10763,1183,2026-08-27,P022,5,134.29,COMPLETED
10764,1155,2026-08-24,P029,8,169.68,COMPLETED
10765,1096,2026-08-04,P049,4,421.43,CANCELLED
10766,1173,2026-08-26,P003,8,113.34,COMPLETED
10767,1076,2026-08-10,P021,3,199.73,RETURNED
10768,1147,2026-08-24,P018,7,444.16,CANCELLED
10769,1055,2026-08-17,P046,5,191.88,COMPLETED
10770,1004,2026-08-26,P013,1,402.15,COMPLETED
10771,1122,2026-08-18,P009,6,256.68,CANCELLED
10772,1122,2026-08-07,P023,3,350.58,COMPLETED
10773,1019,2026-08-27,P039,3,250.53,COMPLETED
10774,1191,2026-08-13,P001,5,100.29,COMPLETED
10775,1133,2026-08-08,P036,8,408.91,COMPLETED
10776,1107,2026-08-16,P048,4,223.00,COMPLETED
10777,1167,2026-08-19,P040,8,30.51,COMPLETED
10778,1175,2026-08-19,P041,1,366.79,COMPLETED
10779,1069,2026-08-19,P015,7,334.88,COMPLETED
10780,1149,2026-08-12,P022,7,80.34,COMPLETED
10781,1031,2026-08-06,P033,2,445.96,CANCELLED
10782,1011,2026-08-01,P035,1,480.66,COMPLETED
10783,1092,2026-08-06,P016,3,494.19,COMPLETED
10784,1151,2026-08-24,P016,3,30.83,RETURNED
10785,1197,2026-08-23,P004,6,197.91,RETURNED
10786,1099,2026-08-19,P005,1,152.82,CANCELLED
10787,1074,2026-08-04,P031,1,433.60,RETURNED
10788,1091,2026-08-06,P037,5,406.34,RETURNED
10789,1125,2026-08-24,P013,2,386.79,RETURNED
10790,1015,2026-08-02,P048,7,215.17,CANCELLED
10791,1110,2026-08-17,P050,6,236.40,COMPLETED
10792,1051,2026-08-06,P008,8,474.59,CANCELLED
10793,1090,2026-08-01,P004,4,416.28,COMPLETED
10794,1088,2026-08-23,P001,5,450.86,CANCELLED
10795,1119,2026-08-27,P004,4,72.06,COMPLETED
10796,1170,2026-08-05,P028,5,458.29,RETURNED
10797,1163,2026-08-27,P048,5,391.18,COMPLETED
10798,1107,2026-08-14,P025,5,196.98,CANCELLED
10799,1031,2026-08-13,P018,5,211.75,COMPLETED
10800,1002,2026-08-23,P001,5,14.10,COMPLETED
10801,1115,2026-08-07,P033,8,138.92,COMPLETED
10802,1122,2026-08-16,P016,2,18.45,RETURNED
10803,1047,2026-08-26,P010,3,103.33,COMPLETED
10804,1110,2026-08-24,P050,4,119.37,COMPLETED
10805,1054,2026-08-21,P047,3,436.75,COMPLETED
10806,1088,2026-08-09,P018,6,31.76,COMPLETED
10807,1119,2026-08-16,P035,8,208.39,CANCELLED
10808,1179,2026-08-27,P042,7,48.47,COMPLETED
10809,1154,2026-08-02,P006,1,444.72,COMPLETED
10810,1188,2026-08-17,P018,7,89.71,CANCELLED
10811,1161,2026-08-20,P014,4,315.34,COMPLETED
10812,1033,2026-08-17,P026,2,149.73,RETURNED
10813,1058,2026-08-21,P006,7,482.26,COMPLETED
10814,1174,2026-08-23,P034,6,320.35,COMPLETED
10815,1095,2026-08-21,P032,1,256.65,COMPLETED
10816,1177,2026-08-15,P014,6,58.27,COMPLETED
10817,1142,2026-08-17,P009,4,370.35,COMPLETED
10818,1138,2026-08-16,P018,1,336.00,COMPLETED
10819,1164,2026-08-09,P021,7,272.64,COMPLETED
10820,1023,2026-08-04,P016,4,319.20,RETURNED
10821,1141,2026-08-12,P020,5,427.78,COMPLETED
10822,1104,2026-08-20,P048,4,88.81,COMPLETED
10823,1121,2026-08-11,P029,8,32.51,COMPLETED
10824,1018,2026-08-08,P004,8,333.94,CANCELLED
10825,1089,2026-08-12,P019,4,206.80,RETURNED
10826,1148,2026-08-16,P015,2,100.08,COMPLETED
10827,1100,2026-08-21,P011,1,271.66,CANCELLED
10828,1199,2026-08-15,P047,6,215.02,RETURNED
10829,1006,2026-08-20,P020,1,222.79,COMPLETED
10830,1100,2026-08-17,P001,7,311.96,RETURNED
10831,1026,2026-08-12,P006,7,207.43,RETURNED
10832,1181,2026-08-06,P002,3,433.14,CANCELLED
10833,1093,2026-08-11,P036,7,159.07,COMPLETED
10834,1051,2026-08-01,P045,8,167.67,CANCELLED
10835,1149,2026-08-07,P009,2,479.31,RETURNED
10836,1025,2026-08-21,P034,7,494.36,CANCELLED
10837,1102,2026-08-04,P035,8,166.68,CANCELLED
10838,1169,2026-08-07,P018,5,451.68,RETURNED
10839,1044,2026-08-13,P012,5,337.08,COMPLETED
10840,1088,2026-08-14,P034,3,175.78,COMPLETED
10841,1090,2026-08-02,P035,1,107.09,COMPLETED
10842,1161,2026-08-22,P016,8,190.44,COMPLETED
10843,1185,2026-08-24,P003,5,312.38,RETURNED
10844,1075,2026-08-17,P036,6,422.98,RETURNED
10845,1194,2026-08-08,P012,2,447.89,CANCELLED
10846,1114,2026-08-24,P033,3,468.53,COMPLETED
10847,1176,2026-08-10,P041,1,253.38,COMPLETED
10848,1023,2026-08-05,P025,2,470.04,CANCELLED
10849,1025,2026-08-03,P008,8,231.44,COMPLETED
10850,1014,2026-08-08,P032,5,31.30,COMPLETED
10851,1082,2026-08-14,P030,2,254.07,COMPLETED
10852,1017,2026-08-04,P033,8,317.05,COMPLETED
10853,1016,2026-08-21,P002,1,18.81,COMPLETED
10854,1016,2026-08-27,P044,2,121.55,COMPLETED
10855,1141,2026-08-24,P038,2,145.38,COMPLETED
10856,1187,2026-08-09,P016,1,49.05,RETURNED
10857,1163,2026-08-06,P036,2,184.06,COMPLETED
10858,1126,2026-08-19,P010,3,238.37,COMPLETED
10859,1182,2026-08-10,P027,4,326.10,COMPLETED
10860,1188,2026-08-11,P048,7,46.99,COMPLETED
10861,1177,2026-08-14,P041,2,192.92,RETURNED
10862,1102,2026-08-24,P022,4,111.12,RETURNED
10863,1012,2026-08-25,P041,8,161.69,RETURNED
10864,1190,2026-08-04,P045,5,262.52,COMPLETED
10865,1156,2026-08-20,P049,3,351.70,COMPLETED
10866,1134,2026-08-17,P009,4,119.16,CANCELLED
10867,1121,2026-08-12,P035,7,69.43,RETURNED
10868,1104,2026-08-13,P027,2,76.45,RETURNED
10869,1147,2026-08-19,P037,2,198.67,COMPLETED
10870,1173,2026-08-24,P002,8,435.95,RETURNED
10871,1097,2026-08-26,P023,7,351.06,CANCELLED
10872,1188,2026-08-26,P028,5,463.90,COMPLETED
10873,1082,2026-08-27,P039,8,226.73,CANCELLED
10874,1178,2026-08-16,P043,7,246.38,RETURNED
10875,1082,2026-08-01,P003,1,452.20,CANCELLED
10876,1188,2026-08-17,P016,3,104.15,CANCELLED
10877,1072,2026-08-08,P030,4,287.31,COMPLETED
10878,1185,2026-08-23,P012,2,464.03,CANCELLED
10879,1115,2026-08-16,P004,7,409.80,CANCELLED
10880,1104,2026-08-08,P001,6,138.14,COMPLETED
10881,1054,2026-08-05,P009,2,486.79,COMPLETED
10882,1086,2026-08-08,P033,4,11.49,CANCELLED
10883,1131,2026-08-22,P034,3,401.47,COMPLETED
10884,1089,2026-08-06,P022,3,298.33,CANCELLED
10885,1134,2026-08-13,P035,4,37.03,COMPLETED
10886,1188,2026-08-16,P038,1,224.93,COMPLETED
10887,1049,2026-08-27,P044,1,214.54,COMPLETED
10888,1079,2026-08-12,P019,5,120.18,RETURNED
10889,1117,2026-08-03,P001,8,162.04,RETURNED
10890,1029,2026-08-10,P046,7,249.12,CANCELLED
10891,1136,2026-08-25,P041,3,153.64,COMPLETED
10892,1052,2026-08-27,P028,7,127.41,COMPLETED
10893,1065,2026-08-27,P007,1,485.26,CANCELLED
10894,1046,2026-08-05,P018,7,482.34,COMPLETED
10895,1171,2026-08-17,P032,7,90.34,COMPLETED
10896,1026,2026-08-03,P024,4,79.91,CANCELLED
10897,1174,2026-08-14,P040,8,40.31,COMPLETED
10898,1029,2026-08-17,P001,8,68.20,COMPLETED
10899,1147,2026-08-26,P039,6,360.75,COMPLETED
10900,1021,2026-08-23,P034,1,243.40,RETURNED
10901,1021,2026-08-18,P016,1,83.43,COMPLETED
10902,1009,2026-08-18,P013,7,25.85,COMPLETED
10903,1163,2026-08-13,P006,2,435.34,CANCELLED
10904,1124,2026-08-08,P046,5,54.05,COMPLETED
10905,1089,2026-08-03,P024,5,209.78,COMPLETED
10906,1047,2026-08-11,P016,2,405.22,COMPLETED
10907,1107,2026-08-11,P049,6,297.63,COMPLETED
10908,1106,2026-08-24,P026,2,180.98,COMPLETED
10909,1060,2026-08-01,P033,4,197.10,CANCELLED
10910,1086,2026-08-23,P002,5,259.40,COMPLETED
10911,1084,2026-08-15,P012,5,138.34,COMPLETED
10912,1146,2026-08-21,P006,1,41.51,CANCELLED
10913,1119,2026-08-12,P002,4,204.83,CANCELLED
10914,1161,2026-08-21,P050,7,310.53,CANCELLED
10915,1054,2026-08-16,P017,2,412.91,COMPLETED
10916,1071,2026-08-10,P036,6,83.35,CANCELLED
10917,1081,2026-08-09,P014,2,345.69,COMPLETED
10918,1051,2026-08-01,P023,1,337.64,COMPLETED
10919,1097,2026-08-27,P014,5,29.25,RETURNED
10920,1104,2026-08-05,P024,5,322.12,COMPLETED
10921,1117,2026-08-25,P006,4,80.94,COMPLETED
10922,1150,2026-08-02,P007,5,312.93,COMPLETED
10923,1061,2026-08-14,P034,5,489.83,COMPLETED
10924,1188,2026-08-25,P040,8,358.55,RETURNED
10925,1093,2026-08-04,P004,3,327.08,RETURNED
10926,1062,2026-08-04,P037,7,430.82,COMPLETED
10927,1101,2026-08-22,P009,4,410.94,COMPLETED
10928,1142,2026-08-19,P028,4,75.71,COMPLETED
10929,1178,2026-08-16,P039,2,64.45,COMPLETED
10930,1191,2026-08-23,P007,5,489.52,COMPLETED
10931,1007,2026-08-17,P028,4,11.27,COMPLETED
10932,1168,2026-08-08,P040,2,261.04,COMPLETED
10933,1127,2026-08-09,P037,6,66.81,COMPLETED
10934,1175,2026-08-16,P046,8,205.99,RETURNED
10935,1022,2026-08-14,P007,1,250.81,CANCELLED
10936,1181,2026-08-05,P021,3,126.20,RETURNED
10937,1093,2026-08-04,P014,4,368.51,COMPLETED
10938,1043,2026-08-12,P046,4,182.59,RETURNED
10939,1091,2026-08-15,P045,3,362.00,COMPLETED
10940,1178,2026-08-25,P002,5,362.18,RETURNED
10941,1115,2026-08-09,P043,2,140.56,CANCELLED
10942,1137,2026-08-03,P043,7,279.80,RETURNED
10943,1167,2026-08-18,P009,3,47.98,COMPLETED
10944,1025,2026-08-10,P026,7,278.23,COMPLETED
10945,1002,2026-08-13,P014,3,302.97,RETURNED
10946,1179,2026-08-14,P043,5,325.49,CANCELLED
10947,1042,2026-08-08,P014,3,485.77,COMPLETED
10948,1111,2026-08-05,P013,5,87.77,CANCELLED
10949,1192,2026-08-18,P006,4,202.44,COMPLETED
10950,1088,2026-08-11,P009,5,60.97,RETURNED
10951,1139,2026-08-25,P018,8,471.29,CANCELLED
10952,1120,2026-08-12,P019,1,145.99,COMPLETED
10953,1070,2026-08-15,P018,7,162.97,COMPLETED
10954,1077,2026-08-01,P043,6,234.54,COMPLETED
10955,1090,2026-08-13,P014,6,99.43,COMPLETED
10956,1069,2026-08-19,P020,4,319.71,COMPLETED
10957,1096,2026-08-22,P008,4,146.10,RETURNED
10958,1002,2026-08-19,P049,6,166.43,RETURNED
10959,1068,2026-08-21,P032,8,246.58,COMPLETED
10960,1172,2026-08-23,P029,2,374.51,COMPLETED
10961,1183,2026-08-14,P001,7,97.18,COMPLETED
10962,1048,2026-08-23,P002,7,470.04,COMPLETED
10963,1032,2026-08-07,P017,8,227.34,RETURNED
10964,1133,2026-08-10,P017,8,90.86,RETURNED
10965,1045,2026-08-05,P034,7,67.40,COMPLETED
10966,1141,2026-08-01,P009,6,378.22,COMPLETED
10967,1006,2026-08-18,P047,1,259.27,CANCELLED
10968,1132,2026-08-21,P012,1,301.04,COMPLETED
10969,1161,2026-08-02,P008,3,184.64,COMPLETED
10970,1051,2026-08-21,P041,5,385.98,COMPLETED
10971,1021,2026-08-22,P014,5,250.65,COMPLETED
10972,1200,2026-08-24,P038,3,250.05,COMPLETED
10973,1023,2026-08-19,P002,1,92.09,COMPLETED
10974,1154,2026-08-26,P036,3,92.99,COMPLETED
10975,1147,2026-08-12,P033,8,290.37,RETURNED
10976,1177,2026-08-08,P048,6,396.52,COMPLETED
10977,1009,2026-08-07,P015,3,221.29,COMPLETED
10978,1142,2026-08-27,P001,3,156.83,CANCELLED
10979,1124,2026-08-16,P050,1,16.15,RETURNED
10980,1089,2026-08-04,P004,8,61.84,CANCELLED
10981,1098,2026-08-18,P001,6,82.73,RETURNED
10982,1042,2026-08-17,P044,6,412.70,COMPLETED
10983,1092,2026-08-18,P006,6,67.36,COMPLETED
10984,1012,2026-08-05,P002,7,459.03,RETURNED
10985,1075,2026-08-19,P037,8,483.69,COMPLETED
10986,1029,2026-08-04,P024,2,391.83,RETURNED
10987,1129,2026-08-02,P047,4,208.82,CANCELLED
10988,1089,2026-08-08,P040,8,71.66,COMPLETED
10989,1155,2026-08-25,P037,2,81.54,CANCELLED
10990,1053,2026-08-17,P018,5,265.36,COMPLETED
10991,1176,2026-08-23,P045,3,493.05,CANCELLED
10992,1020,2026-08-18,P022,7,318.07,COMPLETED
10993,1188,2026-08-22,P037,3,406.63,COMPLETED
10994,1021,2026-08-22,P038,6,403.57,COMPLETED
10995,1120,2026-08-15,P006,8,35.29,RETURNED
10996,1181,2026-08-26,P048,2,373.44,COMPLETED
10997,1103,2026-08-08,P015,6,102.44,COMPLETED
10998,1121,2026-08-20,P012,3,66.06,COMPLETED
10999,1193,2026-08-09,P041,1,479.26,COMPLETED
11000,1185,2026-08-12,P035,6,271.21,CANCELLED
11001,1029,2026-08-14,P043,4,410.83,COMPLETED
11002,1015,2026-08-22,P025,4,275.57,COMPLETED
11003,1030,2026-08-03,P008,6,158.91,RETURNED
11004,1153,2026-08-25,P046,6,309.79,COMPLETED
11005,1099,2026-08-20,P021,3,365.35,RETURNED
11006,1060,2026-08-11,P026,2,243.17,CANCELLED
11007,1072,2026-08-14,P015,5,278.87,COMPLETED
11008,1006,2026-08-07,P049,8,451.62,COMPLETED
11009,1015,2026-08-23,P008,2,287.74,COMPLETED
11010,1043,2026-08-01,P012,7,131.53,COMPLETED
11011,1099,2026-08-27,P023,5,125.25,COMPLETED
11012,1132,2026-08-19,P039,6,49.34,RETURNED
11013,1170,2026-08-04,P022,8,255.29,COMPLETED
11014,1089,2026-08-03,P019,8,303.08,COMPLETED
11015,1055,2026-08-13,P018,1,447.33,COMPLETED
11016,1153,2026-08-20,P014,5,271.58,COMPLETED
11017,1012,2026-08-10,P039,5,34.21,COMPLETED
11018,1084,2026-08-02,P026,1,214.04,RETURNED
11019,1180,2026-08-18,P014,2,305.41,COMPLETED
11020,1151,2026-08-07,P049,2,204.81,COMPLETED
11021,1196,2026-08-13,P045,7,151.15,COMPLETED
11022,1001,2026-08-23,P022,1,229.01,RETURNED
11023,1111,2026-08-27,P018,1,331.19,COMPLETED
11024,1115,2026-08-17,P008,2,39.49,COMPLETED
11025,1097,2026-08-19,P024,2,226.39,COMPLETED
11026,1007,2026-08-01,P035,6,306.60,CANCELLED
11027,1075,2026-08-11,P038,4,364.92,COMPLETED
11028,1051,2026-08-12,P039,6,359.27,COMPLETED
11029,1188,2026-08-03,P028,6,435.18,CANCELLED
11030,1145,2026-08-24,P016,6,135.48,COMPLETED
11031,1197,2026-08-15,P027,2,398.59,RETURNED
11032,1161,2026-08-18,P041,2,13.54,RETURNED
11033,1021,2026-08-13,P039,4,96.16,CANCELLED
11034,1161,2026-08-02,P050,4,21.21,RETURNED
11035,1033,2026-08-04,P016,8,371.91,COMPLETED
11036,1140,2026-08-11,P008,6,459.70,COMPLETED
11037,1113,2026-08-21,P030,2,91.05,CANCELLED
11038,1140,2026-08-04,P002,6,427.13,CANCELLED
11039,1068,2026-08-17,P025,5,162.42,CANCELLED
11040,1169,2026-08-14,P009,1,39.94,COMPLETED
11041,1081,2026-08-20,P032,8,442.03,COMPLETED
11042,1090,2026-08-06,P035,6,135.75,COMPLETED
11043,1091,2026-08-26,P006,8,288.41,RETURNED
11044,1158,2026-08-13,P002,2,134.59,COMPLETED
11045,1151,2026-08-27,P002,5,23.75,COMPLETED
11046,1147,2026-08-10,P028,5,162.52,COMPLETED
11047,1029,2026-08-21,P027,6,80.89,COMPLETED
11048,1190,2026-08-08,P014,8,410.18,RETURNED
11049,1104,2026-08-26,P025,1,234.17,CANCELLED
11050,1066,2026-08-16,P042,6,353.77,COMPLETED
11051,1062,2026-08-06,P007,1,484.01,COMPLETED
11052,1089,2026-08-16,P036,8,14.44,COMPLETED
11053,1194,2026-08-04,P004,3,145.95,CANCELLED
11054,1084,2026-08-15,P003,4,223.42,RETURNED
11055,1146,2026-08-14,P009,1,438.45,COMPLETED
11056,1108,2026-08-15,P027,2,384.37,COMPLETED
11057,1108,2026-08-07,P001,4,185.48,COMPLETED
11058,1107,2026-08-15,P022,8,94.97,COMPLETED
11059,1053,2026-08-17,P009,2,420.56,CANCELLED
11060,1067,2026-08-04,P009,4,174.38,CANCELLED
11061,1142,2026-08-01,P009,2,339.04,COMPLETED
11062,1015,2026-08-07,P004,3,325.39,COMPLETED
11063,1186,2026-08-11,P026,4,31.11,CANCELLED
11064,1117,2026-08-24,P007,5,18.37,RETURNED
11065,1029,2026-08-25,P049,6,117.84,COMPLETED
11066,1130,2026-08-11,P015,7,154.56,COMPLETED
11067,1190,2026-08-14,P036,3,475.95,CANCELLED
11068,1199,2026-08-11,P033,4,346.36,COMPLETED
11069,1074,2026-08-18,P037,4,126.50,COMPLETED
11070,1181,2026-08-04,P038,6,83.55,CANCELLED
11071,1120,2026-08-09,P049,6,476.11,COMPLETED
11072,1157,2026-08-13,P014,7,105.11,COMPLETED
11073,1112,2026-08-07,P049,3,88.88,RETURNED
11074,1025,2026-08-23,P033,1,238.51,COMPLETED
11075,1068,2026-08-03,P044,6,174.75,COMPLETED
11076,1027,2026-08-05,P035,6,59.21,RETURNED
11077,1167,2026-08-07,P005,4,152.28,CANCELLED
11078,1078,2026-08-19,P018,2,300.52,COMPLETED
11079,1112,2026-08-21,P048,6,442.56,CANCELLED
11080,1052,2026-08-19,P027,7,83.77,CANCELLED
11081,1032,2026-08-27,P048,2,60.18,COMPLETED
11082,1094,2026-08-02,P045,4,159.48,CANCELLED
11083,1114,2026-08-23,P022,5,69.85,CANCELLED
11084,1002,2026-08-12,P004,3,112.01,COMPLETED
11085,1034,2026-08-06,P015,5,489.24,CANCELLED
11086,1080,2026-08-03,P015,7,495.75,COMPLETED
11087,1178,2026-08-22,P023,4,370.62,COMPLETED
11088,1041,2026-08-26,P005,8,317.17,COMPLETED
11089,1158,2026-08-03,P011,6,75.41,CANCELLED
11090,1158,2026-08-25,P044,1,420.83,RETURNED
11091,1121,2026-08-07,P028,1,216.62,COMPLETED
11092,1183,2026-08-05,P045,1,320.84,COMPLETED
11093,1195,2026-08-24,P045,2,254.35,COMPLETED
11094,1157,2026-08-03,P008,1,48.12,COMPLETED
11095,1013,2026-08-22,P022,5,202.26,COMPLETED
11096,1088,2026-08-21,P025,1,162.56,CANCELLED
11097,1023,2026-08-18,P002,7,357.93,COMPLETED
11098,1176,2026-08-18,P041,6,113.17,COMPLETED
11099,1200,2026-08-05,P034,8,388.53,COMPLETED
11100,1003,2026-08-27,P011,3,371.53,COMPLETED
11101,1069,2026-08-26,P034,4,98.88,RETURNED
11102,1105,2026-08-18,P039,1,250.94,CANCELLED
11103,1103,2026-08-12,P021,8,241.83,COMPLETED
11104,1043,2026-08-07,P036,6,481.67,RETURNED
11105,1196,2026-08-04,P005,5,217.62,COMPLETED
11106,1061,2026-08-21,P017,5,177.82,CANCELLED
11107,1104,2026-08-09,P003,2,475.08,RETURNED
11108,1031,2026-08-09,P036,8,276.62,COMPLETED
11109,1183,2026-08-05,P018,3,114.61,COMPLETED
11110,1171,2026-08-21,P020,5,146.43,RETURNED
11111,1102,2026-08-10,P050,6,394.73,RETURNED
11112,1085,2026-08-26,P006,5,157.59,COMPLETED
11113,1119,2026-08-06,P009,2,318.37,RETURNED
11114,1098,2026-08-24,P046,2,135.79,COMPLETED
11115,1149,2026-08-16,P006,2,117.51,COMPLETED
11116,1073,2026-08-08,P043,3,225.93,CANCELLED
11117,1154,2026-08-04,P023,3,113.67,COMPLETED
11118,1164,2026-08-09,P010,6,372.50,COMPLETED
11119,1114,2026-08-24,P012,2,419.62,COMPLETED
11120,1113,2026-08-27,P041,7,399.05,COMPLETED
11121,1062,2026-08-02,P040,8,285.20,RETURNED
11122,1144,2026-08-24,P026,4,135.11,COMPLETED
11123,1055,2026-08-02,P037,8,178.39,COMPLETED
11124,1164,2026-08-27,P038,2,382.77,COMPLETED
11125,1176,2026-08-18,P037,3,263.33,COMPLETED
11126,1186,2026-08-17,P021,4,442.84,COMPLETED
11127,1078,2026-08-15,P035,4,314.98,COMPLETED
11128,1101,2026-08-11,P033,1,187.99,COMPLETED
11129,1068,2026-08-12,P027,2,345.50,COMPLETED
11130,1163,2026-08-15,P027,6,203.69,COMPLETED
11131,1181,2026-08-03,P049,8,468.02,CANCELLED
11132,1046,2026-08-06,P020,8,439.02,COMPLETED
11133,1079,2026-08-27,P018,2,479.60,COMPLETED
11134,1069,2026-08-14,P038,6,50.81,RETURNED
11135,1009,2026-08-15,P005,6,109.76,COMPLETED
11136,1063,2026-08-09,P035,7,377.30,COMPLETED
11137,1001,2026-08-11,P006,6,149.12,COMPLETED
11138,1158,2026-08-21,P044,3,78.50,RETURNED
11139,1053,2026-08-21,P006,5,284.32,COMPLETED
11140,1063,2026-08-02,P004,6,439.24,RETURNED
11141,1145,2026-08-19,P045,4,21.66,COMPLETED
11142,1011,2026-08-21,P011,3,84.25,COMPLETED
11143,1152,2026-08-03,P029,8,219.09,COMPLETED
11144,1052,2026-08-27,P045,7,436.69,RETURNED
11145,1105,2026-08-06,P029,3,195.29,COMPLETED
11146,1154,2026-08-02,P043,1,336.45,CANCELLED
11147,1076,2026-08-16,P038,4,170.59,CANCELLED
11148,1154,2026-08-06,P023,6,336.21,RETURNED
11149,1056,2026-08-01,P024,2,79.15,COMPLETED
11150,1087,2026-08-07,P015,1,67.90,COMPLETED
11151,1067,2026-08-22,P025,4,221.51,CANCELLED
11152,1110,2026-08-19,P031,4,237.85,COMPLETED
11153,1054,2026-08-14,P041,5,152.33,COMPLETED
11154,1019,2026-08-09,P040,3,99.90,COMPLETED
11155,1194,2026-08-26,P045,6,476.72,CANCELLED
11156,1089,2026-08-06,P024,1,445.97,COMPLETED
11157,1189,2026-08-08,P048,3,59.40,RETURNED
11158,1091,2026-08-27,P021,6,440.82,COMPLETED
11159,1153,2026-08-05,P019,7,413.66,COMPLETED
11160,1054,2026-08-01,P047,6,483.83,CANCELLED
11161,1144,2026-08-02,P033,8,87.90,COMPLETED
11162,1149,2026-08-26,P010,4,480.82,RETURNED
11163,1130,2026-08-21,P038,7,439.48,RETURNED
11164,1162,2026-08-01,P044,2,25.26,COMPLETED
11165,1073,2026-08-25,P020,3,269.82,COMPLETED
11166,1055,2026-08-02,P048,6,95.59,CANCELLED
11167,1196,2026-08-04,P007,5,435.39,CANCELLED
11168,1005,2026-08-27,P030,4,329.78,COMPLETED
11169,1008,2026-08-16,P003,5,355.67,COMPLETED
11170,1076,2026-08-02,P001,3,328.42,CANCELLED
11171,1114,2026-08-19,P031,4,305.03,RETURNED
11172,1068,2026-08-17,P033,2,33.10,COMPLETED
11173,1198,2026-08-19,P039,2,469.79,COMPLETED
11174,1044,2026-08-24,P019,6,433.50,RETURNED
11175,1163,2026-08-25,P003,8,266.13,COMPLETED
11176,1027,2026-08-04,P017,5,254.72,COMPLETED
11177,1148,2026-08-22,P049,8,249.10,COMPLETED
11178,1103,2026-08-26,P040,2,168.40,RETURNED
11179,1030,2026-08-27,P042,3,75.56,COMPLETED
11180,1102,2026-08-15,P036,1,317.99,RETURNED
11181,1123,2026-08-10,P026,1,160.99,COMPLETED
11182,1178,2026-08-08,P038,1,392.54,COMPLETED
11183,1081,2026-08-16,P042,2,159.34,RETURNED
11184,1098,2026-08-06,P032,5,77.91,CANCELLED
11185,1062,2026-08-09,P050,2,222.38,CANCELLED
11186,1196,2026-08-09,P029,7,370.14,RETURNED
11187,1114,2026-08-11,P007,7,110.93,CANCELLED
11188,1168,2026-08-10,P046,4,204.56,COMPLETED
11189,1095,2026-08-04,P038,7,404.51,COMPLETED
11190,1127,2026-08-05,P008,5,44.72,CANCELLED
11191,1141,2026-08-17,P011,8,157.39,COMPLETED
11192,1190,2026-08-14,P014,4,143.71,COMPLETED
11193,1021,2026-08-11,P002,2,14.93,COMPLETED
11194,1069,2026-08-22,P037,4,349.88,COMPLETED
11195,1023,2026-08-09,P048,2,36.08,COMPLETED
11196,1079,2026-08-02,P030,2,327.00,COMPLETED
11197,1176,2026-08-23,P031,2,497.67,RETURNED
11198,1071,2026-08-14,P009,2,497.08,COMPLETED
11199,1018,2026-08-25,P012,1,101.19,COMPLETED
11200,1200,2026-08-11,P031,3,138.70,COMPLETED
11201,1012,2026-08-17,P038,1,377.22,COMPLETED
11202,1188,2026-08-15,P013,6,229.82,CANCELLED
11203,1071,2026-08-23,P012,5,90.16,COMPLETED
11204,1045,2026-08-22,P025,8,39.77,RETURNED
11205,1170,2026-08-04,P019,6,413.71,CANCELLED
11206,1034,2026-08-13,P001,7,307.21,CANCELLED
11207,1039,2026-08-25,P009,3,290.14,COMPLETED
11208,1134,2026-08-23,P042,2,362.88,CANCELLED
11209,1062,2026-08-01,P014,7,471.58,COMPLETED
11210,1150,2026-08-25,P029,5,181.70,COMPLETED
11211,1168,2026-08-02,P002,3,289.09,COMPLETED
11212,1153,2026-08-17,P033,6,200.80,COMPLETED
11213,1040,2026-08-05,P029,5,146.47,RETURNED
11214,1169,2026-08-07,P025,7,349.19,RETURNED
11215,1076,2026-08-23,P007,5,312.79,COMPLETED
11216,1068,2026-08-26,P019,8,303.74,CANCELLED
11217,1126,2026-08-11,P041,2,179.65,RETURNED
11218,1005,2026-08-06,P049,7,448.04,CANCELLED
11219,1133,2026-08-01,P010,3,132.07,COMPLETED
11220,1163,2026-08-22,P012,1,16.76,RETURNED
11221,1124,2026-08-16,P047,1,216.41,RETURNED
11222,1162,2026-08-05,P021,5,216.75,COMPLETED
11223,1044,2026-08-01,P008,3,83.13,COMPLETED
11224,1006,2026-08-17,P014,2,205.37,COMPLETED
11225,1045,2026-08-27,P046,4,389.06,COMPLETED
11226,1058,2026-08-08,P020,3,252.49,COMPLETED
11227,1197,2026-08-05,P026,5,44.99,COMPLETED
11228,1165,2026-08-17,P043,4,282.54,COMPLETED
11229,1172,2026-08-09,P011,5,275.55,COMPLETED
11230,1129,2026-08-07,P047,4,72.18,COMPLETED
11231,1150,2026-08-14,P037,7,68.54,CANCELLED
11232,1025,2026-08-03,P050,1,259.07,RETURNED
11233,1029,2026-08-13,P016,4,81.89,COMPLETED
11234,1175,2026-08-15,P012,6,360.68,COMPLETED
11235,1092,2026-08-25,P020,5,178.92,COMPLETED
11236,1008,2026-08-15,P046,3,85.62,COMPLETED
11237,1198,2026-08-09,P017,8,403.05,COMPLETED
11238,1116,2026-08-06,P013,6,310.52,COMPLETED
11239,1094,2026-08-07,P042,8,134.00,COMPLETED
11240,1113,2026-08-17,P018,4,393.81,COMPLETED
11241,1014,2026-08-05,P026,1,378.36,COMPLETED
11242,1117,2026-08-27,P032,4,10.96,COMPLETED
11243,1094,2026-08-14,P033,7,246.66,COMPLETED
11244,1024,2026-08-19,P047,8,453.36,COMPLETED
11245,1086,2026-08-15,P015,4,120.88,RETURNED
11246,1151,2026-08-07,P003,8,385.27,COMPLETED
11247,1015,2026-08-08,P021,5,392.85,CANCELLED
11248,1118,2026-08-20,P025,5,342.73,COMPLETED
11249,1190,2026-08-20,P034,3,237.03,COMPLETED
11250,1162,2026-08-05,P026,1,236.09,COMPLETED
11251,1158,2026-08-09,P023,1,440.86,COMPLETED
11252,1194,2026-08-06,P030,5,331.94,COMPLETED
11253,1184,2026-08-14,P016,2,436.34,CANCELLED
11254,1187,2026-08-05,P045,1,48.65,COMPLETED
11255,1164,2026-08-03,P022,2,228.64,COMPLETED
11256,1076,2026-08-23,P031,7,232.79,COMPLETED
11257,1108,2026-08-12,P030,2,31.14,COMPLETED
11258,1156,2026-08-10,P033,5,348.91,RETURNED
11259,1180,2026-08-02,P026,8,475.11,CANCELLED
11260,1190,2026-08-21,P046,8,264.49,RETURNED
11261,1043,2026-08-02,P019,4,18.89,RETURNED
11262,1187,2026-08-05,P001,4,340.51,COMPLETED
11263,1031,2026-08-18,P035,4,119.93,CANCELLED
11264,1181,2026-08-26,P021,2,391.91,COMPLETED
11265,1050,2026-08-26,P004,4,312.34,COMPLETED
11266,1095,2026-08-17,P018,1,103.28,COMPLETED
11267,1057,2026-08-04,P007,4,226.10,COMPLETED
11268,1008,2026-08-23,P050,6,400.04,COMPLETED
11269,1139,2026-08-18,P032,2,387.87,COMPLETED
11270,1178,2026-08-19,P012,8,121.85,RETURNED
11271,1160,2026-08-05,P038,8,267.34,COMPLETED
11272,1180,2026-08-17,P043,4,442.45,RETURNED
11273,1148,2026-08-18,P007,7,113.23,COMPLETED
11274,1110,2026-08-14,P030,3,25.30,RETURNED
11275,1197,2026-08-14,P015,4,454.82,RETURNED
11276,1147,2026-08-03,P049,7,293.61,COMPLETED
11277,1120,2026-08-18,P042,7,245.04,CANCELLED
11278,1066,2026-08-23,P018,7,424.90,COMPLETED
11279,1090,2026-08-19,P006,2,68.80,COMPLETED
11280,1043,2026-08-04,P029,6,138.73,COMPLETED
11281,1059,2026-08-11,P001,6,445.05,COMPLETED
11282,1035,2026-08-17,P022,1,267.46,RETURNED
11283,1005,2026-08-10,P009,3,428.60,COMPLETED
11284,1047,2026-08-21,P032,8,464.47,COMPLETED
11285,1044,2026-08-06,P032,2,346.75,COMPLETED
11286,1180,2026-08-08,P018,2,433.99,COMPLETED
11287,1099,2026-08-10,P015,2,366.84,RETURNED
11288,1194,2026-08-06,P024,7,236.39,RETURNED
11289,1120,2026-08-15,P008,3,237.91,RETURNED
11290,1091,2026-08-17,P013,5,209.62,COMPLETED
11291,1113,2026-08-13,P019,6,322.82,COMPLETED
11292,1060,2026-08-20,P017,7,398.27,RETURNED
11293,1178,2026-08-14,P019,8,55.99,CANCELLED
11294,1145,2026-08-26,P006,3,310.98,CANCELLED
11295,1005,2026-08-16,P021,4,200.90,COMPLETED
11296,1140,2026-08-25,P005,1,457.90,COMPLETED
11297,1124,2026-08-26,P045,1,21.43,CANCELLED
11298,1030,2026-08-18,P034,4,486.62,COMPLETED
11299,1164,2026-08-24,P017,7,109.65,COMPLETED
11300,1013,2026-08-19,P014,8,342.64,COMPLETED
11301,1132,2026-08-06,P006,6,37.71,RETURNED
11302,1039,2026-08-07,P011,4,316.24,CANCELLED
11303,1068,2026-08-09,P043,5,438.08,COMPLETED
11304,1124,2026-08-24,P011,5,386.67,CANCELLED
11305,1045,2026-08-17,P019,8,357.41,COMPLETED
11306,1187,2026-08-26,P044,8,410.06,CANCELLED
11307,1007,2026-08-27,P027,2,233.25,CANCELLED
11308,1198,2026-08-18,P037,7,230.18,COMPLETED
11309,1097,2026-08-05,P008,1,343.71,COMPLETED
11310,1137,2026-08-16,P011,7,308.55,COMPLETED
11311,1144,2026-08-15,P009,7,51.85,COMPLETED
11312,1140,2026-08-24,P032,4,456.87,RETURNED
11313,1154,2026-08-25,P005,8,286.22,COMPLETED
11314,1022,2026-08-17,P011,2,96.33,CANCELLED
11315,1183,2026-08-07,P036,6,401.03,COMPLETED
11316,1009,2026-08-12,P012,7,244.35,CANCELLED
11317,1194,2026-08-06,P048,3,357.60,COMPLETED
11318,1108,2026-08-20,P009,4,104.08,RETURNED
11319,1173,2026-08-10,P012,5,122.61,RETURNED
11320,1026,2026-08-06,P011,5,23.75,COMPLETED
11321,1068,2026-08-23,P016,3,38.60,COMPLETED
11322,1129,2026-08-02,P049,2,275.02,COMPLETED
11323,1159,2026-08-05,P026,5,245.92,CANCELLED
11324,1007,2026-08-14,P013,8,261.41,COMPLETED
11325,1069,2026-08-16,P004,3,302.40,RETURNED
11326,1122,2026-08-20,P023,4,439.02,COMPLETED
11327,1175,2026-08-07,P035,8,213.78,COMPLETED
11328,1168,2026-08-17,P007,2,158.51,RETURNED
11329,1158,2026-08-24,P007,7,252.39,RETURNED
11330,1040,2026-08-10,P001,6,43.46,RETURNED
11331,1192,2026-08-24,P028,5,496.03,COMPLETED
11332,1146,2026-08-08,P017,6,54.68,COMPLETED
11333,1193,2026-08-12,P044,7,274.39,COMPLETED
11334,1014,2026-08-21,P007,4,350.06,COMPLETED
11335,1045,2026-08-27,P036,8,188.15,CANCELLED
11336,1087,2026-08-23,P031,8,90.65,COMPLETED
11337,1087,2026-08-02,P040,3,455.52,COMPLETED
11338,1196,2026-08-23,P012,2,334.42,CANCELLED
11339,1074,2026-08-06,P044,6,141.85,RETURNED
11340,1161,2026-08-26,P001,6,465.34,COMPLETED
11341,1082,2026-08-22,P035,1,231.94,COMPLETED
11342,1121,2026-08-11,P029,5,392.99,COMPLETED
11343,1125,2026-08-08,P034,7,226.45,COMPLETED
11344,1082,2026-08-19,P006,1,480.31,CANCELLED
11345,1047,2026-08-07,P026,1,206.32,CANCELLED
11346,1178,2026-08-20,P038,5,16.38,COMPLETED
11347,1035,2026-08-15,P011,4,238.71,RETURNED
11348,1071,2026-08-24,P035,2,254.77,COMPLETED
11349,1163,2026-08-07,P043,7,43.77,COMPLETED
11350,1184,2026-08-10,P012,5,22.44,RETURNED
11351,1005,2026-08-03,P043,6,197.34,COMPLETED
11352,1019,2026-08-24,P041,5,284.60,COMPLETED
11353,1138,2026-08-19,P015,3,405.86,COMPLETED
11354,1035,2026-08-23,P009,7,26.63,RETURNED
11355,1021,2026-08-08,P043,6,452.30,CANCELLED
11356,1131,2026-08-25,P041,5,440.29,CANCELLED
11357,1139,2026-08-07,P048,7,314.61,COMPLETED
11358,1009,2026-08-12,P031,5,201.92,COMPLETED
11359,1172,2026-08-22,P045,5,122.14,COMPLETED
11360,1021,2026-08-16,P029,6,307.05,COMPLETED
11361,1009,2026-08-14,P035,2,441.24,COMPLETED
11362,1166,2026-08-11,P005,7,108.48,COMPLETED
11363,1046,2026-08-15,P027,7,60.95,COMPLETED
11364,1086,2026-08-02,P033,8,186.48,COMPLETED
11365,1171,2026-08-07,P031,8,299.32,RETURNED
11366,1108,2026-08-17,P033,2,218.67,COMPLETED
11367,1027,2026-08-20,P037,7,171.71,RETURNED
11368,1078,2026-08-25,P046,8,150.06,CANCELLED
11369,1164,2026-08-07,P029,3,50.91,RETURNED
11370,1119,2026-08-25,P019,6,153.75,CANCELLED
11371,1011,2026-08-22,P034,8,21.44,COMPLETED
11372,1130,2026-08-24,P043,6,280.54,COMPLETED
11373,1073,2026-08-10,P049,6,432.30,COMPLETED
11374,1079,2026-08-06,P006,8,355.95,COMPLETED
11375,1039,2026-08-24,P031,6,218.64,CANCELLED
11376,1089,2026-08-02,P025,2,465.89,COMPLETED
11377,1160,2026-08-13,P037,7,445.00,RETURNED
11378,1033,2026-08-03,P029,1,412.89,RETURNED
11379,1084,2026-08-05,P017,1,32.09,CANCELLED
11380,1195,2026-08-08,P050,2,216.96,COMPLETED
11381,1176,2026-08-23,P026,7,29.14,COMPLETED
11382,1062,2026-08-19,P032,4,432.42,COMPLETED
11383,1052,2026-08-11,P047,4,262.47,COMPLETED
11384,1064,2026-08-08,P042,2,139.08,COMPLETED
11385,1148,2026-08-12,P044,5,260.50,COMPLETED
11386,1101,2026-08-17,P028,3,375.22,CANCELLED
11387,1157,2026-08-11,P029,4,136.76,COMPLETED
11388,1138,2026-08-02,P006,1,20.51,COMPLETED
11389,1043,2026-08-02,P048,1,110.56,CANCELLED
11390,1120,2026-08-13,P036,7,426.05,COMPLETED
11391,1079,2026-08-17,P045,7,400.12,RETURNED
11392,1037,2026-08-23,P032,2,201.83,CANCELLED
11393,1038,2026-08-25,P047,7,179.39,RETURNED
11394,1042,2026-08-25,P023,5,467.58,COMPLETED
11395,1147,2026-08-25,P008,2,85.52,COMPLETED
11396,1084,2026-08-07,P038,6,109.35,COMPLETED
11397,1119,2026-08-16,P026,2,479.89,CANCELLED
11398,1035,2026-08-04,P039,7,91.94,COMPLETED
11399,1172,2026-08-07,P004,1,63.61,CANCELLED
11400,1119,2026-08-22,P049,1,66.63,COMPLETED
11401,1057,2026-08-10,P019,7,19.67,RETURNED
11402,1125,2026-08-13,P048,5,291.51,COMPLETED
11403,1052,2026-08-01,P007,8,278.32,COMPLETED
11404,1082,2026-08-07,P044,4,66.49,COMPLETED
11405,1027,2026-08-09,P032,8,194.88,COMPLETED
11406,1164,2026-08-03,P015,1,421.46,CANCELLED
11407,1098,2026-08-12,P018,2,156.10,RETURNED
11408,1136,2026-08-24,P044,7,350.42,RETURNED
11409,1049,2026-08-18,P040,3,460.22,CANCELLED
11410,1034,2026-08-22,P029,4,477.11,RETURNED
11411,1135,2026-08-13,P019,1,88.09,RETURNED
11412,1093,2026-08-27,P024,7,115.57,COMPLETED
11413,1017,2026-08-21,P043,1,43.33,RETURNED
11414,1174,2026-08-22,P038,2,138.65,RETURNED
11415,1087,2026-08-12,P037,3,167.57,COMPLETED
11416,1147,2026-08-08,P025,1,51.15,COMPLETED
11417,1160,2026-08-09,P019,8,38.46,COMPLETED
11418,1038,2026-08-12,P050,2,137.30,COMPLETED
11419,1195,2026-08-01,P014,3,28.41,RETURNED
11420,1116,2026-08-18,P005,8,10.81,COMPLETED
11421,1074,2026-08-27,P009,7,20.86,COMPLETED
11422,1002,2026-08-05,P003,2,404.20,COMPLETED
11423,1091,2026-08-14,P010,8,308.29,COMPLETED
11424,1142,2026-08-02,P028,1,267.87,COMPLETED
11425,1085,2026-08-10,P046,3,180.05,CANCELLED
11426,1047,2026-08-23,P011,7,408.25,RETURNED
11427,1073,2026-08-02,P007,6,405.34,CANCELLED
11428,1098,2026-08-03,P032,1,180.12,COMPLETED
11429,1179,2026-08-20,P042,3,313.83,CANCELLED
11430,1003,2026-08-25,P025,1,238.16,COMPLETED
11431,1062,2026-08-22,P022,8,79.44,RETURNED
11432,1162,2026-08-25,P037,4,474.02,COMPLETED
11433,1163,2026-08-03,P009,8,439.49,COMPLETED
11434,1011,2026-08-10,P020,8,246.73,RETURNED
11435,1115,2026-08-07,P026,1,346.68,COMPLETED
11436,1093,2026-08-15,P022,4,440.05,COMPLETED
11437,1187,2026-08-18,P020,3,235.42,COMPLETED
11438,1102,2026-08-18,P049,4,86.43,COMPLETED
11439,1054,2026-08-05,P020,6,38.61,RETURNED
11440,1192,2026-08-07,P044,8,125.46,COMPLETED
11441,1106,2026-08-08,P017,1,44.94,CANCELLED
11442,1008,2026-08-16,P016,6,464.45,RETURNED
11443,1022,2026-08-02,P035,6,372.43,COMPLETED
11444,1150,2026-08-23,P032,3,40.23,COMPLETED
11445,1006,2026-08-02,P018,2,349.15,COMPLETED
11446,1196,2026-08-07,P003,4,27.57,RETURNED
11447,1151,2026-08-18,P016,1,410.63,COMPLETED
11448,1015,2026-08-02,P047,7,351.47,RETURNED
11449,1171,2026-08-16,P034,7,256.87,CANCELLED
11450,1078,2026-08-12,P010,6,265.49,COMPLETED
11451,1113,2026-08-12,P025,3,426.27,RETURNED
11452,1178,2026-08-12,P028,8,174.43,COMPLETED
11453,1127,2026-08-10,P032,3,294.85,COMPLETED
11454,1038,2026-08-01,P024,2,305.47,COMPLETED
11455,1080,2026-08-23,P040,7,414.12,COMPLETED
11456,1045,2026-08-05,P006,3,383.89,CANCELLED
11457,1091,2026-08-13,P012,1,310.43,COMPLETED
11458,1156,2026-08-17,P036,2,488.00,CANCELLED
11459,1006,2026-08-03,P047,5,99.00,COMPLETED
11460,1128,2026-08-22,P029,6,233.71,RETURNED
11461,1013,2026-08-08,P019,2,96.64,RETURNED
11462,1055,2026-08-08,P025,7,358.49,COMPLETED
11463,1126,2026-08-25,P022,4,497.39,COMPLETED
11464,1052,2026-08-07,P041,4,368.35,COMPLETED
11465,1056,2026-08-16,P004,8,328.59,CANCELLED
11466,1117,2026-08-11,P028,6,259.55,COMPLETED
11467,1160,2026-08-10,P038,7,429.66,COMPLETED
11468,1008,2026-08-12,P041,8,117.36,COMPLETED
11469,1083,2026-08-23,P034,8,379.07,COMPLETED
11470,1033,2026-08-09,P037,5,322.40,RETURNED
11471,1120,2026-08-23,P027,4,210.03,COMPLETED
11472,1007,2026-08-20,P021,1,235.39,CANCELLED
11473,1089,2026-08-03,P050,2,465.55,COMPLETED
11474,1077,2026-08-12,P039,2,31.25,RETURNED
11475,1156,2026-08-04,P025,7,399.66,COMPLETED
11476,1156,2026-08-03,P002,6,281.86,COMPLETED
11477,1113,2026-08-16,P009,2,369.65,RETURNED
11478,1187,2026-08-15,P012,1,413.59,CANCELLED
11479,1092,2026-08-17,P049,4,324.45,CANCELLED
11480,1100,2026-08-06,P004,5,101.20,COMPLETED
11481,1104,2026-08-21,P040,2,391.24,CANCELLED
11482,1064,2026-08-14,P022,1,178.22,COMPLETED
11483,1199,2026-08-13,P005,3,369.88,RETURNED
11484,1022,2026-08-27,P038,5,358.06,COMPLETED
11485,1045,2026-08-23,P032,3,336.41,COMPLETED
11486,1033,2026-08-02,P022,8,393.02,CANCELLED
11487,1047,2026-08-12,P016,3,69.01,COMPLETED
11488,1131,2026-08-26,P040,4,431.69,RETURNED
11489,1183,2026-08-25,P017,1,169.07,COMPLETED
11490,1021,2026-08-03,P048,8,77.46,COMPLETED
11491,1102,2026-08-21,P014,5,421.81,COMPLETED
11492,1099,2026-08-26,P049,2,267.26,CANCELLED
11493,1127,2026-08-01,P035,2,287.51,COMPLETED
11494,1078,2026-08-12,P019,1,344.46,COMPLETED
11495,1028,2026-08-20,P015,4,63.53,COMPLETED
11496,1114,2026-08-05,P001,6,153.23,RETURNED
11497,1027,2026-08-19,P016,8,104.61,COMPLETED
11498,1072,2026-08-21,P045,1,466.88,COMPLETED
11499,1124,2026-08-15,P008,7,134.54,RETURNED
11500,1162,2026-08-27,P038,7,348.98,COMPLETED
11501,1029,2026-08-07,P013,7,278.68,COMPLETED
11502,1060,2026-08-10,P049,6,453.27,RETURNED
11503,1035,2026-08-10,P050,1,391.56,COMPLETED
11504,1065,2026-08-27,P047,8,384.60,COMPLETED
11505,1078,2026-08-22,P004,5,171.34,COMPLETED
11506,1124,2026-08-05,P025,3,227.31,COMPLETED
11507,1014,2026-08-05,P028,2,281.46,CANCELLED
11508,1115,2026-08-16,P038,3,174.52,COMPLETED
11509,1070,2026-08-25,P023,5,134.67,COMPLETED
11510,1126,2026-08-23,P020,1,208.74,COMPLETED
11511,1143,2026-08-03,P013,1,426.86,COMPLETED
11512,1076,2026-08-14,P013,4,364.66,CANCELLED
11513,1133,2026-08-04,P017,1,344.62,COMPLETED
11514,1089,2026-08-11,P018,8,438.94,COMPLETED
11515,1062,2026-08-26,P022,4,235.50,COMPLETED
11516,1117,2026-08-23,P009,5,287.10,COMPLETED
11517,1131,2026-08-17,P042,7,264.90,COMPLETED
11518,1200,2026-08-06,P015,3,449.94,COMPLETED
11519,1047,2026-08-01,P029,3,478.99,CANCELLED
11520,1002,2026-08-09,P013,7,323.45,COMPLETED
11521,1029,2026-08-17,P015,5,251.15,CANCELLED
11522,1127,2026-08-01,P044,6,268.65,CANCELLED
11523,1047,2026-08-24,P006,6,78.79,COMPLETED
11524,1079,2026-08-24,P001,1,26.44,COMPLETED
11525,1013,2026-08-07,P013,5,75.10,COMPLETED
11526,1142,2026-08-22,P020,8,323.89,COMPLETED
11527,1009,2026-08-25,P004,4,185.87,COMPLETED
11528,1106,2026-08-04,P016,6,335.02,RETURNED
11529,1145,2026-08-07,P018,7,195.01,COMPLETED
11530,1188,2026-08-14,P040,6,258.80,COMPLETED
11531,1123,2026-08-20,P035,2,306.82,COMPLETED
11532,1182,2026-08-23,P042,2,421.41,COMPLETED
11533,1064,2026-08-10,P045,6,365.62,COMPLETED
11534,1049,2026-08-20,P032,7,254.02,COMPLETED
11535,1040,2026-08-19,P035,5,437.13,COMPLETED
11536,1108,2026-08-03,P026,7,63.31,COMPLETED
11537,1132,2026-08-08,P003,5,100.54,RETURNED
11538,1188,2026-08-03,P008,2,176.19,CANCELLED
11539,1119,2026-08-17,P030,3,154.71,COMPLETED
11540,1067,2026-08-25,P043,6,341.91,RETURNED
11541,1173,2026-08-04,P017,2,462.92,COMPLETED
11542,1127,2026-08-14,P026,6,325.07,COMPLETED
11543,1109,2026-08-04,P031,3,464.83,COMPLETED
11544,1058,2026-08-20,P023,1,234.43,COMPLETED
11545,1094,2026-08-07,P027,4,137.74,COMPLETED
11546,1171,2026-08-27,P039,4,118.30,COMPLETED
11547,1178,2026-08-14,P035,6,63.21,COMPLETED
11548,1153,2026-08-05,P020,4,424.48,CANCELLED
11549,1110,2026-08-13,P029,1,177.65,CANCELLED
11550,1111,2026-08-24,P006,6,338.30,COMPLETED
11551,1077,2026-08-09,P017,4,122.77,COMPLETED
11552,1149,2026-08-10,P025,7,248.02,RETURNED
11553,1039,2026-08-24,P024,4,259.53,COMPLETED
11554,1165,2026-08-20,P039,2,405.64,COMPLETED
11555,1164,2026-08-16,P042,4,379.24,COMPLETED
11556,1058,2026-08-20,P006,1,264.43,COMPLETED
11557,1132,2026-08-23,P027,7,347.32,CANCELLED
11558,1068,2026-08-23,P050,5,444.03,CANCELLED
11559,1116,2026-08-17,P013,7,418.54,COMPLETED
11560,1023,2026-08-01,P007,8,41.02,CANCELLED
11561,1030,2026-08-20,P043,5,133.00,RETURNED
11562,1128,2026-08-05,P043,7,378.93,COMPLETED
11563,1183,2026-08-17,P008,8,346.40,COMPLETED
11564,1006,2026-08-08,P023,8,141.38,COMPLETED
11565,1196,2026-08-03,P038,2,295.65,RETURNED
11566,1032,2026-08-10,P008,6,331.75,CANCELLED
11567,1080,2026-08-10,P009,3,201.33,COMPLETED
11568,1092,2026-08-15,P006,5,23.94,COMPLETED
11569,1085,2026-08-27,P033,3,266.69,RETURNED
11570,1008,2026-08-21,P036,4,328.38,COMPLETED
11571,1175,2026-08-02,P018,4,179.37,COMPLETED
11572,1080,2026-08-03,P042,2,28.15,RETURNED
11573,1195,2026-08-06,P008,5,206.99,COMPLETED
11574,1168,2026-08-18,P037,6,137.18,RETURNED
11575,1103,2026-08-24,P050,8,451.54,COMPLETED
11576,1019,2026-08-04,P001,6,35.77,RETURNED
11577,1014,2026-08-14,P018,7,226.76,COMPLETED
11578,1115,2026-08-24,P039,6,414.49,COMPLETED
11579,1012,2026-08-07,P025,6,146.56,COMPLETED
11580,1093,2026-08-05,P037,3,118.89,RETURNED
11581,1160,2026-08-09,P043,8,205.22,COMPLETED
11582,1196,2026-08-18,P034,7,148.46,COMPLETED
11583,1061,2026-08-03,P019,3,49.43,RETURNED
11584,1165,2026-08-13,P014,1,181.58,CANCELLED
11585,1037,2026-08-02,P015,7,81.65,COMPLETED
11586,1054,2026-08-05,P025,7,142.48,COMPLETED
11587,1133,2026-08-04,P035,4,424.59,CANCELLED
11588,1111,2026-08-02,P011,6,239.95,RETURNED
11589,1096,2026-08-17,P020,5,253.77,RETURNED
11590,1014,2026-08-16,P037,1,371.84,CANCELLED
11591,1097,2026-08-09,P037,7,67.75,RETURNED
11592,1132,2026-08-09,P041,4,492.15,COMPLETED
11593,1109,2026-08-13,P033,1,69.97,COMPLETED
11594,1113,2026-08-18,P034,7,232.71,RETURNED
11595,1079,2026-08-11,P040,4,369.32,CANCELLED
11596,1157,2026-08-25,P014,6,401.45,COMPLETED
11597,1157,2026-08-08,P037,7,466.75,RETURNED
11598,1006,2026-08-07,P016,3,195.26,RETURNED
11599,1162,2026-08-23,P024,7,492.32,CANCELLED
11600,1190,2026-08-21,P013,5,492.29,CANCELLED
11601,1135,2026-08-18,P001,4,230.22,COMPLETED
11602,1141,2026-08-15,P028,2,238.98,COMPLETED
11603,1104,2026-08-18,P008,1,233.49,COMPLETED
11604,1087,2026-08-02,P020,5,420.00,COMPLETED
11605,1057,2026-08-13,P045,6,222.71,CANCELLED
11606,1181,2026-08-24,P036,4,201.47,COMPLETED
11607,1036,2026-08-07,P012,3,400.18,COMPLETED
11608,1047,2026-08-02,P007,5,484.35,COMPLETED
11609,1147,2026-08-08,P036,8,301.29,COMPLETED
11610,1115,2026-08-01,P037,5,324.91,COMPLETED
11611,1024,2026-08-16,P012,1,458.57,COMPLETED
11612,1180,2026-08-07,P037,6,388.32,COMPLETED
11613,1182,2026-08-24,P048,8,318.60,COMPLETED
11614,1154,2026-08-20,P009,1,49.60,RETURNED
11615,1007,2026-08-27,P005,3,313.35,COMPLETED
11616,1074,2026-08-07,P021,8,17.10,CANCELLED
11617,1083,2026-08-09,P004,1,334.41,CANCELLED
11618,1021,2026-08-23,P006,5,304.94,COMPLETED
11619,1051,2026-08-20,P027,3,273.89,RETURNED
11620,1140,2026-08-14,P010,5,315.37,CANCELLED
11621,1141,2026-08-18,P001,4,52.90,COMPLETED
11622,1144,2026-08-23,P013,4,470.43,COMPLETED
11623,1051,2026-08-14,P045,8,376.12,CANCELLED
11624,1016,2026-08-03,P019,5,362.51,CANCELLED
11625,1074,2026-08-22,P024,7,47.51,CANCELLED
11626,1130,2026-08-03,P008,6,272.61,COMPLETED
11627,1157,2026-08-01,P039,7,352.73,COMPLETED
11628,1149,2026-08-22,P012,3,401.39,COMPLETED
11629,1126,2026-08-08,P048,2,373.81,RETURNED
11630,1134,2026-08-19,P038,6,359.78,COMPLETED
11631,1010,2026-08-21,P044,3,30.53,RETURNED
11632,1124,2026-08-20,P011,2,460.09,COMPLETED
11633,1173,2026-08-05,P032,3,330.41,COMPLETED
11634,1009,2026-08-24,P006,8,264.23,RETURNED
11635,1002,2026-08-25,P033,5,141.06,RETURNED
11636,1069,2026-08-07,P017,5,383.21,COMPLETED
11637,1036,2026-08-11,P018,4,248.02,RETURNED
11638,1127,2026-08-25,P033,5,55.13,COMPLETED
11639,1128,2026-08-18,P003,5,243.02,COMPLETED
11640,1164,2026-08-07,P013,3,258.38,COMPLETED
11641,1018,2026-08-02,P039,2,193.35,COMPLETED
11642,1190,2026-08-01,P038,5,324.21,CANCELLED
11643,1062,2026-08-25,P020,3,465.06,COMPLETED
11644,1078,2026-08-01,P010,3,491.71,COMPLETED
11645,1100,2026-08-02,P014,6,307.39,COMPLETED
11646,1109,2026-08-02,P036,7,383.66,COMPLETED
11647,1120,2026-08-10,P030,2,473.48,CANCELLED
11648,1121,2026-08-27,P028,7,52.83,RETURNED
11649,1107,2026-08-15,P009,3,285.87,COMPLETED
11650,1127,2026-08-10,P024,3,386.51,RETURNED
11651,1024,2026-08-21,P045,2,38.44,COMPLETED
11652,1135,2026-08-03,P047,1,363.98,COMPLETED
11653,1100,2026-08-12,P023,3,113.68,COMPLETED
11654,1042,2026-08-04,P021,8,212.65,COMPLETED
11655,1130,2026-08-11,P033,3,447.20,COMPLETED
11656,1107,2026-08-02,P002,5,308.35,COMPLETED
11657,1096,2026-08-09,P003,7,286.31,RETURNED
11658,1023,2026-08-10,P031,6,332.51,COMPLETED
11659,1195,2026-08-09,P019,3,405.57,CANCELLED
11660,1113,2026-08-07,P036,1,445.96,RETURNED
11661,1033,2026-08-27,P025,8,172.42,COMPLETED
11662,1134,2026-08-06,P017,3,437.17,COMPLETED
11663,1050,2026-08-04,P021,4,123.06,RETURNED
11664,1175,2026-08-21,P005,1,432.23,COMPLETED
11665,1004,2026-08-07,P002,8,376.62,COMPLETED
11666,1036,2026-08-08,P013,4,165.65,COMPLETED
11667,1120,2026-08-26,P020,1,223.95,COMPLETED
11668,1014,2026-08-24,P033,6,241.95,RETURNED
11669,1101,2026-08-07,P003,3,258.68,COMPLETED
11670,1058,2026-08-04,P022,7,58.96,COMPLETED
11671,1029,2026-08-08,P046,5,296.60,RETURNED
11672,1089,2026-08-19,P043,3,421.91,COMPLETED
11673,1161,2026-08-15,P019,5,328.98,COMPLETED
11674,1005,2026-08-07,P014,4,37.66,COMPLETED
11675,1021,2026-08-22,P033,6,278.29,COMPLETED
11676,1001,2026-08-12,P028,6,125.74,COMPLETED
11677,1138,2026-08-20,P043,3,186.73,COMPLETED
11678,1146,2026-08-24,P042,5,310.00,COMPLETED
11679,1051,2026-08-25,P016,4,227.18,COMPLETED
11680,1158,2026-08-03,P014,3,409.02,RETURNED
11681,1199,2026-08-13,P036,6,174.77,COMPLETED
11682,1036,2026-08-22,P001,1,429.22,RETURNED
11683,1181,2026-08-01,P020,6,103.10,CANCELLED
11684,1095,2026-08-27,P005,3,230.46,COMPLETED
11685,1020,2026-08-06,P035,5,204.14,COMPLETED
11686,1153,2026-08-22,P007,6,440.44,COMPLETED
11687,1012,2026-08-14,P008,2,318.42,COMPLETED
11688,1130,2026-08-02,P015,8,298.91,COMPLETED
11689,1114,2026-08-01,P005,1,230.36,CANCELLED
11690,1008,2026-08-21,P036,1,59.00,COMPLETED
11691,1113,2026-08-25,P016,2,428.68,COMPLETED
11692,1025,2026-08-27,P024,7,109.43,COMPLETED
11693,1119,2026-08-08,P021,4,426.40,COMPLETED
11694,1034,2026-08-04,P035,8,491.21,CANCELLED
11695,1041,2026-08-04,P017,3,468.31,COMPLETED
11696,1081,2026-08-21,P037,1,26.12,COMPLETED
11697,1022,2026-08-16,P035,6,429.72,COMPLETED
11698,1048,2026-08-11,P010,1,323.13,RETURNED
11699,1172,2026-08-16,P034,5,16.26,RETURNED
11700,1125,2026-08-16,P046,6,490.63,RETURNED
11701,1059,2026-08-24,P023,5,436.18,COMPLETED
11702,1041,2026-08-21,P028,1,356.71,COMPLETED
11703,1150,2026-08-06,P009,2,321.62,RETURNED
11704,1185,2026-08-23,P015,5,45.60,COMPLETED
11705,1152,2026-08-10,P012,8,239.49,CANCELLED
11706,1191,2026-08-21,P013,7,309.94,RETURNED
11707,1095,2026-08-22,P006,3,12.81,COMPLETED
11708,1065,2026-08-24,P023,8,12.73,COMPLETED
11709,1057,2026-08-24,P017,4,15.44,RETURNED
11710,1146,2026-08-09,P036,2,187.22,RETURNED
11711,1133,2026-08-27,P031,3,348.41,COMPLETED
11712,1127,2026-08-10,P014,4,127.13,COMPLETED
11713,1006,2026-08-09,P015,1,79.96,COMPLETED
11714,1002,2026-08-02,P015,2,397.57,RETURNED
11715,1077,2026-08-03,P001,2,66.92,CANCELLED
11716,1120,2026-08-12,P035,6,487.43,CANCELLED
11717,1056,2026-08-06,P017,2,427.42,RETURNED
11718,1016,2026-08-10,P022,5,124.80,COMPLETED
11719,1163,2026-08-10,P031,5,466.32,COMPLETED
11720,1038,2026-08-12,P015,1,398.46,RETURNED
11721,1021,2026-08-05,P015,2,462.87,CANCELLED
11722,1084,2026-08-21,P044,2,294.80,RETURNED
11723,1037,2026-08-18,P032,1,250.39,COMPLETED
11724,1088,2026-08-10,P019,7,119.40,COMPLETED
11725,1134,2026-08-18,P027,5,223.05,COMPLETED
11726,1054,2026-08-25,P011,8,96.83,COMPLETED
11727,1193,2026-08-17,P009,4,384.52,CANCELLED
11728,1062,2026-08-02,P009,5,308.70,CANCELLED
11729,1098,2026-08-23,P023,5,23.92,COMPLETED
11730,1068,2026-08-18,P024,6,312.37,RETURNED
11731,1187,2026-08-02,P016,3,125.46,COMPLETED
11732,1166,2026-08-01,P018,2,257.14,RETURNED
11733,1192,2026-08-24,P044,1,410.70,COMPLETED
11734,1134,2026-08-09,P046,4,333.10,COMPLETED
11735,1199,2026-08-16,P018,4,249.16,RETURNED
11736,1128,2026-08-02,P006,5,331.77,RETURNED
11737,1037,2026-08-21,P019,2,363.77,COMPLETED
11738,1185,2026-08-14,P019,3,442.94,CANCELLED
11739,1067,2026-08-04,P029,4,116.14,COMPLETED
11740,1044,2026-08-26,P050,4,241.32,COMPLETED
11741,1193,2026-08-11,P045,6,379.92,CANCELLED
11742,1031,2026-08-07,P017,5,318.88,COMPLETED
11743,1117,2026-08-21,P043,6,237.04,COMPLETED
11744,1065,2026-08-18,P037,1,376.11,COMPLETED
11745,1110,2026-08-05,P027,4,313.32,COMPLETED
11746,1164,2026-08-05,P017,6,354.34,COMPLETED
11747,1047,2026-08-19,P050,1,261.12,CANCELLED
11748,1071,2026-08-09,P024,6,332.27,CANCELLED
11749,1005,2026-08-12,P032,3,497.92,CANCELLED
11750,1177,2026-08-07,P015,4,242.78,CANCELLED
11751,1060,2026-08-10,P032,4,193.15,COMPLETED
11752,1063,2026-08-06,P004,2,153.09,CANCELLED
11753,1085,2026-08-02,P034,1,307.80,COMPLETED
11754,1198,2026-08-26,P049,1,136.09,RETURNED
11755,1017,2026-08-13,P004,4,83.11,COMPLETED
11756,1128,2026-08-13,P019,6,347.12,CANCELLED
11757,1102,2026-08-09,P026,5,305.56,CANCELLED
11758,1026,2026-08-08,P026,6,473.36,COMPLETED
11759,1043,2026-08-17,P033,4,155.96,RETURNED
11760,1159,2026-08-15,P014,5,392.45,RETURNED
11761,1157,2026-08-07,P045,5,455.79,CANCELLED
11762,1154,2026-08-09,P013,8,404.51,COMPLETED
11763,1042,2026-08-08,P007,6,435.25,COMPLETED
11764,1107,2026-08-10,P009,3,355.43,CANCELLED
11765,1138,2026-08-15,P039,2,477.85,COMPLETED
11766,1054,2026-08-14,P028,8,40.14,COMPLETED
11767,1113,2026-08-19,P015,2,212.07,COMPLETED
11768,1189,2026-08-26,P042,3,68.97,CANCELLED
11769,1151,2026-08-21,P018,8,494.12,COMPLETED
11770,1189,2026-08-10,P012,5,248.41,COMPLETED
11771,1058,2026-08-25,P029,5,177.40,CANCELLED
11772,1179,2026-08-19,P028,8,303.12,COMPLETED
11773,1070,2026-08-15,P016,7,83.68,RETURNED
11774,1057,2026-08-14,P003,1,379.11,COMPLETED
11775,1056,2026-08-15,P041,3,111.82,RETURNED
11776,1126,2026-08-19,P049,2,242.21,COMPLETED
11777,1057,2026-08-22,P040,6,433.24,COMPLETED
11778,1117,2026-08-03,P036,2,256.77,COMPLETED
11779,1165,2026-08-24,P037,7,79.57,RETURNED
11780,1190,2026-08-16,P044,8,117.74,COMPLETED
11781,1164,2026-08-02,P040,6,423.98,CANCELLED
11782,1106,2026-08-07,P034,5,157.05,COMPLETED
11783,1076,2026-08-26,P029,1,28.05,RETURNED
11784,1171,2026-08-22,P049,5,233.75,RETURNED
11785,1103,2026-08-06,P050,4,427.95,COMPLETED
11786,1188,2026-08-13,P045,7,433.55,RETURNED
11787,1034,2026-08-02,P037,8,290.99,CANCELLED
11788,1110,2026-08-18,P047,7,123.84,CANCELLED
11789,1097,2026-08-15,P025,7,123.03,COMPLETED
11790,1104,2026-08-12,P001,3,242.80,COMPLETED
11791,1003,2026-08-26,P017,8,187.01,COMPLETED
11792,1051,2026-08-21,P033,5,65.98,COMPLETED
11793,1118,2026-08-25,P021,1,57.88,COMPLETED
11794,1165,2026-08-26,P031,3,12.19,RETURNED
11795,1165,2026-08-01,P038,8,246.85,RETURNED
11796,1133,2026-08-24,P012,7,70.58,COMPLETED
11797,1067,2026-08-14,P003,2,212.96,COMPLETED
11798,1144,2026-08-18,P002,1,74.24,COMPLETED
11799,1076,2026-08-06,P025,3,342.92,CANCELLED
11800,1122,2026-08-03,P045,7,169.62,COMPLETED
11801,1047,2026-08-18,P026,7,205.02,COMPLETED
11802,1056,2026-08-16,P035,1,156.37,RETURNED
11803,1045,2026-08-07,P013,4,379.53,RETURNED
11804,1183,2026-08-09,P008,1,315.09,COMPLETED
11805,1020,2026-08-25,P030,7,446.15,CANCELLED
11806,1094,2026-08-25,P029,5,292.24,CANCELLED
11807,1081,2026-08-10,P037,3,227.68,RETURNED
11808,1175,2026-08-09,P030,1,342.75,COMPLETED
11809,1040,2026-08-24,P004,6,156.98,RETURNED
11810,1100,2026-08-05,P045,7,141.26,COMPLETED
11811,1106,2026-08-26,P030,3,297.72,RETURNED
11812,1029,2026-08-27,P033,5,452.06,RETURNED
11813,1105,2026-08-27,P035,2,353.81,COMPLETED
11814,1030,2026-08-16,P047,4,441.05,COMPLETED
11815,1146,2026-08-01,P031,2,459.63,CANCELLED
11816,1012,2026-08-13,P004,7,471.31,COMPLETED
11817,1064,2026-08-06,P045,1,22.20,CANCELLED
11818,1043,2026-08-10,P009,3,116.42,COMPLETED
11819,1008,2026-08-11,P039,6,98.53,COMPLETED
11820,1087,2026-08-04,P042,3,496.24,CANCELLED
11821,1006,2026-08-06,P011,2,82.46,COMPLETED
11822,1028,2026-08-09,P006,1,292.74,COMPLETED
11823,1090,2026-08-19,P011,7,173.32,COMPLETED
11824,1199,2026-08-23,P025,6,57.79,COMPLETED
11825,1155,2026-08-14,P021,4,216.69,COMPLETED
11826,1131,2026-08-27,P040,3,209.73,CANCELLED
11827,1187,2026-08-12,P043,8,84.78,COMPLETED
11828,1051,2026-08-23,P001,2,150.51,CANCELLED
11829,1046,2026-08-04,P033,5,125.80,RETURNED
11830,1154,2026-08-12,P043,5,231.87,RETURNED
11831,1148,2026-08-27,P047,1,213.13,RETURNED
11832,1121,2026-08-04,P005,3,119.28,COMPLETED
11833,1127,2026-08-09,P007,5,293.46,COMPLETED
11834,1139,2026-08-08,P040,7,134.41,COMPLETED
11835,1138,2026-08-13,P002,8,262.23,COMPLETED
11836,1118,2026-08-20,P031,2,79.70,RETURNED
11837,1172,2026-08-26,P035,1,174.81,CANCELLED
11838,1130,2026-08-11,P045,2,362.27,RETURNED
11839,1065,2026-08-11,P012,4,367.79,RETURNED
11840,1191,2026-08-15,P030,1,122.64,CANCELLED
11841,1001,2026-08-07,P002,4,472.08,COMPLETED
11842,1050,2026-08-03,P011,5,337.17,CANCELLED
11843,1032,2026-08-24,P001,5,321.48,COMPLETED
11844,1037,2026-08-25,P001,3,472.12,COMPLETED
11845,1097,2026-08-23,P012,7,188.49,COMPLETED
11846,1135,2026-08-08,P005,5,285.29,RETURNED
11847,1024,2026-08-08,P005,5,430.87,COMPLETED
11848,1081,2026-08-15,P032,5,204.42,COMPLETED
11849,1161,2026-08-06,P017,6,51.45,COMPLETED
11850,1049,2026-08-11,P006,7,44.29,COMPLETED
11851,1187,2026-08-09,P038,4,83.32,CANCELLED
11852,1122,2026-08-19,P045,3,133.82,CANCELLED
11853,1059,2026-08-04,P021,8,144.20,COMPLETED
11854,1086,2026-08-23,P025,1,29.15,RETURNED
11855,1040,2026-08-09,P032,2,429.36,COMPLETED
11856,1126,2026-08-09,P022,1,201.59,COMPLETED
11857,1047,2026-08-04,P025,4,494.68,COMPLETED
11858,1172,2026-08-23,P007,1,457.23,COMPLETED
11859,1130,2026-08-02,P013,3,74.43,COMPLETED
11860,1196,2026-08-19,P015,3,80.85,COMPLETED
11861,1083,2026-08-15,P045,1,133.99,COMPLETED
11862,1128,2026-08-07,P011,7,486.15,RETURNED
11863,1036,2026-08-10,P033,4,27.09,CANCELLED
11864,1036,2026-08-07,P037,5,174.14,COMPLETED
11865,1173,2026-08-27,P044,2,311.25,COMPLETED
11866,1099,2026-08-18,P032,6,173.25,RETURNED
11867,1011,2026-08-24,P042,4,68.54,COMPLETED
11868,1187,2026-08-16,P046,7,106.14,COMPLETED
11869,1200,2026-08-18,P024,8,409.44,CANCELLED
11870,1015,2026-08-24,P027,2,75.32,RETURNED
11871,1199,2026-08-27,P011,6,465.66,COMPLETED
11872,1153,2026-08-04,P049,1,351.33,COMPLETED
11873,1029,2026-08-07,P022,2,204.88,CANCELLED
11874,1142,2026-08-26,P044,7,241.25,COMPLETED
11875,1055,2026-08-20,P018,8,379.65,COMPLETED
11876,1162,2026-08-04,P035,3,307.71,RETURNED
11877,1055,2026-08-03,P036,1,142.31,COMPLETED
11878,1159,2026-08-21,P026,3,134.22,COMPLETED
11879,1091,2026-08-23,P003,6,152.10,RETURNED
11880,1133,2026-08-11,P022,6,138.00,RETURNED
11881,1013,2026-08-17,P020,1,199.62,COMPLETED
11882,1139,2026-08-19,P039,8,262.37,RETURNED
11883,1140,2026-08-19,P020,5,314.57,COMPLETED
11884,1100,2026-08-01,P038,7,29.00,COMPLETED
11885,1013,2026-08-19,P023,6,302.10,COMPLETED
11886,1001,2026-08-04,P050,1,101.79,CANCELLED
11887,1137,2026-08-15,P033,8,105.06,COMPLETED
11888,1149,2026-08-11,P015,4,19.79,COMPLETED
11889,1120,2026-08-07,P029,7,400.79,COMPLETED
11890,1149,2026-08-12,P009,3,286.54,COMPLETED
11891,1200,2026-08-08,P010,5,59.55,CANCELLED
11892,1037,2026-08-19,P024,2,395.83,COMPLETED
11893,1134,2026-08-08,P049,3,354.35,RETURNED
11894,1200,2026-08-17,P045,5,387.55,COMPLETED
11895,1125,2026-08-10,P018,2,216.99,COMPLETED
11896,1029,2026-08-05,P006,2,73.06,COMPLETED
11897,1132,2026-08-10,P049,5,161.92,COMPLETED
11898,1194,2026-08-01,P027,3,341.86,COMPLETED
11899,1137,2026-08-01,P006,2,200.55,COMPLETED
11900,1124,2026-08-16,P032,2,130.93,RETURNED
11901,1159,2026-08-24,P041,8,123.42,COMPLETED
11902,1101,2026-08-04,P001,5,320.80,CANCELLED
11903,1079,2026-08-07,P003,8,94.25,COMPLETED
11904,1077,2026-08-21,P001,3,470.98,COMPLETED
11905,1020,2026-08-10,P029,1,60.27,RETURNED
11906,1164,2026-08-11,P014,7,481.79,COMPLETED
11907,1087,2026-08-07,P024,7,43.98,COMPLETED
11908,1065,2026-08-03,P016,3,304.04,COMPLETED
11909,1109,2026-08-06,P028,7,272.71,CANCELLED
11910,1103,2026-08-15,P040,6,197.87,RETURNED
11911,1053,2026-08-25,P049,4,197.57,COMPLETED
11912,1025,2026-08-02,P027,5,266.23,RETURNED
11913,1150,2026-08-27,P038,6,103.39,RETURNED
11914,1009,2026-08-01,P005,8,473.78,COMPLETED
11915,1121,2026-08-13,P004,2,464.74,COMPLETED
11916,1034,2026-08-16,P018,4,446.10,CANCELLED
11917,1177,2026-08-15,P025,4,53.69,COMPLETED
11918,1131,2026-08-06,P034,6,388.10,COMPLETED
11919,1162,2026-08-08,P013,3,389.18,RETURNED
11920,1185,2026-08-14,P020,7,427.28,CANCELLED
11921,1039,2026-08-22,P016,8,114.35,CANCELLED
11922,1152,2026-08-06,P046,5,433.82,COMPLETED
11923,1064,2026-08-20,P015,3,328.14,COMPLETED
11924,1019,2026-08-10,P034,1,464.01,CANCELLED
11925,1092,2026-08-22,P026,5,208.06,RETURNED
11926,1065,2026-08-27,P024,3,456.61,COMPLETED
11927,1171,2026-08-12,P034,7,312.64,COMPLETED
11928,1110,2026-08-13,P048,2,454.16,RETURNED
11929,1057,2026-08-04,P041,4,145.50,RETURNED
11930,1087,2026-08-22,P036,2,86.51,COMPLETED
11931,1044,2026-08-06,P006,6,433.71,RETURNED
11932,1013,2026-08-15,P020,5,242.91,COMPLETED
11933,1028,2026-08-02,P019,5,82.10,COMPLETED
11934,1040,2026-08-23,P028,7,164.40,COMPLETED
11935,1077,2026-08-13,P016,1,135.63,COMPLETED
11936,1079,2026-08-24,P030,1,224.95,CANCELLED
11937,1092,2026-08-13,P050,1,481.25,COMPLETED
11938,1124,2026-08-03,P049,4,312.20,RETURNED
11939,1097,2026-08-07,P025,8,149.11,RETURNED
11940,1187,2026-08-26,P031,4,251.55,COMPLETED
11941,1044,2026-08-10,P031,3,448.34,RETURNED
11942,1138,2026-08-10,P043,2,96.32,CANCELLED
11943,1028,2026-08-21,P009,7,387.49,RETURNED
11944,1041,2026-08-05,P018,7,487.84,RETURNED
11945,1146,2026-08-20,P039,8,229.66,COMPLETED
11946,1178,2026-08-22,P003,2,295.59,CANCELLED
11947,1118,2026-08-23,P023,2,96.98,CANCELLED
11948,1010,2026-08-03,P036,1,154.21,CANCELLED
11949,1134,2026-08-16,P026,4,80.17,RETURNED
11950,1041,2026-08-09,P018,2,24.80,CANCELLED
11951,1101,2026-08-03,P040,7,180.23,COMPLETED
11952,1018,2026-08-21,P012,7,447.36,COMPLETED
11953,1033,2026-08-11,P033,5,64.31,COMPLETED
11954,1193,2026-08-24,P020,8,255.57,CANCELLED
11955,1108,2026-08-25,P038,8,13.80,CANCELLED
11956,1039,2026-08-05,P043,1,443.62,COMPLETED
11957,1008,2026-08-07,P026,7,71.50,COMPLETED
11958,1019,2026-08-25,P014,4,340.07,CANCELLED
11959,1177,2026-08-18,P009,6,473.17,COMPLETED
11960,1094,2026-08-11,P042,5,432.71,COMPLETED
11961,1140,2026-08-06,P037,1,162.59,CANCELLED
11962,1094,2026-08-08,P009,6,421.07,COMPLETED
11963,1011,2026-08-27,P004,1,176.38,COMPLETED
11964,1192,2026-08-27,P002,6,396.58,CANCELLED
11965,1004,2026-08-21,P024,7,384.42,RETURNED
11966,1146,2026-08-17,P011,1,293.55,COMPLETED
11967,1135,2026-08-07,P041,2,175.07,RETURNED
11968,1096,2026-08-08,P032,3,86.08,COMPLETED
11969,1139,2026-08-06,P048,2,62.58,CANCELLED
11970,1138,2026-08-13,P039,1,88.75,COMPLETED
11971,1130,2026-08-17,P039,2,136.08,CANCELLED
11972,1151,2026-08-12,P043,7,431.53,COMPLETED
11973,1196,2026-08-27,P024,8,280.45,COMPLETED
11974,1023,2026-08-22,P048,4,483.45,COMPLETED
11975,1057,2026-08-11,P025,4,283.28,CANCELLED
11976,1051,2026-08-25,P019,5,149.60,CANCELLED
11977,1060,2026-08-23,P019,5,122.07,COMPLETED
11978,1199,2026-08-14,P018,8,278.15,COMPLETED
11979,1017,2026-08-26,P007,7,222.78,COMPLETED
11980,1020,2026-08-12,P027,7,285.51,COMPLETED
11981,1015,2026-08-20,P024,7,160.61,CANCELLED
11982,1107,2026-08-17,P002,8,426.17,COMPLETED
11983,1160,2026-08-16,P025,3,341.27,COMPLETED
11984,1116,2026-08-10,P019,8,121.49,RETURNED
11985,1154,2026-08-24,P032,1,83.22,COMPLETED
11986,1151,2026-08-16,P040,4,16.14,CANCELLED
11987,1096,2026-08-20,P010,5,203.68,COMPLETED
11988,1168,2026-08-16,P026,5,438.63,COMPLETED
11989,1142,2026-08-18,P028,5,105.71,RETURNED
11990,1177,2026-08-10,P036,5,422.86,COMPLETED
11991,1071,2026-08-22,P007,7,442.55,COMPLETED
11992,1091,2026-08-12,P023,8,446.51,CANCELLED
11993,1109,2026-08-07,P046,2,177.74,CANCELLED
11994,1136,2026-08-19,P006,8,325.16,COMPLETED
11995,1006,2026-08-14,P009,2,102.17,COMPLETED
11996,1104,2026-08-06,P014,8,437.61,RETURNED
11997,1199,2026-08-03,P040,7,358.50,COMPLETED
11998,1198,2026-08-25,P037,8,111.01,CANCELLED
11999,1099,2026-08-13,P024,8,343.10,RETURNED
12000,1128,2026-08-14,P007,5,492.70,RETURNED
12001,1124,2026-08-26,P023,2,340.38,COMPLETED
12002,1028,2026-08-09,P041,1,294.66,RETURNED
12003,1089,2026-08-21,P008,8,388.39,COMPLETED
12004,1056,2026-08-26,P019,8,164.87,COMPLETED
12005,1031,2026-08-02,P003,7,34.43,RETURNED
12006,1047,2026-08-04,P028,7,408.59,RETURNED
12007,1042,2026-08-14,P050,7,462.50,CANCELLED
12008,1046,2026-08-26,P025,4,115.20,COMPLETED
12009,1106,2026-08-16,P034,4,41.91,COMPLETED
12010,1129,2026-08-10,P005,4,216.00,COMPLETED
12011,1143,2026-08-02,P045,1,220.96,RETURNED
12012,1031,2026-08-15,P024,3,216.83,CANCELLED
12013,1186,2026-08-19,P046,2,322.80,CANCELLED
12014,1159,2026-08-26,P035,1,45.72,COMPLETED
12015,1075,2026-08-22,P006,5,346.02,CANCELLED
12016,1176,2026-08-09,P007,7,23.36,COMPLETED
12017,1178,2026-08-02,P044,1,221.45,CANCELLED
12018,1052,2026-08-12,P004,3,278.84,COMPLETED
12019,1178,2026-08-09,P042,6,193.50,RETURNED
12020,1039,2026-08-13,P010,6,313.09,COMPLETED
12021,1099,2026-08-24,P023,1,19.03,RETURNED
12022,1030,2026-08-16,P020,8,159.84,COMPLETED
12023,1169,2026-08-05,P001,1,50.66,COMPLETED
12024,1097,2026-08-10,P047,3,10.62,RETURNED
12025,1128,2026-08-15,P002,3,43.16,COMPLETED
12026,1121,2026-08-27,P042,7,214.70,COMPLETED
12027,1157,2026-08-22,P025,2,401.72,COMPLETED
12028,1124,2026-08-04,P007,2,478.26,COMPLETED
12029,1179,2026-08-08,P022,1,139.96,RETURNED
12030,1155,2026-08-08,P039,7,405.21,RETURNED
12031,1107,2026-08-01,P023,2,209.12,RETURNED
12032,1109,2026-08-27,P027,2,417.53,COMPLETED
12033,1010,2026-08-06,P035,3,480.10,CANCELLED
12034,1061,2026-08-03,P002,1,78.29,COMPLETED
12035,1155,2026-08-01,P037,7,416.87,COMPLETED
12036,1136,2026-08-16,P036,4,447.54,COMPLETED
12037,1194,2026-08-23,P044,5,204.30,RETURNED
12038,1078,2026-08-05,P001,5,351.16,CANCELLED
12039,1080,2026-08-19,P020,5,463.48,COMPLETED
12040,1120,2026-08-26,P024,2,338.61,CANCELLED
12041,1154,2026-08-14,P026,7,53.78,COMPLETED
12042,1061,2026-08-03,P038,4,93.42,COMPLETED
12043,1173,2026-08-20,P038,6,14.85,CANCELLED
12044,1196,2026-08-26,P013,7,50.23,COMPLETED
12045,1129,2026-08-26,P046,2,202.11,COMPLETED
12046,1172,2026-08-18,P031,8,83.52,COMPLETED
12047,1187,2026-08-23,P008,6,332.80,RETURNED
12048,1016,2026-08-08,P039,4,465.67,COMPLETED
12049,1023,2026-08-09,P026,6,317.08,CANCELLED
12050,1022,2026-08-27,P039,3,304.48,COMPLETED
12051,1009,2026-08-01,P006,5,73.26,RETURNED
12052,1041,2026-08-12,P031,1,388.20,COMPLETED
12053,1113,2026-08-04,P026,2,384.84,COMPLETED
12054,1048,2026-08-14,P018,8,462.11,COMPLETED
12055,1187,2026-08-06,P002,7,462.69,COMPLETED
12056,1025,2026-08-17,P044,5,71.18,RETURNED
12057,1068,2026-08-12,P038,3,88.21,COMPLETED
12058,1068,2026-08-23,P002,5,134.85,CANCELLED
12059,1147,2026-08-14,P041,2,427.51,COMPLETED
12060,1152,2026-08-23,P032,3,75.80,CANCELLED
12061,1099,2026-08-23,P005,5,411.40,RETURNED
12062,1087,2026-08-07,P045,3,180.75,RETURNED
12063,1020,2026-08-04,P008,5,117.49,CANCELLED
12064,1189,2026-08-06,P004,5,181.52,COMPLETED
12065,1164,2026-08-03,P003,3,37.17,RETURNED
12066,1116,2026-08-14,P033,2,405.83,COMPLETED
12067,1052,2026-08-17,P022,8,460.05,COMPLETED
12068,1051,2026-08-17,P010,5,226.75,COMPLETED
12069,1177,2026-08-05,P023,1,445.46,CANCELLED
12070,1146,2026-08-02,P050,4,221.09,COMPLETED
12071,1007,2026-08-19,P032,3,164.81,COMPLETED
12072,1191,2026-08-26,P037,8,422.61,COMPLETED
12073,1182,2026-08-20,P028,1,352.86,RETURNED
12074,1018,2026-08-24,P047,2,449.39,CANCELLED
12075,1059,2026-08-05,P031,2,328.22,COMPLETED
12076,1099,2026-08-06,P032,7,364.75,COMPLETED
12077,1128,2026-08-13,P004,8,98.64,COMPLETED
12078,1043,2026-08-05,P027,5,48.84,COMPLETED
12079,1004,2026-08-04,P036,1,271.91,COMPLETED
12080,1149,2026-08-27,P006,3,19.16,COMPLETED
12081,1148,2026-08-23,P016,4,322.29,RETURNED
12082,1085,2026-08-26,P016,5,423.20,COMPLETED
12083,1133,2026-08-22,P039,2,356.33,COMPLETED
12084,1060,2026-08-08,P006,1,246.06,COMPLETED
12085,1139,2026-08-19,P034,8,79.91,CANCELLED
12086,1119,2026-08-27,P005,3,269.27,COMPLETED
12087,1060,2026-08-24,P033,1,158.30,CANCELLED
12088,1006,2026-08-22,P048,7,257.12,RETURNED
12089,1124,2026-08-01,P044,1,373.21,CANCELLED
12090,1184,2026-08-20,P030,7,148.04,CANCELLED
12091,1119,2026-08-24,P034,1,307.10,COMPLETED
12092,1197,2026-08-05,P038,6,130.47,RETURNED
12093,1083,2026-08-03,P020,4,458.53,COMPLETED
12094,1118,2026-08-08,P041,2,432.19,COMPLETED
12095,1032,2026-08-09,P038,6,406.24,COMPLETED
12096,1172,2026-08-09,P015,5,473.27,COMPLETED
12097,1096,2026-08-09,P046,5,30.31,RETURNED
12098,1017,2026-08-21,P001,6,398.50,RETURNED
12099,1027,2026-08-17,P029,3,320.37,COMPLETED
12100,1084,2026-08-01,P016,8,143.99,COMPLETED
12101,1102,2026-08-11,P045,7,150.83,COMPLETED
12102,1087,2026-08-18,P017,8,343.42,CANCELLED
12103,1131,2026-08-16,P049,8,171.99,RETURNED
12104,1138,2026-08-04,P015,8,399.01,COMPLETED
12105,1135,2026-08-07,P006,3,144.93,COMPLETED
12106,1039,2026-08-01,P008,2,398.62,RETURNED
12107,1073,2026-08-17,P027,8,135.17,RETURNED
12108,1144,2026-08-25,P045,4,54.11,COMPLETED
12109,1019,2026-08-26,P025,6,342.16,COMPLETED
12110,1005,2026-08-20,P032,2,359.52,COMPLETED
12111,1088,2026-08-21,P008,5,452.88,RETURNED
12112,1148,2026-08-23,P012,7,151.41,COMPLETED
12113,1109,2026-08-24,P005,1,196.39,RETURNED
12114,1070,2026-08-01,P034,2,244.61,COMPLETED
12115,1105,2026-08-06,P030,6,89.09,COMPLETED
12116,1183,2026-08-20,P042,4,40.53,COMPLETED
12117,1177,2026-08-27,P038,8,457.06,COMPLETED
12118,1088,2026-08-25,P035,8,182.82,RETURNED
12119,1070,2026-08-18,P014,4,89.32,COMPLETED
12120,1030,2026-08-22,P016,6,458.70,COMPLETED
12121,1105,2026-08-08,P048,2,452.62,RETURNED
12122,1063,2026-08-12,P012,5,106.22,COMPLETED
12123,1032,2026-08-14,P027,4,181.86,RETURNED
12124,1128,2026-08-16,P031,4,331.90,CANCELLED
12125,1079,2026-08-26,P015,3,382.44,RETURNED
12126,1141,2026-08-16,P044,2,256.00,COMPLETED
12127,1189,2026-08-05,P025,8,424.43,RETURNED
12128,1091,2026-08-14,P024,6,213.97,COMPLETED
12129,1005,2026-08-26,P014,3,265.27,COMPLETED
12130,1103,2026-08-16,P020,7,468.40,COMPLETED
12131,1079,2026-08-23,P001,5,465.81,CANCELLED
12132,1056,2026-08-13,P011,5,83.25,RETURNED
12133,1002,2026-08-07,P041,7,295.12,RETURNED
12134,1172,2026-08-01,P035,2,58.04,CANCELLED
12135,1146,2026-08-06,P035,2,328.89,COMPLETED
12136,1010,2026-08-24,P045,1,460.91,COMPLETED
12137,1161,2026-08-26,P042,6,483.48,COMPLETED
12138,1138,2026-08-15,P028,3,336.14,COMPLETED
12139,1110,2026-08-14,P005,1,47.35,RETURNED
12140,1197,2026-08-04,P047,4,471.78,CANCELLED
12141,1177,2026-08-22,P027,5,488.27,RETURNED
12142,1093,2026-08-11,P048,1,393.17,COMPLETED
12143,1165,2026-08-17,P032,5,32.74,CANCELLED
12144,1031,2026-08-08,P033,6,27.55,RETURNED
12145,1017,2026-08-10,P025,8,417.40,COMPLETED
12146,1081,2026-08-06,P023,3,491.73,CANCELLED
12147,1170,2026-08-08,P001,4,216.97,COMPLETED
12148,1187,2026-08-08,P006,6,81.94,CANCELLED
12149,1028,2026-08-21,P008,3,499.87,RETURNED
12150,1180,2026-08-06,P021,2,131.46,COMPLETED
12151,1157,2026-08-01,P002,3,232.15,COMPLETED
12152,1161,2026-08-21,P037,2,139.97,CANCELLED
12153,1097,2026-08-22,P009,1,357.00,COMPLETED
12154,1118,2026-08-07,P037,1,299.47,CANCELLED
12155,1051,2026-08-13,P017,6,365.80,CANCELLED
12156,1040,2026-08-26,P040,5,169.18,COMPLETED
12157,1123,2026-08-09,P014,7,421.36,COMPLETED
12158,1187,2026-08-08,P001,1,30.50,COMPLETED
12159,1104,2026-08-15,P010,2,196.76,COMPLETED
12160,1191,2026-08-10,P042,3,189.33,COMPLETED
12161,1162,2026-08-04,P006,3,320.38,RETURNED
12162,1028,2026-08-10,P006,1,378.49,COMPLETED
12163,1125,2026-08-19,P043,6,75.76,RETURNED
12164,1075,2026-08-04,P007,8,369.55,COMPLETED
12165,1107,2026-08-13,P042,6,213.89,COMPLETED
12166,1162,2026-08-15,P017,1,251.86,COMPLETED
12167,1117,2026-08-21,P046,8,105.62,COMPLETED
12168,1062,2026-08-03,P021,5,125.64,COMPLETED
12169,1043,2026-08-24,P009,5,219.73,COMPLETED
12170,1104,2026-08-22,P025,5,234.52,COMPLETED
12171,1199,2026-08-02,P037,8,160.37,COMPLETED
12172,1098,2026-08-19,P007,2,326.75,RETURNED
12173,1095,2026-08-08,P007,6,281.89,COMPLETED
12174,1077,2026-08-04,P004,6,314.87,COMPLETED
12175,1002,2026-08-10,P036,7,174.23,COMPLETED
12176,1070,2026-08-13,P039,6,142.71,COMPLETED
12177,1093,2026-08-13,P024,8,479.20,CANCELLED
12178,1075,2026-08-25,P002,2,88.62,COMPLETED
12179,1157,2026-08-03,P002,6,75.42,COMPLETED
12180,1124,2026-08-01,P028,2,185.08,COMPLETED
12181,1026,2026-08-19,P010,5,93.62,COMPLETED
12182,1011,2026-08-15,P038,3,390.74,COMPLETED
12183,1007,2026-08-08,P034,5,95.29,COMPLETED
12184,1141,2026-08-10,P042,2,339.88,COMPLETED
12185,1122,2026-08-15,P014,8,366.46,COMPLETED
12186,1039,2026-08-04,P014,4,480.50,COMPLETED
12187,1127,2026-08-23,P007,8,120.69,COMPLETED
12188,1120,2026-08-13,P017,2,255.56,RETURNED
12189,1175,2026-08-16,P024,6,112.34,COMPLETED
12190,1082,2026-08-11,P021,6,435.44,RETURNED
12191,1070,2026-08-19,P007,6,68.76,COMPLETED
12192,1074,2026-08-08,P016,7,465.49,RETURNED
12193,1061,2026-08-16,P001,3,446.05,RETURNED
12194,1104,2026-08-17,P047,5,283.62,COMPLETED
12195,1077,2026-08-14,P020,5,328.66,COMPLETED
12196,1174,2026-08-12,P025,1,288.21,RETURNED
12197,1085,2026-08-07,P045,4,392.79,CANCELLED
12198,1092,2026-08-19,P002,1,59.45,RETURNED
12199,1052,2026-08-18,P037,1,435.28,COMPLETED
12200,1089,2026-08-17,P001,5,172.84,COMPLETED
12201,1155,2026-08-23,P025,3,484.80,COMPLETED
12202,1066,2026-08-08,P031,8,32.50,CANCELLED
12203,1091,2026-08-24,P026,1,308.04,RETURNED
12204,1026,2026-08-08,P034,6,36.56,COMPLETED
12205,1047,2026-08-09,P030,5,499.53,COMPLETED
12206,1174,2026-08-12,P004,5,320.89,COMPLETED
12207,1151,2026-08-09,P022,3,443.82,COMPLETED
12208,1063,2026-08-08,P025,4,219.63,RETURNED
12209,1027,2026-08-08,P008,5,27.40,COMPLETED
12210,1147,2026-08-09,P034,6,156.06,COMPLETED
12211,1102,2026-08-21,P024,5,200.59,COMPLETED
12212,1109,2026-08-10,P027,4,20.09,CANCELLED
12213,1107,2026-08-07,P025,5,305.68,COMPLETED
12214,1049,2026-08-12,P047,6,251.56,RETURNED
12215,1164,2026-08-02,P019,5,185.81,COMPLETED
12216,1050,2026-08-14,P006,3,404.67,RETURNED
12217,1040,2026-08-21,P044,4,46.17,COMPLETED
12218,1031,2026-08-23,P044,1,282.10,COMPLETED
12219,1187,2026-08-07,P036,8,240.93,COMPLETED
12220,1144,2026-08-02,P039,8,372.96,RETURNED
12221,1116,2026-08-04,P001,7,280.47,CANCELLED
12222,1130,2026-08-13,P020,7,259.58,COMPLETED
12223,1111,2026-08-27,P021,4,469.69,COMPLETED
12224,1137,2026-08-20,P005,4,120.33,COMPLETED
12225,1156,2026-08-16,P048,3,396.36,COMPLETED
12226,1079,2026-08-04,P013,5,36.69,RETURNED
12227,1160,2026-08-08,P034,5,194.54,RETURNED
12228,1063,2026-08-17,P033,5,244.44,COMPLETED
12229,1125,2026-08-08,P012,6,409.75,COMPLETED
12230,1087,2026-08-24,P050,1,54.28,COMPLETED
12231,1147,2026-08-22,P027,6,265.39,COMPLETED
12232,1058,2026-08-01,P003,1,110.19,COMPLETED
12233,1156,2026-08-01,P009,2,457.29,CANCELLED
12234,1029,2026-08-22,P032,7,39.67,COMPLETED
12235,1094,2026-08-17,P024,6,168.41,COMPLETED
12236,1140,2026-08-02,P006,6,56.63,CANCELLED
12237,1024,2026-08-22,P020,7,468.46,COMPLETED
12238,1079,2026-08-13,P015,7,77.89,CANCELLED
12239,1001,2026-08-16,P017,8,383.47,COMPLETED
12240,1014,2026-08-03,P041,1,255.62,COMPLETED
12241,1159,2026-08-21,P007,7,447.83,COMPLETED
12242,1135,2026-08-11,P038,8,136.74,COMPLETED
12243,1039,2026-08-13,P032,5,78.43,COMPLETED
12244,1126,2026-08-24,P049,4,54.21,RETURNED
12245,1060,2026-08-03,P029,1,187.74,COMPLETED
12246,1058,2026-08-12,P014,7,178.59,CANCELLED
12247,1079,2026-08-07,P035,5,103.83,RETURNED
12248,1007,2026-08-20,P049,2,312.65,COMPLETED
12249,1006,2026-08-01,P005,3,132.87,COMPLETED
12250,1008,2026-08-15,P025,8,194.00,CANCELLED
12251,1095,2026-08-05,P049,6,338.20,CANCELLED
12252,1029,2026-08-18,P007,8,154.96,COMPLETED
12253,1045,2026-08-24,P006,5,255.62,CANCELLED
12254,1125,2026-08-24,P017,3,497.95,COMPLETED
12255,1190,2026-08-03,P019,5,36.93,CANCELLED
12256,1123,2026-08-18,P008,2,109.27,CANCELLED
12257,1076,2026-08-03,P049,7,267.23,RETURNED
12258,1099,2026-08-22,P016,2,320.09,RETURNED
12259,1153,2026-08-23,P020,3,231.20,COMPLETED
12260,1089,2026-08-10,P001,6,326.21,RETURNED
12261,1055,2026-08-15,P013,4,438.01,COMPLETED
12262,1132,2026-08-20,P011,8,32.76,COMPLETED
12263,1140,2026-08-27,P024,3,456.10,COMPLETED
12264,1115,2026-08-16,P041,1,153.16,COMPLETED
12265,1100,2026-08-09,P014,5,455.69,COMPLETED
12266,1146,2026-08-13,P028,5,245.67,COMPLETED
12267,1022,2026-08-19,P001,2,132.21,COMPLETED
12268,1043,2026-08-25,P047,6,72.28,COMPLETED
12269,1194,2026-08-21,P038,2,182.05,COMPLETED
12270,1109,2026-08-18,P047,2,90.34,RETURNED
12271,1131,2026-08-17,P043,7,198.26,RETURNED
12272,1096,2026-08-06,P007,4,82.59,COMPLETED
12273,1045,2026-08-08,P021,6,358.05,COMPLETED
12274,1005,2026-08-19,P014,5,187.18,COMPLETED
12275,1027,2026-08-16,P004,7,277.47,COMPLETED
12276,1072,2026-08-25,P031,4,417.02,COMPLETED
12277,1026,2026-08-16,P019,4,37.76,COMPLETED
12278,1113,2026-08-09,P023,3,474.84,CANCELLED
12279,1195,2026-08-09,P024,6,343.50,COMPLETED
12280,1050,2026-08-15,P001,4,381.26,COMPLETED
12281,1068,2026-08-14,P033,6,351.97,CANCELLED
12282,1024,2026-08-13,P024,6,229.87,RETURNED
12283,1091,2026-08-03,P022,7,201.59,COMPLETED
12284,1143,2026-08-26,P025,8,81.07,COMPLETED
12285,1112,2026-08-05,P004,2,386.49,COMPLETED
12286,1124,2026-08-16,P011,2,158.96,COMPLETED
12287,1177,2026-08-27,P019,3,307.59,COMPLETED
12288,1181,2026-08-07,P021,2,286.48,COMPLETED
12289,1026,2026-08-13,P036,5,398.35,COMPLETED
12290,1003,2026-08-26,P002,6,141.36,RETURNED
12291,1004,2026-08-11,P043,4,263.69,RETURNED
12292,1120,2026-08-09,P049,3,19.31,RETURNED
12293,1152,2026-08-13,P003,2,351.07,RETURNED
12294,1148,2026-08-15,P045,7,171.28,COMPLETED
12295,1128,2026-08-08,P002,2,61.60,RETURNED
12296,1067,2026-08-15,P045,2,173.41,RETURNED
12297,1125,2026-08-22,P005,2,216.91,CANCELLED
12298,1173,2026-08-11,P037,7,241.34,RETURNED
12299,1140,2026-08-14,P035,7,251.21,COMPLETED
12300,1006,2026-08-04,P013,7,279.70,RETURNED
12301,1133,2026-08-27,P024,6,81.52,CANCELLED
12302,1017,2026-08-20,P022,5,406.08,COMPLETED
12303,1005,2026-08-23,P026,2,336.57,RETURNED
12304,1140,2026-08-26,P036,6,53.83,COMPLETED
12305,1197,2026-08-03,P032,7,342.42,RETURNED
12306,1015,2026-08-16,P036,4,143.20,COMPLETED
12307,1104,2026-08-04,P027,5,311.26,CANCELLED
12308,1179,2026-08-12,P025,8,332.84,RETURNED
12309,1050,2026-08-11,P007,5,21.90,COMPLETED
12310,1176,2026-08-25,P025,5,482.45,RETURNED
12311,1089,2026-08-07,P030,7,298.03,COMPLETED
12312,1012,2026-08-08,P007,6,237.35,CANCELLED
12313,1161,2026-08-18,P010,5,180.34,COMPLETED
12314,1016,2026-08-24,P012,5,443.42,COMPLETED
12315,1138,2026-08-17,P040,8,406.19,COMPLETED
12316,1076,2026-08-02,P047,4,273.25,CANCELLED
12317,1147,2026-08-13,P026,1,144.73,COMPLETED
12318,1145,2026-08-24,P011,7,80.66,COMPLETED
12319,1110,2026-08-12,P011,6,109.49,COMPLETED
12320,1184,2026-08-01,P029,6,107.65,COMPLETED
12321,1011,2026-08-15,P028,3,400.70,CANCELLED
12322,1149,2026-08-15,P042,6,485.38,COMPLETED
12323,1005,2026-08-12,P016,8,114.81,CANCELLED
12324,1066,2026-08-11,P024,4,241.60,COMPLETED
12325,1103,2026-08-17,P036,4,11.95,COMPLETED
12326,1114,2026-08-19,P004,5,262.99,COMPLETED
12327,1150,2026-08-19,P020,7,249.18,COMPLETED
12328,1018,2026-08-15,P028,2,455.95,COMPLETED
12329,1194,2026-08-15,P029,1,27.50,COMPLETED
12330,1136,2026-08-01,P035,3,349.48,RETURNED
12331,1149,2026-08-23,P029,3,494.65,RETURNED
12332,1144,2026-08-26,P029,8,11.33,CANCELLED
12333,1044,2026-08-02,P048,2,164.84,COMPLETED
12334,1073,2026-08-22,P016,3,492.43,COMPLETED
12335,1056,2026-08-02,P010,3,314.11,COMPLETED
12336,1121,2026-08-01,P042,4,498.31,COMPLETED
12337,1048,2026-08-27,P047,1,27.41,COMPLETED
12338,1007,2026-08-27,P038,5,82.03,RETURNED
12339,1132,2026-08-07,P008,2,348.99,RETURNED
12340,1049,2026-08-02,P002,4,390.43,CANCELLED
12341,1141,2026-08-04,P042,5,413.24,COMPLETED
12342,1079,2026-08-02,P023,6,375.90,COMPLETED
12343,1164,2026-08-26,P023,3,462.98,RETURNED
12344,1142,2026-08-18,P007,7,264.04,RETURNED
12345,1175,2026-08-16,P045,5,258.07,COMPLETED
12346,1040,2026-08-14,P011,8,136.55,COMPLETED
12347,1066,2026-08-06,P011,7,485.53,COMPLETED
12348,1119,2026-08-01,P006,5,209.71,CANCELLED
12349,1140,2026-08-10,P035,3,199.55,COMPLETED
12350,1022,2026-08-02,P010,7,223.38,COMPLETED
12351,1111,2026-08-12,P043,1,50.87,COMPLETED
12352,1164,2026-08-26,P018,2,86.91,COMPLETED
12353,1105,2026-08-27,P004,2,59.60,CANCELLED
12354,1006,2026-08-13,P038,3,372.67,CANCELLED
12355,1047,2026-08-20,P006,3,210.26,CANCELLED
12356,1188,2026-08-18,P002,5,239.80,COMPLETED
12357,1080,2026-08-02,P005,7,105.51,COMPLETED
12358,1055,2026-08-19,P012,3,147.81,RETURNED
12359,1089,2026-08-12,P028,5,12.07,RETURNED
12360,1147,2026-08-23,P026,7,149.84,COMPLETED
12361,1071,2026-08-23,P049,8,94.71,CANCELLED
12362,1173,2026-08-26,P014,3,403.85,COMPLETED
12363,1013,2026-08-17,P020,8,28.17,COMPLETED
12364,1114,2026-08-13,P019,3,18.49,COMPLETED
12365,1148,2026-08-24,P040,6,243.01,COMPLETED
12366,1052,2026-08-22,P019,7,343.08,COMPLETED
12367,1024,2026-08-21,P007,2,134.58,COMPLETED
12368,1198,2026-08-01,P005,8,331.50,COMPLETED
12369,1153,2026-08-14,P009,7,412.45,RETURNED
12370,1133,2026-08-01,P015,8,38.08,RETURNED
12371,1192,2026-08-10,P015,3,236.52,COMPLETED
12372,1107,2026-08-05,P043,5,249.84,COMPLETED
12373,1033,2026-08-22,P021,3,72.82,CANCELLED
12374,1075,2026-08-26,P004,2,216.37,COMPLETED
12375,1068,2026-08-09,P008,6,412.99,COMPLETED
12376,1181,2026-08-08,P046,5,395.48,COMPLETED
12377,1102,2026-08-14,P014,5,210.04,RETURNED
12378,1011,2026-08-16,P006,2,408.78,COMPLETED
12379,1062,2026-08-24,P023,1,198.97,CANCELLED
12380,1153,2026-08-12,P030,8,313.61,COMPLETED
12381,1072,2026-08-13,P025,8,184.43,CANCELLED
12382,1113,2026-08-16,P017,7,204.41,RETURNED
12383,1180,2026-08-23,P033,2,117.67,COMPLETED
12384,1055,2026-08-13,P011,5,455.67,COMPLETED
12385,1109,2026-08-25,P045,3,89.09,COMPLETED
12386,1035,2026-08-24,P044,6,107.80,COMPLETED
12387,1035,2026-08-24,P008,5,348.68,COMPLETED
12388,1073,2026-08-13,P037,2,16.47,RETURNED
12389,1011,2026-08-07,P004,6,472.73,COMPLETED
12390,1144,2026-08-27,P013,2,384.55,CANCELLED
12391,1103,2026-08-12,P038,2,384.17,COMPLETED
12392,1059,2026-08-11,P031,2,273.10,CANCELLED
12393,1148,2026-08-12,P049,4,313.53,COMPLETED
12394,1138,2026-08-02,P014,6,234.83,COMPLETED
12395,1128,2026-08-03,P023,1,276.03,COMPLETED
12396,1055,2026-08-19,P021,6,38.87,COMPLETED
12397,1111,2026-08-12,P018,2,112.65,COMPLETED
12398,1187,2026-08-05,P010,5,95.88,COMPLETED
12399,1001,2026-08-22,P013,6,296.99,COMPLETED
12400,1147,2026-08-05,P023,2,186.34,RETURNED
12401,1045,2026-08-20,P018,6,289.55,COMPLETED
12402,1101,2026-08-20,P022,8,64.49,COMPLETED
12403,1012,2026-08-26,P008,4,195.75,RETURNED
12404,1197,2026-08-03,P001,2,326.49,COMPLETED
12405,1039,2026-08-05,P045,1,338.58,COMPLETED
12406,1074,2026-08-07,P018,4,204.49,RETURNED
12407,1019,2026-08-04,P042,8,293.98,CANCELLED
12408,1140,2026-08-11,P008,2,162.66,COMPLETED
12409,1105,2026-08-04,P036,5,449.78,CANCELLED
12410,1127,2026-08-06,P016,7,66.60,CANCELLED
12411,1054,2026-08-01,P035,3,69.84,COMPLETED
12412,1093,2026-08-12,P021,1,433.77,RETURNED
12413,1058,2026-08-20,P006,7,464.20,COMPLETED
12414,1052,2026-08-22,P050,2,84.39,COMPLETED
12415,1066,2026-08-24,P046,3,162.05,CANCELLED
12416,1155,2026-08-13,P008,7,72.79,COMPLETED
12417,1021,2026-08-23,P022,7,486.72,COMPLETED
12418,1067,2026-08-19,P001,5,477.64,CANCELLED
12419,1075,2026-08-01,P027,2,421.39,COMPLETED
12420,1184,2026-08-23,P036,3,14.58,COMPLETED
12421,1116,2026-08-20,P024,5,136.32,COMPLETED
12422,1016,2026-08-20,P002,4,218.57,CANCELLED
12423,1176,2026-08-10,P013,2,461.50,COMPLETED
12424,1063,2026-08-08,P028,4,480.74,RETURNED
12425,1090,2026-08-09,P008,2,436.80,RETURNED
12426,1090,2026-08-01,P025,1,229.70,COMPLETED
12427,1084,2026-08-18,P017,3,174.69,RETURNED
12428,1143,2026-08-24,P048,4,258.07,CANCELLED
12429,1175,2026-08-03,P022,3,107.37,RETURNED
12430,1002,2026-08-16,P031,1,462.03,COMPLETED
12431,1033,2026-08-02,P037,1,245.81,COMPLETED
12432,1064,2026-08-22,P025,6,199.32,CANCELLED
12433,1055,2026-08-13,P049,8,104.95,RETURNED
12434,1177,2026-08-24,P034,7,376.82,CANCELLED
12435,1118,2026-08-08,P022,4,276.96,COMPLETED
12436,1021,2026-08-16,P012,1,67.79,COMPLETED
12437,1092,2026-08-10,P039,4,425.37,COMPLETED
12438,1042,2026-08-20,P029,4,289.32,COMPLETED
12439,1137,2026-08-17,P033,3,456.30,COMPLETED
12440,1095,2026-08-25,P048,6,443.31,RETURNED
12441,1014,2026-08-25,P012,7,16.73,RETURNED
12442,1118,2026-08-22,P030,8,147.98,COMPLETED
12443,1053,2026-08-13,P016,5,276.05,COMPLETED
12444,1151,2026-08-16,P010,3,312.77,COMPLETED
12445,1060,2026-08-24,P021,5,465.53,COMPLETED
12446,1152,2026-08-13,P016,5,115.49,RETURNED
12447,1160,2026-08-26,P025,4,336.54,COMPLETED
12448,1051,2026-08-13,P035,3,437.37,COMPLETED
12449,1150,2026-08-08,P019,2,303.79,CANCELLED
12450,1066,2026-08-23,P024,8,146.52,CANCELLED
12451,1170,2026-08-23,P008,1,431.37,RETURNED
12452,1047,2026-08-14,P031,7,186.69,RETURNED
12453,1030,2026-08-27,P041,5,463.80,COMPLETED
12454,1073,2026-08-20,P034,7,154.47,COMPLETED
12455,1188,2026-08-15,P047,8,71.22,COMPLETED
12456,1032,2026-08-20,P040,2,476.33,RETURNED
12457,1059,2026-08-09,P026,2,415.99,COMPLETED
12458,1149,2026-08-10,P007,8,240.66,COMPLETED
12459,1012,2026-08-18,P047,5,432.79,COMPLETED
12460,1179,2026-08-26,P001,5,229.12,RETURNED
12461,1152,2026-08-06,P025,4,53.13,COMPLETED
12462,1140,2026-08-16,P009,3,182.91,RETURNED
12463,1044,2026-08-09,P029,5,458.42,COMPLETED
12464,1084,2026-08-21,P040,1,139.67,COMPLETED
12465,1028,2026-08-06,P041,6,66.79,CANCELLED
12466,1096,2026-08-10,P028,5,407.29,COMPLETED
12467,1129,2026-08-13,P014,6,70.83,CANCELLED
12468,1182,2026-08-01,P011,5,234.77,COMPLETED
12469,1042,2026-08-15,P024,2,331.40,COMPLETED
12470,1036,2026-08-13,P001,3,64.37,COMPLETED
12471,1198,2026-08-12,P040,2,392.46,CANCELLED
12472,1175,2026-08-20,P028,6,50.65,COMPLETED
12473,1068,2026-08-23,P003,5,193.42,COMPLETED
12474,1196,2026-08-12,P024,8,95.14,RETURNED
12475,1092,2026-08-03,P011,6,389.99,COMPLETED
12476,1124,2026-08-20,P003,3,309.58,COMPLETED
12477,1082,2026-08-12,P021,5,184.02,COMPLETED
12478,1083,2026-08-05,P019,3,422.34,RETURNED
12479,1148,2026-08-24,P008,8,467.35,COMPLETED
12480,1064,2026-08-20,P042,7,229.49,COMPLETED
12481,1162,2026-08-22,P028,4,233.42,COMPLETED
12482,1161,2026-08-05,P005,4,35.07,CANCELLED
12483,1092,2026-08-03,P031,6,483.50,CANCELLED
12484,1096,2026-08-07,P042,3,301.75,COMPLETED
12485,1090,2026-08-13,P045,7,71.87,CANCELLED
12486,1143,2026-08-21,P048,8,142.27,CANCELLED
12487,1126,2026-08-07,P004,8,148.51,COMPLETED
12488,1101,2026-08-21,P016,1,114.17,RETURNED
12489,1161,2026-08-14,P033,1,72.46,CANCELLED
12490,1086,2026-08-27,P033,2,343.61,COMPLETED
12491,1196,2026-08-01,P005,6,120.93,RETURNED
12492,1084,2026-08-21,P012,7,172.68,COMPLETED
12493,1032,2026-08-17,P029,8,201.23,COMPLETED
12494,1015,2026-08-15,P001,5,444.45,COMPLETED
12495,1096,2026-08-10,P036,2,10.03,RETURNED
12496,1061,2026-08-06,P024,8,23.75,COMPLETED
12497,1069,2026-08-16,P043,2,298.55,RETURNED
12498,1006,2026-08-15,P039,5,175.96,CANCELLED
12499,1170,2026-08-02,P017,7,141.00,COMPLETED
12500,1019,2026-08-26,P041,8,333.40,COMPLETED
12501,1074,2026-08-22,P027,6,122.08,COMPLETED
12502,1085,2026-08-04,P041,6,424.42,COMPLETED
12503,1036,2026-08-06,P029,5,318.44,RETURNED
12504,1093,2026-08-26,P036,3,36.38,COMPLETED
12505,1132,2026-08-04,P042,4,463.06,COMPLETED
12506,1020,2026-08-20,P050,6,103.38,CANCELLED
12507,1032,2026-08-21,P023,6,321.42,COMPLETED
12508,1198,2026-08-05,P004,4,138.82,RETURNED
12509,1123,2026-08-19,P005,7,24.29,COMPLETED
12510,1120,2026-08-16,P001,7,197.74,RETURNED
12511,1110,2026-08-02,P004,7,383.69,COMPLETED
12512,1075,2026-08-23,P002,1,358.65,COMPLETED
12513,1046,2026-08-04,P036,2,274.79,COMPLETED
12514,1186,2026-08-01,P018,2,333.12,COMPLETED
12515,1133,2026-08-15,P037,1,143.97,COMPLETED
12516,1049,2026-08-11,P048,4,59.62,COMPLETED
12517,1172,2026-08-10,P023,7,63.48,COMPLETED
12518,1021,2026-08-05,P005,5,329.02,COMPLETED
12519,1142,2026-08-09,P007,2,153.83,COMPLETED
12520,1099,2026-08-14,P024,3,437.81,RETURNED
12521,1163,2026-08-23,P012,4,170.69,CANCELLED
12522,1186,2026-08-08,P042,4,426.28,RETURNED
12523,1184,2026-08-14,P027,6,209.86,RETURNED
12524,1131,2026-08-09,P041,6,380.15,COMPLETED
12525,1056,2026-08-15,P006,1,480.80,RETURNED
12526,1151,2026-08-12,P028,8,288.13,COMPLETED
12527,1162,2026-08-19,P016,2,98.41,RETURNED
12528,1166,2026-08-24,P050,5,436.57,RETURNED
12529,1167,2026-08-09,P045,4,12.43,RETURNED
12530,1129,2026-08-10,P017,6,232.74,COMPLETED
12531,1044,2026-08-20,P049,1,370.23,COMPLETED
12532,1122,2026-08-02,P008,8,410.11,COMPLETED
12533,1176,2026-08-21,P003,7,413.85,COMPLETED
12534,1020,2026-08-18,P005,7,16.42,RETURNED
12535,1158,2026-08-08,P005,8,210.21,COMPLETED
12536,1140,2026-08-17,P046,2,394.69,RETURNED
12537,1194,2026-08-18,P015,2,350.59,CANCELLED
12538,1012,2026-08-17,P019,1,65.14,CANCELLED
12539,1065,2026-08-01,P017,5,145.81,COMPLETED
12540,1121,2026-08-08,P009,3,181.07,COMPLETED
12541,1085,2026-08-27,P005,2,285.79,COMPLETED
12542,1176,2026-08-01,P044,5,187.51,COMPLETED
12543,1135,2026-08-13,P041,6,450.21,COMPLETED
12544,1023,2026-08-03,P020,7,177.30,CANCELLED
12545,1002,2026-08-06,P035,1,426.50,RETURNED
12546,1077,2026-08-18,P048,8,324.65,COMPLETED
12547,1114,2026-08-10,P011,4,234.35,COMPLETED
12548,1110,2026-08-06,P038,6,169.71,COMPLETED
12549,1091,2026-08-03,P019,5,286.21,RETURNED
12550,1185,2026-08-18,P032,2,363.89,COMPLETED
12551,1183,2026-08-05,P005,8,213.93,RETURNED
12552,1121,2026-08-22,P029,1,126.05,COMPLETED
12553,1044,2026-08-03,P021,2,14.58,COMPLETED
12554,1082,2026-08-26,P038,8,492.04,COMPLETED
12555,1081,2026-08-07,P008,6,470.29,COMPLETED
12556,1148,2026-08-22,P018,2,316.63,COMPLETED
12557,1111,2026-08-22,P031,1,252.49,COMPLETED
12558,1134,2026-08-08,P035,8,388.57,COMPLETED
12559,1192,2026-08-04,P049,3,57.17,COMPLETED
12560,1196,2026-08-15,P044,7,429.08,COMPLETED
12561,1138,2026-08-11,P043,6,447.09,CANCELLED
12562,1095,2026-08-25,P015,1,133.36,CANCELLED
12563,1105,2026-08-15,P031,7,300.68,COMPLETED
12564,1151,2026-08-05,P026,6,445.17,CANCELLED
12565,1046,2026-08-01,P036,8,394.55,CANCELLED
12566,1054,2026-08-07,P036,8,421.18,COMPLETED
12567,1040,2026-08-12,P008,8,67.22,CANCELLED
12568,1099,2026-08-27,P044,7,98.14,CANCELLED
12569,1068,2026-08-17,P011,3,244.02,RETURNED
12570,1068,2026-08-19,P011,1,330.32,CANCELLED
12571,1075,2026-08-18,P019,6,371.77,CANCELLED
12572,1162,2026-08-27,P046,1,318.94,CANCELLED
12573,1155,2026-08-17,P039,6,469.34,COMPLETED
12574,1172,2026-08-05,P048,2,315.51,COMPLETED
12575,1077,2026-08-07,P009,1,461.37,COMPLETED
12576,1077,2026-08-16,P045,6,497.85,RETURNED
12577,1090,2026-08-25,P048,6,213.99,COMPLETED
12578,1067,2026-08-10,P002,5,213.20,COMPLETED
12579,1025,2026-08-22,P026,5,498.50,COMPLETED
12580,1184,2026-08-03,P047,7,365.14,CANCELLED
12581,1125,2026-08-25,P004,5,423.23,COMPLETED
12582,1151,2026-08-02,P002,4,117.28,COMPLETED
12583,1033,2026-08-27,P008,8,140.22,COMPLETED
12584,1173,2026-08-24,P026,1,218.59,COMPLETED
12585,1138,2026-08-12,P050,1,349.90,COMPLETED
12586,1186,2026-08-14,P036,1,378.80,RETURNED
12587,1130,2026-08-04,P033,8,35.54,COMPLETED
12588,1016,2026-08-15,P031,3,145.00,COMPLETED
12589,1144,2026-08-08,P045,1,481.17,CANCELLED
12590,1154,2026-08-15,P028,3,84.25,CANCELLED
12591,1081,2026-08-15,P034,4,146.65,CANCELLED
12592,1183,2026-08-02,P003,2,371.03,COMPLETED
12593,1083,2026-08-17,P049,6,396.43,COMPLETED
12594,1177,2026-08-19,P025,2,358.83,COMPLETED
12595,1150,2026-08-03,P011,7,449.30,COMPLETED
12596,1155,2026-08-05,P021,8,41.93,COMPLETED
12597,1132,2026-08-13,P027,2,246.73,CANCELLED
12598,1179,2026-08-02,P046,7,257.52,CANCELLED
12599,1198,2026-08-05,P028,1,499.10,COMPLETED
12600,1119,2026-08-18,P006,6,471.02,COMPLETED
12601,1142,2026-08-08,P006,3,336.29,RETURNED
12602,1142,2026-08-23,P006,7,112.31,COMPLETED
12603,1062,2026-08-01,P025,1,158.81,COMPLETED
12604,1172,2026-08-12,P022,7,287.88,COMPLETED
12605,1143,2026-08-24,P006,4,13.75,RETURNED
12606,1073,2026-08-16,P001,7,90.99,COMPLETED
12607,1017,2026-08-14,P003,7,55.25,CANCELLED
12608,1191,2026-08-22,P033,2,290.62,COMPLETED
12609,1157,2026-08-26,P013,7,54.87,COMPLETED
12610,1110,2026-08-19,P025,7,168.87,COMPLETED
12611,1020,2026-08-10,P036,6,18.49,COMPLETED
12612,1015,2026-08-18,P015,8,283.95,CANCELLED
12613,1020,2026-08-10,P012,4,198.54,COMPLETED
12614,1170,2026-08-03,P043,5,91.37,CANCELLED
12615,1017,2026-08-04,P021,2,73.91,COMPLETED
12616,1168,2026-08-03,P041,3,49.55,RETURNED
12617,1053,2026-08-08,P002,4,277.69,COMPLETED
12618,1061,2026-08-22,P042,7,29.07,COMPLETED
12619,1178,2026-08-27,P023,8,305.02,CANCELLED
12620,1119,2026-08-08,P024,8,373.88,CANCELLED
12621,1006,2026-08-24,P036,5,325.29,RETURNED
12622,1123,2026-08-10,P009,6,77.57,COMPLETED
12623,1050,2026-08-20,P032,5,374.69,CANCELLED
12624,1050,2026-08-09,P016,5,350.13,COMPLETED
12625,1093,2026-08-19,P010,5,368.65,COMPLETED
12626,1160,2026-08-27,P046,6,168.63,COMPLETED
12627,1088,2026-08-26,P005,3,92.84,COMPLETED
12628,1189,2026-08-03,P013,4,378.67,COMPLETED
12629,1111,2026-08-12,P007,6,268.68,COMPLETED
12630,1055,2026-08-07,P001,4,464.59,COMPLETED
12631,1161,2026-08-14,P015,2,405.49,COMPLETED
12632,1180,2026-08-03,P016,2,338.84,CANCELLED
12633,1108,2026-08-05,P031,4,351.29,RETURNED
12634,1032,2026-08-02,P014,3,373.81,COMPLETED
12635,1039,2026-08-24,P005,3,372.62,COMPLETED
12636,1008,2026-08-03,P037,2,263.11,RETURNED
12637,1150,2026-08-07,P037,1,258.61,COMPLETED
12638,1168,2026-08-08,P005,4,32.89,COMPLETED
12639,1156,2026-08-17,P036,2,318.83,CANCELLED
12640,1195,2026-08-27,P033,1,89.24,COMPLETED
12641,1170,2026-08-18,P047,7,332.00,RETURNED
12642,1069,2026-08-21,P016,2,277.34,COMPLETED
12643,1165,2026-08-25,P034,6,462.20,CANCELLED
12644,1095,2026-08-06,P033,4,442.72,RETURNED
12645,1135,2026-08-01,P050,6,489.55,CANCELLED
12646,1118,2026-08-16,P027,7,255.12,RETURNED
12647,1073,2026-08-16,P027,1,97.41,COMPLETED
12648,1168,2026-08-09,P023,3,464.76,RETURNED
12649,1070,2026-08-17,P002,7,143.18,RETURNED
12650,1038,2026-08-06,P037,8,24.35,COMPLETED
12651,1066,2026-08-26,P010,8,454.54,COMPLETED
12652,1142,2026-08-21,P003,5,281.67,COMPLETED
12653,1148,2026-08-10,P036,8,199.56,COMPLETED
12654,1173,2026-08-27,P039,7,103.21,COMPLETED
12655,1131,2026-08-11,P025,7,184.97,CANCELLED
12656,1200,2026-08-22,P016,2,143.85,COMPLETED
12657,1071,2026-08-18,P021,5,444.90,COMPLETED
12658,1049,2026-08-14,P042,8,287.68,COMPLETED
12659,1089,2026-08-14,P044,4,116.74,CANCELLED
12660,1122,2026-08-02,P023,2,45.12,RETURNED
12661,1181,2026-08-13,P019,7,404.55,COMPLETED
12662,1133,2026-08-22,P043,7,200.60,COMPLETED
12663,1156,2026-08-19,P046,1,267.06,COMPLETED
12664,1012,2026-08-16,P025,2,34.08,COMPLETED
12665,1046,2026-08-04,P011,5,435.73,COMPLETED
12666,1151,2026-08-27,P027,6,448.22,COMPLETED
12667,1091,2026-08-13,P012,6,265.30,COMPLETED
12668,1172,2026-08-25,P020,6,21.22,COMPLETED
12669,1189,2026-08-07,P018,7,19.10,RETURNED
12670,1180,2026-08-17,P046,5,271.57,CANCELLED
12671,1127,2026-08-24,P019,2,271.23,COMPLETED
12672,1134,2026-08-15,P009,6,226.18,CANCELLED
12673,1154,2026-08-21,P045,4,399.99,COMPLETED
12674,1149,2026-08-21,P043,1,456.55,CANCELLED
12675,1091,2026-08-08,P040,1,118.17,COMPLETED
12676,1113,2026-08-15,P017,8,144.73,COMPLETED
12677,1146,2026-08-07,P046,5,467.21,CANCELLED
12678,1008,2026-08-02,P008,6,175.60,COMPLETED
12679,1199,2026-08-07,P019,4,409.57,COMPLETED
12680,1121,2026-08-24,P047,2,491.04,COMPLETED
12681,1160,2026-08-22,P028,8,352.82,COMPLETED
12682,1066,2026-08-04,P002,6,124.85,COMPLETED
12683,1013,2026-08-13,P008,2,414.85,COMPLETED
12684,1039,2026-08-24,P025,6,483.93,COMPLETED
12685,1012,2026-08-06,P029,4,460.75,RETURNED
12686,1132,2026-08-23,P045,6,240.15,RETURNED
12687,1009,2026-08-10,P024,7,79.11,COMPLETED
12688,1023,2026-08-05,P006,1,377.35,RETURNED
12689,1045,2026-08-14,P031,7,438.67,COMPLETED
12690,1012,2026-08-13,P006,4,374.12,RETURNED
12691,1113,2026-08-18,P046,2,148.58,CANCELLED
12692,1020,2026-08-24,P033,5,62.96,COMPLETED
12693,1192,2026-08-15,P007,2,326.90,COMPLETED
12694,1135,2026-08-25,P011,2,299.07,RETURNED
12695,1179,2026-08-18,P015,3,238.77,COMPLETED
12696,1096,2026-08-07,P029,5,221.76,COMPLETED
12697,1195,2026-08-18,P013,7,322.03,COMPLETED
12698,1120,2026-08-09,P019,8,482.95,COMPLETED
12699,1178,2026-08-15,P029,2,162.50,COMPLETED
12700,1191,2026-08-15,P030,5,470.65,RETURNED
12701,1167,2026-08-07,P039,2,439.18,RETURNED
12702,1064,2026-08-01,P013,8,46.31,CANCELLED
12703,1186,2026-08-15,P007,2,345.01,COMPLETED
12704,1196,2026-08-12,P011,5,469.21,COMPLETED
12705,1152,2026-08-15,P029,4,298.66,CANCELLED
12706,1027,2026-08-22,P017,1,142.84,COMPLETED
12707,1102,2026-08-18,P018,7,51.06,COMPLETED
12708,1193,2026-08-05,P003,4,190.26,CANCELLED
12709,1118,2026-08-08,P029,3,446.00,COMPLETED
12710,1185,2026-08-25,P033,6,471.82,COMPLETED
12711,1018,2026-08-02,P001,1,148.54,RETURNED
12712,1134,2026-08-19,P034,8,299.42,COMPLETED
12713,1018,2026-08-15,P044,7,357.89,RETURNED
12714,1100,2026-08-13,P044,7,457.78,CANCELLED
12715,1145,2026-08-19,P048,4,413.11,COMPLETED
12716,1183,2026-08-16,P003,4,200.42,CANCELLED
12717,1146,2026-08-19,P032,1,360.14,RETURNED
12718,1128,2026-08-20,P043,3,408.45,RETURNED
12719,1180,2026-08-17,P016,4,473.82,RETURNED
12720,1194,2026-08-03,P013,1,62.98,CANCELLED
12721,1191,2026-08-05,P013,5,12.68,COMPLETED
12722,1039,2026-08-20,P046,6,397.22,CANCELLED
12723,1065,2026-08-09,P021,7,246.08,CANCELLED
12724,1046,2026-08-23,P010,4,366.41,COMPLETED
12725,1098,2026-08-01,P030,6,159.51,RETURNED
12726,1143,2026-08-17,P001,5,255.42,COMPLETED
12727,1074,2026-08-19,P012,6,138.41,COMPLETED
12728,1146,2026-08-01,P048,3,271.26,COMPLETED
12729,1057,2026-08-08,P043,5,401.02,CANCELLED
12730,1182,2026-08-04,P019,5,433.61,COMPLETED
12731,1063,2026-08-22,P047,1,396.58,CANCELLED
12732,1138,2026-08-06,P036,5,307.70,COMPLETED
12733,1147,2026-08-27,P026,1,393.40,RETURNED
12734,1058,2026-08-25,P034,7,165.09,COMPLETED
12735,1028,2026-08-08,P012,8,164.27,COMPLETED
12736,1082,2026-08-01,P037,8,77.20,RETURNED
12737,1002,2026-08-21,P012,1,171.68,COMPLETED
12738,1010,2026-08-05,P015,5,253.05,COMPLETED
12739,1187,2026-08-21,P013,2,126.04,CANCELLED
12740,1138,2026-08-18,P020,1,39.19,COMPLETED
12741,1038,2026-08-20,P037,7,146.10,COMPLETED
12742,1011,2026-08-18,P029,6,170.04,RETURNED
12743,1195,2026-08-07,P001,3,392.18,COMPLETED
12744,1077,2026-08-23,P018,3,332.46,RETURNED
12745,1099,2026-08-04,P007,4,29.36,COMPLETED
12746,1125,2026-08-17,P004,6,165.70,COMPLETED
12747,1001,2026-08-04,P049,4,209.70,CANCELLED
12748,1028,2026-08-09,P008,2,193.57,RETURNED
12749,1029,2026-08-05,P015,3,93.37,COMPLETED
12750,1007,2026-08-24,P009,6,40.25,COMPLETED
12751,1041,2026-08-06,P047,4,440.25,COMPLETED
12752,1139,2026-08-07,P021,3,463.91,RETURNED
12753,1127,2026-08-04,P015,5,490.71,COMPLETED
12754,1183,2026-08-02,P018,3,77.38,RETURNED
12755,1014,2026-08-03,P045,7,425.59,COMPLETED
12756,1037,2026-08-20,P006,6,119.60,COMPLETED
12757,1077,2026-08-11,P043,8,256.18,COMPLETED
12758,1168,2026-08-27,P016,2,401.22,COMPLETED
12759,1159,2026-08-27,P042,2,358.73,COMPLETED
12760,1147,2026-08-23,P030,2,316.17,RETURNED
12761,1062,2026-08-26,P002,2,247.90,COMPLETED
12762,1071,2026-08-20,P014,2,62.93,COMPLETED
12763,1014,2026-08-27,P006,7,348.52,COMPLETED
12764,1078,2026-08-04,P044,1,470.13,RETURNED
12765,1105,2026-08-17,P017,3,409.42,COMPLETED
12766,1008,2026-08-13,P041,3,327.35,COMPLETED
12767,1181,2026-08-20,P032,4,319.62,COMPLETED
12768,1177,2026-08-14,P043,6,81.09,RETURNED
12769,1164,2026-08-07,P047,8,74.10,COMPLETED
12770,1106,2026-08-02,P045,6,195.58,CANCELLED
12771,1109,2026-08-20,P029,2,441.37,COMPLETED
12772,1158,2026-08-05,P020,8,410.60,COMPLETED
12773,1006,2026-08-23,P023,1,57.49,RETURNED
12774,1052,2026-08-15,P016,3,167.38,COMPLETED
12775,1118,2026-08-10,P043,8,404.86,COMPLETED
12776,1141,2026-08-01,P033,7,282.51,CANCELLED
12777,1148,2026-08-18,P012,7,415.46,COMPLETED
12778,1037,2026-08-23,P035,3,411.42,COMPLETED
12779,1037,2026-08-10,P026,1,141.37,COMPLETED
12780,1134,2026-08-14,P043,7,394.96,COMPLETED
12781,1111,2026-08-11,P048,1,59.14,COMPLETED
12782,1068,2026-08-06,P034,6,400.68,COMPLETED
12783,1075,2026-08-20,P022,1,209.66,RETURNED
12784,1141,2026-08-18,P005,3,356.17,COMPLETED
12785,1191,2026-08-16,P028,1,177.34,COMPLETED
12786,1124,2026-08-20,P010,8,341.83,RETURNED
12787,1132,2026-08-04,P007,3,206.10,COMPLETED
12788,1092,2026-08-27,P015,4,119.18,COMPLETED
12789,1006,2026-08-18,P040,5,410.89,COMPLETED
12790,1167,2026-08-14,P013,8,257.49,COMPLETED
12791,1046,2026-08-04,P050,1,490.82,COMPLETED
12792,1012,2026-08-17,P042,6,346.92,COMPLETED
12793,1135,2026-08-13,P001,5,175.63,COMPLETED
12794,1138,2026-08-09,P023,5,35.38,CANCELLED
12795,1121,2026-08-12,P048,6,48.70,COMPLETED
12796,1198,2026-08-23,P023,4,390.37,COMPLETED
12797,1172,2026-08-09,P041,5,378.65,COMPLETED
12798,1005,2026-08-23,P038,3,379.92,COMPLETED
12799,1155,2026-08-09,P006,6,188.98,COMPLETED
12800,1026,2026-08-25,P029,4,45.46,RETURNED
12801,1034,2026-08-10,P012,5,452.81,RETURNED
12802,1147,2026-08-08,P022,3,315.78,RETURNED
12803,1154,2026-08-15,P027,5,86.09,COMPLETED
12804,1083,2026-08-01,P042,5,311.41,COMPLETED
12805,1137,2026-08-01,P042,5,486.50,CANCELLED
12806,1112,2026-08-23,P013,5,42.90,RETURNED
12807,1017,2026-08-18,P001,3,258.06,COMPLETED
12808,1043,2026-08-24,P007,3,180.39,COMPLETED
12809,1063,2026-08-17,P007,5,196.76,COMPLETED
12810,1095,2026-08-14,P025,7,190.90,COMPLETED
12811,1001,2026-08-21,P004,7,435.24,COMPLETED
12812,1149,2026-08-27,P003,4,109.23,COMPLETED
12813,1004,2026-08-12,P030,7,412.78,COMPLETED
12814,1146,2026-08-27,P019,6,361.93,COMPLETED
12815,1114,2026-08-09,P014,7,488.10,COMPLETED
12816,1050,2026-08-20,P047,3,348.17,RETURNED
12817,1122,2026-08-13,P030,3,190.59,COMPLETED
12818,1032,2026-08-23,P028,2,331.80,COMPLETED
12819,1119,2026-08-14,P026,7,378.11,COMPLETED
12820,1099,2026-08-01,P023,7,114.19,COMPLETED
12821,1030,2026-08-17,P006,7,66.13,COMPLETED
12822,1100,2026-08-14,P039,7,235.20,COMPLETED
12823,1150,2026-08-20,P042,3,147.54,CANCELLED
12824,1052,2026-08-05,P028,4,162.49,RETURNED
12825,1107,2026-08-06,P012,6,50.92,RETURNED
12826,1073,2026-08-07,P029,8,303.26,CANCELLED
12827,1189,2026-08-21,P014,5,43.91,COMPLETED
12828,1015,2026-08-23,P008,4,213.21,COMPLETED
12829,1198,2026-08-16,P044,7,244.15,COMPLETED
12830,1086,2026-08-12,P003,4,148.55,COMPLETED
12831,1190,2026-08-11,P043,2,219.82,COMPLETED
12832,1101,2026-08-10,P007,1,317.55,RETURNED
12833,1127,2026-08-10,P025,7,157.74,COMPLETED
12834,1101,2026-08-17,P020,6,429.33,CANCELLED
12835,1097,2026-08-26,P013,1,109.82,COMPLETED
12836,1111,2026-08-10,P026,3,273.30,COMPLETED
12837,1160,2026-08-05,P041,8,58.26,COMPLETED
12838,1100,2026-08-03,P048,8,119.62,COMPLETED
12839,1156,2026-08-14,P004,7,233.95,CANCELLED
12840,1041,2026-08-22,P032,1,466.43,CANCELLED
12841,1171,2026-08-25,P013,3,464.27,CANCELLED
12842,1067,2026-08-12,P030,8,211.95,CANCELLED
12843,1191,2026-08-14,P031,6,349.51,COMPLETED
12844,1041,2026-08-14,P011,5,23.73,CANCELLED
12845,1066,2026-08-04,P038,3,410.67,COMPLETED
12846,1045,2026-08-27,P018,6,366.23,COMPLETED
12847,1070,2026-08-20,P035,2,233.15,COMPLETED
12848,1135,2026-08-14,P041,2,157.61,COMPLETED
12849,1123,2026-08-01,P033,6,459.96,COMPLETED
12850,1164,2026-08-18,P049,4,109.78,COMPLETED
12851,1062,2026-08-16,P048,1,118.33,COMPLETED
12852,1124,2026-08-12,P001,7,384.46,COMPLETED
12853,1172,2026-08-07,P003,4,327.21,RETURNED
12854,1138,2026-08-25,P013,6,52.46,RETURNED
12855,1146,2026-08-22,P026,7,38.18,COMPLETED
12856,1147,2026-08-10,P006,6,214.18,COMPLETED
12857,1139,2026-08-02,P038,4,16.59,CANCELLED
12858,1178,2026-08-12,P042,7,114.33,COMPLETED
12859,1198,2026-08-09,P018,1,405.38,COMPLETED
12860,1163,2026-08-13,P042,2,204.05,COMPLETED
12861,1084,2026-08-07,P019,1,204.71,RETURNED
12862,1108,2026-08-12,P006,4,290.97,COMPLETED
12863,1002,2026-08-10,P021,1,262.34,CANCELLED
12864,1182,2026-08-09,P017,8,186.51,COMPLETED
12865,1063,2026-08-06,P033,5,383.96,CANCELLED
12866,1154,2026-08-03,P049,4,273.85,COMPLETED
12867,1073,2026-08-15,P049,4,175.78,COMPLETED
12868,1139,2026-08-22,P048,5,174.96,RETURNED
12869,1113,2026-08-01,P013,6,431.18,COMPLETED
12870,1020,2026-08-04,P050,6,74.79,COMPLETED
12871,1114,2026-08-23,P041,6,398.69,RETURNED
12872,1164,2026-08-06,P026,5,190.20,CANCELLED
12873,1092,2026-08-08,P008,7,114.99,COMPLETED
12874,1113,2026-08-17,P040,2,211.49,RETURNED
12875,1118,2026-08-14,P016,4,440.77,COMPLETED
12876,1144,2026-08-25,P023,4,497.00,CANCELLED
12877,1196,2026-08-18,P041,4,203.29,COMPLETED
12878,1162,2026-08-15,P004,1,368.50,COMPLETED
12879,1063,2026-08-11,P018,1,422.33,COMPLETED
12880,1046,2026-08-04,P013,7,85.25,COMPLETED
12881,1062,2026-08-13,P017,3,70.65,COMPLETED
12882,1023,2026-08-08,P050,6,479.74,COMPLETED
12883,1158,2026-08-01,P009,6,248.83,COMPLETED
12884,1130,2026-08-08,P012,7,11.28,RETURNED
12885,1171,2026-08-20,P043,8,385.59,RETURNED
12886,1065,2026-08-15,P024,1,79.59,CANCELLED
12887,1060,2026-08-10,P008,6,441.55,COMPLETED
12888,1180,2026-08-16,P004,7,323.22,CANCELLED
12889,1173,2026-08-01,P037,1,385.17,CANCELLED
12890,1068,2026-08-02,P015,7,237.79,COMPLETED
12891,1168,2026-08-26,P032,4,146.10,COMPLETED
12892,1093,2026-08-14,P042,2,470.71,CANCELLED
12893,1105,2026-08-07,P044,4,200.77,COMPLETED
12894,1176,2026-08-01,P011,2,423.56,COMPLETED
12895,1059,2026-08-03,P026,3,103.07,CANCELLED
12896,1113,2026-08-06,P015,7,256.83,COMPLETED
12897,1011,2026-08-18,P013,2,211.43,COMPLETED
12898,1070,2026-08-01,P009,4,365.03,COMPLETED
12899,1157,2026-08-13,P022,3,258.73,RETURNED
12900,1075,2026-08-24,P036,1,144.53,COMPLETED
12901,1169,2026-08-27,P028,2,317.96,RETURNED
12902,1019,2026-08-24,P005,4,296.51,COMPLETED
12903,1127,2026-08-26,P036,4,320.24,COMPLETED
12904,1191,2026-08-17,P044,8,124.52,COMPLETED
12905,1124,2026-08-13,P028,7,468.95,CANCELLED
12906,1014,2026-08-17,P002,3,311.71,CANCELLED
12907,1130,2026-08-07,P029,8,17.16,CANCELLED
12908,1069,2026-08-10,P015,7,426.01,RETURNED
12909,1133,2026-08-22,P011,6,18.26,COMPLETED
12910,1069,2026-08-22,P048,8,25.00,COMPLETED
12911,1143,2026-08-25,P016,6,134.32,COMPLETED
12912,1045,2026-08-21,P007,8,318.05,COMPLETED
12913,1140,2026-08-19,P003,5,124.37,COMPLETED
12914,1117,2026-08-25,P038,5,346.16,COMPLETED
12915,1031,2026-08-24,P034,4,13.23,CANCELLED
12916,1008,2026-08-27,P050,1,456.06,CANCELLED
12917,1059,2026-08-12,P043,4,499.88,RETURNED
12918,1116,2026-08-18,P049,6,385.57,CANCELLED
12919,1194,2026-08-26,P046,1,478.87,COMPLETED
12920,1132,2026-08-06,P016,8,29.51,RETURNED
12921,1135,2026-08-14,P041,6,152.93,RETURNED
12922,1056,2026-08-10,P049,4,344.13,RETURNED
12923,1094,2026-08-21,P014,1,458.32,CANCELLED
12924,1162,2026-08-08,P006,5,227.42,CANCELLED
12925,1199,2026-08-16,P029,1,136.26,RETURNED
12926,1180,2026-08-02,P020,6,318.79,COMPLETED
12927,1095,2026-08-12,P033,3,297.01,COMPLETED
12928,1002,2026-08-09,P036,2,150.63,CANCELLED
12929,1025,2026-08-09,P042,6,290.19,RETURNED
12930,1183,2026-08-19,P003,4,57.90,COMPLETED
12931,1134,2026-08-17,P026,8,200.53,RETURNED
12932,1017,2026-08-24,P036,5,403.41,COMPLETED
12933,1128,2026-08-03,P005,7,167.93,COMPLETED
12934,1173,2026-08-04,P029,8,451.18,COMPLETED
12935,1103,2026-08-25,P027,2,24.66,COMPLETED
12936,1071,2026-08-05,P028,7,453.13,COMPLETED
12937,1088,2026-08-02,P049,3,470.06,CANCELLED
12938,1060,2026-08-18,P022,7,175.13,CANCELLED
12939,1118,2026-08-18,P014,7,215.35,CANCELLED
12940,1038,2026-08-27,P007,1,117.27,COMPLETED
12941,1144,2026-08-21,P028,3,145.87,COMPLETED
12942,1148,2026-08-12,P033,5,246.42,COMPLETED
12943,1090,2026-08-09,P005,2,276.96,RETURNED
12944,1177,2026-08-20,P011,7,261.22,CANCELLED
12945,1137,2026-08-24,P038,7,471.44,COMPLETED
12946,1125,2026-08-17,P008,3,458.81,COMPLETED
12947,1043,2026-08-12,P013,7,15.52,COMPLETED
12948,1182,2026-08-23,P016,1,145.45,COMPLETED
12949,1049,2026-08-16,P045,3,73.16,CANCELLED
12950,1035,2026-08-11,P023,2,60.28,RETURNED
12951,1129,2026-08-13,P024,8,471.26,COMPLETED
12952,1114,2026-08-04,P029,5,338.19,CANCELLED
12953,1030,2026-08-27,P045,2,198.08,COMPLETED
12954,1153,2026-08-20,P026,4,266.57,COMPLETED
12955,1101,2026-08-21,P050,8,260.61,COMPLETED
12956,1143,2026-08-03,P015,2,287.34,COMPLETED
12957,1034,2026-08-25,P028,5,27.97,COMPLETED
12958,1143,2026-08-22,P047,4,173.11,RETURNED
12959,1164,2026-08-24,P014,8,148.23,COMPLETED
12960,1198,2026-08-21,P033,5,39.78,COMPLETED
12961,1001,2026-08-25,P020,5,87.98,RETURNED
12962,1158,2026-08-25,P012,6,317.98,RETURNED
12963,1172,2026-08-16,P022,7,463.77,CANCELLED
12964,1134,2026-08-15,P027,6,121.48,CANCELLED
12965,1088,2026-08-18,P042,2,162.82,COMPLETED
12966,1023,2026-08-25,P013,3,339.50,COMPLETED
12967,1045,2026-08-16,P026,4,102.17,COMPLETED
12968,1154,2026-08-27,P041,1,265.02,COMPLETED
12969,1016,2026-08-10,P050,5,285.40,COMPLETED
12970,1120,2026-08-01,P015,5,78.83,COMPLETED
12971,1033,2026-08-20,P006,2,290.14,COMPLETED
12972,1066,2026-08-16,P046,7,410.39,COMPLETED
12973,1111,2026-08-23,P006,3,286.16,COMPLETED
12974,1131,2026-08-01,P029,6,82.62,COMPLETED
12975,1097,2026-08-02,P011,2,291.69,COMPLETED
12976,1017,2026-08-14,P041,6,84.57,COMPLETED
12977,1065,2026-08-05,P019,6,208.69,COMPLETED
12978,1157,2026-08-15,P010,7,402.00,COMPLETED
12979,1067,2026-08-14,P024,7,462.51,CANCELLED
12980,1014,2026-08-21,P013,7,393.45,CANCELLED
12981,1014,2026-08-02,P037,8,33.03,COMPLETED
12982,1091,2026-08-23,P015,6,246.95,RETURNED
12983,1199,2026-08-17,P045,3,491.84,CANCELLED
12984,1118,2026-08-18,P006,5,347.01,COMPLETED
12985,1177,2026-08-16,P036,2,422.89,COMPLETED
12986,1177,2026-08-23,P005,7,312.70,CANCELLED
12987,1125,2026-08-27,P022,2,255.60,RETURNED
12988,1151,2026-08-25,P008,2,186.12,RETURNED
12989,1155,2026-08-21,P014,7,78.11,CANCELLED
12990,1166,2026-08-17,P030,5,37.94,COMPLETED
12991,1089,2026-08-19,P026,6,243.64,COMPLETED
12992,1013,2026-08-25,P002,2,14.69,COMPLETED
12993,1194,2026-08-16,P019,2,396.53,COMPLETED
12994,1133,2026-08-14,P022,6,448.92,RETURNED
12995,1114,2026-08-02,P001,1,104.91,RETURNED
12996,1078,2026-08-14,P028,2,463.86,COMPLETED
12997,1118,2026-08-19,P041,2,36.50,COMPLETED
12998,1130,2026-08-06,P013,4,240.72,CANCELLED
12999,1061,2026-08-21,P008,7,77.56,COMPLETED
13000,1038,2026-08-16,P026,1,499.76,COMPLETED
13001,1181,2026-08-24,P045,6,442.76,COMPLETED
13002,1151,2026-08-20,P011,3,207.44,COMPLETED
13003,1025,2026-08-13,P015,3,35.58,COMPLETED
13004,1131,2026-08-05,P032,2,133.22,CANCELLED
13005,1152,2026-08-08,P033,1,82.14,CANCELLED
13006,1005,2026-08-05,P013,2,49.72,COMPLETED
13007,1140,2026-08-19,P022,7,346.92,COMPLETED
13008,1090,2026-08-12,P033,2,104.01,COMPLETED
13009,1188,2026-08-22,P019,7,132.32,CANCELLED
13010,1176,2026-08-17,P040,3,155.54,COMPLETED
13011,1186,2026-08-20,P014,8,271.55,COMPLETED
13012,1039,2026-08-19,P013,2,396.17,COMPLETED
13013,1058,2026-08-18,P040,3,325.11,COMPLETED
13014,1024,2026-08-23,P050,8,166.62,COMPLETED
13015,1082,2026-08-17,P019,8,34.28,COMPLETED
13016,1125,2026-08-01,P021,6,347.70,COMPLETED
13017,1029,2026-08-07,P013,3,154.53,CANCELLED
13018,1009,2026-08-27,P011,1,408.10,COMPLETED
13019,1027,2026-08-19,P001,2,145.94,CANCELLED
13020,1118,2026-08-04,P033,8,410.98,RETURNED
13021,1190,2026-08-14,P014,8,377.92,CANCELLED
13022,1199,2026-08-01,P021,1,145.22,COMPLETED
13023,1036,2026-08-11,P032,8,307.24,COMPLETED
13024,1054,2026-08-08,P011,8,115.16,CANCELLED
13025,1038,2026-08-23,P017,6,108.55,COMPLETED
13026,1031,2026-08-09,P011,8,364.58,COMPLETED
13027,1075,2026-08-13,P042,6,468.49,COMPLETED
13028,1012,2026-08-14,P004,3,463.02,RETURNED
13029,1184,2026-08-04,P033,3,495.71,COMPLETED
13030,1014,2026-08-08,P009,5,374.79,RETURNED
13031,1148,2026-08-16,P023,1,258.92,COMPLETED
13032,1112,2026-08-17,P043,8,20.81,COMPLETED
13033,1127,2026-08-02,P018,2,110.61,RETURNED
13034,1143,2026-08-19,P009,7,418.32,CANCELLED
13035,1098,2026-08-27,P039,4,453.52,COMPLETED
13036,1085,2026-08-09,P047,7,43.93,RETURNED
13037,1006,2026-08-21,P019,4,64.72,COMPLETED
13038,1007,2026-08-25,P021,8,308.47,COMPLETED
13039,1086,2026-08-26,P038,6,394.28,COMPLETED
13040,1016,2026-08-20,P016,1,210.48,COMPLETED
13041,1003,2026-08-14,P025,3,236.04,COMPLETED
13042,1198,2026-08-01,P039,6,29.40,COMPLETED
13043,1159,2026-08-16,P041,2,486.93,COMPLETED
13044,1025,2026-08-08,P030,8,83.15,CANCELLED
13045,1158,2026-08-24,P036,5,12.98,RETURNED
13046,1094,2026-08-10,P043,8,292.95,COMPLETED
13047,1075,2026-08-03,P021,2,187.64,COMPLETED
13048,1063,2026-08-14,P045,5,115.13,RETURNED
13049,1061,2026-08-17,P025,3,264.58,CANCELLED
13050,1065,2026-08-01,P007,1,300.63,RETURNED
13051,1036,2026-08-18,P050,7,280.21,RETURNED
13052,1126,2026-08-22,P007,8,367.84,RETURNED
13053,1163,2026-08-22,P050,8,413.26,COMPLETED
13054,1089,2026-08-02,P031,8,177.08,RETURNED
13055,1142,2026-08-14,P017,2,195.98,COMPLETED
13056,1010,2026-08-24,P047,4,419.48,RETURNED
13057,1105,2026-08-07,P019,3,90.41,CANCELLED
13058,1110,2026-08-06,P032,1,215.82,COMPLETED
13059,1022,2026-08-20,P038,4,214.20,COMPLETED
13060,1008,2026-08-23,P012,2,364.55,RETURNED
13061,1052,2026-08-23,P047,3,302.39,RETURNED
13062,1080,2026-08-22,P049,1,96.55,RETURNED
13063,1197,2026-08-21,P036,3,418.32,COMPLETED
13064,1161,2026-08-08,P011,2,179.78,COMPLETED
13065,1135,2026-08-24,P006,7,164.55,CANCELLED
13066,1166,2026-08-15,P042,3,294.97,COMPLETED
13067,1109,2026-08-12,P015,8,270.31,CANCELLED
13068,1005,2026-08-17,P021,2,72.45,COMPLETED
13069,1013,2026-08-05,P003,6,77.81,COMPLETED
13070,1028,2026-08-21,P012,2,274.33,COMPLETED
13071,1135,2026-08-01,P036,8,114.10,COMPLETED
13072,1043,2026-08-27,P006,2,318.53,COMPLETED
13073,1194,2026-08-09,P044,4,375.73,CANCELLED
13074,1025,2026-08-12,P004,3,475.38,COMPLETED
13075,1070,2026-08-02,P022,8,403.29,COMPLETED
13076,1009,2026-08-02,P038,6,354.90,RETURNED
13077,1186,2026-08-03,P030,2,307.81,COMPLETED
13078,1096,2026-08-11,P041,1,260.22,COMPLETED
13079,1083,2026-08-03,P002,2,420.18,COMPLETED
13080,1186,2026-08-04,P022,3,414.88,COMPLETED
13081,1043,2026-08-27,P033,2,65.63,CANCELLED
13082,1134,2026-08-25,P012,6,39.39,CANCELLED
13083,1015,2026-08-15,P038,1,105.61,CANCELLED
13084,1151,2026-08-08,P007,1,225.02,COMPLETED
13085,1028,2026-08-20,P039,4,251.50,COMPLETED
13086,1078,2026-08-02,P008,5,191.24,COMPLETED
13087,1082,2026-08-13,P049,2,395.95,CANCELLED
13088,1143,2026-08-03,P015,1,287.35,COMPLETED
13089,1153,2026-08-18,P005,4,176.26,COMPLETED
13090,1107,2026-08-15,P048,6,439.19,COMPLETED
13091,1159,2026-08-10,P048,8,310.91,COMPLETED
13092,1175,2026-08-12,P013,3,384.87,COMPLETED
13093,1199,2026-08-16,P049,6,16.62,RETURNED
13094,1092,2026-08-03,P047,8,279.82,CANCELLED
13095,1070,2026-08-07,P003,7,465.73,COMPLETED
13096,1019,2026-08-17,P007,6,257.94,RETURNED
13097,1022,2026-08-12,P031,6,230.60,COMPLETED
13098,1110,2026-08-15,P028,8,186.81,COMPLETED
13099,1182,2026-08-15,P025,2,38.59,COMPLETED
13100,1195,2026-08-02,P003,5,94.55,COMPLETED
13101,1181,2026-08-01,P047,8,111.31,COMPLETED
13102,1129,2026-08-08,P005,7,269.18,COMPLETED
13103,1003,2026-08-20,P047,8,272.82,CANCELLED
13104,1110,2026-08-21,P039,7,446.08,COMPLETED
13105,1183,2026-08-02,P030,6,130.23,COMPLETED
13106,1077,2026-08-11,P034,1,375.77,COMPLETED
13107,1061,2026-08-09,P049,5,463.96,RETURNED
13108,1155,2026-08-09,P011,5,211.25,CANCELLED
13109,1056,2026-08-13,P039,3,212.89,COMPLETED
13110,1059,2026-08-04,P035,2,360.14,COMPLETED
13111,1158,2026-08-07,P042,5,457.92,COMPLETED
13112,1047,2026-08-03,P037,6,458.84,RETURNED
13113,1174,2026-08-06,P030,8,235.96,COMPLETED
13114,1155,2026-08-07,P042,6,271.36,CANCELLED
13115,1021,2026-08-04,P014,7,21.43,COMPLETED
13116,1173,2026-08-04,P041,4,412.79,CANCELLED
13117,1139,2026-08-17,P031,8,43.07,RETURNED
13118,1135,2026-08-26,P042,8,336.31,RETURNED
13119,1015,2026-08-06,P050,4,38.63,CANCELLED
13120,1142,2026-08-16,P020,3,411.40,COMPLETED
13121,1002,2026-08-27,P027,1,306.99,COMPLETED
13122,1198,2026-08-21,P018,6,22.72,CANCELLED
13123,1001,2026-08-23,P022,7,336.66,COMPLETED
13124,1047,2026-08-14,P024,1,468.75,COMPLETED
13125,1134,2026-08-24,P050,3,432.21,RETURNED
13126,1144,2026-08-15,P017,4,235.43,COMPLETED
13127,1030,2026-08-15,P038,1,138.91,COMPLETED
13128,1106,2026-08-06,P044,5,412.83,COMPLETED
13129,1049,2026-08-16,P032,8,499.39,RETURNED
13130,1009,2026-08-21,P037,8,383.00,COMPLETED
13131,1050,2026-08-11,P049,4,406.84,COMPLETED
13132,1135,2026-08-04,P028,3,171.56,COMPLETED
13133,1096,2026-08-15,P048,1,136.60,COMPLETED
13134,1064,2026-08-02,P050,3,110.04,CANCELLED
13135,1126,2026-08-25,P008,5,357.61,COMPLETED
13136,1122,2026-08-13,P007,6,35.37,COMPLETED
13137,1066,2026-08-24,P036,1,15.23,RETURNED
13138,1038,2026-08-08,P004,3,223.73,COMPLETED
13139,1028,2026-08-05,P021,1,80.78,COMPLETED
13140,1169,2026-08-13,P044,3,33.52,CANCELLED
13141,1183,2026-08-22,P032,8,290.56,COMPLETED
13142,1194,2026-08-22,P033,8,60.95,CANCELLED
13143,1005,2026-08-20,P002,8,78.94,CANCELLED
13144,1088,2026-08-20,P033,8,129.90,CANCELLED
13145,1038,2026-08-26,P043,5,298.83,COMPLETED
13146,1003,2026-08-04,P041,6,63.11,RETURNED
13147,1021,2026-08-03,P015,8,261.16,COMPLETED
13148,1016,2026-08-15,P038,2,454.14,COMPLETED
13149,1029,2026-08-23,P031,7,218.39,CANCELLED
13150,1131,2026-08-12,P016,2,267.65,CANCELLED
13151,1108,2026-08-27,P005,7,489.05,CANCELLED
13152,1088,2026-08-03,P045,3,476.51,COMPLETED
13153,1147,2026-08-15,P013,6,275.01,RETURNED
13154,1041,2026-08-04,P027,8,478.76,COMPLETED
13155,1170,2026-08-02,P018,4,142.16,COMPLETED
13156,1133,2026-08-07,P034,5,40.10,COMPLETED
13157,1022,2026-08-23,P004,6,300.86,RETURNED
13158,1081,2026-08-15,P028,8,63.05,CANCELLED
13159,1149,2026-08-24,P001,4,163.59,COMPLETED
13160,1195,2026-08-27,P034,2,274.09,COMPLETED
13161,1188,2026-08-06,P014,1,14.67,RETURNED
13162,1075,2026-08-24,P015,7,171.18,CANCELLED
13163,1101,2026-08-01,P039,2,70.04,RETURNED
13164,1035,2026-08-06,P017,8,327.60,RETURNED
13165,1157,2026-08-15,P050,7,54.14,COMPLETED
13166,1175,2026-08-10,P025,8,242.39,COMPLETED
13167,1183,2026-08-04,P040,4,59.91,RETURNED
13168,1051,2026-08-14,P006,3,137.92,COMPLETED
13169,1036,2026-08-11,P050,8,62.05,CANCELLED
13170,1117,2026-08-11,P008,3,98.37,COMPLETED
13171,1112,2026-08-13,P023,5,210.51,CANCELLED
13172,1048,2026-08-12,P041,5,25.93,RETURNED
13173,1114,2026-08-03,P018,1,115.36,RETURNED
13174,1093,2026-08-15,P027,4,217.91,CANCELLED
13175,1180,2026-08-03,P011,3,413.47,COMPLETED
13176,1078,2026-08-20,P005,8,221.97,COMPLETED
13177,1191,2026-08-12,P043,8,416.25,COMPLETED
13178,1017,2026-08-04,P045,4,479.33,RETURNED
13179,1097,2026-08-03,P034,4,295.50,COMPLETED
13180,1129,2026-08-26,P011,1,92.72,RETURNED
13181,1046,2026-08-15,P012,7,248.01,COMPLETED
13182,1165,2026-08-16,P005,2,387.36,COMPLETED
13183,1183,2026-08-12,P015,1,408.62,COMPLETED
13184,1152,2026-08-14,P019,7,264.48,RETURNED
13185,1053,2026-08-10,P028,3,252.34,CANCELLED
13186,1049,2026-08-16,P011,5,155.22,COMPLETED
13187,1147,2026-08-11,P022,8,66.02,COMPLETED
13188,1122,2026-08-09,P011,7,274.63,CANCELLED
13189,1018,2026-08-22,P047,7,30.81,COMPLETED
13190,1029,2026-08-18,P032,2,244.30,COMPLETED
13191,1048,2026-08-13,P042,5,143.13,RETURNED
13192,1045,2026-08-07,P018,7,114.46,CANCELLED
13193,1150,2026-08-02,P044,1,162.04,COMPLETED
13194,1121,2026-08-11,P008,5,495.71,COMPLETED
13195,1023,2026-08-02,P025,1,226.09,RETURNED
13196,1144,2026-08-02,P012,1,196.51,COMPLETED
13197,1154,2026-08-05,P031,4,313.15,CANCELLED
13198,1051,2026-08-13,P009,8,484.15,RETURNED
13199,1142,2026-08-19,P031,4,292.99,COMPLETED
13200,1136,2026-08-20,P020,1,187.65,COMPLETED
13201,1071,2026-08-19,P027,5,261.24,COMPLETED
13202,1136,2026-08-22,P034,2,42.70,COMPLETED
13203,1103,2026-08-27,P029,4,365.44,COMPLETED
13204,1193,2026-08-23,P028,1,217.10,RETURNED
13205,1131,2026-08-07,P005,5,250.30,COMPLETED
13206,1002,2026-08-25,P044,7,130.22,CANCELLED
13207,1010,2026-08-06,P036,2,285.41,COMPLETED
13208,1064,2026-08-05,P020,7,41.79,COMPLETED
13209,1157,2026-08-11,P033,5,200.98,COMPLETED
13210,1122,2026-08-20,P023,1,380.10,COMPLETED
13211,1003,2026-08-27,P005,5,40.00,CANCELLED
13212,1152,2026-08-12,P043,6,22.04,COMPLETED
13213,1074,2026-08-11,P006,8,278.62,COMPLETED
13214,1188,2026-08-16,P024,8,21.71,COMPLETED
13215,1035,2026-08-07,P043,8,302.76,RETURNED
13216,1040,2026-08-08,P016,3,301.16,RETURNED
13217,1021,2026-08-22,P042,2,369.54,RETURNED
13218,1012,2026-08-16,P004,5,446.54,CANCELLED
13219,1099,2026-08-09,P011,4,379.34,RETURNED
13220,1058,2026-08-24,P043,5,113.87,CANCELLED
13221,1162,2026-08-13,P014,1,479.00,COMPLETED
13222,1152,2026-08-13,P018,8,483.42,COMPLETED
13223,1045,2026-08-05,P009,5,411.29,COMPLETED
13224,1039,2026-08-14,P033,5,466.79,COMPLETED
13225,1192,2026-08-21,P016,4,117.45,COMPLETED
13226,1176,2026-08-21,P044,7,31.56,COMPLETED
13227,1115,2026-08-06,P022,3,83.48,CANCELLED
13228,1091,2026-08-04,P034,8,328.71,COMPLETED
13229,1019,2026-08-10,P030,5,339.02,COMPLETED
13230,1132,2026-08-01,P049,2,368.11,COMPLETED
13231,1169,2026-08-23,P010,3,151.60,COMPLETED
13232,1058,2026-08-04,P023,3,303.78,RETURNED
13233,1132,2026-08-16,P045,6,88.86,RETURNED
13234,1159,2026-08-08,P015,3,25.26,RETURNED
13235,1010,2026-08-16,P002,5,312.73,RETURNED
13236,1113,2026-08-06,P035,4,209.68,COMPLETED
13237,1090,2026-08-27,P022,2,145.04,COMPLETED
13238,1188,2026-08-25,P020,5,149.22,COMPLETED
13239,1126,2026-08-26,P010,8,461.49,CANCELLED
13240,1060,2026-08-18,P014,4,90.15,COMPLETED
13241,1173,2026-08-18,P023,4,109.38,COMPLETED
13242,1057,2026-08-23,P032,8,322.58,RETURNED
13243,1153,2026-08-11,P013,2,123.61,COMPLETED
13244,1030,2026-08-04,P010,7,171.65,CANCELLED
13245,1178,2026-08-09,P048,6,469.63,RETURNED
13246,1114,2026-08-13,P003,8,456.09,COMPLETED
13247,1123,2026-08-16,P006,2,412.33,COMPLETED
13248,1058,2026-08-20,P015,2,329.59,COMPLETED
13249,1198,2026-08-08,P041,6,203.78,COMPLETED
13250,1086,2026-08-11,P049,1,69.97,RETURNED
13251,1015,2026-08-10,P046,2,382.82,COMPLETED
13252,1060,2026-08-24,P029,5,50.75,COMPLETED
13253,1170,2026-08-27,P041,3,21.58,COMPLETED
13254,1117,2026-08-05,P015,1,50.68,RETURNED
13255,1199,2026-08-06,P003,3,319.06,CANCELLED
13256,1143,2026-08-18,P045,7,318.44,CANCELLED
13257,1124,2026-08-14,P002,4,10.36,RETURNED
13258,1140,2026-08-20,P035,7,405.27,CANCELLED
13259,1192,2026-08-26,P040,4,461.96,RETURNED
13260,1144,2026-08-15,P007,6,477.52,RETURNED
13261,1021,2026-08-06,P006,6,291.34,COMPLETED
13262,1054,2026-08-05,P034,5,295.11,COMPLETED
13263,1063,2026-08-11,P010,1,409.61,CANCELLED
13264,1185,2026-08-12,P025,4,72.97,RETURNED
13265,1176,2026-08-10,P043,7,103.65,COMPLETED
13266,1186,2026-08-02,P049,2,423.45,COMPLETED
13267,1052,2026-08-13,P011,6,392.39,COMPLETED
13268,1156,2026-08-20,P005,7,457.64,COMPLETED
13269,1175,2026-08-22,P049,7,196.28,COMPLETED
13270,1192,2026-08-03,P025,6,55.64,COMPLETED
13271,1086,2026-08-27,P039,5,462.94,COMPLETED
13272,1153,2026-08-07,P031,7,390.72,RETURNED
13273,1014,2026-08-05,P034,7,296.50,COMPLETED
13274,1051,2026-08-01,P012,5,233.11,COMPLETED
13275,1136,2026-08-14,P033,1,374.00,RETURNED
13276,1021,2026-08-10,P013,4,457.21,COMPLETED
13277,1006,2026-08-20,P024,8,130.13,COMPLETED
13278,1042,2026-08-18,P040,4,59.41,COMPLETED
13279,1038,2026-08-10,P016,5,89.03,CANCELLED
13280,1022,2026-08-04,P002,7,26.30,RETURNED
13281,1144,2026-08-16,P040,3,375.59,COMPLETED
13282,1192,2026-08-23,P041,3,43.60,COMPLETED
13283,1194,2026-08-02,P007,2,483.76,COMPLETED
13284,1154,2026-08-14,P032,1,427.16,RETURNED
13285,1073,2026-08-10,P044,8,341.39,COMPLETED
13286,1173,2026-08-23,P030,1,294.99,CANCELLED
13287,1009,2026-08-14,P004,4,60.25,RETURNED
13288,1153,2026-08-10,P047,6,108.56,COMPLETED
13289,1099,2026-08-05,P021,3,458.25,COMPLETED
13290,1124,2026-08-06,P050,8,48.95,COMPLETED
13291,1097,2026-08-21,P010,6,16.35,COMPLETED
13292,1118,2026-08-08,P024,3,488.21,COMPLETED
13293,1067,2026-08-19,P033,5,454.59,COMPLETED
13294,1200,2026-08-03,P043,8,467.65,COMPLETED
13295,1003,2026-08-24,P005,4,496.29,CANCELLED
13296,1122,2026-08-03,P048,7,360.27,CANCELLED
13297,1052,2026-08-08,P030,1,463.99,COMPLETED
13298,1140,2026-08-05,P017,6,245.71,RETURNED
13299,1031,2026-08-08,P029,7,112.18,COMPLETED
13300,1158,2026-08-04,P036,4,395.98,RETURNED
13301,1083,2026-08-04,P029,1,80.36,RETURNED
13302,1173,2026-08-17,P014,3,94.92,COMPLETED
13303,1035,2026-08-22,P014,6,269.59,COMPLETED
13304,1075,2026-08-05,P049,3,121.57,COMPLETED
13305,1005,2026-08-05,P008,7,158.03,COMPLETED
13306,1037,2026-08-21,P013,5,476.98,COMPLETED
13307,1087,2026-08-12,P049,7,413.01,CANCELLED
13308,1196,2026-08-15,P026,7,16.16,COMPLETED
13309,1032,2026-08-21,P032,3,185.01,COMPLETED
13310,1008,2026-08-08,P035,5,94.51,COMPLETED
13311,1146,2026-08-08,P002,4,352.06,COMPLETED
13312,1106,2026-08-23,P017,2,223.28,CANCELLED
13313,1039,2026-08-14,P026,1,385.16,RETURNED
13314,1089,2026-08-16,P008,5,374.00,COMPLETED
13315,1183,2026-08-15,P045,7,335.09,CANCELLED
13316,1176,2026-08-04,P025,3,147.36,RETURNED
13317,1078,2026-08-11,P028,8,195.24,RETURNED
13318,1174,2026-08-06,P041,7,190.13,COMPLETED
13319,1117,2026-08-06,P045,3,241.84,COMPLETED
13320,1140,2026-08-14,P012,5,496.78,COMPLETED
13321,1120,2026-08-23,P025,5,403.67,COMPLETED
13322,1172,2026-08-10,P036,5,407.59,COMPLETED
13323,1126,2026-08-02,P043,1,63.45,CANCELLED
13324,1041,2026-08-17,P047,4,187.40,RETURNED
13325,1173,2026-08-03,P017,4,247.68,COMPLETED
13326,1108,2026-08-25,P048,1,474.77,COMPLETED
13327,1168,2026-08-08,P032,6,87.61,COMPLETED
13328,1127,2026-08-11,P030,8,75.91,RETURNED
13329,1013,2026-08-18,P010,4,444.79,COMPLETED
13330,1052,2026-08-07,P004,1,141.55,CANCELLED
13331,1164,2026-08-15,P006,1,363.92,COMPLETED
13332,1047,2026-08-03,P016,6,441.97,RETURNED
13333,1146,2026-08-18,P040,5,40.54,COMPLETED
13334,1110,2026-08-12,P011,6,14.80,CANCELLED
13335,1052,2026-08-04,P005,2,34.89,RETURNED
13336,1191,2026-08-18,P035,6,149.60,COMPLETED
13337,1187,2026-08-14,P025,7,230.48,COMPLETED
13338,1157,2026-08-23,P044,7,78.69,COMPLETED
13339,1103,2026-08-22,P023,7,168.06,COMPLETED
13340,1065,2026-08-05,P031,7,166.42,COMPLETED
13341,1167,2026-08-16,P005,1,143.56,COMPLETED
13342,1143,2026-08-04,P029,6,80.78,CANCELLED
13343,1197,2026-08-26,P002,8,400.84,COMPLETED
13344,1089,2026-08-19,P004,6,142.83,CANCELLED
13345,1161,2026-08-21,P031,4,404.78,CANCELLED
13346,1168,2026-08-08,P008,4,262.33,COMPLETED
13347,1166,2026-08-07,P013,6,417.36,COMPLETED
13348,1040,2026-08-14,P001,1,482.25,COMPLETED
13349,1164,2026-08-16,P003,7,37.49,CANCELLED
13350,1061,2026-08-02,P026,8,130.78,CANCELLED
13351,1112,2026-08-27,P039,1,128.55,CANCELLED
13352,1156,2026-08-14,P001,1,229.93,COMPLETED
13353,1087,2026-08-13,P022,7,20.68,RETURNED
13354,1150,2026-08-25,P038,4,372.32,COMPLETED
13355,1069,2026-08-19,P040,4,489.78,RETURNED
13356,1159,2026-08-03,P003,7,51.86,COMPLETED
13357,1144,2026-08-26,P010,8,308.66,CANCELLED
13358,1084,2026-08-21,P022,3,78.31,COMPLETED
13359,1028,2026-08-15,P040,5,441.75,COMPLETED
13360,1012,2026-08-24,P034,6,498.64,RETURNED
13361,1060,2026-08-02,P027,7,198.08,COMPLETED
13362,1023,2026-08-09,P046,1,295.23,CANCELLED
13363,1032,2026-08-03,P016,7,287.22,COMPLETED
13364,1083,2026-08-08,P012,7,108.36,RETURNED
13365,1049,2026-08-01,P012,5,336.31,CANCELLED
13366,1096,2026-08-09,P033,5,140.77,COMPLETED
13367,1070,2026-08-13,P027,5,296.69,COMPLETED
13368,1163,2026-08-26,P033,6,439.09,CANCELLED
13369,1157,2026-08-18,P007,2,170.65,COMPLETED
13370,1193,2026-08-14,P002,8,157.81,CANCELLED
13371,1113,2026-08-23,P042,5,289.86,RETURNED
13372,1172,2026-08-23,P047,1,217.56,RETURNED
13373,1016,2026-08-04,P026,3,178.56,COMPLETED
13374,1068,2026-08-05,P036,3,475.89,RETURNED
13375,1122,2026-08-23,P004,8,42.80,CANCELLED
13376,1085,2026-08-16,P003,6,308.27,COMPLETED
13377,1029,2026-08-25,P044,1,99.46,RETURNED
13378,1198,2026-08-24,P049,8,314.05,CANCELLED
13379,1080,2026-08-10,P045,8,13.43,RETURNED
13380,1088,2026-08-14,P026,1,50.21,COMPLETED
13381,1035,2026-08-05,P022,5,223.85,CANCELLED
13382,1096,2026-08-19,P005,6,41.48,CANCELLED
13383,1162,2026-08-26,P002,3,255.93,COMPLETED
13384,1071,2026-08-13,P012,2,395.50,COMPLETED
13385,1099,2026-08-27,P038,5,254.58,CANCELLED
13386,1054,2026-08-17,P028,6,444.19,RETURNED
13387,1139,2026-08-03,P002,5,450.76,COMPLETED
13388,1087,2026-08-09,P044,7,123.66,RETURNED
13389,1167,2026-08-02,P009,1,375.12,CANCELLED
13390,1115,2026-08-27,P007,3,309.11,COMPLETED
13391,1047,2026-08-04,P040,2,75.63,COMPLETED
13392,1051,2026-08-12,P026,5,43.07,COMPLETED
13393,1057,2026-08-13,P045,4,54.50,COMPLETED
13394,1120,2026-08-19,P033,5,217.77,COMPLETED
13395,1033,2026-08-24,P007,3,315.70,RETURNED
13396,1088,2026-08-22,P011,4,276.61,COMPLETED
13397,1017,2026-08-06,P020,4,69.60,COMPLETED
13398,1080,2026-08-08,P031,2,48.86,RETURNED
13399,1003,2026-08-23,P017,8,318.66,RETURNED
13400,1182,2026-08-24,P012,4,48.30,COMPLETED
13401,1059,2026-08-13,P038,1,163.93,COMPLETED
13402,1182,2026-08-26,P011,5,129.80,RETURNED
13403,1020,2026-08-09,P009,6,422.44,RETURNED
13404,1179,2026-08-22,P034,4,272.52,RETURNED
13405,1113,2026-08-09,P019,4,47.58,RETURNED
13406,1136,2026-08-03,P029,5,481.84,CANCELLED
13407,1056,2026-08-27,P001,5,97.51,COMPLETED
13408,1193,2026-08-19,P007,3,35.56,RETURNED
13409,1200,2026-08-18,P027,8,39.81,RETURNED
13410,1147,2026-08-24,P010,4,82.41,COMPLETED
13411,1045,2026-08-02,P033,2,66.39,COMPLETED
13412,1009,2026-08-03,P030,7,274.93,COMPLETED
13413,1119,2026-08-06,P024,2,409.41,COMPLETED
13414,1129,2026-08-15,P036,8,83.65,RETURNED
13415,1090,2026-08-01,P042,7,215.41,COMPLETED
13416,1095,2026-08-22,P015,6,218.59,COMPLETED
13417,1112,2026-08-01,P044,1,401.04,CANCELLED
13418,1035,2026-08-03,P030,7,43.65,CANCELLED
13419,1145,2026-08-11,P022,4,340.85,COMPLETED
13420,1162,2026-08-07,P042,2,352.31,CANCELLED
13421,1152,2026-08-04,P034,2,274.54,COMPLETED
13422,1030,2026-08-09,P033,3,329.49,COMPLETED
13423,1062,2026-08-19,P004,3,287.63,COMPLETED
13424,1041,2026-08-10,P038,5,307.07,COMPLETED
13425,1027,2026-08-14,P027,8,206.50,CANCELLED
13426,1096,2026-08-25,P030,2,67.08,COMPLETED
13427,1006,2026-08-24,P037,1,55.83,COMPLETED
13428,1142,2026-08-02,P045,8,123.15,CANCELLED
13429,1122,2026-08-13,P008,6,185.92,RETURNED
13430,1146,2026-08-11,P003,6,246.44,COMPLETED
13431,1140,2026-08-09,P027,2,330.04,COMPLETED
13432,1128,2026-08-03,P044,8,198.53,COMPLETED
13433,1125,2026-08-21,P011,8,82.83,COMPLETED
13434,1049,2026-08-27,P023,1,205.17,RETURNED
13435,1198,2026-08-23,P008,4,69.28,COMPLETED
13436,1154,2026-08-03,P039,1,24.86,COMPLETED
13437,1070,2026-08-06,P034,3,492.01,CANCELLED
13438,1025,2026-08-04,P001,4,345.21,COMPLETED
13439,1177,2026-08-11,P006,1,232.75,COMPLETED
13440,1176,2026-08-19,P017,2,91.38,COMPLETED
13441,1156,2026-08-27,P024,4,260.58,RETURNED
13442,1078,2026-08-13,P021,4,265.63,COMPLETED
13443,1140,2026-08-11,P008,5,432.27,RETURNED
13444,1050,2026-08-14,P047,7,94.77,COMPLETED
13445,1060,2026-08-01,P026,4,434.99,COMPLETED
13446,1193,2026-08-15,P003,6,244.42,RETURNED
13447,1138,2026-08-03,P046,6,41.23,COMPLETED
13448,1139,2026-08-24,P015,8,252.56,COMPLETED
13449,1106,2026-08-25,P005,7,267.95,COMPLETED
13450,1199,2026-08-23,P023,5,204.30,COMPLETED
13451,1018,2026-08-15,P004,6,447.26,COMPLETED
13452,1144,2026-08-05,P039,7,434.41,CANCELLED
13453,1114,2026-08-10,P005,3,242.45,COMPLETED
13454,1096,2026-08-17,P023,2,96.20,COMPLETED
13455,1089,2026-08-20,P013,2,342.86,RETURNED
13456,1071,2026-08-27,P029,8,288.07,COMPLETED
13457,1185,2026-08-01,P022,2,336.79,RETURNED
13458,1107,2026-08-21,P034,7,411.28,COMPLETED
13459,1041,2026-08-19,P024,3,227.86,COMPLETED
13460,1049,2026-08-11,P047,3,437.26,COMPLETED
13461,1036,2026-08-09,P013,1,408.48,COMPLETED
13462,1191,2026-08-17,P038,2,76.82,COMPLETED
13463,1192,2026-08-07,P021,8,61.54,COMPLETED
13464,1172,2026-08-04,P016,1,82.79,RETURNED
13465,1034,2026-08-10,P044,2,161.22,RETURNED
13466,1078,2026-08-02,P003,1,439.67,COMPLETED
13467,1067,2026-08-15,P040,8,414.60,COMPLETED
13468,1052,2026-08-19,P009,3,464.18,COMPLETED
13469,1029,2026-08-19,P001,6,410.91,RETURNED
13470,1182,2026-08-23,P029,7,444.39,COMPLETED
13471,1160,2026-08-22,P005,3,444.68,COMPLETED
13472,1156,2026-08-25,P015,7,293.10,COMPLETED
13473,1197,2026-08-24,P029,8,325.36,CANCELLED
13474,1121,2026-08-14,P018,3,307.95,CANCELLED
13475,1178,2026-08-15,P030,4,457.81,COMPLETED
13476,1045,2026-08-04,P005,8,423.17,RETURNED
13477,1008,2026-08-23,P046,3,247.04,COMPLETED
13478,1101,2026-08-13,P019,5,475.33,COMPLETED
13479,1078,2026-08-18,P024,8,475.30,CANCELLED
13480,1094,2026-08-13,P033,4,341.20,CANCELLED
13481,1056,2026-08-07,P024,2,52.77,COMPLETED
13482,1098,2026-08-24,P031,3,163.62,COMPLETED
13483,1075,2026-08-11,P020,7,398.74,COMPLETED
13484,1138,2026-08-04,P008,4,90.35,COMPLETED
13485,1129,2026-08-13,P012,2,109.43,COMPLETED
13486,1009,2026-08-08,P046,3,315.13,COMPLETED
13487,1075,2026-08-14,P025,1,428.89,CANCELLED
13488,1074,2026-08-10,P050,1,240.39,RETURNED
13489,1028,2026-08-27,P033,1,381.44,CANCELLED
13490,1125,2026-08-20,P039,8,60.15,COMPLETED
13491,1082,2026-08-18,P045,5,282.91,COMPLETED
13492,1019,2026-08-16,P023,8,351.23,COMPLETED
13493,1120,2026-08-16,P041,6,354.12,COMPLETED
13494,1062,2026-08-25,P012,7,50.58,COMPLETED
13495,1102,2026-08-10,P016,1,402.15,COMPLETED
13496,1045,2026-08-27,P042,3,105.04,RETURNED
13497,1021,2026-08-04,P007,8,285.87,COMPLETED
13498,1108,2026-08-07,P025,1,242.68,COMPLETED
13499,1029,2026-08-26,P038,7,234.21,CANCELLED
13500,1153,2026-08-19,P029,7,395.62,RETURNED
13501,1098,2026-08-03,P032,7,94.85,COMPLETED
13502,1140,2026-08-25,P012,5,41.42,CANCELLED
13503,1011,2026-08-22,P004,6,294.48,CANCELLED
13504,1029,2026-08-07,P009,3,494.87,CANCELLED
13505,1091,2026-08-03,P008,3,51.75,RETURNED
13506,1005,2026-08-26,P039,8,445.91,CANCELLED
13507,1028,2026-08-25,P028,3,234.76,CANCELLED
13508,1159,2026-08-07,P010,5,482.18,RETURNED
13509,1125,2026-08-27,P034,5,80.82,CANCELLED
13510,1129,2026-08-24,P018,2,414.04,COMPLETED
13511,1167,2026-08-11,P008,5,275.53,COMPLETED
13512,1189,2026-08-01,P025,7,61.88,RETURNED
13513,1121,2026-08-27,P001,8,439.39,COMPLETED
13514,1129,2026-08-09,P030,5,313.12,CANCELLED
13515,1156,2026-08-04,P048,6,267.92,COMPLETED
13516,1026,2026-08-25,P047,8,281.84,COMPLETED
13517,1060,2026-08-22,P014,6,302.00,RETURNED
13518,1186,2026-08-22,P043,2,299.51,RETURNED
13519,1069,2026-08-07,P011,7,255.73,COMPLETED
13520,1187,2026-08-11,P009,2,49.54,CANCELLED
13521,1017,2026-08-03,P047,1,297.98,COMPLETED
13522,1081,2026-08-17,P025,3,244.81,COMPLETED
13523,1110,2026-08-07,P046,4,488.50,CANCELLED
13524,1079,2026-08-08,P011,3,216.56,CANCELLED
13525,1114,2026-08-22,P014,7,387.96,COMPLETED
13526,1052,2026-08-03,P022,5,462.96,COMPLETED
13527,1010,2026-08-16,P030,5,127.28,COMPLETED
13528,1186,2026-08-23,P032,7,79.48,CANCELLED
13529,1183,2026-08-14,P045,5,245.61,COMPLETED
13530,1081,2026-08-17,P025,7,23.79,COMPLETED
13531,1006,2026-08-04,P026,4,49.02,CANCELLED
13532,1157,2026-08-13,P045,1,364.86,CANCELLED
13533,1052,2026-08-05,P047,5,173.44,COMPLETED
13534,1014,2026-08-14,P005,1,304.49,COMPLETED
13535,1019,2026-08-26,P004,1,207.10,CANCELLED
13536,1191,2026-08-21,P024,6,434.09,COMPLETED
13537,1175,2026-08-07,P010,7,420.52,CANCELLED
13538,1006,2026-08-06,P022,4,242.67,COMPLETED
13539,1185,2026-08-07,P027,3,477.83,COMPLETED
13540,1100,2026-08-06,P045,8,284.45,COMPLETED
13541,1177,2026-08-10,P034,1,194.01,COMPLETED
13542,1067,2026-08-15,P046,6,301.56,COMPLETED
13543,1014,2026-08-17,P010,8,425.40,COMPLETED
13544,1017,2026-08-25,P003,1,240.82,COMPLETED
13545,1006,2026-08-13,P027,5,30.33,CANCELLED
13546,1099,2026-08-10,P032,2,192.65,RETURNED
13547,1006,2026-08-11,P041,3,150.58,RETURNED
13548,1081,2026-08-16,P049,5,419.81,COMPLETED
13549,1107,2026-08-01,P017,8,172.67,COMPLETED
13550,1199,2026-08-19,P037,7,316.78,COMPLETED
13551,1031,2026-08-04,P037,5,281.92,CANCELLED
13552,1184,2026-08-10,P004,3,425.57,COMPLETED
13553,1075,2026-08-25,P048,4,206.27,COMPLETED
13554,1110,2026-08-03,P004,2,359.05,COMPLETED
13555,1039,2026-08-21,P028,3,357.13,COMPLETED
13556,1153,2026-08-23,P040,7,251.56,COMPLETED
13557,1059,2026-08-14,P018,7,75.86,COMPLETED
13558,1134,2026-08-15,P044,2,426.08,COMPLETED
13559,1187,2026-08-18,P042,7,186.68,RETURNED
13560,1157,2026-08-13,P010,2,156.42,COMPLETED
13561,1057,2026-08-23,P044,2,425.38,CANCELLED
13562,1123,2026-08-18,P018,8,377.79,COMPLETED
13563,1122,2026-08-06,P028,3,359.92,CANCELLED
13564,1122,2026-08-01,P005,5,140.84,RETURNED
13565,1059,2026-08-13,P039,5,333.12,COMPLETED
13566,1130,2026-08-09,P027,1,274.52,COMPLETED
13567,1180,2026-08-23,P021,4,165.53,CANCELLED
13568,1009,2026-08-04,P038,5,100.18,COMPLETED
13569,1181,2026-08-03,P005,2,366.21,COMPLETED
13570,1086,2026-08-11,P014,6,122.29,COMPLETED
13571,1109,2026-08-24,P027,5,68.45,CANCELLED
13572,1012,2026-08-23,P028,3,478.44,RETURNED
13573,1195,2026-08-11,P049,7,212.08,COMPLETED
13574,1132,2026-08-27,P036,1,356.94,COMPLETED
13575,1020,2026-08-26,P046,5,43.63,COMPLETED
13576,1092,2026-08-21,P003,3,24.12,COMPLETED
13577,1086,2026-08-26,P024,7,440.02,COMPLETED
13578,1177,2026-08-24,P029,3,237.22,COMPLETED
13579,1014,2026-08-21,P020,5,41.66,COMPLETED
13580,1188,2026-08-05,P028,8,209.08,RETURNED
13581,1159,2026-08-17,P002,1,405.04,COMPLETED
13582,1008,2026-08-20,P022,6,86.55,COMPLETED
13583,1188,2026-08-24,P048,6,417.33,CANCELLED
13584,1125,2026-08-09,P010,2,434.70,RETURNED
13585,1054,2026-08-04,P005,2,72.53,COMPLETED
13586,1107,2026-08-09,P028,7,473.37,RETURNED
13587,1095,2026-08-02,P018,3,308.08,RETURNED
13588,1048,2026-08-11,P027,8,171.33,COMPLETED
13589,1015,2026-08-26,P023,8,28.63,CANCELLED
13590,1050,2026-08-05,P010,5,149.04,RETURNED
13591,1139,2026-08-21,P006,1,358.19,COMPLETED
13592,1153,2026-08-14,P027,1,359.40,COMPLETED
13593,1084,2026-08-20,P047,4,287.04,CANCELLED
13594,1084,2026-08-03,P007,4,197.24,COMPLETED
13595,1067,2026-08-25,P041,1,109.76,RETURNED
13596,1039,2026-08-22,P001,3,70.80,RETURNED
13597,1178,2026-08-14,P046,7,27.83,CANCELLED
13598,1024,2026-08-15,P024,6,229.15,COMPLETED
13599,1177,2026-08-26,P013,6,199.01,RETURNED
13600,1080,2026-08-22,P027,5,253.40,RETURNED
13601,1117,2026-08-03,P033,5,419.02,COMPLETED
13602,1031,2026-08-20,P039,1,293.98,RETURNED
13603,1153,2026-08-27,P040,1,297.35,COMPLETED
13604,1056,2026-08-12,P009,7,18.67,CANCELLED
13605,1035,2026-08-27,P047,7,384.46,COMPLETED
13606,1025,2026-08-24,P024,2,36.83,COMPLETED
13607,1062,2026-08-01,P015,8,408.11,COMPLETED
13608,1123,2026-08-06,P027,5,211.04,RETURNED
13609,1143,2026-08-24,P029,7,281.31,COMPLETED
13610,1131,2026-08-14,P004,5,53.99,RETURNED
13611,1168,2026-08-22,P010,2,13.76,RETURNED
13612,1046,2026-08-20,P019,7,252.78,RETURNED
13613,1162,2026-08-11,P029,6,66.57,COMPLETED
13614,1073,2026-08-07,P037,5,109.48,COMPLETED
13615,1014,2026-08-15,P015,2,335.35,COMPLETED
13616,1011,2026-08-27,P022,8,482.69,RETURNED
13617,1166,2026-08-08,P020,4,482.30,RETURNED
13618,1073,2026-08-09,P032,4,316.65,COMPLETED
13619,1143,2026-08-02,P022,7,111.98,COMPLETED
13620,1185,2026-08-19,P014,3,258.57,CANCELLED
13621,1173,2026-08-19,P006,4,133.37,COMPLETED
13622,1108,2026-08-26,P018,6,77.09,COMPLETED
13623,1013,2026-08-21,P028,7,183.34,COMPLETED
13624,1007,2026-08-07,P023,4,417.67,COMPLETED
13625,1095,2026-08-02,P007,7,289.29,COMPLETED
13626,1143,2026-08-17,P012,3,198.74,CANCELLED
13627,1064,2026-08-05,P040,6,209.13,COMPLETED
13628,1163,2026-08-02,P010,1,294.83,COMPLETED
13629,1122,2026-08-09,P008,2,54.76,COMPLETED
13630,1126,2026-08-12,P016,4,220.23,COMPLETED
13631,1041,2026-08-23,P005,8,398.85,COMPLETED
13632,1178,2026-08-11,P038,3,60.08,COMPLETED
13633,1061,2026-08-27,P027,7,375.43,COMPLETED
13634,1049,2026-08-19,P040,8,29.32,RETURNED
13635,1024,2026-08-12,P002,6,59.08,COMPLETED
13636,1134,2026-08-21,P050,7,387.24,CANCELLED
13637,1026,2026-08-07,P010,6,301.59,COMPLETED
13638,1097,2026-08-01,P049,8,435.32,CANCELLED
13639,1185,2026-08-10,P032,6,132.13,COMPLETED
13640,1040,2026-08-20,P009,7,134.25,COMPLETED
13641,1094,2026-08-14,P005,4,259.05,CANCELLED
13642,1017,2026-08-01,P050,4,63.65,RETURNED
13643,1189,2026-08-03,P013,5,139.75,RETURNED
13644,1071,2026-08-03,P004,5,172.42,COMPLETED
13645,1027,2026-08-05,P022,8,360.13,COMPLETED
13646,1094,2026-08-14,P024,5,99.72,RETURNED
13647,1160,2026-08-05,P012,3,254.69,COMPLETED
13648,1172,2026-08-16,P007,5,144.67,COMPLETED
13649,1172,2026-08-22,P046,7,90.17,CANCELLED
13650,1164,2026-08-17,P033,4,492.00,COMPLETED
13651,1194,2026-08-11,P011,4,265.18,RETURNED
13652,1112,2026-08-24,P028,2,453.90,COMPLETED
13653,1197,2026-08-09,P049,1,449.67,COMPLETED
13654,1139,2026-08-24,P047,4,370.02,CANCELLED
13655,1020,2026-08-02,P024,2,240.33,COMPLETED
13656,1120,2026-08-18,P049,5,326.69,COMPLETED
13657,1082,2026-08-09,P017,1,40.42,COMPLETED
13658,1172,2026-08-21,P011,2,487.45,COMPLETED
13659,1048,2026-08-06,P015,7,156.58,COMPLETED
13660,1079,2026-08-15,P050,3,155.56,COMPLETED
13661,1054,2026-08-02,P020,4,256.79,CANCELLED
13662,1150,2026-08-14,P021,5,479.56,COMPLETED
13663,1082,2026-08-23,P013,4,84.11,CANCELLED
13664,1041,2026-08-16,P041,5,390.05,CANCELLED
13665,1074,2026-08-25,P036,8,40.93,COMPLETED
13666,1092,2026-08-08,P019,6,69.70,CANCELLED
13667,1088,2026-08-05,P015,7,29.58,RETURNED
13668,1129,2026-08-12,P022,6,181.40,RETURNED
13669,1163,2026-08-19,P034,2,369.73,RETURNED
13670,1069,2026-08-25,P031,1,117.67,CANCELLED
13671,1158,2026-08-22,P037,5,144.02,COMPLETED
13672,1156,2026-08-26,P049,6,113.67,COMPLETED
13673,1014,2026-08-04,P035,2,119.32,COMPLETED
13674,1027,2026-08-05,P050,2,450.67,CANCELLED
13675,1092,2026-08-04,P006,8,215.59,RETURNED
13676,1026,2026-08-15,P041,4,421.56,COMPLETED
13677,1025,2026-08-05,P010,4,117.06,CANCELLED
13678,1025,2026-08-11,P001,3,329.98,COMPLETED
13679,1195,2026-08-15,P040,5,402.78,RETURNED
13680,1003,2026-08-18,P023,8,47.01,COMPLETED
13681,1063,2026-08-17,P036,5,28.18,COMPLETED
13682,1085,2026-08-02,P034,7,210.46,COMPLETED
13683,1097,2026-08-11,P010,4,314.85,COMPLETED
13684,1054,2026-08-08,P025,4,468.37,COMPLETED
13685,1069,2026-08-25,P037,7,290.77,COMPLETED
13686,1145,2026-08-14,P010,6,350.74,COMPLETED
13687,1135,2026-08-12,P024,5,266.27,COMPLETED
13688,1119,2026-08-15,P039,4,83.63,COMPLETED
13689,1159,2026-08-14,P044,3,333.98,COMPLETED
13690,1156,2026-08-16,P009,8,91.16,COMPLETED
13691,1011,2026-08-06,P039,4,461.83,RETURNED
13692,1116,2026-08-21,P009,7,214.77,COMPLETED
13693,1018,2026-08-26,P009,1,248.57,COMPLETED
13694,1094,2026-08-01,P034,5,32.41,RETURNED
13695,1033,2026-08-06,P044,3,81.41,COMPLETED
13696,1058,2026-08-17,P005,6,300.43,CANCELLED
13697,1130,2026-08-17,P043,6,257.48,CANCELLED
13698,1090,2026-08-07,P015,5,36.03,RETURNED
13699,1104,2026-08-13,P029,8,495.16,CANCELLED
13700,1162,2026-08-01,P013,4,438.75,CANCELLED
13701,1037,2026-08-19,P036,7,469.20,COMPLETED
13702,1032,2026-08-07,P046,7,227.25,RETURNED
13703,1190,2026-08-19,P024,5,345.33,COMPLETED
13704,1087,2026-08-03,P031,3,104.65,RETURNED
13705,1158,2026-08-05,P018,3,106.52,RETURNED
13706,1139,2026-08-24,P015,8,468.27,COMPLETED
13707,1037,2026-08-02,P040,7,84.36,COMPLETED
13708,1080,2026-08-22,P005,4,204.26,COMPLETED
13709,1113,2026-08-18,P041,8,399.36,COMPLETED
13710,1138,2026-08-11,P015,5,69.49,CANCELLED
13711,1135,2026-08-17,P034,1,275.45,COMPLETED
13712,1113,2026-08-19,P039,4,91.44,CANCELLED
13713,1196,2026-08-10,P005,5,365.05,CANCELLED
13714,1091,2026-08-27,P009,6,475.93,COMPLETED
13715,1017,2026-08-27,P041,4,304.36,COMPLETED
13716,1083,2026-08-25,P002,6,167.55,COMPLETED
13717,1148,2026-08-25,P045,4,34.89,CANCELLED
